Institute,Academic Program Name,Quota,Seat Type,Gender,Opening Rank,Closing Rank
"Dr. B R Ambedkar National Institute of Technology, Jalandhar","Bio Technology (4 Years, Bachelor of Technology)",AI,ST,Gender-Neutral,248008,248008
"Dr. B R Ambedkar National Institute of Technology, Jalandhar","Bio Technology (4 Years, Bachelor of Technology)",HS,OPEN,Gender-Neutral,80500,90396
"Dr. B R Ambedkar National Institute of Technology, Jalandhar","Bio Technology (4 Years, Bachelor of Technology)",HS,OPEN,Female-only (including Supernumerary),82170,82170
"Dr. B R Ambedkar National Institute of Technology, Jalandhar","Bio Technology (4 Years, Bachelor of Technology)",HS,EWS,Gender-Neutral,100961,126364
"Dr. B R Ambedkar National Institute of Technology, Jalandhar","Bio Technology (4 Years, Bachelor of Technology)",HS,EWS,Female-only (including Supernumerary),123088,123088
"Dr. B R Ambedkar National Institute of Technology, Jalandhar","Bio Technology (4 Years, Bachelor of Technology)",HS,OBC- NCL,Gender-Neutral,178044,178044
"Dr. B R Ambedkar National Institute of Technology, Jalandhar","Bio Technology (4 Years, Bachelor of Technology)",HS,OBC- NCL,Female-only (including Supernumerary),231851,259158
"Dr. B R Ambedkar National Institute of Technology, Jalandhar","Bio Technology (4 Years, Bachelor of Technology)",HS,SC,Gender-Neutral,227320,227320
"Dr. B R Ambedkar National Institute of Technology, Jalandhar","Bio Technology (4 Years, Bachelor of Technology)",OS,OPEN,Gender-Neutral,52213,58114
"Dr. B R Ambedkar National Institute of Technology, Jalandhar","Bio Technology (4 Years, Bachelor of Technology)",OS,OPEN,Female-only (including Supernumerary),67369,67918
"Dr. B R Ambedkar National Institute of Technology, Jalandhar","Bio Technology (4 Years, Bachelor of Technology)",OS,EWS,Gender-Neutral,60812,61191
"Dr. B R Ambedkar National Institute of Technology, Jalandhar","Bio Technology (4 Years, Bachelor of Technology)",OS,OBC- NCL,Gender-Neutral,61972,66771
"Dr. B R Ambedkar National Institute of Technology, Jalandhar","Bio Technology (4 Years, Bachelor of Technology)",OS,OBC- NCL,Female-only (including Supernumerary),81727,92975
"Dr. B R Ambedkar National Institute of Technology, Jalandhar","Bio Technology (4 Years, Bachelor of Technology)",OS,SC,Gender-Neutral,180008,181463
"Dr. B R Ambedkar National Institute of Technology, Jalandhar","Bio Technology (4 Years, Bachelor of Technology)",OS,SC,Female-only (including Supernumerary),156431,156431
"Dr. B R Ambedkar National Institute of Technology, Jalandhar","Bio Technology (4 Years, Bachelor of Technology)",OS,ST,Gender-Neutral,252717,252717
"Dr. B R Ambedkar National Institute of Technology, Jalandhar","Chemical Engineering (4 Years, Bachelor of Technology)",AI,ST,Gender-Neutral,206400,212811
"Dr. B R Ambedkar National Institute of Technology, Jalandhar","Chemical Engineering (4 Years, Bachelor of Technology)",HS,OPEN,Gender-Neutral,49445,65761
"Dr. B R Ambedkar National Institute of Technology, Jalandhar","Chemical Engineering (4 Years, Bachelor of Technology)",HS,OPEN,Female-only (including Supernumerary),36816,36816
"Dr. B R Ambedkar National Institute of Technology, Jalandhar","Chemical Engineering (4 Years, Bachelor of Technology)",HS,EWS,Gender-Neutral,71104,71104
"Dr. B R Ambedkar National Institute of Technology, Jalandhar","Chemical Engineering (4 Years, Bachelor of Technology)",HS,OBC- NCL,Gender-Neutral,99424,99424
"Dr. B R Ambedkar National Institute of Technology, Jalandhar","Chemical Engineering (4 Years, Bachelor of Technology)",HS,SC,Gender-Neutral,210033,212668
"Dr. B R Ambedkar National Institute of Technology, Jalandhar","Chemical Engineering (4 Years, Bachelor of Technology)",OS,OPEN,Gender-Neutral,33910,41575
"Dr. B R Ambedkar National Institute of Technology, Jalandhar","Chemical Engineering (4 Years, Bachelor of Technology)",OS,OPEN,Female-only (including Supernumerary),46420,62541
"Dr. B R Ambedkar National Institute of Technology, Jalandhar","Chemical Engineering (4 Years, Bachelor of Technology)",OS,EWS,Gender-Neutral,43747,45121
"Dr. B R Ambedkar National Institute of Technology, Jalandhar","Chemical Engineering (4 Years, Bachelor of Technology)",OS,EWS,Female-only (including Supernumerary),68915,68915
"Dr. B R Ambedkar National Institute of Technology, Jalandhar","Chemical Engineering (4 Years, Bachelor of Technology)",OS,OBC- NCL,Gender-Neutral,42844,48164
"Dr. B R Ambedkar National Institute of Technology, Jalandhar","Chemical Engineering (4 Years, Bachelor of Technology)",OS,OBC- NCL,Female-only (including Supernumerary),65925,71483
"Dr. B R Ambedkar National Institute of Technology, Jalandhar","Chemical Engineering (4 Years, Bachelor of Technology)",OS,SC,Gender-Neutral,146271,147635
"Dr. B R Ambedkar National Institute of Technology, Jalandhar","Chemical Engineering (4 Years, Bachelor of Technology)",OS,SC,Female-only (including Supernumerary),180117,180117
"Dr. B R Ambedkar National Institute of Technology, Jalandhar","Chemical Engineering (4 Years, Bachelor of Technology)",OS,ST,Gender-Neutral,214768,226763
"Dr. B R Ambedkar National Institute of Technology, Jalandhar","Civil Engineering (4 Years, Bachelor of Technology)",AI,ST,Gender-Neutral,82411,82411
"Dr. B R Ambedkar National Institute of Technology, Jalandhar","Civil Engineering (4 Years, Bachelor of Technology)",AI,ST,Female-only (including Supernumerary),239907,239907
"Dr. B R Ambedkar National Institute of Technology, Jalandhar","Civil Engineering (4 Years, Bachelor of Technology)",HS,OPEN,Gender-Neutral,59350,75856
"Dr. B R Ambedkar National Institute of Technology, Jalandhar","Civil Engineering (4 Years, Bachelor of Technology)",HS,OPEN,Female-only (including Supernumerary),66693,84724
"Dr. B R Ambedkar National Institute of Technology, Jalandhar","Civil Engineering (4 Years, Bachelor of Technology)",HS,EWS,Gender-Neutral,83940,96377
"Dr. B R Ambedkar National Institute of Technology, Jalandhar","Civil Engineering (4 Years, Bachelor of Technology)",HS,OBC- NCL,Female-only (including Supernumerary),212408,212408
"Dr. B R Ambedkar National Institute of Technology, Jalandhar","Civil Engineering (4 Years, Bachelor of Technology)",HS,SC,Gender-Neutral,201378,205319
"Dr. B R Ambedkar National Institute of Technology, Jalandhar","Civil Engineering (4 Years, Bachelor of Technology)",HS,ST,Gender-Neutral,541172,541172
"Dr. B R Ambedkar National Institute of Technology, Jalandhar","Civil Engineering (4 Years, Bachelor of Technology)",OS,OPEN,Gender-Neutral,42520,47442
"Dr. B R Ambedkar National Institute of Technology, Jalandhar","Civil Engineering (4 Years, Bachelor of Technology)",OS,OPEN,Female-only (including Supernumerary),58993,69745
"Dr. B R Ambedkar National Institute of Technology, Jalandhar","Civil Engineering (4 Years, Bachelor of Technology)",OS,EWS,Gender-Neutral,50957,52101
"Dr. B R Ambedkar National Institute of Technology, Jalandhar","Civil Engineering (4 Years, Bachelor of Technology)",OS,EWS,Female-only (including Supernumerary),74954,74954
"Dr. B R Ambedkar National Institute of Technology, Jalandhar","Civil Engineering (4 Years, Bachelor of Technology)",OS,OBC- NCL,Gender-Neutral,49053,53516
"Dr. B R Ambedkar National Institute of Technology, Jalandhar","Civil Engineering (4 Years, Bachelor of Technology)",OS,OBC- NCL,Female-only (including Supernumerary),72793,78840
"Dr. B R Ambedkar National Institute of Technology, Jalandhar","Civil Engineering (4 Years, Bachelor of Technology)",OS,SC,Gender-Neutral,136035,157046
"Dr. B R Ambedkar National Institute of Technology, Jalandhar","Civil Engineering (4 Years, Bachelor of Technology)",OS,SC,Female-only (including Supernumerary),183657,183657
"Dr. B R Ambedkar National Institute of Technology, Jalandhar","Civil Engineering (4 Years, Bachelor of Technology)",OS,ST,Gender-Neutral,160032,175725
"Dr. B R Ambedkar National Institute of Technology, Jalandhar","Civil Engineering (4 Years, Bachelor of Technology)",OS,ST,Female-only (including Supernumerary),244291,244291
"Dr. B R Ambedkar National Institute of Technology, Jalandhar","Computer Science and Engineering (4 Years, Bachelor of Technology)",AI,ST,Gender-Neutral,67204,67204
"Dr. B R Ambedkar National Institute of Technology, Jalandhar","Computer Science and Engineering (4 Years, Bachelor of Technology)",HS,OPEN,Gender-Neutral,7122,12192
"Dr. B R Ambedkar National Institute of Technology, Jalandhar","Computer Science and Engineering (4 Years, Bachelor of Technology)",HS,EWS,Gender-Neutral,24776,24776
"Dr. B R Ambedkar National Institute of Technology, Jalandhar","Computer Science and Engineering (4 Years, Bachelor of Technology)",HS,OBC- NCL,Gender-Neutral,33041,33041
"Dr. B R Ambedkar National Institute of Technology, Jalandhar","Computer Science and Engineering (4 Years, Bachelor of Technology)",OS,OPEN,Gender-Neutral,1818,13252
"Dr. B R Ambedkar National Institute of Technology, Jalandhar","Computer Science and Engineering (4 Years, Bachelor of Technology)",OS,OPEN,Female-only (including Supernumerary),19187,24192
"Dr. B R Ambedkar National Institute of Technology, Jalandhar","Computer Science and Engineering (4 Years, Bachelor of Technology)",OS,OPEN (PwD),Gender-Neutral,295201,295201
"Dr. B R Ambedkar National Institute of Technology, Jalandhar","Computer Science and Engineering (4 Years, Bachelor of Technology)",OS,EWS,Gender-Neutral,13732,14835
"Dr. B R Ambedkar National Institute of Technology, Jalandhar","Computer Science and Engineering (4 Years, Bachelor of Technology)",OS,EWS,Female-only (including Supernumerary),26907,26907
"Dr. B R Ambedkar National Institute of Technology, Jalandhar","Computer Science and Engineering (4 Years, Bachelor of Technology)",OS,OBC- NCL,Gender-Neutral,15993,16955
"Dr. B R Ambedkar National Institute of Technology, Jalandhar","Computer Science and Engineering (4 Years, Bachelor of Technology)",OS,SC,Gender-Neutral,46917,60276
"Dr. B R Ambedkar National Institute of Technology, Jalandhar","Computer Science and Engineering (4 Years, Bachelor of Technology)",OS,ST,Gender-Neutral,82745,110828
"Dr. B R Ambedkar National Institute of Technology, Jalandhar","Computer Science and Engineering for DASA-CIWG (4 Years, Bachelor of Technology)",DC,OPEN,Gender-Neutral,117359,481635
"Dr. B R Ambedkar National Institute of Technology, Jalandhar","Computer Science and Engineering for DASA-Non CIWG (4 Years, Bachelor of Technology)",AD,OPEN,Gender-Neutral,1347319,1347319
"Dr. B R Ambedkar National Institute of Technology, Jalandhar","Data Science and Engineering (4 Years, Bachelor of Technology)",HS,OPEN,Gender-Neutral,20481,20481
"Dr. B R Ambedkar National Institute of Technology, Jalandhar","Data Science and Engineering (4 Years, Bachelor of Technology)",HS,OBC- NCL,Gender-Neutral,36417,36417
"Dr. B R Ambedkar National Institute of Technology, Jalandhar","Data Science and Engineering (4 Years, Bachelor of Technology)",HS,SC,Gender-Neutral,138892,138892
"Dr. B R Ambedkar National Institute of Technology, Jalandhar","Data Science and Engineering (4 Years, Bachelor of Technology)",OS,OPEN,Gender-Neutral,15132,16249
"Dr. B R Ambedkar National Institute of Technology, Jalandhar","Data Science and Engineering (4 Years, Bachelor of Technology)",OS,OPEN,Female-only (including Supernumerary),24362,26734
"Dr. B R Ambedkar National Institute of Technology, Jalandhar","Data Science and Engineering (4 Years, Bachelor of Technology)",OS,EWS,Gender-Neutral,16637,17045
"Dr. B R Ambedkar National Institute of Technology, Jalandhar","Data Science and Engineering (4 Years, Bachelor of Technology)",OS,EWS,Female-only (including Supernumerary),30571,30571
"Dr. B R Ambedkar National Institute of Technology, Jalandhar","Data Science and Engineering (4 Years, Bachelor of Technology)",OS,OBC- NCL,Gender-Neutral,22011,23180
"Dr. B R Ambedkar National Institute of Technology, Jalandhar","Data Science and Engineering (4 Years, Bachelor of Technology)",OS,SC,Gender-Neutral,81065,81065
"Dr. B R Ambedkar National Institute of Technology, Jalandhar","Data Science and Engineering (4 Years, Bachelor of Technology)",OS,SC,Female-only (including Supernumerary),130945,130945
"Dr. B R Ambedkar National Institute of Technology, Jalandhar","Data Science and Engineering (4 Years, Bachelor of Technology)",OS,ST,Gender-Neutral,140103,140103
"Dr. B R Ambedkar National Institute of Technology, Jalandhar","Data Science and Engineering for DASA-CIWG (4 Years, Bachelor of Technology)",DC,OPEN,Gender-Neutral,809482,809482
"Dr. B R Ambedkar National Institute of Technology, Jalandhar","Electrical Engineering (4 Years, Bachelor of Technology)",HS,OPEN,Gender-Neutral,30207,31421
"Dr. B R Ambedkar National Institute of Technology, Jalandhar","Electrical Engineering (4 Years, Bachelor of Technology)",HS,OPEN,Female-only (including Supernumerary),33504,33504
"Dr. B R Ambedkar National Institute of Technology, Jalandhar","Electrical Engineering (4 Years, Bachelor of Technology)",HS,EWS,Gender-Neutral,36116,36116
"Dr. B R Ambedkar National Institute of Technology, Jalandhar","Electrical Engineering (4 Years, Bachelor of Technology)",HS,EWS,Female-only (including Supernumerary),54809,54809
"Dr. B R Ambedkar National Institute of Technology, Jalandhar","Electrical Engineering (4 Years, Bachelor of Technology)",HS,OBC- NCL,Gender-Neutral,87600,91227
"Dr. B R Ambedkar National Institute of Technology, Jalandhar","Electrical Engineering (4 Years, Bachelor of Technology)",HS,OBC- NCL,Female-only (including Supernumerary),96850,96850
"Dr. B R Ambedkar National Institute of Technology, Jalandhar","Electrical Engineering (4 Years, Bachelor of Technology)",HS,SC,Gender-Neutral,164558,175779
"Dr. B R Ambedkar National Institute of Technology, Jalandhar","Electrical Engineering (4 Years, Bachelor of Technology)",HS,SC,Female-only (including Supernumerary),166686,166686
"Dr. B R Ambedkar National Institute of Technology, Jalandhar","Electrical Engineering (4 Years, Bachelor of Technology)",OS,OPEN,Gender-Neutral,20451,24102
"Dr. B R Ambedkar National Institute of Technology, Jalandhar","Electrical Engineering (4 Years, Bachelor of Technology)",OS,OPEN,Female-only (including Supernumerary),34048,40266
"Dr. B R Ambedkar National Institute of Technology, Jalandhar","Electrical Engineering (4 Years, Bachelor of Technology)",OS,EWS,Gender-Neutral,26420,27330
"Dr. B R Ambedkar National Institute of Technology, Jalandhar","Electrical Engineering (4 Years, Bachelor of Technology)",OS,EWS,Female-only (including Supernumerary),40624,40624
"Dr. B R Ambedkar National Institute of Technology, Jalandhar","Electrical Engineering (4 Years, Bachelor of Technology)",OS,OBC- NCL,Gender-Neutral,26141,27565
"Dr. B R Ambedkar National Institute of Technology, Jalandhar","Electrical Engineering (4 Years, Bachelor of Technology)",OS,SC,Female-only (including Supernumerary),153388,153388
"Dr. B R Ambedkar National Institute of Technology, Jalandhar","Electrical Engineering (4 Years, Bachelor of Technology)",OS,ST,Female-only (including Supernumerary),209539,209539
"Dr. B R Ambedkar National Institute of Technology, Jalandhar","Electronics and Communication Engineering (4 Years, Bachelor of Technology)",HS,OPEN,Gender-Neutral,26098,26770
"Dr. B R Ambedkar National Institute of Technology, Jalandhar","Electronics and Communication Engineering (4 Years, Bachelor of Technology)",HS,OPEN,Female-only (including Supernumerary),26765,26765
"Dr. B R Ambedkar National Institute of Technology, Jalandhar","Electronics and Communication Engineering (4 Years, Bachelor of Technology)",HS,EWS,Gender-Neutral,33560,33560
"Dr. B R Ambedkar National Institute of Technology, Jalandhar","Electronics and Communication Engineering (4 Years, Bachelor of Technology)",HS,OBC- NCL,Gender-Neutral,45672,77935
"Dr. B R Ambedkar National Institute of Technology, Jalandhar","Electronics and Communication Engineering (4 Years, Bachelor of Technology)",HS,SC,Gender-Neutral,154506,154506
"Dr. B R Ambedkar National Institute of Technology, Jalandhar","Electronics and Communication Engineering (4 Years, Bachelor of Technology)",HS,SC (PwD),Gender-Neutral,1173410,1173410
"Dr. B R Ambedkar National Institute of Technology, Jalandhar","Electronics and Communication Engineering (4 Years, Bachelor of Technology)",OS,OPEN,Gender-Neutral,16933,19495
"Dr. B R Ambedkar National Institute of Technology, Jalandhar","Electronics and Communication Engineering (4 Years, Bachelor of Technology)",OS,OPEN,Female-only (including Supernumerary),21348,28824
"Dr. B R Ambedkar National Institute of Technology, Jalandhar","Electronics and Communication Engineering (4 Years, Bachelor of Technology)",OS,EWS,Gender-Neutral,19992,20327
"Dr. B R Ambedkar National Institute of Technology, Jalandhar","Electronics and Communication Engineering (4 Years, Bachelor of Technology)",OS,EWS,Female-only (including Supernumerary),32233,32233
"Dr. B R Ambedkar National Institute of Technology, Jalandhar","Electronics and Communication Engineering (4 Years, Bachelor of Technology)",OS,OBC- NCL,Gender-Neutral,21770,23920
"Dr. B R Ambedkar National Institute of Technology, Jalandhar","Electronics and Communication Engineering (4 Years, Bachelor of Technology)",OS,OBC- NCL,Female-only (including Supernumerary),38129,38129
"Dr. B R Ambedkar National Institute of Technology, Jalandhar","Electronics and Communication Engineering (4 Years, Bachelor of Technology)",OS,SC,Gender-Neutral,82462,94431
"Dr. B R Ambedkar National Institute of Technology, Jalandhar","Electronics and Communication Engineering (4 Years, Bachelor of Technology)",OS,SC,Female-only (including Supernumerary),146858,146858
"Dr. B R Ambedkar National Institute of Technology, Jalandhar","Electronics and VLSI Engineering (4 Years, Bachelor of Technology)",HS,OPEN,Gender-Neutral,28501,28948
"Dr. B R Ambedkar National Institute of Technology, Jalandhar","Electronics and VLSI Engineering (4 Years, Bachelor of Technology)",HS,OPEN,Female-only (including Supernumerary),26815,26815
"Dr. B R Ambedkar National Institute of Technology, Jalandhar","Electronics and VLSI Engineering (4 Years, Bachelor of Technology)",HS,EWS,Gender-Neutral,34154,34154
"Dr. B R Ambedkar National Institute of Technology, Jalandhar","Electronics and VLSI Engineering (4 Years, Bachelor of Technology)",OS,OPEN,Gender-Neutral,17635,20619
"Dr. B R Ambedkar National Institute of Technology, Jalandhar","Electronics and VLSI Engineering (4 Years, Bachelor of Technology)",OS,OPEN,Female-only (including Supernumerary),30332,30332
"Dr. B R Ambedkar National Institute of Technology, Jalandhar","Electronics and VLSI Engineering (4 Years, Bachelor of Technology)",OS,EWS,Gender-Neutral,20988,22426
"Dr. B R Ambedkar National Institute of Technology, Jalandhar","Electronics and VLSI Engineering (4 Years, Bachelor of Technology)",OS,OBC- NCL,Gender-Neutral,25046,25328
"Dr. B R Ambedkar National Institute of Technology, Jalandhar","Electronics and VLSI Engineering (4 Years, Bachelor of Technology)",OS,OBC- NCL,Female-only (including Supernumerary),48551,48551
"Dr. B R Ambedkar National Institute of Technology, Jalandhar","Electronics and VLSI Engineering (4 Years, Bachelor of Technology)",OS,SC,Female-only (including Supernumerary),150141,150141
"Dr. B R Ambedkar National Institute of Technology, Jalandhar","Industrial and Production Engineering (4 Years, Bachelor of Technology)",AI,ST,Gender-Neutral,238060,245561
"Dr. B R Ambedkar National Institute of Technology, Jalandhar","Industrial and Production Engineering (4 Years, Bachelor of Technology)",HS,OPEN,Gender-Neutral,36643,73433
"Dr. B R Ambedkar National Institute of Technology, Jalandhar","Industrial and Production Engineering (4 Years, Bachelor of Technology)",HS,OPEN,Female-only (including Supernumerary),73274,73274
"Dr. B R Ambedkar National Institute of Technology, Jalandhar","Industrial and Production Engineering (4 Years, Bachelor of Technology)",HS,EWS,Gender-Neutral,88333,98718
"Dr. B R Ambedkar National Institute of Technology, Jalandhar","Industrial and Production Engineering (4 Years, Bachelor of Technology)",HS,EWS,Female-only (including Supernumerary),113299,113299
"Dr. B R Ambedkar National Institute of Technology, Jalandhar","Industrial and Production Engineering (4 Years, Bachelor of Technology)",HS,OBC- NCL,Gender-Neutral,97257,126234
"Dr. B R Ambedkar National Institute of Technology, Jalandhar","Industrial and Production Engineering (4 Years, Bachelor of Technology)",HS,SC,Gender-Neutral,206547,258059
"Dr. B R Ambedkar National Institute of Technology, Jalandhar","Industrial and Production Engineering (4 Years, Bachelor of Technology)",OS,OPEN,Gender-Neutral,45921,49011
"Dr. B R Ambedkar National Institute of Technology, Jalandhar","Industrial and Production Engineering (4 Years, Bachelor of Technology)",OS,OPEN,Female-only (including Supernumerary),63036,70983
"Dr. B R Ambedkar National Institute of Technology, Jalandhar","Industrial and Production Engineering (4 Years, Bachelor of Technology)",OS,EWS,Gender-Neutral,53031,53131
"Dr. B R Ambedkar National Institute of Technology, Jalandhar","Industrial and Production Engineering (4 Years, Bachelor of Technology)",OS,EWS,Female-only (including Supernumerary),81940,81940
"Dr. B R Ambedkar National Institute of Technology, Jalandhar","Industrial and Production Engineering (4 Years, Bachelor of Technology)",OS,OBC- NCL,Gender-Neutral,53937,57397
"Dr. B R Ambedkar National Institute of Technology, Jalandhar","Industrial and Production Engineering (4 Years, Bachelor of Technology)",OS,OBC- NCL,Female-only (including Supernumerary),84239,84431
"Dr. B R Ambedkar National Institute of Technology, Jalandhar","Industrial and Production Engineering (4 Years, Bachelor of Technology)",OS,SC,Gender-Neutral,171685,182594
"Dr. B R Ambedkar National Institute of Technology, Jalandhar","Industrial and Production Engineering (4 Years, Bachelor of Technology)",OS,ST,Gender-Neutral,255117,257922
"Dr. B R Ambedkar National Institute of Technology, Jalandhar","Industrial and Production Engineering (4 Years, Bachelor of Technology)",OS,ST,Female-only (including Supernumerary),318587,318587
"Dr. B R Ambedkar National Institute of Technology, Jalandhar","Information Technology (4 Years, Bachelor of Technology)",HS,OPEN,Gender-Neutral,16359,22021
"Dr. B R Ambedkar National Institute of Technology, Jalandhar","Information Technology (4 Years, Bachelor of Technology)",HS,OPEN,Female-only (including Supernumerary),24158,24158
"Dr. B R Ambedkar National Institute of Technology, Jalandhar","Information Technology (4 Years, Bachelor of Technology)",HS,EWS,Gender-Neutral,25343,25343
"Dr. B R Ambedkar National Institute of Technology, Jalandhar","Information Technology (4 Years, Bachelor of Technology)",HS,EWS,Female-only (including Supernumerary),51415,51415
"Dr. B R Ambedkar National Institute of Technology, Jalandhar","Information Technology (4 Years, Bachelor of Technology)",HS,OBC- NCL,Gender-Neutral,39874,55156
"Dr. B R Ambedkar National Institute of Technology, Jalandhar","Information Technology (4 Years, Bachelor of Technology)",HS,SC,Gender-Neutral,152290,152290
"Dr. B R Ambedkar National Institute of Technology, Jalandhar","Information Technology (4 Years, Bachelor of Technology)",OS,OPEN,Gender-Neutral,14530,17144
"Dr. B R Ambedkar National Institute of Technology, Jalandhar","Information Technology (4 Years, Bachelor of Technology)",OS,OPEN,Female-only (including Supernumerary),25783,27253
"Dr. B R Ambedkar National Institute of Technology, Jalandhar","Information Technology (4 Years, Bachelor of Technology)",OS,EWS,Gender-Neutral,17168,17641
"Dr. B R Ambedkar National Institute of Technology, Jalandhar","Information Technology (4 Years, Bachelor of Technology)",OS,EWS,Female-only (including Supernumerary),29913,29913
"Dr. B R Ambedkar National Institute of Technology, Jalandhar","Information Technology (4 Years, Bachelor of Technology)",OS,OBC- NCL,Gender-Neutral,19116,22211
"Dr. B R Ambedkar National Institute of Technology, Jalandhar","Information Technology (4 Years, Bachelor of Technology)",OS,OBC- NCL,Female-only (including Supernumerary),36813,36813
"Dr. B R Ambedkar National Institute of Technology, Jalandhar","Information Technology (4 Years, Bachelor of Technology)",OS,SC,Gender-Neutral,81267,81267
"Dr. B R Ambedkar National Institute of Technology, Jalandhar","Information Technology (4 Years, Bachelor of Technology)",OS,ST,Gender-Neutral,126060,126060
"Dr. B R Ambedkar National Institute of Technology, Jalandhar","Information Technology for DASA-CIWG (4 Years, Bachelor of Technology)",DC,OPEN,Gender-Neutral,675536,769321
"Dr. B R Ambedkar National Institute of Technology, Jalandhar","Instrumentation and Control Engineering (4 Years, Bachelor of Technology)",AI,ST,Gender-Neutral,208588,214746
"Dr. B R Ambedkar National Institute of Technology, Jalandhar","Instrumentation and Control Engineering (4 Years, Bachelor of Technology)",HS,OPEN,Gender-Neutral,33138,40924
"Dr. B R Ambedkar National Institute of Technology, Jalandhar","Instrumentation and Control Engineering (4 Years, Bachelor of Technology)",HS,OPEN,Female-only (including Supernumerary),46398,46398
"Dr. B R Ambedkar National Institute of Technology, Jalandhar","Instrumentation and Control Engineering (4 Years, Bachelor of Technology)",HS,OBC- NCL,Gender-Neutral,87227,102353
"Dr. B R Ambedkar National Institute of Technology, Jalandhar","Instrumentation and Control Engineering (4 Years, Bachelor of Technology)",HS,SC,Gender-Neutral,177433,177433
"Dr. B R Ambedkar National Institute of Technology, Jalandhar","Instrumentation and Control Engineering (4 Years, Bachelor of Technology)",HS,SC,Female-only (including Supernumerary),253046,253046
"Dr. B R Ambedkar National Institute of Technology, Jalandhar","Instrumentation and Control Engineering (4 Years, Bachelor of Technology)",OS,OPEN,Gender-Neutral,20888,29653
"Dr. B R Ambedkar National Institute of Technology, Jalandhar","Instrumentation and Control Engineering (4 Years, Bachelor of Technology)",OS,OPEN,Female-only (including Supernumerary),43793,49400
"Dr. B R Ambedkar National Institute of Technology, Jalandhar","Instrumentation and Control Engineering (4 Years, Bachelor of Technology)",OS,OPEN (PwD),Gender-Neutral,612457,612457
"Dr. B R Ambedkar National Institute of Technology, Jalandhar","Instrumentation and Control Engineering (4 Years, Bachelor of Technology)",OS,EWS,Gender-Neutral,32852,32852
"Dr. B R Ambedkar National Institute of Technology, Jalandhar","Instrumentation and Control Engineering (4 Years, Bachelor of Technology)",OS,EWS,Female-only (including Supernumerary),49494,49494
"Dr. B R Ambedkar National Institute of Technology, Jalandhar","Instrumentation and Control Engineering (4 Years, Bachelor of Technology)",OS,OBC- NCL,Gender-Neutral,32149,34389
"Dr. B R Ambedkar National Institute of Technology, Jalandhar","Instrumentation and Control Engineering (4 Years, Bachelor of Technology)",OS,OBC- NCL,Female-only (including Supernumerary),62261,62261
"Dr. B R Ambedkar National Institute of Technology, Jalandhar","Instrumentation and Control Engineering (4 Years, Bachelor of Technology)",OS,SC,Gender-Neutral,119232,133909
"Dr. B R Ambedkar National Institute of Technology, Jalandhar","Instrumentation and Control Engineering (4 Years, Bachelor of Technology)",OS,ST,Gender-Neutral,230519,233490
"Dr. B R Ambedkar National Institute of Technology, Jalandhar","Mathematics and Computing (4 Years, Bachelor of Technology)",HS,OPEN,Gender-Neutral,21701,24105
"Dr. B R Ambedkar National Institute of Technology, Jalandhar","Mathematics and Computing (4 Years, Bachelor of Technology)",HS,OPEN,Female-only (including Supernumerary),27433,28128
"Dr. B R Ambedkar National Institute of Technology, Jalandhar","Mathematics and Computing (4 Years, Bachelor of Technology)",HS,SC,Gender-Neutral,163591,163591
"Dr. B R Ambedkar National Institute of Technology, Jalandhar","Mathematics and Computing (4 Years, Bachelor of Technology)",OS,OPEN,Gender-Neutral,13737,17489
"Dr. B R Ambedkar National Institute of Technology, Jalandhar","Mathematics and Computing (4 Years, Bachelor of Technology)",OS,OPEN,Female-only (including Supernumerary),27368,27853
"Dr. B R Ambedkar National Institute of Technology, Jalandhar","Mathematics and Computing (4 Years, Bachelor of Technology)",OS,EWS,Gender-Neutral,18718,19157
"Dr. B R Ambedkar National Institute of Technology, Jalandhar","Mathematics and Computing (4 Years, Bachelor of Technology)",OS,OBC- NCL,Gender-Neutral,21474,22734
"Dr. B R Ambedkar National Institute of Technology, Jalandhar","Mathematics and Computing (4 Years, Bachelor of Technology)",OS,SC,Gender-Neutral,59114,84738
"Dr. B R Ambedkar National Institute of Technology, Jalandhar","Mathematics and Computing (4 Years, Bachelor of Technology)",OS,ST,Gender-Neutral,162800,169321
"Dr. B R Ambedkar National Institute of Technology, Jalandhar","Mechanical Engineering (4 Years, Bachelor of Technology)",HS,OPEN,Gender-Neutral,33460,50504
"Dr. B R Ambedkar National Institute of Technology, Jalandhar","Mechanical Engineering (4 Years, Bachelor of Technology)",HS,OPEN,Female-only (including Supernumerary),63542,64613
"Dr. B R Ambedkar National Institute of Technology, Jalandhar","Mechanical Engineering (4 Years, Bachelor of Technology)",HS,EWS,Gender-Neutral,65104,65104
"Dr. B R Ambedkar National Institute of Technology, Jalandhar","Mechanical Engineering (4 Years, Bachelor of Technology)",HS,EWS,Female-only (including Supernumerary),64698,64698
"Dr. B R Ambedkar National Institute of Technology, Jalandhar","Mechanical Engineering (4 Years, Bachelor of Technology)",HS,OBC- NCL,Gender-Neutral,92631,96172
"Dr. B R Ambedkar National Institute of Technology, Jalandhar","Mechanical Engineering (4 Years, Bachelor of Technology)",HS,OBC- NCL,Female-only (including Supernumerary),185699,210272
"Dr. B R Ambedkar National Institute of Technology, Jalandhar","Mechanical Engineering (4 Years, Bachelor of Technology)",HS,SC,Gender-Neutral,190248,194980
"Dr. B R Ambedkar National Institute of Technology, Jalandhar","Mechanical Engineering (4 Years, Bachelor of Technology)",HS,SC,Female-only (including Supernumerary),189721,189721
"Dr. B R Ambedkar National Institute of Technology, Jalandhar","Mechanical Engineering (4 Years, Bachelor of Technology)",OS,OPEN,Gender-Neutral,31064,35904
"Dr. B R Ambedkar National Institute of Technology, Jalandhar","Mechanical Engineering (4 Years, Bachelor of Technology)",OS,OPEN,Female-only (including Supernumerary),52990,57560
"Dr. B R Ambedkar National Institute of Technology, Jalandhar","Mechanical Engineering (4 Years, Bachelor of Technology)",OS,OPEN (PwD),Gender-Neutral,604507,604507
"Dr. B R Ambedkar National Institute of Technology, Jalandhar","Mechanical Engineering (4 Years, Bachelor of Technology)",OS,EWS,Gender-Neutral,36317,37500
"Dr. B R Ambedkar National Institute of Technology, Jalandhar","Mechanical Engineering (4 Years, Bachelor of Technology)",OS,EWS,Female-only (including Supernumerary),60855,60855
"Dr. B R Ambedkar National Institute of Technology, Jalandhar","Mechanical Engineering (4 Years, Bachelor of Technology)",OS,OBC- NCL,Gender-Neutral,37139,39974
"Dr. B R Ambedkar National Institute of Technology, Jalandhar","Mechanical Engineering (4 Years, Bachelor of Technology)",OS,OBC- NCL,Female-only (including Supernumerary),61178,70864
"Dr. B R Ambedkar National Institute of Technology, Jalandhar","Mechanical Engineering (4 Years, Bachelor of Technology)",OS,SC,Gender-Neutral,133072,137978
"Dr. B R Ambedkar National Institute of Technology, Jalandhar","Mechanical Engineering (4 Years, Bachelor of Technology)",OS,SC,Female-only (including Supernumerary),188009,188009
"Dr. B R Ambedkar National Institute of Technology, Jalandhar","Mechanical Engineering (4 Years, Bachelor of Technology)",OS,ST,Gender-Neutral,199738,207283
"Dr. B R Ambedkar National Institute of Technology, Jalandhar","Mechanical Engineering for DASA-CIWG (4 Years, Bachelor of Technology)",DC,OPEN,Gender-Neutral,707893,707893
"Dr. B R Ambedkar National Institute of Technology, Jalandhar","Textile Technology (4 Years, Bachelor of Technology)",AI,ST,Gender-Neutral,242940,247416
"Dr. B R Ambedkar National Institute of Technology, Jalandhar","Textile Technology (4 Years, Bachelor of Technology)",HS,OPEN,Gender-Neutral,75912,113390
"Dr. B R Ambedkar National Institute of Technology, Jalandhar","Textile Technology (4 Years, Bachelor of Technology)",HS,OPEN,Female-only (including Supernumerary),91304,127165
"Dr. B R Ambedkar National Institute of Technology, Jalandhar","Textile Technology (4 Years, Bachelor of Technology)",HS,EWS,Gender-Neutral,116072,133832
"Dr. B R Ambedkar National Institute of Technology, Jalandhar","Textile Technology (4 Years, Bachelor of Technology)",HS,EWS,Female-only (including Supernumerary),136351,136351
"Dr. B R Ambedkar National Institute of Technology, Jalandhar","Textile Technology (4 Years, Bachelor of Technology)",HS,OBC- NCL,Gender-Neutral,158746,212890
"Dr. B R Ambedkar National Institute of Technology, Jalandhar","Textile Technology (4 Years, Bachelor of Technology)",HS,OBC- NCL,Female-only (including Supernumerary),300290,424788
"Dr. B R Ambedkar National Institute of Technology, Jalandhar","Textile Technology (4 Years, Bachelor of Technology)",HS,SC,Gender-Neutral,277679,285483
"Dr. B R Ambedkar National Institute of Technology, Jalandhar","Textile Technology (4 Years, Bachelor of Technology)",HS,SC,Female-only (including Supernumerary),263583,263583
"Dr. B R Ambedkar National Institute of Technology, Jalandhar","Textile Technology (4 Years, Bachelor of Technology)",OS,OPEN,Gender-Neutral,54180,59740
"Dr. B R Ambedkar National Institute of Technology, Jalandhar","Textile Technology (4 Years, Bachelor of Technology)",OS,OPEN,Female-only (including Supernumerary),79643,83059
"Dr. B R Ambedkar National Institute of Technology, Jalandhar","Textile Technology (4 Years, Bachelor of Technology)",OS,EWS,Gender-Neutral,60410,62682
"Dr. B R Ambedkar National Institute of Technology, Jalandhar","Textile Technology (4 Years, Bachelor of Technology)",OS,EWS,Female-only (including Supernumerary),92035,92035
"Dr. B R Ambedkar National Institute of Technology, Jalandhar","Textile Technology (4 Years, Bachelor of Technology)",OS,OBC- NCL,Gender-Neutral,60086,64822
"Dr. B R Ambedkar National Institute of Technology, Jalandhar","Textile Technology (4 Years, Bachelor of Technology)",OS,OBC- NCL,Female-only (including Supernumerary),94772,94772
"Dr. B R Ambedkar National Institute of Technology, Jalandhar","Textile Technology (4 Years, Bachelor of Technology)",OS,OBC- NCL (PwD),Gender-Neutral,941036,941036
"Dr. B R Ambedkar National Institute of Technology, Jalandhar","Textile Technology (4 Years, Bachelor of Technology)",OS,SC,Gender-Neutral,188995,198858
"Dr. B R Ambedkar National Institute of Technology, Jalandhar","Textile Technology (4 Years, Bachelor of Technology)",OS,ST,Gender-Neutral,257294,274274
"Dr. B R Ambedkar National Institute of Technology, Jalandhar","Textile Technology (4 Years, Bachelor of Technology)",OS,ST,Female-only (including Supernumerary),324768,324768
Malaviya National Institute of Technology Jaipur,"Architecture (5 Years, Bachelor of Architecture)",AI,EWS,Gender-Neutral,1129,1129
Malaviya National Institute of Technology Jaipur,"Architecture (5 Years, Bachelor of Architecture)",HS,OPEN,Gender-Neutral,415,1638
Malaviya National Institute of Technology Jaipur,"Architecture (5 Years, Bachelor of Architecture)",HS,OPEN,Female-only (including Supernumerary),1315,1315
Malaviya National Institute of Technology Jaipur,"Architecture (5 Years, Bachelor of Architecture)",HS,EWS,Gender-Neutral,28318,28318
Malaviya National Institute of Technology Jaipur,"Architecture (5 Years, Bachelor of Architecture)",HS,OBC- NCL,Gender-Neutral,3388,5646
Malaviya National Institute of Technology Jaipur,"Architecture (5 Years, Bachelor of Architecture)",HS,OBC- NCL,Female-only (including Supernumerary),5089,7477
Malaviya National Institute of Technology Jaipur,"Architecture (5 Years, Bachelor of Architecture)",HS,ST,Gender-Neutral,19282,19282
Malaviya National Institute of Technology Jaipur,"Architecture (5 Years, Bachelor of Architecture)",OS,OPEN,Gender-Neutral,97,967
Malaviya National Institute of Technology Jaipur,"Architecture (5 Years, Bachelor of Architecture)",OS,OPEN (PwD),Gender-Neutral,59041,59041
Malaviya National Institute of Technology Jaipur,"Architecture (5 Years, Bachelor of Architecture)",OS,EWS,Gender-Neutral,1396,1396
Malaviya National Institute of Technology Jaipur,"Architecture (5 Years, Bachelor of Architecture)",OS,EWS,Female-only (including Supernumerary),3110,3110
Malaviya National Institute of Technology Jaipur,"Architecture (5 Years, Bachelor of Architecture)",OS,OBC- NCL,Gender-Neutral,1991,2004
Malaviya National Institute of Technology Jaipur,"Architecture (5 Years, Bachelor of Architecture)",OS,SC,Gender-Neutral,4828,4828
Malaviya National Institute of Technology Jaipur,"Architecture (5 Years, Bachelor of Architecture)",OS,ST,Gender-Neutral,5311,5311
Malaviya National Institute of Technology Jaipur,"Architecture and Planning for DASA-CIWG (5 Years, Bachelor of Architecture)",DC,OPEN,Gender-Neutral,11084,11084
Malaviya National Institute of Technology Jaipur,"Artificial Intelligence and Data Engineering (4 Years, Bachelor of Technology)",HS,OPEN,Gender-Neutral,6828,7102
Malaviya National Institute of Technology Jaipur,"Artificial Intelligence and Data Engineering (4 Years, Bachelor of Technology)",HS,EWS,Gender-Neutral,9468,9468
Malaviya National Institute of Technology Jaipur,"Artificial Intelligence and Data Engineering (4 Years, Bachelor of Technology)",HS,OBC- NCL,Gender-Neutral,10732,10982
Malaviya National Institute of Technology Jaipur,"Artificial Intelligence and Data Engineering (4 Years, Bachelor of Technology)",OS,OPEN,Gender-Neutral,6581,7777
Malaviya National Institute of Technology Jaipur,"Artificial Intelligence and Data Engineering (4 Years, Bachelor of Technology)",OS,EWS,Gender-Neutral,7965,9792
Malaviya National Institute of Technology Jaipur,"Artificial Intelligence and Data Engineering (4 Years, Bachelor of Technology)",OS,EWS,Female-only (including Supernumerary),19019,19019
Malaviya National Institute of Technology Jaipur,"Artificial Intelligence and Data Engineering (4 Years, Bachelor of Technology)",OS,OBC- NCL,Gender-Neutral,11563,11563
Malaviya National Institute of Technology Jaipur,"Artificial Intelligence and Data Engineering (4 Years, Bachelor of Technology)",OS,SC,Female-only (including Supernumerary),97193,97193
Malaviya National Institute of Technology Jaipur,"Artificial Intelligence and Data Engineering for DASA-CIWG (4 Years, Bachelor of Technology)",DC,OPEN,Gender-Neutral,104275,261513
Malaviya National Institute of Technology Jaipur,"Artificial Intelligence and Data Engineering for DASA-Non CIWG (4 Years, Bachelor of Technology)",AD,OPEN,Gender-Neutral,463786,907544
Malaviya National Institute of Technology Jaipur,"Chemical Engineering (4 Years, Bachelor of Technology)",HS,OPEN,Gender-Neutral,25587,28769
Malaviya National Institute of Technology Jaipur,"Chemical Engineering (4 Years, Bachelor of Technology)",HS,OPEN (PwD),Gender-Neutral,970398,970398
Malaviya National Institute of Technology Jaipur,"Chemical Engineering (4 Years, Bachelor of Technology)",HS,EWS,Gender-Neutral,29630,35230
Malaviya National Institute of Technology Jaipur,"Chemical Engineering (4 Years, Bachelor of Technology)",HS,OBC- NCL,Gender-Neutral,34178,35936
Malaviya National Institute of Technology Jaipur,"Chemical Engineering (4 Years, Bachelor of Technology)",HS,OBC- NCL,Female-only (including Supernumerary),52116,55694
Malaviya National Institute of Technology Jaipur,"Chemical Engineering (4 Years, Bachelor of Technology)",HS,SC,Gender-Neutral,129461,129461
Malaviya National Institute of Technology Jaipur,"Chemical Engineering (4 Years, Bachelor of Technology)",OS,OPEN,Gender-Neutral,22704,28623
Malaviya National Institute of Technology Jaipur,"Chemical Engineering (4 Years, Bachelor of Technology)",OS,OPEN,Female-only (including Supernumerary),34781,37513
Malaviya National Institute of Technology Jaipur,"Chemical Engineering (4 Years, Bachelor of Technology)",OS,EWS,Gender-Neutral,30464,31722
Malaviya National Institute of Technology Jaipur,"Chemical Engineering (4 Years, Bachelor of Technology)",OS,EWS,Female-only (including Supernumerary),47813,47813
Malaviya National Institute of Technology Jaipur,"Chemical Engineering (4 Years, Bachelor of Technology)",OS,OBC- NCL,Gender-Neutral,32626,37971
Malaviya National Institute of Technology Jaipur,"Chemical Engineering (4 Years, Bachelor of Technology)",OS,OBC- NCL,Female-only (including Supernumerary),63169,63169
Malaviya National Institute of Technology Jaipur,"Chemical Engineering (4 Years, Bachelor of Technology)",OS,ST,Gender-Neutral,196781,196781
Malaviya National Institute of Technology Jaipur,"Chemical Engineering (4 Years, Bachelor of Technology)",OS,ST,Female-only (including Supernumerary),245559,245559
Malaviya National Institute of Technology Jaipur,"Chemical Engineering for DASA-CIWG (4 Years, Bachelor of Technology)",DC,OPEN,Gender-Neutral,707910,707910
Malaviya National Institute of Technology Jaipur,"Civil Engineering (4 Years, Bachelor of Technology)",HS,OPEN,Gender-Neutral,28269,28877
Malaviya National Institute of Technology Jaipur,"Civil Engineering (4 Years, Bachelor of Technology)",HS,EWS,Gender-Neutral,33390,35550
Malaviya National Institute of Technology Jaipur,"Civil Engineering (4 Years, Bachelor of Technology)",HS,OBC- NCL,Gender-Neutral,30895,31615
Malaviya National Institute of Technology Jaipur,"Civil Engineering (4 Years, Bachelor of Technology)",OS,OPEN,Gender-Neutral,34771,37637
Malaviya National Institute of Technology Jaipur,"Civil Engineering (4 Years, Bachelor of Technology)",OS,OPEN,Female-only (including Supernumerary),54243,61958
Malaviya National Institute of Technology Jaipur,"Civil Engineering (4 Years, Bachelor of Technology)",OS,EWS,Gender-Neutral,40071,43757
Malaviya National Institute of Technology Jaipur,"Civil Engineering (4 Years, Bachelor of Technology)",OS,EWS,Female-only (including Supernumerary),63186,63186
Malaviya National Institute of Technology Jaipur,"Civil Engineering (4 Years, Bachelor of Technology)",OS,OBC- NCL,Gender-Neutral,38724,43238
Malaviya National Institute of Technology Jaipur,"Civil Engineering (4 Years, Bachelor of Technology)",OS,OBC- NCL,Female-only (including Supernumerary),65785,75414
Malaviya National Institute of Technology Jaipur,"Civil Engineering (4 Years, Bachelor of Technology)",OS,SC,Gender-Neutral,96691,117625
Malaviya National Institute of Technology Jaipur,"Civil Engineering (4 Years, Bachelor of Technology)",OS,SC,Female-only (including Supernumerary),177898,177898
Malaviya National Institute of Technology Jaipur,"Civil Engineering (4 Years, Bachelor of Technology)",OS,ST,Gender-Neutral,171944,171944
Malaviya National Institute of Technology Jaipur,"Computer Science and Engineering (4 Years, Bachelor of Technology)",HS,OPEN,Gender-Neutral,2675,6638
Malaviya National Institute of Technology Jaipur,"Computer Science and Engineering (4 Years, Bachelor of Technology)",HS,EWS,Gender-Neutral,7796,8872
Malaviya National Institute of Technology Jaipur,"Computer Science and Engineering (4 Years, Bachelor of Technology)",HS,OBC- NCL,Gender-Neutral,8184,9955
Malaviya National Institute of Technology Jaipur,"Computer Science and Engineering (4 Years, Bachelor of Technology)",OS,OPEN,Gender-Neutral,2868,5995
Malaviya National Institute of Technology Jaipur,"Computer Science and Engineering (4 Years, Bachelor of Technology)",OS,OPEN,Female-only (including Supernumerary),8584,8584
Malaviya National Institute of Technology Jaipur,"Computer Science and Engineering (4 Years, Bachelor of Technology)",OS,EWS,Gender-Neutral,6366,6887
Malaviya National Institute of Technology Jaipur,"Computer Science and Engineering (4 Years, Bachelor of Technology)",OS,EWS,Female-only (including Supernumerary),18863,18863
Malaviya National Institute of Technology Jaipur,"Computer Science and Engineering (4 Years, Bachelor of Technology)",OS,OBC- NCL,Gender-Neutral,8559,8559
Malaviya National Institute of Technology Jaipur,"Computer Science and Engineering for DASA-CIWG (4 Years, Bachelor of Technology)",DC,OPEN,Gender-Neutral,69664,218714
Malaviya National Institute of Technology Jaipur,"Computer Science and Engineering for DASA-Non CIWG (4 Years, Bachelor of Technology)",AD,OPEN,Gender-Neutral,150061,407609
Malaviya National Institute of Technology Jaipur,"Electrical Engineering (4 Years, Bachelor of Technology)",HS,OPEN,Gender-Neutral,14577,15120
Malaviya National Institute of Technology Jaipur,"Electrical Engineering (4 Years, Bachelor of Technology)",HS,EWS,Gender-Neutral,16939,19545
Malaviya National Institute of Technology Jaipur,"Electrical Engineering (4 Years, Bachelor of Technology)",HS,EWS,Female-only (including Supernumerary),31132,31132
Malaviya National Institute of Technology Jaipur,"Electrical Engineering (4 Years, Bachelor of Technology)",OS,OPEN,Gender-Neutral,14358,16730
Malaviya National Institute of Technology Jaipur,"Electrical Engineering (4 Years, Bachelor of Technology)",OS,OPEN,Female-only (including Supernumerary),24870,26466
Malaviya National Institute of Technology Jaipur,"Electrical Engineering (4 Years, Bachelor of Technology)",OS,EWS,Gender-Neutral,17097,19418
Malaviya National Institute of Technology Jaipur,"Electrical Engineering (4 Years, Bachelor of Technology)",OS,EWS,Female-only (including Supernumerary),30654,30654
Malaviya National Institute of Technology Jaipur,"Electrical Engineering (4 Years, Bachelor of Technology)",OS,OBC- NCL,Gender-Neutral,19184,21876
Malaviya National Institute of Technology Jaipur,"Electrical Engineering (4 Years, Bachelor of Technology)",OS,OBC- NCL,Female-only (including Supernumerary),35162,42236
Malaviya National Institute of Technology Jaipur,"Electrical Engineering (4 Years, Bachelor of Technology)",OS,SC,Gender-Neutral,65691,88298
Malaviya National Institute of Technology Jaipur,"Electrical Engineering (4 Years, Bachelor of Technology)",OS,ST,Gender-Neutral,155315,159100
Malaviya National Institute of Technology Jaipur,"Electrical Engineering for DASA-CIWG (4 Years, Bachelor of Technology)",DC,OPEN,Gender-Neutral,146766,560910
Malaviya National Institute of Technology Jaipur,"Electronics and Communication Engineering (4 Years, Bachelor of Technology)",HS,OPEN,Gender-Neutral,10545,11000
Malaviya National Institute of Technology Jaipur,"Electronics and Communication Engineering (4 Years, Bachelor of Technology)",HS,OPEN,Female-only (including Supernumerary),16516,16516
Malaviya National Institute of Technology Jaipur,"Electronics and Communication Engineering (4 Years, Bachelor of Technology)",HS,EWS,Gender-Neutral,11593,12086
Malaviya National Institute of Technology Jaipur,"Electronics and Communication Engineering (4 Years, Bachelor of Technology)",HS,OBC- NCL,Gender-Neutral,15627,16085
Malaviya National Institute of Technology Jaipur,"Electronics and Communication Engineering (4 Years, Bachelor of Technology)",HS,SC,Gender-Neutral,62883,62883
Malaviya National Institute of Technology Jaipur,"Electronics and Communication Engineering (4 Years, Bachelor of Technology)",HS,ST,Gender-Neutral,53914,53914
Malaviya National Institute of Technology Jaipur,"Electronics and Communication Engineering (4 Years, Bachelor of Technology)",OS,OPEN,Gender-Neutral,8378,10587
Malaviya National Institute of Technology Jaipur,"Electronics and Communication Engineering (4 Years, Bachelor of Technology)",OS,OPEN,Female-only (including Supernumerary),18137,19750
Malaviya National Institute of Technology Jaipur,"Electronics and Communication Engineering (4 Years, Bachelor of Technology)",OS,EWS,Gender-Neutral,13157,13880
Malaviya National Institute of Technology Jaipur,"Electronics and Communication Engineering (4 Years, Bachelor of Technology)",OS,EWS,Female-only (including Supernumerary),25946,25946
Malaviya National Institute of Technology Jaipur,"Electronics and Communication Engineering (4 Years, Bachelor of Technology)",OS,OBC- NCL,Gender-Neutral,11053,16981
Malaviya National Institute of Technology Jaipur,"Electronics and Communication Engineering (4 Years, Bachelor of Technology)",OS,OBC- NCL,Female-only (including Supernumerary),28004,28004
Malaviya National Institute of Technology Jaipur,"Electronics and Communication Engineering (4 Years, Bachelor of Technology)",OS,ST,Gender-Neutral,65259,65259
Malaviya National Institute of Technology Jaipur,"Electronics and Communication Engineering for DASA-CIWG (4 Years, Bachelor of Technology)",DC,OPEN,Gender-Neutral,50164,279889
Malaviya National Institute of Technology Jaipur,"Electronics and Communication Engineering for DASA-Non CIWG (4 Years, Bachelor of Technology)",AD,OPEN,Gender-Neutral,250102,587471
Malaviya National Institute of Technology Jaipur,"Mechanical Engineering (4 Years, Bachelor of Technology)",HS,OPEN,Gender-Neutral,19819,22195
Malaviya National Institute of Technology Jaipur,"Mechanical Engineering (4 Years, Bachelor of Technology)",HS,OPEN,Female-only (including Supernumerary),33595,34095
Malaviya National Institute of Technology Jaipur,"Mechanical Engineering (4 Years, Bachelor of Technology)",HS,OPEN (PwD),Gender-Neutral,509841,509841
Malaviya National Institute of Technology Jaipur,"Mechanical Engineering (4 Years, Bachelor of Technology)",HS,EWS,Gender-Neutral,25897,28581
Malaviya National Institute of Technology Jaipur,"Mechanical Engineering (4 Years, Bachelor of Technology)",HS,OBC- NCL,Gender-Neutral,25496,27669
Malaviya National Institute of Technology Jaipur,"Mechanical Engineering (4 Years, Bachelor of Technology)",HS,OBC- NCL,Female-only (including Supernumerary),41318,41318
Malaviya National Institute of Technology Jaipur,"Mechanical Engineering (4 Years, Bachelor of Technology)",OS,OPEN,Gender-Neutral,18040,24626
Malaviya National Institute of Technology Jaipur,"Mechanical Engineering (4 Years, Bachelor of Technology)",OS,OPEN,Female-only (including Supernumerary),33976,36281
Malaviya National Institute of Technology Jaipur,"Mechanical Engineering (4 Years, Bachelor of Technology)",OS,EWS,Gender-Neutral,26051,28539
Malaviya National Institute of Technology Jaipur,"Mechanical Engineering (4 Years, Bachelor of Technology)",OS,OBC- NCL,Gender-Neutral,27629,30366
Malaviya National Institute of Technology Jaipur,"Mechanical Engineering (4 Years, Bachelor of Technology)",OS,SC,Gender-Neutral,101151,108854
Malaviya National Institute of Technology Jaipur,"Mechanical Engineering (4 Years, Bachelor of Technology)",OS,ST,Female-only (including Supernumerary),226640,226640
Malaviya National Institute of Technology Jaipur,"Mechanical Engineering for DASA-CIWG (4 Years, Bachelor of Technology)",DC,OPEN,Gender-Neutral,208250,438269
Malaviya National Institute of Technology Jaipur,"Mechanical Engineering for DASA-Non CIWG (4 Years, Bachelor of Technology)",AD,OPEN,Gender-Neutral,1329417,1329417
Malaviya National Institute of Technology Jaipur,"Metallurgical and Materials Engineering (4 Years, Bachelor of Technology)",HS,OPEN,Gender-Neutral,28986,36633
Malaviya National Institute of Technology Jaipur,"Metallurgical and Materials Engineering (4 Years, Bachelor of Technology)",HS,EWS,Gender-Neutral,39752,40607
Malaviya National Institute of Technology Jaipur,"Metallurgical and Materials Engineering (4 Years, Bachelor of Technology)",HS,OBC- NCL,Gender-Neutral,41591,43735
Malaviya National Institute of Technology Jaipur,"Metallurgical and Materials Engineering (4 Years, Bachelor of Technology)",HS,SC,Gender-Neutral,138909,168116
Malaviya National Institute of Technology Jaipur,"Metallurgical and Materials Engineering (4 Years, Bachelor of Technology)",HS,SC,Female-only (including Supernumerary),211107,211107
Malaviya National Institute of Technology Jaipur,"Metallurgical and Materials Engineering (4 Years, Bachelor of Technology)",HS,ST,Gender-Neutral,198796,198796
Malaviya National Institute of Technology Jaipur,"Metallurgical and Materials Engineering (4 Years, Bachelor of Technology)",OS,OPEN,Gender-Neutral,34741,38331
Malaviya National Institute of Technology Jaipur,"Metallurgical and Materials Engineering (4 Years, Bachelor of Technology)",OS,OPEN,Female-only (including Supernumerary),42973,49456
Malaviya National Institute of Technology Jaipur,"Metallurgical and Materials Engineering (4 Years, Bachelor of Technology)",OS,EWS,Gender-Neutral,40804,40804
Malaviya National Institute of Technology Jaipur,"Metallurgical and Materials Engineering (4 Years, Bachelor of Technology)",OS,OBC- NCL,Gender-Neutral,38458,45052
Malaviya National Institute of Technology Jaipur,"Metallurgical and Materials Engineering (4 Years, Bachelor of Technology)",OS,OBC- NCL,Female-only (including Supernumerary),68908,68908
Malaviya National Institute of Technology Jaipur,"Metallurgical and Materials Engineering (4 Years, Bachelor of Technology)",OS,OBC- NCL (PwD),Female-only (including Supernumerary),1203525,1203525
Malaviya National Institute of Technology Jaipur,"Metallurgical and Materials Engineering (4 Years, Bachelor of Technology)",OS,SC,Gender-Neutral,127445,127445
Malaviya National Institute of Technology Jaipur,"Metallurgical and Materials Engineering (4 Years, Bachelor of Technology)",OS,ST,Female-only (including Supernumerary),272177,272177
Maulana Azad National Institute of Technology Bhopal,"Architecture (5 Years, Bachelor of Architecture)",HS,OPEN,Gender-Neutral,1706,3816
Maulana Azad National Institute of Technology Bhopal,"Architecture (5 Years, Bachelor of Architecture)",HS,OPEN,Female-only (including Supernumerary),1199,1199
Maulana Azad National Institute of Technology Bhopal,"Architecture (5 Years, Bachelor of Architecture)",HS,EWS,Gender-Neutral,18082,18082
Maulana Azad National Institute of Technology Bhopal,"Architecture (5 Years, Bachelor of Architecture)",HS,OBC- NCL,Gender-Neutral,4805,18205
Maulana Azad National Institute of Technology Bhopal,"Architecture (5 Years, Bachelor of Architecture)",HS,OBC- NCL,Female-only (including Supernumerary),7931,7931
Maulana Azad National Institute of Technology Bhopal,"Architecture (5 Years, Bachelor of Architecture)",HS,SC,Gender-Neutral,15086,21618
Maulana Azad National Institute of Technology Bhopal,"Architecture (5 Years, Bachelor of Architecture)",HS,ST,Gender-Neutral,57372,57372
Maulana Azad National Institute of Technology Bhopal,"Architecture (5 Years, Bachelor of Architecture)",OS,OPEN,Gender-Neutral,1018,1256
Maulana Azad National Institute of Technology Bhopal,"Architecture (5 Years, Bachelor of Architecture)",OS,OPEN,Female-only (including Supernumerary),868,892
Maulana Azad National Institute of Technology Bhopal,"Architecture (5 Years, Bachelor of Architecture)",OS,EWS,Gender-Neutral,5860,6906
Maulana Azad National Institute of Technology Bhopal,"Architecture (5 Years, Bachelor of Architecture)",OS,OBC- NCL,Gender-Neutral,2158,2573
Maulana Azad National Institute of Technology Bhopal,"Architecture (5 Years, Bachelor of Architecture)",OS,SC,Gender-Neutral,5753,5886
Maulana Azad National Institute of Technology Bhopal,"Architecture (5 Years, Bachelor of Architecture)",OS,SC,Female-only (including Supernumerary),4975,4975
Maulana Azad National Institute of Technology Bhopal,"Architecture (5 Years, Bachelor of Architecture)",OS,ST,Gender-Neutral,7312,7312
Maulana Azad National Institute of Technology Bhopal,"Architecture for DASA-CIWG (5 Years, Bachelor of Architecture)",DC,OPEN,Gender-Neutral,12004,22175
Maulana Azad National Institute of Technology Bhopal,"B. Tech. and M. Tech. in Engineering and Computational Mechanics (Dual Degree) (5 Years, Bachelor and Master of Technology (Dual Degree))",HS,OPEN,Female-only (including Supernumerary),37686,37686
Maulana Azad National Institute of Technology Bhopal,"B. Tech. and M. Tech. in Engineering and Computational Mechanics (Dual Degree) (5 Years, Bachelor and Master of Technology (Dual Degree))",HS,EWS,Female-only (including Supernumerary),65601,65601
Maulana Azad National Institute of Technology Bhopal,"B. Tech. and M. Tech. in Engineering and Computational Mechanics (Dual Degree) (5 Years, Bachelor and Master of Technology (Dual Degree))",HS,OBC- NCL,Gender-Neutral,47368,47368
Maulana Azad National Institute of Technology Bhopal,"B. Tech. and M. Tech. in Engineering and Computational Mechanics (Dual Degree) (5 Years, Bachelor and Master of Technology (Dual Degree))",HS,SC,Gender-Neutral,125452,125452
Maulana Azad National Institute of Technology Bhopal,"B. Tech. and M. Tech. in Engineering and Computational Mechanics (Dual Degree) (5 Years, Bachelor and Master of Technology (Dual Degree))",OS,OPEN,Gender-Neutral,23500,28610
Maulana Azad National Institute of Technology Bhopal,"B. Tech. and M. Tech. in Engineering and Computational Mechanics (Dual Degree) (5 Years, Bachelor and Master of Technology (Dual Degree))",OS,EWS,Gender-Neutral,30446,30446
Maulana Azad National Institute of Technology Bhopal,"B. Tech. and M. Tech. in Engineering and Computational Mechanics (Dual Degree) (5 Years, Bachelor and Master of Technology (Dual Degree))",OS,OBC- NCL,Gender-Neutral,32425,36418
Maulana Azad National Institute of Technology Bhopal,"B. Tech. and M. Tech. in Engineering and Computational Mechanics (Dual Degree) (5 Years, Bachelor and Master of Technology (Dual Degree))",OS,OBC- NCL,Female-only (including Supernumerary),50044,50044
Maulana Azad National Institute of Technology Bhopal,"B. Tech. and M. Tech. in Engineering and Computational Mechanics (Dual Degree) (5 Years, Bachelor and Master of Technology (Dual Degree))",OS,SC,Gender-Neutral,117149,117149
Maulana Azad National Institute of Technology Bhopal,"B. Tech. and M. Tech. in Engineering and Computational Mechanics (Dual Degree) (5 Years, Bachelor and Master of Technology (Dual Degree))",OS,SC,Female-only (including Supernumerary),205366,205366
Maulana Azad National Institute of Technology Bhopal,"Chemical Engineering (4 Years, Bachelor of Technology)",HS,OPEN,Gender-Neutral,40630,44653
Maulana Azad National Institute of Technology Bhopal,"Chemical Engineering (4 Years, Bachelor of Technology)",HS,OPEN,Female-only (including Supernumerary),51956,51956
Maulana Azad National Institute of Technology Bhopal,"Chemical Engineering (4 Years, Bachelor of Technology)",HS,EWS,Gender-Neutral,44849,45818
Maulana Azad National Institute of Technology Bhopal,"Chemical Engineering (4 Years, Bachelor of Technology)",HS,EWS,Female-only (including Supernumerary),53927,53927
Maulana Azad National Institute of Technology Bhopal,"Chemical Engineering (4 Years, Bachelor of Technology)",HS,OBC- NCL,Gender-Neutral,47691,50483
Maulana Azad National Institute of Technology Bhopal,"Chemical Engineering (4 Years, Bachelor of Technology)",HS,OBC- NCL,Female-only (including Supernumerary),78373,78373
Maulana Azad National Institute of Technology Bhopal,"Chemical Engineering (4 Years, Bachelor of Technology)",HS,OBC- NCL (PwD),Gender-Neutral,1377518,1377518
Maulana Azad National Institute of Technology Bhopal,"Chemical Engineering (4 Years, Bachelor of Technology)",HS,SC,Gender-Neutral,171432,171432
Maulana Azad National Institute of Technology Bhopal,"Chemical Engineering (4 Years, Bachelor of Technology)",OS,OPEN,Gender-Neutral,30198,37572
Maulana Azad National Institute of Technology Bhopal,"Chemical Engineering (4 Years, Bachelor of Technology)",OS,OPEN,Female-only (including Supernumerary),38755,38755
Maulana Azad National Institute of Technology Bhopal,"Chemical Engineering (4 Years, Bachelor of Technology)",OS,EWS,Gender-Neutral,40547,43209
Maulana Azad National Institute of Technology Bhopal,"Chemical Engineering (4 Years, Bachelor of Technology)",OS,EWS,Female-only (including Supernumerary),57621,57621
Maulana Azad National Institute of Technology Bhopal,"Chemical Engineering (4 Years, Bachelor of Technology)",OS,OBC- NCL,Gender-Neutral,40534,41447
Maulana Azad National Institute of Technology Bhopal,"Chemical Engineering (4 Years, Bachelor of Technology)",OS,OBC- NCL,Female-only (including Supernumerary),72070,74120
Maulana Azad National Institute of Technology Bhopal,"Chemical Engineering (4 Years, Bachelor of Technology)",OS,SC,Gender-Neutral,131311,131311
Maulana Azad National Institute of Technology Bhopal,"Chemical Engineering (4 Years, Bachelor of Technology)",OS,ST,Gender-Neutral,218903,218903
Maulana Azad National Institute of Technology Bhopal,"Civil Engineering (4 Years, Bachelor of Technology)",HS,OPEN,Gender-Neutral,46764,49714
Maulana Azad National Institute of Technology Bhopal,"Civil Engineering (4 Years, Bachelor of Technology)",HS,OPEN,Female-only (including Supernumerary),68270,69946
Maulana Azad National Institute of Technology Bhopal,"Civil Engineering (4 Years, Bachelor of Technology)",HS,EWS,Gender-Neutral,51350,57528
Maulana Azad National Institute of Technology Bhopal,"Civil Engineering (4 Years, Bachelor of Technology)",HS,EWS,Female-only (including Supernumerary),75770,75770
Maulana Azad National Institute of Technology Bhopal,"Civil Engineering (4 Years, Bachelor of Technology)",HS,OBC- NCL,Gender-Neutral,54652,57281
Maulana Azad National Institute of Technology Bhopal,"Civil Engineering (4 Years, Bachelor of Technology)",HS,OBC- NCL,Female-only (including Supernumerary),80391,86799
Maulana Azad National Institute of Technology Bhopal,"Civil Engineering (4 Years, Bachelor of Technology)",HS,SC,Gender-Neutral,116687,133684
Maulana Azad National Institute of Technology Bhopal,"Civil Engineering (4 Years, Bachelor of Technology)",HS,SC,Female-only (including Supernumerary),273219,273219
Maulana Azad National Institute of Technology Bhopal,"Civil Engineering (4 Years, Bachelor of Technology)",OS,OPEN,Gender-Neutral,35723,46373
Maulana Azad National Institute of Technology Bhopal,"Civil Engineering (4 Years, Bachelor of Technology)",OS,OPEN,Female-only (including Supernumerary),57403,66089
Maulana Azad National Institute of Technology Bhopal,"Civil Engineering (4 Years, Bachelor of Technology)",OS,EWS,Gender-Neutral,46547,49678
Maulana Azad National Institute of Technology Bhopal,"Civil Engineering (4 Years, Bachelor of Technology)",OS,EWS,Female-only (including Supernumerary),75170,75170
Maulana Azad National Institute of Technology Bhopal,"Civil Engineering (4 Years, Bachelor of Technology)",OS,OBC- NCL,Gender-Neutral,48380,53188
Maulana Azad National Institute of Technology Bhopal,"Civil Engineering (4 Years, Bachelor of Technology)",OS,OBC- NCL,Female-only (including Supernumerary),78018,78018
Maulana Azad National Institute of Technology Bhopal,"Civil Engineering (4 Years, Bachelor of Technology)",OS,OBC- NCL (PwD),Gender-Neutral,1102275,1102275
Maulana Azad National Institute of Technology Bhopal,"Civil Engineering (4 Years, Bachelor of Technology)",OS,SC,Gender-Neutral,148884,152419
Maulana Azad National Institute of Technology Bhopal,"Civil Engineering (4 Years, Bachelor of Technology)",OS,SC,Female-only (including Supernumerary),177073,178082
Maulana Azad National Institute of Technology Bhopal,"Computer Science and Engineering (4 Years, Bachelor of Technology)",HS,OPEN,Gender-Neutral,11462,11700
Maulana Azad National Institute of Technology Bhopal,"Computer Science and Engineering (4 Years, Bachelor of Technology)",HS,EWS,Gender-Neutral,13149,13531
Maulana Azad National Institute of Technology Bhopal,"Computer Science and Engineering (4 Years, Bachelor of Technology)",HS,OBC- NCL,Gender-Neutral,18077,18781
Maulana Azad National Institute of Technology Bhopal,"Computer Science and Engineering (4 Years, Bachelor of Technology)",HS,OBC- NCL,Female-only (including Supernumerary),32892,32892
Maulana Azad National Institute of Technology Bhopal,"Computer Science and Engineering (4 Years, Bachelor of Technology)",HS,SC,Gender-Neutral,59582,59582
Maulana Azad National Institute of Technology Bhopal,"Computer Science and Engineering (4 Years, Bachelor of Technology)",OS,OPEN,Gender-Neutral,7347,10586
Maulana Azad National Institute of Technology Bhopal,"Computer Science and Engineering (4 Years, Bachelor of Technology)",OS,OPEN,Female-only (including Supernumerary),16847,16938
Maulana Azad National Institute of Technology Bhopal,"Computer Science and Engineering (4 Years, Bachelor of Technology)",OS,OPEN (PwD),Gender-Neutral,225495,225495
Maulana Azad National Institute of Technology Bhopal,"Computer Science and Engineering (4 Years, Bachelor of Technology)",OS,EWS,Gender-Neutral,10627,12654
Maulana Azad National Institute of Technology Bhopal,"Computer Science and Engineering (4 Years, Bachelor of Technology)",OS,EWS,Female-only (including Supernumerary),21601,21601
Maulana Azad National Institute of Technology Bhopal,"Computer Science and Engineering (4 Years, Bachelor of Technology)",OS,OBC- NCL,Gender-Neutral,12070,12872
Maulana Azad National Institute of Technology Bhopal,"Computer Science and Engineering (4 Years, Bachelor of Technology)",OS,OBC- NCL,Female-only (including Supernumerary),26721,26721
Maulana Azad National Institute of Technology Bhopal,"Computer Science and Engineering (4 Years, Bachelor of Technology)",OS,OBC- NCL (PwD),Gender-Neutral,333118,333118
Maulana Azad National Institute of Technology Bhopal,"Computer Science and Engineering (4 Years, Bachelor of Technology)",OS,SC,Gender-Neutral,53632,57514
Maulana Azad National Institute of Technology Bhopal,"Computer Science and Engineering (4 Years, Bachelor of Technology)",OS,ST,Gender-Neutral,63523,63523
Maulana Azad National Institute of Technology Bhopal,"Computer Science and Engineering for DASA-CIWG (4 Years, Bachelor of Technology)",DC,OPEN,Gender-Neutral,190496,299739
Maulana Azad National Institute of Technology Bhopal,"Computer Science and Engineering for DASA-Non CIWG (4 Years, Bachelor of Technology)",AD,OPEN,Gender-Neutral,309532,1017981
Maulana Azad National Institute of Technology Bhopal,"Electrical Engineering (4 Years, Bachelor of Technology)",HS,OPEN,Gender-Neutral,24034,25699
Maulana Azad National Institute of Technology Bhopal,"Electrical Engineering (4 Years, Bachelor of Technology)",HS,OPEN,Female-only (including Supernumerary),38367,42076
Maulana Azad National Institute of Technology Bhopal,"Electrical Engineering (4 Years, Bachelor of Technology)",HS,EWS,Gender-Neutral,26384,26612
Maulana Azad National Institute of Technology Bhopal,"Electrical Engineering (4 Years, Bachelor of Technology)",HS,EWS,Female-only (including Supernumerary),42260,42260
Maulana Azad National Institute of Technology Bhopal,"Electrical Engineering (4 Years, Bachelor of Technology)",HS,OBC- NCL,Gender-Neutral,26866,30682
Maulana Azad National Institute of Technology Bhopal,"Electrical Engineering (4 Years, Bachelor of Technology)",HS,OBC- NCL,Female-only (including Supernumerary),51653,51653
Maulana Azad National Institute of Technology Bhopal,"Electrical Engineering (4 Years, Bachelor of Technology)",HS,SC,Gender-Neutral,74293,122253
Maulana Azad National Institute of Technology Bhopal,"Electrical Engineering (4 Years, Bachelor of Technology)",OS,OPEN,Gender-Neutral,17815,23401
Maulana Azad National Institute of Technology Bhopal,"Electrical Engineering (4 Years, Bachelor of Technology)",OS,OPEN,Female-only (including Supernumerary),31255,35715
Maulana Azad National Institute of Technology Bhopal,"Electrical Engineering (4 Years, Bachelor of Technology)",OS,EWS,Gender-Neutral,23451,25771
Maulana Azad National Institute of Technology Bhopal,"Electrical Engineering (4 Years, Bachelor of Technology)",OS,EWS,Female-only (including Supernumerary),38439,38439
Maulana Azad National Institute of Technology Bhopal,"Electrical Engineering (4 Years, Bachelor of Technology)",OS,OBC- NCL,Gender-Neutral,25331,27979
Maulana Azad National Institute of Technology Bhopal,"Electrical Engineering (4 Years, Bachelor of Technology)",OS,OBC- NCL,Female-only (including Supernumerary),43352,43352
Maulana Azad National Institute of Technology Bhopal,"Electrical Engineering (4 Years, Bachelor of Technology)",OS,SC,Gender-Neutral,90781,106425
Maulana Azad National Institute of Technology Bhopal,"Electrical Engineering (4 Years, Bachelor of Technology)",OS,SC,Female-only (including Supernumerary),124170,124170
Maulana Azad National Institute of Technology Bhopal,"Electrical Engineering for DASA-CIWG (4 Years, Bachelor of Technology)",DC,OPEN,Gender-Neutral,419692,585441
Maulana Azad National Institute of Technology Bhopal,"Electronics and Communication Engineering (4 Years, Bachelor of Technology)",HS,OPEN,Gender-Neutral,14474,18714
Maulana Azad National Institute of Technology Bhopal,"Electronics and Communication Engineering (4 Years, Bachelor of Technology)",HS,OPEN,Female-only (including Supernumerary),27193,28029
Maulana Azad National Institute of Technology Bhopal,"Electronics and Communication Engineering (4 Years, Bachelor of Technology)",HS,EWS,Gender-Neutral,20272,20474
Maulana Azad National Institute of Technology Bhopal,"Electronics and Communication Engineering (4 Years, Bachelor of Technology)",HS,EWS,Female-only (including Supernumerary),31042,31042
Maulana Azad National Institute of Technology Bhopal,"Electronics and Communication Engineering (4 Years, Bachelor of Technology)",HS,OBC- NCL,Gender-Neutral,22649,23845
Maulana Azad National Institute of Technology Bhopal,"Electronics and Communication Engineering (4 Years, Bachelor of Technology)",OS,OPEN,Gender-Neutral,14562,16479
Maulana Azad National Institute of Technology Bhopal,"Electronics and Communication Engineering (4 Years, Bachelor of Technology)",OS,OPEN,Female-only (including Supernumerary),23391,25152
Maulana Azad National Institute of Technology Bhopal,"Electronics and Communication Engineering (4 Years, Bachelor of Technology)",OS,EWS,Gender-Neutral,16841,19046
Maulana Azad National Institute of Technology Bhopal,"Electronics and Communication Engineering (4 Years, Bachelor of Technology)",OS,EWS,Female-only (including Supernumerary),30009,30009
Maulana Azad National Institute of Technology Bhopal,"Electronics and Communication Engineering (4 Years, Bachelor of Technology)",OS,OBC- NCL,Gender-Neutral,21598,22203
Maulana Azad National Institute of Technology Bhopal,"Electronics and Communication Engineering (4 Years, Bachelor of Technology)",OS,OBC- NCL,Female-only (including Supernumerary),30278,30278
Maulana Azad National Institute of Technology Bhopal,"Electronics and Communication Engineering (4 Years, Bachelor of Technology)",OS,SC,Gender-Neutral,77002,77002
Maulana Azad National Institute of Technology Bhopal,"Electronics and Communication Engineering (4 Years, Bachelor of Technology)",OS,ST,Female-only (including Supernumerary),190829,190829
Maulana Azad National Institute of Technology Bhopal,"Electronics and Communication Engineering for DASA-CIWG (4 Years, Bachelor of Technology)",DC,OPEN,Gender-Neutral,395919,610318
Maulana Azad National Institute of Technology Bhopal,"Energy and Electrical Vehicle Engineering (4 Years, Bachelor of Technology)",HS,OPEN,Gender-Neutral,34836,40198
Maulana Azad National Institute of Technology Bhopal,"Energy and Electrical Vehicle Engineering (4 Years, Bachelor of Technology)",HS,OBC- NCL,Gender-Neutral,41001,41001
Maulana Azad National Institute of Technology Bhopal,"Energy and Electrical Vehicle Engineering (4 Years, Bachelor of Technology)",HS,ST,Gender-Neutral,260776,260776
Maulana Azad National Institute of Technology Bhopal,"Energy and Electrical Vehicle Engineering (4 Years, Bachelor of Technology)",OS,OPEN,Gender-Neutral,30404,31890
Maulana Azad National Institute of Technology Bhopal,"Energy and Electrical Vehicle Engineering (4 Years, Bachelor of Technology)",OS,EWS,Gender-Neutral,32670,32670
Maulana Azad National Institute of Technology Bhopal,"Energy and Electrical Vehicle Engineering (4 Years, Bachelor of Technology)",OS,OBC- NCL,Gender-Neutral,32179,35995
Maulana Azad National Institute of Technology Bhopal,"Energy and Electrical Vehicle Engineering (4 Years, Bachelor of Technology)",OS,OBC- NCL,Female-only (including Supernumerary),56923,56923
Maulana Azad National Institute of Technology Bhopal,"Energy and Electrical Vehicle Engineering (4 Years, Bachelor of Technology)",OS,SC,Gender-Neutral,133547,133547
Maulana Azad National Institute of Technology Bhopal,"Materials Science and Metallurgical Engineering (4 Years, Bachelor of Technology)",HS,OPEN,Gender-Neutral,51880,57163
Maulana Azad National Institute of Technology Bhopal,"Materials Science and Metallurgical Engineering (4 Years, Bachelor of Technology)",HS,OPEN,Female-only (including Supernumerary),74200,74200
Maulana Azad National Institute of Technology Bhopal,"Materials Science and Metallurgical Engineering (4 Years, Bachelor of Technology)",HS,EWS,Gender-Neutral,58342,58394
Maulana Azad National Institute of Technology Bhopal,"Materials Science and Metallurgical Engineering (4 Years, Bachelor of Technology)",HS,EWS,Female-only (including Supernumerary),85858,85858
Maulana Azad National Institute of Technology Bhopal,"Materials Science and Metallurgical Engineering (4 Years, Bachelor of Technology)",HS,OBC- NCL,Gender-Neutral,59275,67679
Maulana Azad National Institute of Technology Bhopal,"Materials Science and Metallurgical Engineering (4 Years, Bachelor of Technology)",HS,OBC- NCL,Female-only (including Supernumerary),91112,91112
Maulana Azad National Institute of Technology Bhopal,"Materials Science and Metallurgical Engineering (4 Years, Bachelor of Technology)",HS,SC,Gender-Neutral,188010,190611
Maulana Azad National Institute of Technology Bhopal,"Materials Science and Metallurgical Engineering (4 Years, Bachelor of Technology)",HS,SC,Female-only (including Supernumerary),396063,396063
Maulana Azad National Institute of Technology Bhopal,"Materials Science and Metallurgical Engineering (4 Years, Bachelor of Technology)",OS,OPEN,Gender-Neutral,46443,50119
Maulana Azad National Institute of Technology Bhopal,"Materials Science and Metallurgical Engineering (4 Years, Bachelor of Technology)",OS,OPEN,Female-only (including Supernumerary),69423,75250
Maulana Azad National Institute of Technology Bhopal,"Materials Science and Metallurgical Engineering (4 Years, Bachelor of Technology)",OS,EWS,Gender-Neutral,51264,53530
Maulana Azad National Institute of Technology Bhopal,"Materials Science and Metallurgical Engineering (4 Years, Bachelor of Technology)",OS,EWS,Female-only (including Supernumerary),80587,80587
Maulana Azad National Institute of Technology Bhopal,"Materials Science and Metallurgical Engineering (4 Years, Bachelor of Technology)",OS,OBC- NCL,Gender-Neutral,50508,56981
Maulana Azad National Institute of Technology Bhopal,"Materials Science and Metallurgical Engineering (4 Years, Bachelor of Technology)",OS,OBC- NCL,Female-only (including Supernumerary),80945,83246
Maulana Azad National Institute of Technology Bhopal,"Materials Science and Metallurgical Engineering (4 Years, Bachelor of Technology)",OS,SC,Gender-Neutral,166790,182471
Maulana Azad National Institute of Technology Bhopal,"Materials Science and Metallurgical Engineering (4 Years, Bachelor of Technology)",OS,ST,Female-only (including Supernumerary),263900,263900
Maulana Azad National Institute of Technology Bhopal,"Mathematics and Data Science (5 Years, Bachelor and Master of Technology (Dual Degree))",HS,OPEN,Gender-Neutral,16592,16592
Maulana Azad National Institute of Technology Bhopal,"Mathematics and Data Science (5 Years, Bachelor and Master of Technology (Dual Degree))",HS,OPEN,Female-only (including Supernumerary),23188,23188
Maulana Azad National Institute of Technology Bhopal,"Mathematics and Data Science (5 Years, Bachelor and Master of Technology (Dual Degree))",HS,EWS,Gender-Neutral,17642,17642
Maulana Azad National Institute of Technology Bhopal,"Mathematics and Data Science (5 Years, Bachelor and Master of Technology (Dual Degree))",HS,OBC- NCL,Gender-Neutral,22601,22601
Maulana Azad National Institute of Technology Bhopal,"Mathematics and Data Science (5 Years, Bachelor and Master of Technology (Dual Degree))",OS,OPEN,Gender-Neutral,14351,16830
Maulana Azad National Institute of Technology Bhopal,"Mathematics and Data Science (5 Years, Bachelor and Master of Technology (Dual Degree))",OS,OBC- NCL,Gender-Neutral,19700,23347
Maulana Azad National Institute of Technology Bhopal,"Mathematics and Data Science (5 Years, Bachelor and Master of Technology (Dual Degree))",OS,SC,Gender-Neutral,98304,98304
Maulana Azad National Institute of Technology Bhopal,"Mathematics and Data Science (5 Years, Bachelor and Master of Technology (Dual Degree))",OS,SC,Female-only (including Supernumerary),152087,152087
Maulana Azad National Institute of Technology Bhopal,"Mathematics and Data Science (5 Years, Bachelor and Master of Technology (Dual Degree))",OS,ST,Gender-Neutral,157310,157310
Maulana Azad National Institute of Technology Bhopal,"Mathematics and Data Science for DASA-CIWG (5 Years, Bachelor and Master of Technology (Dual Degree))",DC,OPEN,Gender-Neutral,1221201,1221201
Maulana Azad National Institute of Technology Bhopal,"Mechanical Engineering (4 Years, Bachelor of Technology)",HS,OPEN,Gender-Neutral,27877,37224
Maulana Azad National Institute of Technology Bhopal,"Mechanical Engineering (4 Years, Bachelor of Technology)",HS,OPEN,Female-only (including Supernumerary),50416,58528
Maulana Azad National Institute of Technology Bhopal,"Mechanical Engineering (4 Years, Bachelor of Technology)",HS,EWS,Gender-Neutral,37527,43107
Maulana Azad National Institute of Technology Bhopal,"Mechanical Engineering (4 Years, Bachelor of Technology)",HS,EWS,Female-only (including Supernumerary),58653,58653
Maulana Azad National Institute of Technology Bhopal,"Mechanical Engineering (4 Years, Bachelor of Technology)",HS,EWS (PwD),Gender-Neutral,1241053,1241053
Maulana Azad National Institute of Technology Bhopal,"Mechanical Engineering (4 Years, Bachelor of Technology)",HS,OBC- NCL,Gender-Neutral,38944,47057
Maulana Azad National Institute of Technology Bhopal,"Mechanical Engineering (4 Years, Bachelor of Technology)",HS,OBC- NCL,Female-only (including Supernumerary),65716,75121
Maulana Azad National Institute of Technology Bhopal,"Mechanical Engineering (4 Years, Bachelor of Technology)",HS,SC,Gender-Neutral,136964,168276
Maulana Azad National Institute of Technology Bhopal,"Mechanical Engineering (4 Years, Bachelor of Technology)",OS,OPEN,Gender-Neutral,29663,31813
Maulana Azad National Institute of Technology Bhopal,"Mechanical Engineering (4 Years, Bachelor of Technology)",OS,OPEN,Female-only (including Supernumerary),49713,54826
Maulana Azad National Institute of Technology Bhopal,"Mechanical Engineering (4 Years, Bachelor of Technology)",OS,EWS,Gender-Neutral,34109,39093
Maulana Azad National Institute of Technology Bhopal,"Mechanical Engineering (4 Years, Bachelor of Technology)",OS,EWS,Female-only (including Supernumerary),56187,56187
Maulana Azad National Institute of Technology Bhopal,"Mechanical Engineering (4 Years, Bachelor of Technology)",OS,OBC- NCL,Gender-Neutral,32844,38377
Maulana Azad National Institute of Technology Bhopal,"Mechanical Engineering (4 Years, Bachelor of Technology)",OS,OBC- NCL,Female-only (including Supernumerary),60270,65477
Maulana Azad National Institute of Technology Bhopal,"Mechanical Engineering (4 Years, Bachelor of Technology)",OS,SC,Gender-Neutral,131722,137289
Maulana Azad National Institute of Technology Bhopal,"Mechanical Engineering (4 Years, Bachelor of Technology)",OS,ST,Gender-Neutral,188375,188375
Maulana Azad National Institute of Technology Bhopal,"Planning (4 Years, Bachelor of Planning)",AI,EWS,Gender-Neutral,3088,3088
Maulana Azad National Institute of Technology Bhopal,"Planning (4 Years, Bachelor of Planning)",AI,OBC- NCL,Gender-Neutral,1071,1609
Maulana Azad National Institute of Technology Bhopal,"Planning (4 Years, Bachelor of Planning)",HS,OPEN,Gender-Neutral,2063,3035
Maulana Azad National Institute of Technology Bhopal,"Planning (4 Years, Bachelor of Planning)",HS,OPEN,Female-only (including Supernumerary),1741,1951
Maulana Azad National Institute of Technology Bhopal,"Planning (4 Years, Bachelor of Planning)",HS,OBC- NCL,Female-only (including Supernumerary),5197,5197
Maulana Azad National Institute of Technology Bhopal,"Planning (4 Years, Bachelor of Planning)",HS,SC,Gender-Neutral,18297,18297
Maulana Azad National Institute of Technology Bhopal,"Planning (4 Years, Bachelor of Planning)",HS,SC,Female-only (including Supernumerary),3615,3615
Maulana Azad National Institute of Technology Bhopal,"Planning (4 Years, Bachelor of Planning)",HS,ST,Gender-Neutral,13910,13910
Maulana Azad National Institute of Technology Bhopal,"Planning (4 Years, Bachelor of Planning)",OS,OPEN,Gender-Neutral,694,939
Maulana Azad National Institute of Technology Bhopal,"Planning (4 Years, Bachelor of Planning)",OS,OPEN,Female-only (including Supernumerary),581,1074
Maulana Azad National Institute of Technology Bhopal,"Planning (4 Years, Bachelor of Planning)",OS,EWS,Gender-Neutral,3471,6084
Maulana Azad National Institute of Technology Bhopal,"Planning (4 Years, Bachelor of Planning)",OS,OBC- NCL,Gender-Neutral,2172,3573
Maulana Azad National Institute of Technology Bhopal,"Planning (4 Years, Bachelor of Planning)",OS,OBC- NCL,Female-only (including Supernumerary),1625,1899
Maulana Azad National Institute of Technology Bhopal,"Planning (4 Years, Bachelor of Planning)",OS,SC,Gender-Neutral,3419,4396
Maulana Azad National Institute of Technology Bhopal,"Planning (4 Years, Bachelor of Planning)",OS,ST,Gender-Neutral,8981,9294
Motilal Nehru National Institute of Technology Allahabad,"Bio Technology (4 Years, Bachelor of Technology)",HS,OPEN,Gender-Neutral,39894,44226
Motilal Nehru National Institute of Technology Allahabad,"Bio Technology (4 Years, Bachelor of Technology)",HS,OPEN,Female-only (including Supernumerary),59923,69047
Motilal Nehru National Institute of Technology Allahabad,"Bio Technology (4 Years, Bachelor of Technology)",HS,EWS,Gender-Neutral,49632,51191
Motilal Nehru National Institute of Technology Allahabad,"Bio Technology (4 Years, Bachelor of Technology)",HS,EWS,Female-only (including Supernumerary),74351,74351
Motilal Nehru National Institute of Technology Allahabad,"Bio Technology (4 Years, Bachelor of Technology)",HS,OBC- NCL,Gender-Neutral,49908,55075
Motilal Nehru National Institute of Technology Allahabad,"Bio Technology (4 Years, Bachelor of Technology)",HS,OBC- NCL,Female-only (including Supernumerary),75237,75237
Motilal Nehru National Institute of Technology Allahabad,"Bio Technology (4 Years, Bachelor of Technology)",HS,SC,Gender-Neutral,149828,161405
Motilal Nehru National Institute of Technology Allahabad,"Bio Technology (4 Years, Bachelor of Technology)",OS,OPEN,Gender-Neutral,38315,46188
Motilal Nehru National Institute of Technology Allahabad,"Bio Technology (4 Years, Bachelor of Technology)",OS,EWS,Gender-Neutral,48247,53920
Motilal Nehru National Institute of Technology Allahabad,"Bio Technology (4 Years, Bachelor of Technology)",OS,OBC- NCL,Gender-Neutral,49463,54413
Motilal Nehru National Institute of Technology Allahabad,"Bio Technology (4 Years, Bachelor of Technology)",OS,OBC- NCL,Female-only (including Supernumerary),53365,53365
Motilal Nehru National Institute of Technology Allahabad,"Bio Technology (4 Years, Bachelor of Technology)",OS,SC,Gender-Neutral,133047,161255
Motilal Nehru National Institute of Technology Allahabad,"Bio Technology (4 Years, Bachelor of Technology)",OS,SC,Female-only (including Supernumerary),194379,194379
Motilal Nehru National Institute of Technology Allahabad,"Bio Technology (4 Years, Bachelor of Technology)",OS,ST,Gender-Neutral,189112,243272
Motilal Nehru National Institute of Technology Allahabad,"Biotechnology for DASA-CIWG (4 Years, Bachelor of Technology)",DC,OPEN,Gender-Neutral,308124,308124
Motilal Nehru National Institute of Technology Allahabad,"Chemical Engineering (4 Years, Bachelor of Technology)",HS,OPEN,Gender-Neutral,21796,21796
Motilal Nehru National Institute of Technology Allahabad,"Chemical Engineering (4 Years, Bachelor of Technology)",HS,EWS,Gender-Neutral,29451,29451
Motilal Nehru National Institute of Technology Allahabad,"Chemical Engineering (4 Years, Bachelor of Technology)",HS,OBC- NCL,Gender-Neutral,30484,33991
Motilal Nehru National Institute of Technology Allahabad,"Chemical Engineering (4 Years, Bachelor of Technology)",HS,SC,Gender-Neutral,103836,103836
Motilal Nehru National Institute of Technology Allahabad,"Chemical Engineering (4 Years, Bachelor of Technology)",HS,SC,Female-only (including Supernumerary),182113,182113
Motilal Nehru National Institute of Technology Allahabad,"Chemical Engineering (4 Years, Bachelor of Technology)",HS,ST,Gender-Neutral,292989,292989
Motilal Nehru National Institute of Technology Allahabad,"Chemical Engineering (4 Years, Bachelor of Technology)",OS,OPEN,Gender-Neutral,24797,27945
Motilal Nehru National Institute of Technology Allahabad,"Chemical Engineering (4 Years, Bachelor of Technology)",OS,OPEN,Female-only (including Supernumerary),39532,40174
Motilal Nehru National Institute of Technology Allahabad,"Chemical Engineering (4 Years, Bachelor of Technology)",OS,OPEN (PwD),Gender-Neutral,607291,607291
Motilal Nehru National Institute of Technology Allahabad,"Chemical Engineering (4 Years, Bachelor of Technology)",OS,EWS,Gender-Neutral,29703,29703
Motilal Nehru National Institute of Technology Allahabad,"Chemical Engineering (4 Years, Bachelor of Technology)",OS,EWS,Female-only (including Supernumerary),46749,46749
Motilal Nehru National Institute of Technology Allahabad,"Chemical Engineering (4 Years, Bachelor of Technology)",OS,EWS (PwD),Gender-Neutral,851905,851905
Motilal Nehru National Institute of Technology Allahabad,"Chemical Engineering (4 Years, Bachelor of Technology)",OS,OBC- NCL,Gender-Neutral,30305,33872
Motilal Nehru National Institute of Technology Allahabad,"Chemical Engineering (4 Years, Bachelor of Technology)",OS,SC,Gender-Neutral,117018,117018
Motilal Nehru National Institute of Technology Allahabad,"Chemical Engineering for DASA-CIWG (4 Years, Bachelor of Technology)",DC,OPEN,Gender-Neutral,358809,358809
Motilal Nehru National Institute of Technology Allahabad,"Civil Engineering (4 Years, Bachelor of Technology)",HS,OPEN,Gender-Neutral,29892,31575
Motilal Nehru National Institute of Technology Allahabad,"Civil Engineering (4 Years, Bachelor of Technology)",HS,OPEN,Female-only (including Supernumerary),42962,47449
Motilal Nehru National Institute of Technology Allahabad,"Civil Engineering (4 Years, Bachelor of Technology)",HS,EWS,Gender-Neutral,36113,39502
Motilal Nehru National Institute of Technology Allahabad,"Civil Engineering (4 Years, Bachelor of Technology)",HS,EWS,Female-only (including Supernumerary),57658,57658
Motilal Nehru National Institute of Technology Allahabad,"Civil Engineering (4 Years, Bachelor of Technology)",HS,OBC- NCL,Gender-Neutral,35540,41180
Motilal Nehru National Institute of Technology Allahabad,"Civil Engineering (4 Years, Bachelor of Technology)",HS,OBC- NCL,Female-only (including Supernumerary),48917,48917
Motilal Nehru National Institute of Technology Allahabad,"Civil Engineering (4 Years, Bachelor of Technology)",HS,SC,Gender-Neutral,113695,122643
Motilal Nehru National Institute of Technology Allahabad,"Civil Engineering (4 Years, Bachelor of Technology)",HS,SC,Female-only (including Supernumerary),144126,187098
Motilal Nehru National Institute of Technology Allahabad,"Civil Engineering (4 Years, Bachelor of Technology)",OS,OPEN,Gender-Neutral,30465,33608
Motilal Nehru National Institute of Technology Allahabad,"Civil Engineering (4 Years, Bachelor of Technology)",OS,OPEN,Female-only (including Supernumerary),50759,53533
Motilal Nehru National Institute of Technology Allahabad,"Civil Engineering (4 Years, Bachelor of Technology)",OS,EWS,Gender-Neutral,35599,36677
Motilal Nehru National Institute of Technology Allahabad,"Civil Engineering (4 Years, Bachelor of Technology)",OS,EWS,Female-only (including Supernumerary),54464,54464
Motilal Nehru National Institute of Technology Allahabad,"Civil Engineering (4 Years, Bachelor of Technology)",OS,OBC- NCL,Gender-Neutral,35657,38679
Motilal Nehru National Institute of Technology Allahabad,"Civil Engineering (4 Years, Bachelor of Technology)",OS,OBC- NCL,Female-only (including Supernumerary),60590,72649
Motilal Nehru National Institute of Technology Allahabad,"Computer Science and Engineering (4 Years, Bachelor of Technology)",HS,OPEN,Gender-Neutral,6590,6810
Motilal Nehru National Institute of Technology Allahabad,"Computer Science and Engineering (4 Years, Bachelor of Technology)",HS,EWS,Gender-Neutral,8957,8957
Motilal Nehru National Institute of Technology Allahabad,"Computer Science and Engineering (4 Years, Bachelor of Technology)",HS,OBC- NCL,Gender-Neutral,9222,9222
Motilal Nehru National Institute of Technology Allahabad,"Computer Science and Engineering (4 Years, Bachelor of Technology)",HS,SC,Gender-Neutral,14843,14843
Motilal Nehru National Institute of Technology Allahabad,"Computer Science and Engineering (4 Years, Bachelor of Technology)",HS,ST,Gender-Neutral,127153,127153
Motilal Nehru National Institute of Technology Allahabad,"Computer Science and Engineering (4 Years, Bachelor of Technology)",OS,OPEN,Gender-Neutral,3634,5417
Motilal Nehru National Institute of Technology Allahabad,"Computer Science and Engineering (4 Years, Bachelor of Technology)",OS,OPEN,Female-only (including Supernumerary),8054,11075
Motilal Nehru National Institute of Technology Allahabad,"Computer Science and Engineering (4 Years, Bachelor of Technology)",OS,EWS,Gender-Neutral,5597,6552
Motilal Nehru National Institute of Technology Allahabad,"Computer Science and Engineering (4 Years, Bachelor of Technology)",OS,EWS,Female-only (including Supernumerary),13570,16199
Motilal Nehru National Institute of Technology Allahabad,"Computer Science and Engineering (4 Years, Bachelor of Technology)",OS,OBC- NCL,Gender-Neutral,6791,8478
Motilal Nehru National Institute of Technology Allahabad,"Computer Science and Engineering (4 Years, Bachelor of Technology)",OS,OBC- NCL,Female-only (including Supernumerary),15546,15546
Motilal Nehru National Institute of Technology Allahabad,"Computer Science and Engineering (4 Years, Bachelor of Technology)",OS,SC,Gender-Neutral,23594,35806
Motilal Nehru National Institute of Technology Allahabad,"Computer Science and Engineering for DASA-CIWG (4 Years, Bachelor of Technology)",DC,OPEN,Gender-Neutral,80333,252199
Motilal Nehru National Institute of Technology Allahabad,"Computer Science and Engineering for DASA-Non CIWG (4 Years, Bachelor of Technology)",AD,OPEN,Gender-Neutral,156785,931961
Motilal Nehru National Institute of Technology Allahabad,"Electrical Engineering (4 Years, Bachelor of Technology)",HS,OPEN,Gender-Neutral,11364,11920
Motilal Nehru National Institute of Technology Allahabad,"Electrical Engineering (4 Years, Bachelor of Technology)",HS,EWS,Gender-Neutral,12897,15115
Motilal Nehru National Institute of Technology Allahabad,"Electrical Engineering (4 Years, Bachelor of Technology)",HS,OBC- NCL,Gender-Neutral,18129,18129
Motilal Nehru National Institute of Technology Allahabad,"Electrical Engineering (4 Years, Bachelor of Technology)",HS,SC,Female-only (including Supernumerary),99738,99738
Motilal Nehru National Institute of Technology Allahabad,"Electrical Engineering (4 Years, Bachelor of Technology)",OS,OPEN,Gender-Neutral,11807,13686
Motilal Nehru National Institute of Technology Allahabad,"Electrical Engineering (4 Years, Bachelor of Technology)",OS,OPEN,Female-only (including Supernumerary),20174,24930
Motilal Nehru National Institute of Technology Allahabad,"Electrical Engineering (4 Years, Bachelor of Technology)",OS,EWS,Gender-Neutral,15620,16275
Motilal Nehru National Institute of Technology Allahabad,"Electrical Engineering (4 Years, Bachelor of Technology)",OS,OBC- NCL,Gender-Neutral,14782,14782
Motilal Nehru National Institute of Technology Allahabad,"Electrical Engineering (4 Years, Bachelor of Technology)",OS,SC,Female-only (including Supernumerary),148754,148754
Motilal Nehru National Institute of Technology Allahabad,"Electrical Engineering for DASA-CIWG (4 Years, Bachelor of Technology)",DC,OPEN,Gender-Neutral,516450,737665
Motilal Nehru National Institute of Technology Allahabad,"Electronics and Communication Engineering (4 Years, Bachelor of Technology)",HS,OPEN,Gender-Neutral,7664,9744
Motilal Nehru National Institute of Technology Allahabad,"Electronics and Communication Engineering (4 Years, Bachelor of Technology)",HS,EWS,Gender-Neutral,10927,11567
Motilal Nehru National Institute of Technology Allahabad,"Electronics and Communication Engineering (4 Years, Bachelor of Technology)",HS,OBC- NCL,Gender-Neutral,14061,14922
Motilal Nehru National Institute of Technology Allahabad,"Electronics and Communication Engineering (4 Years, Bachelor of Technology)",HS,SC,Gender-Neutral,62729,62729
Motilal Nehru National Institute of Technology Allahabad,"Electronics and Communication Engineering (4 Years, Bachelor of Technology)",HS,SC,Female-only (including Supernumerary),98778,98778
Motilal Nehru National Institute of Technology Allahabad,"Electronics and Communication Engineering (4 Years, Bachelor of Technology)",HS,ST,Gender-Neutral,205894,205894
Motilal Nehru National Institute of Technology Allahabad,"Electronics and Communication Engineering (4 Years, Bachelor of Technology)",OS,OPEN,Gender-Neutral,8105,10104
Motilal Nehru National Institute of Technology Allahabad,"Electronics and Communication Engineering (4 Years, Bachelor of Technology)",OS,OPEN,Female-only (including Supernumerary),16148,18128
Motilal Nehru National Institute of Technology Allahabad,"Electronics and Communication Engineering (4 Years, Bachelor of Technology)",OS,EWS,Gender-Neutral,10946,11789
Motilal Nehru National Institute of Technology Allahabad,"Electronics and Communication Engineering (4 Years, Bachelor of Technology)",OS,EWS,Female-only (including Supernumerary),22582,22582
Motilal Nehru National Institute of Technology Allahabad,"Electronics and Communication Engineering (4 Years, Bachelor of Technology)",OS,OBC- NCL,Gender-Neutral,14228,15815
Motilal Nehru National Institute of Technology Allahabad,"Electronics and Communication Engineering (4 Years, Bachelor of Technology)",OS,SC,Female-only (including Supernumerary),103879,103879
Motilal Nehru National Institute of Technology Allahabad,"Electronics and Communication Engineering for DASA-CIWG (4 Years, Bachelor of Technology)",DC,OPEN,Gender-Neutral,175138,384878
Motilal Nehru National Institute of Technology Allahabad,"Electronics and Communication Engineering for DASA-Non CIWG (4 Years, Bachelor of Technology)",AD,OPEN,Gender-Neutral,533851,533851
Motilal Nehru National Institute of Technology Allahabad,"Engineering and Computational Mechanics (4 Years, Bachelor of Technology)",HS,OPEN,Gender-Neutral,15418,16357
Motilal Nehru National Institute of Technology Allahabad,"Engineering and Computational Mechanics (4 Years, Bachelor of Technology)",HS,EWS,Gender-Neutral,20144,20144
Motilal Nehru National Institute of Technology Allahabad,"Engineering and Computational Mechanics (4 Years, Bachelor of Technology)",HS,EWS (PwD),Female-only (including Supernumerary),681057,681057
Motilal Nehru National Institute of Technology Allahabad,"Engineering and Computational Mechanics (4 Years, Bachelor of Technology)",HS,OBC- NCL,Gender-Neutral,23737,25820
Motilal Nehru National Institute of Technology Allahabad,"Engineering and Computational Mechanics (4 Years, Bachelor of Technology)",HS,SC,Gender-Neutral,72054,72054
Motilal Nehru National Institute of Technology Allahabad,"Engineering and Computational Mechanics (4 Years, Bachelor of Technology)",OS,OPEN,Gender-Neutral,15929,17950
Motilal Nehru National Institute of Technology Allahabad,"Engineering and Computational Mechanics (4 Years, Bachelor of Technology)",OS,OPEN,Female-only (including Supernumerary),26722,26722
Motilal Nehru National Institute of Technology Allahabad,"Engineering and Computational Mechanics (4 Years, Bachelor of Technology)",OS,EWS,Gender-Neutral,20270,20270
Motilal Nehru National Institute of Technology Allahabad,"Engineering and Computational Mechanics (4 Years, Bachelor of Technology)",OS,OBC- NCL,Gender-Neutral,23097,23098
Motilal Nehru National Institute of Technology Allahabad,"Engineering and Computational Mechanics (4 Years, Bachelor of Technology)",OS,SC,Gender-Neutral,99105,99984
Motilal Nehru National Institute of Technology Allahabad,"Engineering and Computational Mechanics (4 Years, Bachelor of Technology)",OS,SC,Female-only (including Supernumerary),145236,145236
Motilal Nehru National Institute of Technology Allahabad,"Engineering and Computational Mechanics (4 Years, Bachelor of Technology)",OS,ST,Gender-Neutral,171196,171196
Motilal Nehru National Institute of Technology Allahabad,"Engineering and Computational Mechanics for DASA-CIWG (4 Years, Bachelor of Technology)",DC,OPEN,Gender-Neutral,475189,475189
Motilal Nehru National Institute of Technology Allahabad,"Materials Engineering (4 Years, Bachelor of Technology)",HS,OPEN,Gender-Neutral,37876,41029
Motilal Nehru National Institute of Technology Allahabad,"Materials Engineering (4 Years, Bachelor of Technology)",HS,EWS,Gender-Neutral,42175,42175
Motilal Nehru National Institute of Technology Allahabad,"Materials Engineering (4 Years, Bachelor of Technology)",HS,EWS,Female-only (including Supernumerary),75596,75596
Motilal Nehru National Institute of Technology Allahabad,"Materials Engineering (4 Years, Bachelor of Technology)",HS,OBC- NCL,Gender-Neutral,41774,41774
Motilal Nehru National Institute of Technology Allahabad,"Materials Engineering (4 Years, Bachelor of Technology)",HS,SC,Gender-Neutral,149105,169779
Motilal Nehru National Institute of Technology Allahabad,"Materials Engineering (4 Years, Bachelor of Technology)",HS,ST,Gender-Neutral,385441,385441
Motilal Nehru National Institute of Technology Allahabad,"Materials Engineering (4 Years, Bachelor of Technology)",OS,OPEN,Gender-Neutral,30556,37327
Motilal Nehru National Institute of Technology Allahabad,"Materials Engineering (4 Years, Bachelor of Technology)",OS,OPEN,Female-only (including Supernumerary),64982,64982
Motilal Nehru National Institute of Technology Allahabad,"Materials Engineering (4 Years, Bachelor of Technology)",OS,EWS,Gender-Neutral,42738,42738
Motilal Nehru National Institute of Technology Allahabad,"Materials Engineering (4 Years, Bachelor of Technology)",OS,OBC- NCL,Gender-Neutral,40133,49288
Motilal Nehru National Institute of Technology Allahabad,"Materials Engineering (4 Years, Bachelor of Technology)",OS,OBC- NCL,Female-only (including Supernumerary),81252,81252
Motilal Nehru National Institute of Technology Allahabad,"Materials Engineering (4 Years, Bachelor of Technology)",OS,SC,Female-only (including Supernumerary),210110,210110
Motilal Nehru National Institute of Technology Allahabad,"Mechanical Engineering (4 Years, Bachelor of Technology)",HS,OPEN,Gender-Neutral,21016,23580
Motilal Nehru National Institute of Technology Allahabad,"Mechanical Engineering (4 Years, Bachelor of Technology)",HS,OPEN,Female-only (including Supernumerary),27960,30069
Motilal Nehru National Institute of Technology Allahabad,"Mechanical Engineering (4 Years, Bachelor of Technology)",HS,EWS,Gender-Neutral,24040,27932
Motilal Nehru National Institute of Technology Allahabad,"Mechanical Engineering (4 Years, Bachelor of Technology)",HS,OBC- NCL,Gender-Neutral,27285,29929
Motilal Nehru National Institute of Technology Allahabad,"Mechanical Engineering (4 Years, Bachelor of Technology)",HS,SC,Gender-Neutral,89749,108331
Motilal Nehru National Institute of Technology Allahabad,"Mechanical Engineering (4 Years, Bachelor of Technology)",HS,ST,Gender-Neutral,252509,252509
Motilal Nehru National Institute of Technology Allahabad,"Mechanical Engineering (4 Years, Bachelor of Technology)",OS,OPEN,Gender-Neutral,19986,24194
Motilal Nehru National Institute of Technology Allahabad,"Mechanical Engineering (4 Years, Bachelor of Technology)",OS,OPEN,Female-only (including Supernumerary),30434,37704
Motilal Nehru National Institute of Technology Allahabad,"Mechanical Engineering (4 Years, Bachelor of Technology)",OS,EWS,Gender-Neutral,26740,28873
Motilal Nehru National Institute of Technology Allahabad,"Mechanical Engineering (4 Years, Bachelor of Technology)",OS,OBC- NCL,Gender-Neutral,27191,29754
Motilal Nehru National Institute of Technology Allahabad,"Mechanical Engineering (4 Years, Bachelor of Technology)",OS,OBC- NCL,Female-only (including Supernumerary),54429,58100
Motilal Nehru National Institute of Technology Allahabad,"Mechanical Engineering (4 Years, Bachelor of Technology)",OS,SC,Gender-Neutral,107787,111983
Motilal Nehru National Institute of Technology Allahabad,"Mechanical Engineering (4 Years, Bachelor of Technology)",OS,SC,Female-only (including Supernumerary),150577,158370
Motilal Nehru National Institute of Technology Allahabad,"Mechanical Engineering (4 Years, Bachelor of Technology)",OS,SC (PwD),Gender-Neutral,924546,924546
Motilal Nehru National Institute of Technology Allahabad,"Mechanical Engineering (4 Years, Bachelor of Technology)",OS,ST,Gender-Neutral,166602,166602
Motilal Nehru National Institute of Technology Allahabad,"Mechanical Engineering (4 Years, Bachelor of Technology)",OS,ST,Female-only (including Supernumerary),267959,267959
Motilal Nehru National Institute of Technology Allahabad,"Mechanical Engineering for DASA-CIWG (4 Years, Bachelor of Technology)",DC,OPEN,Gender-Neutral,264569,549382
Motilal Nehru National Institute of Technology Allahabad,"Production and Industrial Engineering (4 Years, Bachelor of Technology)",HS,OPEN,Gender-Neutral,34372,36042
Motilal Nehru National Institute of Technology Allahabad,"Production and Industrial Engineering (4 Years, Bachelor of Technology)",HS,OPEN,Female-only (including Supernumerary),60486,61211
Motilal Nehru National Institute of Technology Allahabad,"Production and Industrial Engineering (4 Years, Bachelor of Technology)",HS,EWS,Gender-Neutral,42782,43906
Motilal Nehru National Institute of Technology Allahabad,"Production and Industrial Engineering (4 Years, Bachelor of Technology)",HS,EWS,Female-only (including Supernumerary),63458,63458
Motilal Nehru National Institute of Technology Allahabad,"Production and Industrial Engineering (4 Years, Bachelor of Technology)",HS,OBC- NCL,Gender-Neutral,42239,47236
Motilal Nehru National Institute of Technology Allahabad,"Production and Industrial Engineering (4 Years, Bachelor of Technology)",HS,OBC- NCL,Female-only (including Supernumerary),67250,67250
Motilal Nehru National Institute of Technology Allahabad,"Production and Industrial Engineering (4 Years, Bachelor of Technology)",HS,SC,Gender-Neutral,135518,135518
Motilal Nehru National Institute of Technology Allahabad,"Production and Industrial Engineering (4 Years, Bachelor of Technology)",HS,ST,Gender-Neutral,348094,348094
Motilal Nehru National Institute of Technology Allahabad,"Production and Industrial Engineering (4 Years, Bachelor of Technology)",OS,OPEN,Gender-Neutral,34379,37419
Motilal Nehru National Institute of Technology Allahabad,"Production and Industrial Engineering (4 Years, Bachelor of Technology)",OS,OPEN,Female-only (including Supernumerary),51883,59728
Motilal Nehru National Institute of Technology Allahabad,"Production and Industrial Engineering (4 Years, Bachelor of Technology)",OS,EWS,Gender-Neutral,40390,40390
Motilal Nehru National Institute of Technology Allahabad,"Production and Industrial Engineering (4 Years, Bachelor of Technology)",OS,EWS,Female-only (including Supernumerary),59771,59771
Motilal Nehru National Institute of Technology Allahabad,"Production and Industrial Engineering (4 Years, Bachelor of Technology)",OS,OBC- NCL,Gender-Neutral,43491,51231
Motilal Nehru National Institute of Technology Allahabad,"Production and Industrial Engineering (4 Years, Bachelor of Technology)",OS,SC,Gender-Neutral,155861,155861
Motilal Nehru National Institute of Technology Allahabad,"Production and Industrial Engineering (4 Years, Bachelor of Technology)",OS,ST,Gender-Neutral,218075,218075
Motilal Nehru National Institute of Technology Allahabad,"Production and Industrial Engineering (4 Years, Bachelor of Technology)",OS,ST,Female-only (including Supernumerary),295301,295301
National Institute of Technology Agartala,"Biotechnology and Biochemical Engineering (4 Years, Bachelor of Technology)",AI,EWS,Gender-Neutral,80658,80658
National Institute of Technology Agartala,"Biotechnology and Biochemical Engineering (4 Years, Bachelor of Technology)",AI,EWS,Female-only (including Supernumerary),122706,122706
National Institute of Technology Agartala,"Biotechnology and Biochemical Engineering (4 Years, Bachelor of Technology)",AI,ST,Gender-Neutral,286943,323288
National Institute of Technology Agartala,"Biotechnology and Biochemical Engineering (4 Years, Bachelor of Technology)",HS,OPEN,Gender-Neutral,356153,504133
National Institute of Technology Agartala,"Biotechnology and Biochemical Engineering (4 Years, Bachelor of Technology)",HS,OPEN,Female-only (including Supernumerary),279619,284253
National Institute of Technology Agartala,"Biotechnology and Biochemical Engineering (4 Years, Bachelor of Technology)",HS,SC,Gender-Neutral,570733,735705
National Institute of Technology Agartala,"Biotechnology and Biochemical Engineering (4 Years, Bachelor of Technology)",HS,SC,Female-only (including Supernumerary),578772,578772
National Institute of Technology Agartala,"Biotechnology and Biochemical Engineering (4 Years, Bachelor of Technology)",HS,ST,Gender-Neutral,835860,835860
National Institute of Technology Agartala,"Biotechnology and Biochemical Engineering (4 Years, Bachelor of Technology)",OS,OPEN,Gender-Neutral,62847,78218
National Institute of Technology Agartala,"Biotechnology and Biochemical Engineering (4 Years, Bachelor of Technology)",OS,OPEN,Female-only (including Supernumerary),104715,104715
National Institute of Technology Agartala,"Biotechnology and Biochemical Engineering (4 Years, Bachelor of Technology)",OS,EWS,Gender-Neutral,84206,86926
National Institute of Technology Agartala,"Biotechnology and Biochemical Engineering (4 Years, Bachelor of Technology)",OS,EWS,Female-only (including Supernumerary),124831,124831
National Institute of Technology Agartala,"Biotechnology and Biochemical Engineering (4 Years, Bachelor of Technology)",OS,OBC- NCL,Gender-Neutral,80683,84037
National Institute of Technology Agartala,"Biotechnology and Biochemical Engineering (4 Years, Bachelor of Technology)",OS,OBC- NCL,Female-only (including Supernumerary),114042,115910
National Institute of Technology Agartala,"Biotechnology and Biochemical Engineering (4 Years, Bachelor of Technology)",OS,SC,Gender-Neutral,216984,216984
National Institute of Technology Agartala,"Biotechnology and Biochemical Engineering (4 Years, Bachelor of Technology)",OS,SC,Female-only (including Supernumerary),230282,230282
National Institute of Technology Agartala,"Biotechnology and Biochemical Engineering (4 Years, Bachelor of Technology)",OS,ST,Gender-Neutral,327598,347081
National Institute of Technology Agartala,"Chemical Engineering (4 Years, Bachelor of Technology)",AI,EWS,Gender-Neutral,59124,66322
National Institute of Technology Agartala,"Chemical Engineering (4 Years, Bachelor of Technology)",AI,EWS,Female-only (including Supernumerary),93888,93888
National Institute of Technology Agartala,"Chemical Engineering (4 Years, Bachelor of Technology)",AI,ST,Gender-Neutral,230718,282261
National Institute of Technology Agartala,"Chemical Engineering (4 Years, Bachelor of Technology)",AI,ST,Female-only (including Supernumerary),368821,368821
National Institute of Technology Agartala,"Chemical Engineering (4 Years, Bachelor of Technology)",HS,OPEN,Gender-Neutral,265375,306162
National Institute of Technology Agartala,"Chemical Engineering (4 Years, Bachelor of Technology)",HS,OPEN,Female-only (including Supernumerary),186360,218208
National Institute of Technology Agartala,"Chemical Engineering (4 Years, Bachelor of Technology)",HS,SC,Gender-Neutral,463301,582494
National Institute of Technology Agartala,"Chemical Engineering (4 Years, Bachelor of Technology)",HS,SC,Female-only (including Supernumerary),621990,621990
National Institute of Technology Agartala,"Chemical Engineering (4 Years, Bachelor of Technology)",OS,OPEN,Gender-Neutral,53039,58459
National Institute of Technology Agartala,"Chemical Engineering (4 Years, Bachelor of Technology)",OS,OPEN,Female-only (including Supernumerary),77083,88852
National Institute of Technology Agartala,"Chemical Engineering (4 Years, Bachelor of Technology)",OS,EWS,Gender-Neutral,66612,70330
National Institute of Technology Agartala,"Chemical Engineering (4 Years, Bachelor of Technology)",OS,EWS,Female-only (including Supernumerary),105395,105395
National Institute of Technology Agartala,"Chemical Engineering (4 Years, Bachelor of Technology)",OS,OBC- NCL,Gender-Neutral,58585,63179
National Institute of Technology Agartala,"Chemical Engineering (4 Years, Bachelor of Technology)",OS,OBC- NCL,Female-only (including Supernumerary),97774,107226
National Institute of Technology Agartala,"Chemical Engineering (4 Years, Bachelor of Technology)",OS,OBC- NCL (PwD),Gender-Neutral,1377196,1377196
National Institute of Technology Agartala,"Chemical Engineering (4 Years, Bachelor of Technology)",OS,SC,Gender-Neutral,176655,195261
National Institute of Technology Agartala,"Chemical Engineering (4 Years, Bachelor of Technology)",OS,SC,Female-only (including Supernumerary),248079,248079
National Institute of Technology Agartala,"Chemical Engineering (4 Years, Bachelor of Technology)",OS,ST,Gender-Neutral,289388,295528
National Institute of Technology Agartala,"Chemical Engineering (4 Years, Bachelor of Technology)",OS,ST,Female-only (including Supernumerary),374720,374720
National Institute of Technology Agartala,"Chemistry (5 Years, Bachelor of Science and Master of Science (Dual Degree))",AI,EWS,Gender-Neutral,96015,101698
National Institute of Technology Agartala,"Chemistry (5 Years, Bachelor of Science and Master of Science (Dual Degree))",AI,ST,Gender-Neutral,339592,428901
National Institute of Technology Agartala,"Chemistry (5 Years, Bachelor of Science and Master of Science (Dual Degree))",HS,OPEN,Gender-Neutral,372423,494563
National Institute of Technology Agartala,"Chemistry (5 Years, Bachelor of Science and Master of Science (Dual Degree))",HS,SC,Gender-Neutral,649910,1058009
National Institute of Technology Agartala,"Chemistry (5 Years, Bachelor of Science and Master of Science (Dual Degree))",OS,OPEN,Gender-Neutral,82025,94390
National Institute of Technology Agartala,"Chemistry (5 Years, Bachelor of Science and Master of Science (Dual Degree))",OS,EWS,Gender-Neutral,105415,106202
National Institute of Technology Agartala,"Chemistry (5 Years, Bachelor of Science and Master of Science (Dual Degree))",OS,OBC- NCL,Gender-Neutral,95386,101764
National Institute of Technology Agartala,"Chemistry (5 Years, Bachelor of Science and Master of Science (Dual Degree))",OS,SC,Gender-Neutral,228528,228528
National Institute of Technology Agartala,"Chemistry (5 Years, Bachelor of Science and Master of Science (Dual Degree))",OS,ST,Gender-Neutral,432081,433698
National Institute of Technology Agartala,"Civil Engineering (4 Years, Bachelor of Technology)",AI,EWS,Gender-Neutral,68585,72081
National Institute of Technology Agartala,"Civil Engineering (4 Years, Bachelor of Technology)",HS,OPEN,Gender-Neutral,210855,263915
National Institute of Technology Agartala,"Civil Engineering (4 Years, Bachelor of Technology)",HS,OPEN,Female-only (including Supernumerary),114046,242369
National Institute of Technology Agartala,"Civil Engineering (4 Years, Bachelor of Technology)",HS,EWS,Gender-Neutral,512836,512836
National Institute of Technology Agartala,"Civil Engineering (4 Years, Bachelor of Technology)",HS,EWS,Female-only (including Supernumerary),444487,444487
National Institute of Technology Agartala,"Civil Engineering (4 Years, Bachelor of Technology)",HS,SC,Gender-Neutral,413110,432621
National Institute of Technology Agartala,"Civil Engineering (4 Years, Bachelor of Technology)",HS,SC,Female-only (including Supernumerary),366721,366721
National Institute of Technology Agartala,"Civil Engineering (4 Years, Bachelor of Technology)",OS,OPEN,Gender-Neutral,56559,67153
National Institute of Technology Agartala,"Civil Engineering (4 Years, Bachelor of Technology)",OS,OPEN,Female-only (including Supernumerary),87775,105128
National Institute of Technology Agartala,"Civil Engineering (4 Years, Bachelor of Technology)",OS,OPEN (PwD),Gender-Neutral,1103579,1103579
National Institute of Technology Agartala,"Civil Engineering (4 Years, Bachelor of Technology)",OS,EWS,Gender-Neutral,72148,73981
National Institute of Technology Agartala,"Civil Engineering (4 Years, Bachelor of Technology)",OS,EWS,Female-only (including Supernumerary),106282,106282
National Institute of Technology Agartala,"Civil Engineering (4 Years, Bachelor of Technology)",OS,OBC- NCL,Gender-Neutral,68069,70275
National Institute of Technology Agartala,"Civil Engineering (4 Years, Bachelor of Technology)",OS,OBC- NCL,Female-only (including Supernumerary),108499,112555
National Institute of Technology Agartala,"Civil Engineering (4 Years, Bachelor of Technology)",OS,SC,Gender-Neutral,166343,185006
National Institute of Technology Agartala,"Civil Engineering (4 Years, Bachelor of Technology)",OS,SC,Female-only (including Supernumerary),255009,255009
National Institute of Technology Agartala,"Civil Engineering (4 Years, Bachelor of Technology)",OS,ST,Gender-Neutral,251977,251977
National Institute of Technology Agartala,"Civil Engineering (4 Years, Bachelor of Technology)",OS,ST,Female-only (including Supernumerary),318262,318262
National Institute of Technology Agartala,"Computational Mathematics (5 Years, Bachelor and Master of Technology (Dual Degree))",AI,EWS,Gender-Neutral,40299,42145
National Institute of Technology Agartala,"Computational Mathematics (5 Years, Bachelor and Master of Technology (Dual Degree))",AI,ST,Gender-Neutral,188211,274585
National Institute of Technology Agartala,"Computational Mathematics (5 Years, Bachelor and Master of Technology (Dual Degree))",HS,OPEN,Gender-Neutral,179052,199807
National Institute of Technology Agartala,"Computational Mathematics (5 Years, Bachelor and Master of Technology (Dual Degree))",OS,OPEN,Gender-Neutral,33051,36395
National Institute of Technology Agartala,"Computational Mathematics (5 Years, Bachelor and Master of Technology (Dual Degree))",OS,EWS,Gender-Neutral,47440,48233
National Institute of Technology Agartala,"Computational Mathematics (5 Years, Bachelor and Master of Technology (Dual Degree))",OS,OBC- NCL,Gender-Neutral,54930,54930
National Institute of Technology Agartala,"Computational Mathematics (5 Years, Bachelor and Master of Technology (Dual Degree))",OS,SC,Gender-Neutral,164856,164856
National Institute of Technology Agartala,"Computational Mathematics (5 Years, Bachelor and Master of Technology (Dual Degree))",OS,ST,Gender-Neutral,282230,282230
National Institute of Technology Agartala,"Computer Science and Engineering (4 Years, Bachelor of Technology)",HS,OPEN,Gender-Neutral,74656,79592
National Institute of Technology Agartala,"Computer Science and Engineering (4 Years, Bachelor of Technology)",HS,OPEN,Female-only (including Supernumerary),77466,80128
National Institute of Technology Agartala,"Computer Science and Engineering (4 Years, Bachelor of Technology)",HS,SC,Gender-Neutral,253114,266565
National Institute of Technology Agartala,"Computer Science and Engineering (4 Years, Bachelor of Technology)",HS,SC,Female-only (including Supernumerary),246637,246637
National Institute of Technology Agartala,"Computer Science and Engineering (4 Years, Bachelor of Technology)",HS,ST,Gender-Neutral,527426,548674
National Institute of Technology Agartala,"Computer Science and Engineering (4 Years, Bachelor of Technology)",OS,OPEN,Gender-Neutral,22116,26132
National Institute of Technology Agartala,"Computer Science and Engineering (4 Years, Bachelor of Technology)",OS,OPEN,Female-only (including Supernumerary),31763,42334
National Institute of Technology Agartala,"Computer Science and Engineering (4 Years, Bachelor of Technology)",OS,EWS,Gender-Neutral,26605,28304
National Institute of Technology Agartala,"Computer Science and Engineering (4 Years, Bachelor of Technology)",OS,EWS,Female-only (including Supernumerary),47413,50819
National Institute of Technology Agartala,"Computer Science and Engineering (4 Years, Bachelor of Technology)",OS,OBC- NCL,Gender-Neutral,27145,30546
National Institute of Technology Agartala,"Computer Science and Engineering (4 Years, Bachelor of Technology)",OS,OBC- NCL,Female-only (including Supernumerary),45718,50548
National Institute of Technology Agartala,"Computer Science and Engineering (4 Years, Bachelor of Technology)",OS,SC,Gender-Neutral,90103,103169
National Institute of Technology Agartala,"Computer Science and Engineering (4 Years, Bachelor of Technology)",OS,SC,Female-only (including Supernumerary),152534,158886
National Institute of Technology Agartala,"Computer Science and Engineering (4 Years, Bachelor of Technology)",OS,ST,Gender-Neutral,97313,153949
National Institute of Technology Agartala,"Computer Science and Engineering (4 Years, Bachelor of Technology)",OS,ST,Female-only (including Supernumerary),264024,264024
National Institute of Technology Agartala,"Computer Science and Engineering for DASA-CIWG (4 Years, Bachelor of Technology)",DC,OPEN,Gender-Neutral,717697,931692
National Institute of Technology Agartala,"Electrical Engineering (4 Years, Bachelor of Technology)",HS,OPEN,Gender-Neutral,122976,144120
National Institute of Technology Agartala,"Electrical Engineering (4 Years, Bachelor of Technology)",HS,OPEN,Female-only (including Supernumerary),122396,126266
National Institute of Technology Agartala,"Electrical Engineering (4 Years, Bachelor of Technology)",HS,SC,Gender-Neutral,357823,357823
National Institute of Technology Agartala,"Electrical Engineering (4 Years, Bachelor of Technology)",HS,SC,Female-only (including Supernumerary),369616,423593
National Institute of Technology Agartala,"Electrical Engineering (4 Years, Bachelor of Technology)",HS,ST,Gender-Neutral,748312,842436
National Institute of Technology Agartala,"Electrical Engineering (4 Years, Bachelor of Technology)",OS,OPEN,Gender-Neutral,32514,40983
National Institute of Technology Agartala,"Electrical Engineering (4 Years, Bachelor of Technology)",OS,OPEN,Female-only (including Supernumerary),47556,66055
National Institute of Technology Agartala,"Electrical Engineering (4 Years, Bachelor of Technology)",OS,OPEN (PwD),Gender-Neutral,1231423,1231423
National Institute of Technology Agartala,"Electrical Engineering (4 Years, Bachelor of Technology)",OS,EWS,Gender-Neutral,40988,45411
National Institute of Technology Agartala,"Electrical Engineering (4 Years, Bachelor of Technology)",OS,EWS,Female-only (including Supernumerary),70075,70075
National Institute of Technology Agartala,"Electrical Engineering (4 Years, Bachelor of Technology)",OS,OBC- NCL,Gender-Neutral,44112,48384
National Institute of Technology Agartala,"Electrical Engineering (4 Years, Bachelor of Technology)",OS,OBC- NCL,Female-only (including Supernumerary),70337,72740
National Institute of Technology Agartala,"Electrical Engineering (4 Years, Bachelor of Technology)",OS,SC,Gender-Neutral,132677,140686
National Institute of Technology Agartala,"Electrical Engineering (4 Years, Bachelor of Technology)",OS,SC,Female-only (including Supernumerary),203410,204204
National Institute of Technology Agartala,"Electrical Engineering (4 Years, Bachelor of Technology)",OS,ST,Gender-Neutral,195723,205784
National Institute of Technology Agartala,"Electrical Engineering (4 Years, Bachelor of Technology)",OS,ST,Female-only (including Supernumerary),323214,323214
National Institute of Technology Agartala,"Electronics and Communication Engineering (4 Years, Bachelor of Technology)",HS,OPEN,Gender-Neutral,94430,112378
National Institute of Technology Agartala,"Electronics and Communication Engineering (4 Years, Bachelor of Technology)",HS,OPEN,Female-only (including Supernumerary),98551,111217
National Institute of Technology Agartala,"Electronics and Communication Engineering (4 Years, Bachelor of Technology)",HS,SC,Female-only (including Supernumerary),329124,350173
National Institute of Technology Agartala,"Electronics and Communication Engineering (4 Years, Bachelor of Technology)",HS,ST,Gender-Neutral,545182,741573
National Institute of Technology Agartala,"Electronics and Communication Engineering (4 Years, Bachelor of Technology)",HS,ST,Female-only (including Supernumerary),545012,545012
National Institute of Technology Agartala,"Electronics and Communication Engineering (4 Years, Bachelor of Technology)",OS,OPEN,Gender-Neutral,28787,31543
National Institute of Technology Agartala,"Electronics and Communication Engineering (4 Years, Bachelor of Technology)",OS,OPEN,Female-only (including Supernumerary),47565,56736
National Institute of Technology Agartala,"Electronics and Communication Engineering (4 Years, Bachelor of Technology)",OS,EWS,Gender-Neutral,31570,35331
National Institute of Technology Agartala,"Electronics and Communication Engineering (4 Years, Bachelor of Technology)",OS,EWS,Female-only (including Supernumerary),58355,58355
National Institute of Technology Agartala,"Electronics and Communication Engineering (4 Years, Bachelor of Technology)",OS,OBC- NCL,Gender-Neutral,32763,37369
National Institute of Technology Agartala,"Electronics and Communication Engineering (4 Years, Bachelor of Technology)",OS,OBC- NCL,Female-only (including Supernumerary),57477,62797
National Institute of Technology Agartala,"Electronics and Communication Engineering (4 Years, Bachelor of Technology)",OS,SC,Gender-Neutral,112698,118559
National Institute of Technology Agartala,"Electronics and Communication Engineering (4 Years, Bachelor of Technology)",OS,SC,Female-only (including Supernumerary),179345,202066
National Institute of Technology Agartala,"Electronics and Communication Engineering (4 Years, Bachelor of Technology)",OS,ST,Gender-Neutral,165159,220355
National Institute of Technology Agartala,"Electronics and Instrumentation Engineering (4 Years, Bachelor of Technology)",AI,ST,Gender-Neutral,202162,265732
National Institute of Technology Agartala,"Electronics and Instrumentation Engineering (4 Years, Bachelor of Technology)",HS,OPEN,Gender-Neutral,115615,160944
National Institute of Technology Agartala,"Electronics and Instrumentation Engineering (4 Years, Bachelor of Technology)",HS,OPEN,Female-only (including Supernumerary),131052,131052
National Institute of Technology Agartala,"Electronics and Instrumentation Engineering (4 Years, Bachelor of Technology)",HS,EWS,Gender-Neutral,1219167,1219167
National Institute of Technology Agartala,"Electronics and Instrumentation Engineering (4 Years, Bachelor of Technology)",HS,SC,Gender-Neutral,427026,434140
National Institute of Technology Agartala,"Electronics and Instrumentation Engineering (4 Years, Bachelor of Technology)",HS,ST,Gender-Neutral,771130,1064632
National Institute of Technology Agartala,"Electronics and Instrumentation Engineering (4 Years, Bachelor of Technology)",OS,OPEN,Gender-Neutral,38104,42765
National Institute of Technology Agartala,"Electronics and Instrumentation Engineering (4 Years, Bachelor of Technology)",OS,OPEN,Female-only (including Supernumerary),61254,64054
National Institute of Technology Agartala,"Electronics and Instrumentation Engineering (4 Years, Bachelor of Technology)",OS,EWS,Gender-Neutral,45754,46429
National Institute of Technology Agartala,"Electronics and Instrumentation Engineering (4 Years, Bachelor of Technology)",OS,EWS,Female-only (including Supernumerary),69969,69969
National Institute of Technology Agartala,"Electronics and Instrumentation Engineering (4 Years, Bachelor of Technology)",OS,OBC- NCL,Gender-Neutral,43403,50454
National Institute of Technology Agartala,"Electronics and Instrumentation Engineering (4 Years, Bachelor of Technology)",OS,OBC- NCL,Female-only (including Supernumerary),73992,84299
National Institute of Technology Agartala,"Electronics and Instrumentation Engineering (4 Years, Bachelor of Technology)",OS,SC,Gender-Neutral,126373,146848
National Institute of Technology Agartala,"Electronics and Instrumentation Engineering (4 Years, Bachelor of Technology)",OS,ST,Gender-Neutral,267894,268293
National Institute of Technology Agartala,"Engineering Physics (5 Years, Bachelor and Master of Technology (Dual Degree))",AI,EWS,Gender-Neutral,79776,79776
National Institute of Technology Agartala,"Engineering Physics (5 Years, Bachelor and Master of Technology (Dual Degree))",AI,ST,Gender-Neutral,363528,397006
National Institute of Technology Agartala,"Engineering Physics (5 Years, Bachelor and Master of Technology (Dual Degree))",HS,OPEN,Gender-Neutral,341573,384903
National Institute of Technology Agartala,"Engineering Physics (5 Years, Bachelor and Master of Technology (Dual Degree))",HS,SC,Gender-Neutral,531531,949243
National Institute of Technology Agartala,"Engineering Physics (5 Years, Bachelor and Master of Technology (Dual Degree))",OS,OPEN,Gender-Neutral,63003,67905
National Institute of Technology Agartala,"Engineering Physics (5 Years, Bachelor and Master of Technology (Dual Degree))",OS,EWS (PwD),Gender-Neutral,1190789,1190789
National Institute of Technology Agartala,"Engineering Physics (5 Years, Bachelor and Master of Technology (Dual Degree))",OS,OBC- NCL,Gender-Neutral,72665,77508
National Institute of Technology Agartala,"Engineering Physics (5 Years, Bachelor and Master of Technology (Dual Degree))",OS,SC,Gender-Neutral,205976,210814
National Institute of Technology Agartala,"Engineering Physics (5 Years, Bachelor and Master of Technology (Dual Degree))",OS,ST,Gender-Neutral,421326,421326
National Institute of Technology Agartala,"Mathematics & Computing (5 Years, Bachelor of Science and Master of Science (Dual Degree))",AI,EWS,Gender-Neutral,51013,51013
National Institute of Technology Agartala,"Mathematics & Computing (5 Years, Bachelor of Science and Master of Science (Dual Degree))",AI,ST,Gender-Neutral,309928,341129
National Institute of Technology Agartala,"Mathematics & Computing (5 Years, Bachelor of Science and Master of Science (Dual Degree))",HS,OPEN,Gender-Neutral,320172,407321
National Institute of Technology Agartala,"Mathematics & Computing (5 Years, Bachelor of Science and Master of Science (Dual Degree))",HS,SC,Gender-Neutral,543649,543649
National Institute of Technology Agartala,"Mathematics & Computing (5 Years, Bachelor of Science and Master of Science (Dual Degree))",OS,OPEN,Gender-Neutral,38759,47531
National Institute of Technology Agartala,"Mathematics & Computing (5 Years, Bachelor of Science and Master of Science (Dual Degree))",OS,EWS,Gender-Neutral,56474,58071
National Institute of Technology Agartala,"Mathematics & Computing (5 Years, Bachelor of Science and Master of Science (Dual Degree))",OS,OBC- NCL,Gender-Neutral,49357,61742
National Institute of Technology Agartala,"Mathematics & Computing (5 Years, Bachelor of Science and Master of Science (Dual Degree))",OS,SC,Gender-Neutral,137688,161554
National Institute of Technology Agartala,"Mathematics & Computing (5 Years, Bachelor of Science and Master of Science (Dual Degree))",OS,ST,Gender-Neutral,367328,367328
National Institute of Technology Agartala,"Mechanical Engineering (4 Years, Bachelor of Technology)",AI,EWS,Gender-Neutral,51854,52421
National Institute of Technology Agartala,"Mechanical Engineering (4 Years, Bachelor of Technology)",AI,ST,Gender-Neutral,241632,241632
National Institute of Technology Agartala,"Mechanical Engineering (4 Years, Bachelor of Technology)",AI,ST,Female-only (including Supernumerary),254160,335408
National Institute of Technology Agartala,"Mechanical Engineering (4 Years, Bachelor of Technology)",HS,OPEN,Gender-Neutral,204504,250663
National Institute of Technology Agartala,"Mechanical Engineering (4 Years, Bachelor of Technology)",HS,SC,Gender-Neutral,362711,436199
National Institute of Technology Agartala,"Mechanical Engineering (4 Years, Bachelor of Technology)",HS,SC,Female-only (including Supernumerary),539882,580157
National Institute of Technology Agartala,"Mechanical Engineering (4 Years, Bachelor of Technology)",HS,ST,Gender-Neutral,675483,1362773
National Institute of Technology Agartala,"Mechanical Engineering (4 Years, Bachelor of Technology)",HS,ST,Female-only (including Supernumerary),914067,914067
National Institute of Technology Agartala,"Mechanical Engineering (4 Years, Bachelor of Technology)",OS,OPEN,Gender-Neutral,47184,51405
National Institute of Technology Agartala,"Mechanical Engineering (4 Years, Bachelor of Technology)",OS,OPEN,Female-only (including Supernumerary),72425,87920
National Institute of Technology Agartala,"Mechanical Engineering (4 Years, Bachelor of Technology)",OS,OPEN (PwD),Gender-Neutral,942691,942691
National Institute of Technology Agartala,"Mechanical Engineering (4 Years, Bachelor of Technology)",OS,EWS,Gender-Neutral,54841,57610
National Institute of Technology Agartala,"Mechanical Engineering (4 Years, Bachelor of Technology)",OS,EWS,Female-only (including Supernumerary),90673,90673
National Institute of Technology Agartala,"Mechanical Engineering (4 Years, Bachelor of Technology)",OS,OBC- NCL,Gender-Neutral,51857,58391
National Institute of Technology Agartala,"Mechanical Engineering (4 Years, Bachelor of Technology)",OS,OBC- NCL,Female-only (including Supernumerary),96038,101955
National Institute of Technology Agartala,"Mechanical Engineering (4 Years, Bachelor of Technology)",OS,SC,Gender-Neutral,158398,172567
National Institute of Technology Agartala,"Mechanical Engineering (4 Years, Bachelor of Technology)",OS,SC,Female-only (including Supernumerary),231220,248045
National Institute of Technology Agartala,"Mechanical Engineering (4 Years, Bachelor of Technology)",OS,ST,Gender-Neutral,243743,246497
National Institute of Technology Agartala,"Mechanical Engineering (4 Years, Bachelor of Technology)",OS,ST,Female-only (including Supernumerary),343931,343931
National Institute of Technology Agartala,"Physics (5 Years, Bachelor of Science and Master of Science (Dual Degree))",AI,EWS,Gender-Neutral,86855,92741
National Institute of Technology Agartala,"Physics (5 Years, Bachelor of Science and Master of Science (Dual Degree))",AI,SC,Gender-Neutral,217532,227679
National Institute of Technology Agartala,"Physics (5 Years, Bachelor of Science and Master of Science (Dual Degree))",AI,ST,Gender-Neutral,312938,388350
National Institute of Technology Agartala,"Physics (5 Years, Bachelor of Science and Master of Science (Dual Degree))",HS,OPEN,Gender-Neutral,266401,576878
National Institute of Technology Agartala,"Physics (5 Years, Bachelor of Science and Master of Science (Dual Degree))",HS,SC,Gender-Neutral,1069581,1069581
National Institute of Technology Agartala,"Physics (5 Years, Bachelor of Science and Master of Science (Dual Degree))",HS,ST,Gender-Neutral,1219845,1219845
National Institute of Technology Agartala,"Physics (5 Years, Bachelor of Science and Master of Science (Dual Degree))",OS,OPEN,Gender-Neutral,73771,83391
National Institute of Technology Agartala,"Physics (5 Years, Bachelor of Science and Master of Science (Dual Degree))",OS,EWS,Gender-Neutral,94984,95956
National Institute of Technology Agartala,"Physics (5 Years, Bachelor of Science and Master of Science (Dual Degree))",OS,OBC- NCL,Gender-Neutral,85372,91484
National Institute of Technology Agartala,"Physics (5 Years, Bachelor of Science and Master of Science (Dual Degree))",OS,SC,Gender-Neutral,231797,237117
National Institute of Technology Agartala,"Physics (5 Years, Bachelor of Science and Master of Science (Dual Degree))",OS,ST,Gender-Neutral,390059,390841
National Institute of Technology Agartala,"Production Engineering (4 Years, Bachelor of Technology)",AI,EWS,Gender-Neutral,75158,76529
National Institute of Technology Agartala,"Production Engineering (4 Years, Bachelor of Technology)",AI,EWS,Female-only (including Supernumerary),111302,111302
National Institute of Technology Agartala,"Production Engineering (4 Years, Bachelor of Technology)",AI,ST,Gender-Neutral,218948,363059
National Institute of Technology Agartala,"Production Engineering (4 Years, Bachelor of Technology)",AI,ST,Female-only (including Supernumerary),319318,382622
National Institute of Technology Agartala,"Production Engineering (4 Years, Bachelor of Technology)",HS,OPEN,Gender-Neutral,313139,489053
National Institute of Technology Agartala,"Production Engineering (4 Years, Bachelor of Technology)",HS,OPEN,Female-only (including Supernumerary),269078,612057
National Institute of Technology Agartala,"Production Engineering (4 Years, Bachelor of Technology)",HS,SC,Gender-Neutral,563973,619398
National Institute of Technology Agartala,"Production Engineering (4 Years, Bachelor of Technology)",HS,SC,Female-only (including Supernumerary),777934,940601
National Institute of Technology Agartala,"Production Engineering (4 Years, Bachelor of Technology)",OS,OPEN,Gender-Neutral,61920,73429
National Institute of Technology Agartala,"Production Engineering (4 Years, Bachelor of Technology)",OS,OPEN,Female-only (including Supernumerary),90098,110239
National Institute of Technology Agartala,"Production Engineering (4 Years, Bachelor of Technology)",OS,EWS,Gender-Neutral,76884,80001
National Institute of Technology Agartala,"Production Engineering (4 Years, Bachelor of Technology)",OS,EWS,Female-only (including Supernumerary),122418,122418
National Institute of Technology Agartala,"Production Engineering (4 Years, Bachelor of Technology)",OS,OBC- NCL,Gender-Neutral,73803,79597
National Institute of Technology Agartala,"Production Engineering (4 Years, Bachelor of Technology)",OS,OBC- NCL,Female-only (including Supernumerary),114770,121147
National Institute of Technology Agartala,"Production Engineering (4 Years, Bachelor of Technology)",OS,SC,Gender-Neutral,187295,187295
National Institute of Technology Agartala,"Production Engineering (4 Years, Bachelor of Technology)",OS,SC,Female-only (including Supernumerary),258710,258710
National Institute of Technology Agartala,"Production Engineering (4 Years, Bachelor of Technology)",OS,ST,Gender-Neutral,371268,379748
National Institute of Technology Agartala,"Production Engineering (4 Years, Bachelor of Technology)",OS,ST,Female-only (including Supernumerary),382720,394852
National Institute of Technology Calicut,"Architecture (5 Years, Bachelor of Architecture)",AI,EWS,Gender-Neutral,728,728
National Institute of Technology Calicut,"Architecture (5 Years, Bachelor of Architecture)",AI,ST,Gender-Neutral,1044,1044
National Institute of Technology Calicut,"Architecture (5 Years, Bachelor of Architecture)",HS,SC,Gender-Neutral,4566,4566
National Institute of Technology Calicut,"Architecture (5 Years, Bachelor of Architecture)",HS,ST,Female-only (including Supernumerary),5828,5828
National Institute of Technology Calicut,"Architecture (5 Years, Bachelor of Architecture)",OS,OPEN,Gender-Neutral,434,564
National Institute of Technology Calicut,"Architecture (5 Years, Bachelor of Architecture)",OS,EWS,Gender-Neutral,3977,3977
National Institute of Technology Calicut,"Architecture (5 Years, Bachelor of Architecture)",OS,EWS,Female-only (including Supernumerary),4524,4524
National Institute of Technology Calicut,"Architecture (5 Years, Bachelor of Architecture)",OS,OBC- NCL,Gender-Neutral,743,1087
National Institute of Technology Calicut,"Architecture (5 Years, Bachelor of Architecture)",OS,SC,Gender-Neutral,3125,3125
National Institute of Technology Calicut,"Architecture (5 Years, Bachelor of Architecture)",OS,SC,Female-only (including Supernumerary),1488,1488
National Institute of Technology Calicut,"Architecture (5 Years, Bachelor of Architecture)",OS,ST,Gender-Neutral,3814,3814
National Institute of Technology Calicut,"Architecture for DASA-CIWG (5 Years, Bachelor of Architecture)",DC,OPEN,Gender-Neutral,711,1071
National Institute of Technology Calicut,"Architecture for DASA-Non CIWG (5 Years, Bachelor of Architecture)",AD,OPEN,Gender-Neutral,1735,11052
National Institute of Technology Calicut,"Bio Technology (4 Years, Bachelor of Technology)",HS,OPEN,Gender-Neutral,40457,42214
National Institute of Technology Calicut,"Bio Technology (4 Years, Bachelor of Technology)",HS,OPEN,Female-only (including Supernumerary),48521,48521
National Institute of Technology Calicut,"Bio Technology (4 Years, Bachelor of Technology)",HS,OBC- NCL,Gender-Neutral,43095,52690
National Institute of Technology Calicut,"Bio Technology (4 Years, Bachelor of Technology)",HS,OBC- NCL,Female-only (including Supernumerary),53215,53215
National Institute of Technology Calicut,"Bio Technology (4 Years, Bachelor of Technology)",HS,SC,Gender-Neutral,386381,386381
National Institute of Technology Calicut,"Bio Technology (4 Years, Bachelor of Technology)",HS,SC,Female-only (including Supernumerary),349258,349258
National Institute of Technology Calicut,"Bio Technology (4 Years, Bachelor of Technology)",OS,OPEN,Gender-Neutral,35924,38260
National Institute of Technology Calicut,"Bio Technology (4 Years, Bachelor of Technology)",OS,OPEN,Female-only (including Supernumerary),48426,48426
National Institute of Technology Calicut,"Bio Technology (4 Years, Bachelor of Technology)",OS,EWS,Gender-Neutral,47665,47665
National Institute of Technology Calicut,"Bio Technology (4 Years, Bachelor of Technology)",OS,EWS,Female-only (including Supernumerary),63761,63761
National Institute of Technology Calicut,"Bio Technology (4 Years, Bachelor of Technology)",OS,OBC- NCL,Gender-Neutral,45866,49843
National Institute of Technology Calicut,"Bio Technology (4 Years, Bachelor of Technology)",OS,OBC- NCL,Female-only (including Supernumerary),61277,61277
National Institute of Technology Calicut,"Bio Technology (4 Years, Bachelor of Technology)",OS,SC,Gender-Neutral,130492,155018
National Institute of Technology Calicut,"Bio Technology (4 Years, Bachelor of Technology)",OS,ST,Gender-Neutral,239582,239582
National Institute of Technology Calicut,"Bio Technology (4 Years, Bachelor of Technology)",OS,ST,Female-only (including Supernumerary),251538,251538
National Institute of Technology Calicut,"Biotechnology for DASA- Non CIWG (4 Years, Bachelor of Technology)",AD,OPEN,Gender-Neutral,818619,818619
National Institute of Technology Calicut,"Biotechnology for DASA-CIWG (4 Years, Bachelor of Technology)",DC,OPEN,Gender-Neutral,145015,214118
National Institute of Technology Calicut,"Chemical Engineering (4 Years, Bachelor of Technology)",AI,ST,Gender-Neutral,176150,176150
National Institute of Technology Calicut,"Chemical Engineering (4 Years, Bachelor of Technology)",HS,OPEN,Gender-Neutral,26279,27472
National Institute of Technology Calicut,"Chemical Engineering (4 Years, Bachelor of Technology)",HS,EWS,Gender-Neutral,303777,303777
National Institute of Technology Calicut,"Chemical Engineering (4 Years, Bachelor of Technology)",HS,OBC- NCL,Gender-Neutral,31835,32349
National Institute of Technology Calicut,"Chemical Engineering (4 Years, Bachelor of Technology)",HS,SC,Gender-Neutral,281779,343880
National Institute of Technology Calicut,"Chemical Engineering (4 Years, Bachelor of Technology)",OS,OPEN,Gender-Neutral,24709,29402
National Institute of Technology Calicut,"Chemical Engineering (4 Years, Bachelor of Technology)",OS,OPEN,Female-only (including Supernumerary),39535,42811
National Institute of Technology Calicut,"Chemical Engineering (4 Years, Bachelor of Technology)",OS,EWS,Gender-Neutral,30385,35338
National Institute of Technology Calicut,"Chemical Engineering (4 Years, Bachelor of Technology)",OS,EWS,Female-only (including Supernumerary),50493,50493
National Institute of Technology Calicut,"Chemical Engineering (4 Years, Bachelor of Technology)",OS,OBC- NCL,Gender-Neutral,29502,33455
National Institute of Technology Calicut,"Chemical Engineering (4 Years, Bachelor of Technology)",OS,OBC- NCL,Female-only (including Supernumerary),54512,58754
National Institute of Technology Calicut,"Chemical Engineering (4 Years, Bachelor of Technology)",OS,SC,Gender-Neutral,111329,125752
National Institute of Technology Calicut,"Chemical Engineering (4 Years, Bachelor of Technology)",OS,SC,Female-only (including Supernumerary),186880,186880
National Institute of Technology Calicut,"Chemical Engineering (4 Years, Bachelor of Technology)",OS,ST,Gender-Neutral,181110,185683
National Institute of Technology Calicut,"Chemical Engineering (4 Years, Bachelor of Technology)",OS,ST,Female-only (including Supernumerary),224580,224580
National Institute of Technology Calicut,"Chemical Engineering for DASA-CIWG (4 Years, Bachelor of Technology)",DC,OPEN,Gender-Neutral,109378,195952
National Institute of Technology Calicut,"Chemical Engineering for DASA-Non CIWG (4 Years, Bachelor of Technology)",AD,OPEN,Gender-Neutral,357830,843474
National Institute of Technology Calicut,"Civil Engineering (4 Years, Bachelor of Technology)",HS,OPEN,Gender-Neutral,36314,46470
National Institute of Technology Calicut,"Civil Engineering (4 Years, Bachelor of Technology)",HS,OPEN,Female-only (including Supernumerary),41441,44090
National Institute of Technology Calicut,"Civil Engineering (4 Years, Bachelor of Technology)",HS,EWS,Gender-Neutral,374703,427061
National Institute of Technology Calicut,"Civil Engineering (4 Years, Bachelor of Technology)",HS,OBC- NCL,Gender-Neutral,46682,53986
National Institute of Technology Calicut,"Civil Engineering (4 Years, Bachelor of Technology)",HS,OBC- NCL,Female-only (including Supernumerary),49867,52380
National Institute of Technology Calicut,"Civil Engineering (4 Years, Bachelor of Technology)",HS,SC,Gender-Neutral,282999,405588
National Institute of Technology Calicut,"Civil Engineering (4 Years, Bachelor of Technology)",OS,OPEN,Gender-Neutral,32903,37511
National Institute of Technology Calicut,"Civil Engineering (4 Years, Bachelor of Technology)",OS,OPEN,Female-only (including Supernumerary),42752,49114
National Institute of Technology Calicut,"Civil Engineering (4 Years, Bachelor of Technology)",OS,EWS,Gender-Neutral,37683,40147
National Institute of Technology Calicut,"Civil Engineering (4 Years, Bachelor of Technology)",OS,EWS,Female-only (including Supernumerary),50465,53336
National Institute of Technology Calicut,"Civil Engineering (4 Years, Bachelor of Technology)",OS,OBC- NCL,Gender-Neutral,37846,40776
National Institute of Technology Calicut,"Civil Engineering (4 Years, Bachelor of Technology)",OS,OBC- NCL,Female-only (including Supernumerary),59357,60676
National Institute of Technology Calicut,"Civil Engineering (4 Years, Bachelor of Technology)",OS,SC,Gender-Neutral,119328,138932
National Institute of Technology Calicut,"Civil Engineering (4 Years, Bachelor of Technology)",OS,SC,Female-only (including Supernumerary),161829,168262
National Institute of Technology Calicut,"Civil Engineering (4 Years, Bachelor of Technology)",OS,ST,Female-only (including Supernumerary),219802,219802
National Institute of Technology Calicut,"Civil Engineering for DASA-CIWG (4 Years, Bachelor of Technology)",DC,OPEN,Gender-Neutral,130865,355880
National Institute of Technology Calicut,"Civil Engineering for DASA-Non CIWG (4 Years, Bachelor of Technology)",AD,OPEN,Gender-Neutral,651222,934725
National Institute of Technology Calicut,"Computer Science and Engineering (4 Years, Bachelor of Technology)",HS,OPEN,Gender-Neutral,7665,8601
National Institute of Technology Calicut,"Computer Science and Engineering (4 Years, Bachelor of Technology)",HS,OPEN,Female-only (including Supernumerary),16535,17132
National Institute of Technology Calicut,"Computer Science and Engineering (4 Years, Bachelor of Technology)",HS,EWS,Gender-Neutral,61321,61321
National Institute of Technology Calicut,"Computer Science and Engineering (4 Years, Bachelor of Technology)",HS,OBC- NCL,Gender-Neutral,11215,13304
National Institute of Technology Calicut,"Computer Science and Engineering (4 Years, Bachelor of Technology)",HS,OBC- NCL,Female-only (including Supernumerary),22795,24220
National Institute of Technology Calicut,"Computer Science and Engineering (4 Years, Bachelor of Technology)",HS,ST,Gender-Neutral,213653,213653
National Institute of Technology Calicut,"Computer Science and Engineering (4 Years, Bachelor of Technology)",OS,OPEN,Gender-Neutral,3829,5964
National Institute of Technology Calicut,"Computer Science and Engineering (4 Years, Bachelor of Technology)",OS,OPEN,Female-only (including Supernumerary),11032,11154
National Institute of Technology Calicut,"Computer Science and Engineering (4 Years, Bachelor of Technology)",OS,EWS,Gender-Neutral,6770,7862
National Institute of Technology Calicut,"Computer Science and Engineering (4 Years, Bachelor of Technology)",OS,EWS,Female-only (including Supernumerary),16314,16314
National Institute of Technology Calicut,"Computer Science and Engineering (4 Years, Bachelor of Technology)",OS,OBC- NCL,Gender-Neutral,8268,9687
National Institute of Technology Calicut,"Computer Science and Engineering (4 Years, Bachelor of Technology)",OS,OBC- NCL (PwD),Gender-Neutral,155718,155718
National Institute of Technology Calicut,"Computer Science and Engineering (4 Years, Bachelor of Technology)",OS,SC,Gender-Neutral,36422,41359
National Institute of Technology Calicut,"Computer Science and Engineering for DASA-CIWG (4 Years, Bachelor of Technology)",DC,OPEN,Gender-Neutral,38493,74099
National Institute of Technology Calicut,"Computer Science and Engineering for DASA-Non CIWG (4 Years, Bachelor of Technology)",AD,OPEN,Gender-Neutral,56914,126093
National Institute of Technology Calicut,"Electrical and Electronics Engineering (4 Years, Bachelor of Technology)",HS,OPEN,Gender-Neutral,16412,17756
National Institute of Technology Calicut,"Electrical and Electronics Engineering (4 Years, Bachelor of Technology)",HS,OPEN,Female-only (including Supernumerary),19791,19791
National Institute of Technology Calicut,"Electrical and Electronics Engineering (4 Years, Bachelor of Technology)",HS,EWS,Gender-Neutral,139725,248473
National Institute of Technology Calicut,"Electrical and Electronics Engineering (4 Years, Bachelor of Technology)",HS,OBC- NCL,Gender-Neutral,20397,22499
National Institute of Technology Calicut,"Electrical and Electronics Engineering (4 Years, Bachelor of Technology)",HS,OBC- NCL,Female-only (including Supernumerary),29398,33719
National Institute of Technology Calicut,"Electrical and Electronics Engineering (4 Years, Bachelor of Technology)",HS,SC,Gender-Neutral,191381,212294
National Institute of Technology Calicut,"Electrical and Electronics Engineering (4 Years, Bachelor of Technology)",HS,SC,Female-only (including Supernumerary),179778,179778
National Institute of Technology Calicut,"Electrical and Electronics Engineering (4 Years, Bachelor of Technology)",HS,ST,Gender-Neutral,436816,516423
National Institute of Technology Calicut,"Electrical and Electronics Engineering (4 Years, Bachelor of Technology)",OS,OPEN,Gender-Neutral,10606,14453
National Institute of Technology Calicut,"Electrical and Electronics Engineering (4 Years, Bachelor of Technology)",OS,OPEN,Female-only (including Supernumerary),22085,25410
National Institute of Technology Calicut,"Electrical and Electronics Engineering (4 Years, Bachelor of Technology)",OS,EWS,Gender-Neutral,14464,17666
National Institute of Technology Calicut,"Electrical and Electronics Engineering (4 Years, Bachelor of Technology)",OS,EWS,Female-only (including Supernumerary),30302,30302
National Institute of Technology Calicut,"Electrical and Electronics Engineering (4 Years, Bachelor of Technology)",OS,OBC- NCL,Gender-Neutral,18389,20455
National Institute of Technology Calicut,"Electrical and Electronics Engineering (4 Years, Bachelor of Technology)",OS,OBC- NCL,Female-only (including Supernumerary),30762,31814
National Institute of Technology Calicut,"Electrical and Electronics Engineering (4 Years, Bachelor of Technology)",OS,SC,Gender-Neutral,72694,72694
National Institute of Technology Calicut,"Electrical and Electronics Engineering (4 Years, Bachelor of Technology)",OS,SC,Female-only (including Supernumerary),116103,116103
National Institute of Technology Calicut,"Electrical and Electronics Engineering (4 Years, Bachelor of Technology)",OS,ST,Gender-Neutral,111840,111840
National Institute of Technology Calicut,"Electrical and Electronics Engineering for DASA-CIWG (4 Years, Bachelor of Technology)",DC,OPEN,Gender-Neutral,109772,147010
National Institute of Technology Calicut,"Electrical and Electronics Engineering for DASA-Non CIWG (4 Years, Bachelor of Technology)",AD,OPEN,Gender-Neutral,171618,382680
National Institute of Technology Calicut,"Electronics and Communication Engineering (4 Years, Bachelor of Technology)",HS,OPEN,Gender-Neutral,12947,13719
National Institute of Technology Calicut,"Electronics and Communication Engineering (4 Years, Bachelor of Technology)",HS,EWS,Gender-Neutral,97564,116432
National Institute of Technology Calicut,"Electronics and Communication Engineering (4 Years, Bachelor of Technology)",HS,OBC- NCL,Gender-Neutral,14405,17565
National Institute of Technology Calicut,"Electronics and Communication Engineering (4 Years, Bachelor of Technology)",HS,OBC- NCL,Female-only (including Supernumerary),27785,27966
National Institute of Technology Calicut,"Electronics and Communication Engineering (4 Years, Bachelor of Technology)",HS,SC,Gender-Neutral,140717,140717
National Institute of Technology Calicut,"Electronics and Communication Engineering (4 Years, Bachelor of Technology)",OS,OPEN,Gender-Neutral,8346,10302
National Institute of Technology Calicut,"Electronics and Communication Engineering (4 Years, Bachelor of Technology)",OS,OPEN,Female-only (including Supernumerary),14585,15392
National Institute of Technology Calicut,"Electronics and Communication Engineering (4 Years, Bachelor of Technology)",OS,EWS,Gender-Neutral,10893,12969
National Institute of Technology Calicut,"Electronics and Communication Engineering (4 Years, Bachelor of Technology)",OS,EWS,Female-only (including Supernumerary),17588,17588
National Institute of Technology Calicut,"Electronics and Communication Engineering (4 Years, Bachelor of Technology)",OS,OBC- NCL,Gender-Neutral,11162,15190
National Institute of Technology Calicut,"Electronics and Communication Engineering (4 Years, Bachelor of Technology)",OS,OBC- NCL,Female-only (including Supernumerary),24867,25574
National Institute of Technology Calicut,"Electronics and Communication Engineering (4 Years, Bachelor of Technology)",OS,OBC- NCL (PwD),Gender-Neutral,368948,368948
National Institute of Technology Calicut,"Electronics and Communication Engineering (4 Years, Bachelor of Technology)",OS,SC,Gender-Neutral,47325,55602
National Institute of Technology Calicut,"Electronics and Communication Engineering (4 Years, Bachelor of Technology)",OS,SC,Female-only (including Supernumerary),89206,89206
National Institute of Technology Calicut,"Electronics and Communication Engineering for DASA-CIWG (4 Years, Bachelor of Technology)",DC,OPEN,Gender-Neutral,60443,97144
National Institute of Technology Calicut,"Electronics and Communication Engineering for DASA-Non CIWG (4 Years, Bachelor of Technology)",AD,OPEN,Gender-Neutral,59548,218996
National Institute of Technology Calicut,"Energy Engineering (4 Years, Bachelor of Technology)",AI,ST,Gender-Neutral,195951,195951
National Institute of Technology Calicut,"Energy Engineering (4 Years, Bachelor of Technology)",AI,ST,Female-only (including Supernumerary),255162,255162
National Institute of Technology Calicut,"Energy Engineering (4 Years, Bachelor of Technology)",HS,OPEN,Gender-Neutral,32618,34445
National Institute of Technology Calicut,"Energy Engineering (4 Years, Bachelor of Technology)",HS,OPEN,Female-only (including Supernumerary),42545,42545
National Institute of Technology Calicut,"Energy Engineering (4 Years, Bachelor of Technology)",HS,EWS,Gender-Neutral,611097,611097
National Institute of Technology Calicut,"Energy Engineering (4 Years, Bachelor of Technology)",HS,OBC- NCL,Gender-Neutral,34537,39770
National Institute of Technology Calicut,"Energy Engineering (4 Years, Bachelor of Technology)",HS,SC,Gender-Neutral,415465,432331
National Institute of Technology Calicut,"Energy Engineering (4 Years, Bachelor of Technology)",OS,OPEN,Gender-Neutral,20237,28350
National Institute of Technology Calicut,"Energy Engineering (4 Years, Bachelor of Technology)",OS,EWS,Gender-Neutral,30848,30848
National Institute of Technology Calicut,"Energy Engineering (4 Years, Bachelor of Technology)",OS,OBC- NCL,Gender-Neutral,30930,40290
National Institute of Technology Calicut,"Energy Engineering (4 Years, Bachelor of Technology)",OS,OBC- NCL,Female-only (including Supernumerary),35191,35191
National Institute of Technology Calicut,"Energy Engineering (4 Years, Bachelor of Technology)",OS,SC,Gender-Neutral,66518,143201
National Institute of Technology Calicut,"Energy Engineering (4 Years, Bachelor of Technology)",OS,SC,Female-only (including Supernumerary),202456,202456
National Institute of Technology Calicut,"Energy Engineering for DASA-CIWG (4 Years, Bachelor of Technology)",DC,OPEN,Gender-Neutral,235640,268309
National Institute of Technology Calicut,"Energy Engineering for DASA-Non CIWG (4 Years, Bachelor of Technology)",AD,OPEN,Gender-Neutral,278297,770804
National Institute of Technology Calicut,"Engineering Physics (4 Years, Bachelor of Technology)",HS,OPEN,Gender-Neutral,28702,30846
National Institute of Technology Calicut,"Engineering Physics (4 Years, Bachelor of Technology)",HS,OPEN,Female-only (including Supernumerary),27473,45398
National Institute of Technology Calicut,"Engineering Physics (4 Years, Bachelor of Technology)",HS,EWS,Gender-Neutral,666137,666137
National Institute of Technology Calicut,"Engineering Physics (4 Years, Bachelor of Technology)",HS,OBC- NCL,Gender-Neutral,32538,35139
National Institute of Technology Calicut,"Engineering Physics (4 Years, Bachelor of Technology)",HS,OBC- NCL,Female-only (including Supernumerary),45799,45799
National Institute of Technology Calicut,"Engineering Physics (4 Years, Bachelor of Technology)",OS,OPEN,Gender-Neutral,18753,22964
National Institute of Technology Calicut,"Engineering Physics (4 Years, Bachelor of Technology)",OS,OPEN,Female-only (including Supernumerary),29096,29096
National Institute of Technology Calicut,"Engineering Physics (4 Years, Bachelor of Technology)",OS,EWS,Gender-Neutral,33655,33655
National Institute of Technology Calicut,"Engineering Physics (4 Years, Bachelor of Technology)",OS,EWS,Female-only (including Supernumerary),48834,48834
National Institute of Technology Calicut,"Engineering Physics (4 Years, Bachelor of Technology)",OS,OBC- NCL,Gender-Neutral,27048,32511
National Institute of Technology Calicut,"Engineering Physics (4 Years, Bachelor of Technology)",OS,OBC- NCL,Female-only (including Supernumerary),67748,67748
National Institute of Technology Calicut,"Engineering Physics (4 Years, Bachelor of Technology)",OS,SC,Gender-Neutral,72932,72932
National Institute of Technology Calicut,"Engineering Physics (4 Years, Bachelor of Technology)",OS,SC,Female-only (including Supernumerary),191016,191016
National Institute of Technology Calicut,"Engineering Physics for DASA- CIWG (4 Years, Bachelor of Technology)",DC,OPEN,Gender-Neutral,153753,178443
National Institute of Technology Calicut,"Engineering Physics for DASA- Non CIWG (4 Years, Bachelor of Technology)",AD,OPEN,Gender-Neutral,229380,424146
National Institute of Technology Calicut,"Materials Science and Engineering (4 Years, Bachelor of Technology)",AI,ST,Gender-Neutral,208815,208815
National Institute of Technology Calicut,"Materials Science and Engineering (4 Years, Bachelor of Technology)",HS,OPEN,Gender-Neutral,39452,41967
National Institute of Technology Calicut,"Materials Science and Engineering (4 Years, Bachelor of Technology)",HS,OPEN,Female-only (including Supernumerary),42788,42788
National Institute of Technology Calicut,"Materials Science and Engineering (4 Years, Bachelor of Technology)",HS,OBC- NCL,Gender-Neutral,44032,48454
National Institute of Technology Calicut,"Materials Science and Engineering (4 Years, Bachelor of Technology)",OS,OPEN,Gender-Neutral,36296,36515
National Institute of Technology Calicut,"Materials Science and Engineering (4 Years, Bachelor of Technology)",OS,OPEN,Female-only (including Supernumerary),61338,61338
National Institute of Technology Calicut,"Materials Science and Engineering (4 Years, Bachelor of Technology)",OS,EWS,Gender-Neutral,37764,37764
National Institute of Technology Calicut,"Materials Science and Engineering (4 Years, Bachelor of Technology)",OS,OBC- NCL,Gender-Neutral,40793,41652
National Institute of Technology Calicut,"Materials Science and Engineering (4 Years, Bachelor of Technology)",OS,OBC- NCL,Female-only (including Supernumerary),74194,74194
National Institute of Technology Calicut,"Materials Science and Engineering (4 Years, Bachelor of Technology)",OS,SC,Gender-Neutral,157676,168303
National Institute of Technology Calicut,"Materials Science and Engineering (4 Years, Bachelor of Technology)",OS,SC,Female-only (including Supernumerary),205103,205103
National Institute of Technology Calicut,"Materials Science and Engineering for DASA-CIWG (4 Years, Bachelor of Technology)",DC,OPEN,Gender-Neutral,183002,183002
National Institute of Technology Calicut,"Mechanical Engineering (4 Years, Bachelor of Technology)",AI,ST,Female-only (including Supernumerary),185021,185021
National Institute of Technology Calicut,"Mechanical Engineering (4 Years, Bachelor of Technology)",HS,OPEN,Gender-Neutral,21814,22619
National Institute of Technology Calicut,"Mechanical Engineering (4 Years, Bachelor of Technology)",HS,OPEN,Female-only (including Supernumerary),33215,38680
National Institute of Technology Calicut,"Mechanical Engineering (4 Years, Bachelor of Technology)",HS,EWS,Gender-Neutral,266754,307182
National Institute of Technology Calicut,"Mechanical Engineering (4 Years, Bachelor of Technology)",HS,OBC- NCL,Gender-Neutral,24993,27959
National Institute of Technology Calicut,"Mechanical Engineering (4 Years, Bachelor of Technology)",HS,OBC- NCL,Female-only (including Supernumerary),41276,43544
National Institute of Technology Calicut,"Mechanical Engineering (4 Years, Bachelor of Technology)",HS,SC,Gender-Neutral,235816,238644
National Institute of Technology Calicut,"Mechanical Engineering (4 Years, Bachelor of Technology)",HS,SC,Female-only (including Supernumerary),261982,261982
National Institute of Technology Calicut,"Mechanical Engineering (4 Years, Bachelor of Technology)",HS,ST,Female-only (including Supernumerary),939391,939391
National Institute of Technology Calicut,"Mechanical Engineering (4 Years, Bachelor of Technology)",OS,OPEN,Gender-Neutral,20348,22846
National Institute of Technology Calicut,"Mechanical Engineering (4 Years, Bachelor of Technology)",OS,OPEN,Female-only (including Supernumerary),32570,38828
National Institute of Technology Calicut,"Mechanical Engineering (4 Years, Bachelor of Technology)",OS,EWS,Gender-Neutral,23320,25929
National Institute of Technology Calicut,"Mechanical Engineering (4 Years, Bachelor of Technology)",OS,EWS,Female-only (including Supernumerary),43318,43642
National Institute of Technology Calicut,"Mechanical Engineering (4 Years, Bachelor of Technology)",OS,OBC- NCL,Gender-Neutral,24493,26812
National Institute of Technology Calicut,"Mechanical Engineering (4 Years, Bachelor of Technology)",OS,OBC- NCL,Female-only (including Supernumerary),41119,50130
National Institute of Technology Calicut,"Mechanical Engineering (4 Years, Bachelor of Technology)",OS,SC,Gender-Neutral,85313,93582
National Institute of Technology Calicut,"Mechanical Engineering (4 Years, Bachelor of Technology)",OS,SC,Female-only (including Supernumerary),144869,155263
National Institute of Technology Calicut,"Mechanical Engineering (4 Years, Bachelor of Technology)",OS,ST,Gender-Neutral,115807,131027
National Institute of Technology Calicut,"Mechanical Engineering (4 Years, Bachelor of Technology)",OS,ST,Female-only (including Supernumerary),189106,189106
National Institute of Technology Calicut,"Mechanical Engineering for DASA-CIWG (4 Years, Bachelor of Technology)",DC,OPEN,Gender-Neutral,157178,196041
National Institute of Technology Calicut,"Mechanical Engineering for DASA-Non CIWG (4 Years, Bachelor of Technology)",AD,OPEN,Gender-Neutral,246433,433767
National Institute of Technology Calicut,"Production Engineering (4 Years, Bachelor of Technology)",AI,ST,Female-only (including Supernumerary),257744,257744
National Institute of Technology Calicut,"Production Engineering (4 Years, Bachelor of Technology)",HS,OPEN,Gender-Neutral,29480,33411
National Institute of Technology Calicut,"Production Engineering (4 Years, Bachelor of Technology)",HS,OPEN,Female-only (including Supernumerary),43695,49116
National Institute of Technology Calicut,"Production Engineering (4 Years, Bachelor of Technology)",HS,OBC- NCL,Gender-Neutral,44593,44593
National Institute of Technology Calicut,"Production Engineering (4 Years, Bachelor of Technology)",HS,OBC- NCL,Female-only (including Supernumerary),50112,50112
National Institute of Technology Calicut,"Production Engineering (4 Years, Bachelor of Technology)",HS,SC,Gender-Neutral,315200,375677
National Institute of Technology Calicut,"Production Engineering (4 Years, Bachelor of Technology)",HS,SC,Female-only (including Supernumerary),262949,262949
National Institute of Technology Calicut,"Production Engineering (4 Years, Bachelor of Technology)",OS,OPEN,Gender-Neutral,36073,38496
National Institute of Technology Calicut,"Production Engineering (4 Years, Bachelor of Technology)",OS,OPEN,Female-only (including Supernumerary),49531,49531
National Institute of Technology Calicut,"Production Engineering (4 Years, Bachelor of Technology)",OS,EWS,Gender-Neutral,39245,45326
National Institute of Technology Calicut,"Production Engineering (4 Years, Bachelor of Technology)",OS,EWS,Female-only (including Supernumerary),75690,75690
National Institute of Technology Calicut,"Production Engineering (4 Years, Bachelor of Technology)",OS,OBC- NCL,Gender-Neutral,39669,40246
National Institute of Technology Calicut,"Production Engineering (4 Years, Bachelor of Technology)",OS,OBC- NCL,Female-only (including Supernumerary),63837,67776
National Institute of Technology Calicut,"Production Engineering (4 Years, Bachelor of Technology)",OS,SC,Gender-Neutral,136780,149591
National Institute of Technology Calicut,"Production Engineering (4 Years, Bachelor of Technology)",OS,SC,Female-only (including Supernumerary),206924,206924
National Institute of Technology Calicut,"Production Engineering for DASA-CIWG (4 Years, Bachelor of Technology)",DC,OPEN,Gender-Neutral,333218,498621
National Institute of Technology Calicut,"Production Engineering for DASA-Non CIWG (4 Years, Bachelor of Technology)",AD,OPEN,Gender-Neutral,509668,976425
National Institute of Technology Delhi,"Aerospace Engineering (4 Years, Bachelor of Technology)",HS,OPEN,Gender-Neutral,29998,37112
National Institute of Technology Delhi,"Aerospace Engineering (4 Years, Bachelor of Technology)",HS,OPEN,Female-only (including Supernumerary),76299,76299
National Institute of Technology Delhi,"Aerospace Engineering (4 Years, Bachelor of Technology)",HS,EWS,Female-only (including Supernumerary),227781,227781
National Institute of Technology Delhi,"Aerospace Engineering (4 Years, Bachelor of Technology)",HS,OBC- NCL,Gender-Neutral,55321,60285
National Institute of Technology Delhi,"Aerospace Engineering (4 Years, Bachelor of Technology)",HS,SC,Gender-Neutral,124896,124896
National Institute of Technology Delhi,"Aerospace Engineering (4 Years, Bachelor of Technology)",HS,SC,Female-only (including Supernumerary),231631,231631
National Institute of Technology Delhi,"Aerospace Engineering (4 Years, Bachelor of Technology)",HS,ST,Gender-Neutral,382386,382386
National Institute of Technology Delhi,"Aerospace Engineering (4 Years, Bachelor of Technology)",OS,OPEN,Gender-Neutral,15151,15151
National Institute of Technology Delhi,"Aerospace Engineering (4 Years, Bachelor of Technology)",OS,OPEN,Female-only (including Supernumerary),29216,29216
National Institute of Technology Delhi,"Aerospace Engineering (4 Years, Bachelor of Technology)",OS,EWS,Female-only (including Supernumerary),41653,41653
National Institute of Technology Delhi,"Aerospace Engineering (4 Years, Bachelor of Technology)",OS,OBC- NCL,Gender-Neutral,25978,25978
National Institute of Technology Delhi,"Aerospace Engineering (4 Years, Bachelor of Technology)",OS,SC,Gender-Neutral,99949,99949
National Institute of Technology Delhi,"Aerospace Engineering (4 Years, Bachelor of Technology)",OS,ST,Gender-Neutral,171713,171713
National Institute of Technology Delhi,"Aerospace Engineering for DASA-CIWG (4 Years, Bachelor of Technology)",DC,OPEN,Gender-Neutral,146590,146590
National Institute of Technology Delhi,"Aerospace Engineering for DASA-Non CIWG (4 Years, Bachelor of Technology)",AD,OPEN,Gender-Neutral,1259326,1259326
National Institute of Technology Delhi,"Artificial Intelligence and Data Science (4 Years, Bachelor of Technology)",HS,OPEN,Gender-Neutral,16548,19861
National Institute of Technology Delhi,"Artificial Intelligence and Data Science (4 Years, Bachelor of Technology)",HS,OPEN,Female-only (including Supernumerary),23372,23372
National Institute of Technology Delhi,"Artificial Intelligence and Data Science (4 Years, Bachelor of Technology)",HS,OBC- NCL,Gender-Neutral,27796,29223
National Institute of Technology Delhi,"Artificial Intelligence and Data Science (4 Years, Bachelor of Technology)",OS,OPEN,Gender-Neutral,3817,7758
National Institute of Technology Delhi,"Artificial Intelligence and Data Science (4 Years, Bachelor of Technology)",OS,OPEN,Female-only (including Supernumerary),18535,18535
National Institute of Technology Delhi,"Artificial Intelligence and Data Science (4 Years, Bachelor of Technology)",OS,EWS,Gender-Neutral,10091,10091
National Institute of Technology Delhi,"Artificial Intelligence and Data Science for DASA-CIWG (4 Years, Bachelor of Technology)",DC,OPEN,Gender-Neutral,280252,280252
National Institute of Technology Delhi,"Artificial Intelligence and Data Science for DASA-Non CIWG (4 Years, Bachelor of Technology)",AD,OPEN,Gender-Neutral,542924,725691
National Institute of Technology Delhi,"Civil Engineering (4 Years, Bachelor of Technology)",HS,OPEN,Gender-Neutral,45846,52560
National Institute of Technology Delhi,"Civil Engineering (4 Years, Bachelor of Technology)",HS,OPEN,Female-only (including Supernumerary),88472,88472
National Institute of Technology Delhi,"Civil Engineering (4 Years, Bachelor of Technology)",HS,EWS,Gender-Neutral,161904,161904
National Institute of Technology Delhi,"Civil Engineering (4 Years, Bachelor of Technology)",HS,OBC- NCL,Gender-Neutral,71784,72161
National Institute of Technology Delhi,"Civil Engineering (4 Years, Bachelor of Technology)",HS,OBC- NCL,Female-only (including Supernumerary),126247,126247
National Institute of Technology Delhi,"Civil Engineering (4 Years, Bachelor of Technology)",HS,SC,Gender-Neutral,164663,164663
National Institute of Technology Delhi,"Civil Engineering (4 Years, Bachelor of Technology)",HS,SC,Female-only (including Supernumerary),273024,273024
National Institute of Technology Delhi,"Civil Engineering (4 Years, Bachelor of Technology)",OS,OPEN,Gender-Neutral,31479,34303
National Institute of Technology Delhi,"Civil Engineering (4 Years, Bachelor of Technology)",OS,OPEN,Female-only (including Supernumerary),34243,34243
National Institute of Technology Delhi,"Civil Engineering (4 Years, Bachelor of Technology)",OS,EWS,Female-only (including Supernumerary),63272,63272
National Institute of Technology Delhi,"Civil Engineering (4 Years, Bachelor of Technology)",OS,OBC- NCL,Gender-Neutral,37232,38294
National Institute of Technology Delhi,"Civil Engineering for DASA-CIWG (4 Years, Bachelor of Technology)",DC,OPEN,Gender-Neutral,580466,580466
National Institute of Technology Delhi,"Computer Science and Engineering (4 Years, Bachelor of Technology)",HS,OPEN,Gender-Neutral,10167,17194
National Institute of Technology Delhi,"Computer Science and Engineering (4 Years, Bachelor of Technology)",HS,OPEN,Female-only (including Supernumerary),16200,27834
National Institute of Technology Delhi,"Computer Science and Engineering (4 Years, Bachelor of Technology)",HS,EWS,Gender-Neutral,34373,67775
National Institute of Technology Delhi,"Computer Science and Engineering (4 Years, Bachelor of Technology)",HS,EWS,Female-only (including Supernumerary),116131,116131
National Institute of Technology Delhi,"Computer Science and Engineering (4 Years, Bachelor of Technology)",HS,OBC- NCL,Gender-Neutral,23324,28889
National Institute of Technology Delhi,"Computer Science and Engineering (4 Years, Bachelor of Technology)",HS,OBC- NCL,Female-only (including Supernumerary),45460,45460
National Institute of Technology Delhi,"Computer Science and Engineering (4 Years, Bachelor of Technology)",HS,SC,Gender-Neutral,68935,88691
National Institute of Technology Delhi,"Computer Science and Engineering (4 Years, Bachelor of Technology)",HS,SC,Female-only (including Supernumerary),220011,220011
National Institute of Technology Delhi,"Computer Science and Engineering (4 Years, Bachelor of Technology)",HS,ST,Gender-Neutral,217654,270525
National Institute of Technology Delhi,"Computer Science and Engineering (4 Years, Bachelor of Technology)",HS,ST,Female-only (including Supernumerary),212414,212414
National Institute of Technology Delhi,"Computer Science and Engineering (4 Years, Bachelor of Technology)",OS,OPEN,Gender-Neutral,7791,8778
National Institute of Technology Delhi,"Computer Science and Engineering (4 Years, Bachelor of Technology)",OS,OPEN,Female-only (including Supernumerary),13452,17569
National Institute of Technology Delhi,"Computer Science and Engineering (4 Years, Bachelor of Technology)",OS,EWS,Gender-Neutral,8973,11480
National Institute of Technology Delhi,"Computer Science and Engineering (4 Years, Bachelor of Technology)",OS,EWS,Female-only (including Supernumerary),20450,20450
National Institute of Technology Delhi,"Computer Science and Engineering (4 Years, Bachelor of Technology)",OS,OBC- NCL,Gender-Neutral,13041,13825
National Institute of Technology Delhi,"Computer Science and Engineering (4 Years, Bachelor of Technology)",OS,OBC- NCL,Female-only (including Supernumerary),21242,21242
National Institute of Technology Delhi,"Computer Science and Engineering (4 Years, Bachelor of Technology)",OS,SC,Female-only (including Supernumerary),99747,99747
National Institute of Technology Delhi,"Computer Science and Engineering for DASA-CIWG (4 Years, Bachelor of Technology)",DC,OPEN,Gender-Neutral,124703,245423
National Institute of Technology Delhi,"Computer Science and Engineering for DASA-Non CIWG (4 Years, Bachelor of Technology)",AD,OPEN,Gender-Neutral,205854,660302
National Institute of Technology Delhi,"Electrical Engineering (4 Years, Bachelor of Technology)",HS,OPEN,Gender-Neutral,29541,37307
National Institute of Technology Delhi,"Electrical Engineering (4 Years, Bachelor of Technology)",HS,OPEN,Female-only (including Supernumerary),49666,57841
National Institute of Technology Delhi,"Electrical Engineering (4 Years, Bachelor of Technology)",HS,EWS,Gender-Neutral,71933,86000
National Institute of Technology Delhi,"Electrical Engineering (4 Years, Bachelor of Technology)",HS,OBC- NCL,Gender-Neutral,43558,50228
National Institute of Technology Delhi,"Electrical Engineering (4 Years, Bachelor of Technology)",HS,OBC- NCL,Female-only (including Supernumerary),100716,100716
National Institute of Technology Delhi,"Electrical Engineering (4 Years, Bachelor of Technology)",HS,SC,Gender-Neutral,138969,159832
National Institute of Technology Delhi,"Electrical Engineering (4 Years, Bachelor of Technology)",HS,ST,Gender-Neutral,334614,334614
National Institute of Technology Delhi,"Electrical Engineering (4 Years, Bachelor of Technology)",OS,OPEN,Gender-Neutral,12748,15927
National Institute of Technology Delhi,"Electrical Engineering (4 Years, Bachelor of Technology)",OS,EWS,Gender-Neutral,17374,17374
National Institute of Technology Delhi,"Electrical Engineering (4 Years, Bachelor of Technology)",OS,OBC- NCL,Gender-Neutral,22313,24288
National Institute of Technology Delhi,"Electrical Engineering (4 Years, Bachelor of Technology)",OS,ST,Female-only (including Supernumerary),135197,135197
National Institute of Technology Delhi,"Electrical Engineering for DASA-CIWG (4 Years, Bachelor of Technology)",DC,OPEN,Gender-Neutral,131837,289975
National Institute of Technology Delhi,"Electronics and Communication Engineering (4 Years, Bachelor of Technology)",HS,OPEN,Gender-Neutral,22197,27221
National Institute of Technology Delhi,"Electronics and Communication Engineering (4 Years, Bachelor of Technology)",HS,OPEN,Female-only (including Supernumerary),31187,46724
National Institute of Technology Delhi,"Electronics and Communication Engineering (4 Years, Bachelor of Technology)",HS,EWS,Gender-Neutral,35288,83188
National Institute of Technology Delhi,"Electronics and Communication Engineering (4 Years, Bachelor of Technology)",HS,OBC- NCL,Gender-Neutral,33143,39889
National Institute of Technology Delhi,"Electronics and Communication Engineering (4 Years, Bachelor of Technology)",HS,OBC- NCL,Female-only (including Supernumerary),74393,74393
National Institute of Technology Delhi,"Electronics and Communication Engineering (4 Years, Bachelor of Technology)",HS,SC,Gender-Neutral,82878,106992
National Institute of Technology Delhi,"Electronics and Communication Engineering (4 Years, Bachelor of Technology)",HS,SC,Female-only (including Supernumerary),228277,228277
National Institute of Technology Delhi,"Electronics and Communication Engineering (4 Years, Bachelor of Technology)",HS,ST,Gender-Neutral,244811,333820
National Institute of Technology Delhi,"Electronics and Communication Engineering (4 Years, Bachelor of Technology)",OS,OPEN,Gender-Neutral,10290,11679
National Institute of Technology Delhi,"Electronics and Communication Engineering (4 Years, Bachelor of Technology)",OS,EWS,Gender-Neutral,16006,16385
National Institute of Technology Delhi,"Electronics and Communication Engineering (4 Years, Bachelor of Technology)",OS,OBC- NCL,Gender-Neutral,17094,17594
National Institute of Technology Delhi,"Electronics and Communication Engineering (4 Years, Bachelor of Technology)",OS,SC,Gender-Neutral,60610,60610
National Institute of Technology Delhi,"Electronics and Communication Engineering (4 Years, Bachelor of Technology)",OS,SC,Female-only (including Supernumerary),116305,116305
National Institute of Technology Delhi,"Electronics and Communication Engineering for DASA-CIWG (4 Years, Bachelor of Technology)",DC,OPEN,Gender-Neutral,247016,305407
National Institute of Technology Delhi,"Mechanical Engineering (4 Years, Bachelor of Technology)",HS,OPEN,Gender-Neutral,36330,45731
National Institute of Technology Delhi,"Mechanical Engineering (4 Years, Bachelor of Technology)",HS,OPEN,Female-only (including Supernumerary),79513,82787
National Institute of Technology Delhi,"Mechanical Engineering (4 Years, Bachelor of Technology)",HS,EWS,Gender-Neutral,159127,159127
National Institute of Technology Delhi,"Mechanical Engineering (4 Years, Bachelor of Technology)",HS,OBC- NCL,Gender-Neutral,54771,65334
National Institute of Technology Delhi,"Mechanical Engineering (4 Years, Bachelor of Technology)",HS,OBC- NCL,Female-only (including Supernumerary),224151,224151
National Institute of Technology Delhi,"Mechanical Engineering (4 Years, Bachelor of Technology)",HS,SC,Gender-Neutral,180159,185378
National Institute of Technology Delhi,"Mechanical Engineering (4 Years, Bachelor of Technology)",HS,ST,Gender-Neutral,348972,348972
National Institute of Technology Delhi,"Mechanical Engineering (4 Years, Bachelor of Technology)",HS,ST,Female-only (including Supernumerary),728070,728070
National Institute of Technology Delhi,"Mechanical Engineering (4 Years, Bachelor of Technology)",OS,OPEN,Gender-Neutral,21111,26611
National Institute of Technology Delhi,"Mechanical Engineering (4 Years, Bachelor of Technology)",OS,OPEN (PwD),Gender-Neutral,610880,610880
National Institute of Technology Delhi,"Mechanical Engineering (4 Years, Bachelor of Technology)",OS,EWS,Gender-Neutral,29097,29390
National Institute of Technology Delhi,"Mechanical Engineering (4 Years, Bachelor of Technology)",OS,OBC- NCL,Gender-Neutral,27951,29039
National Institute of Technology Delhi,"Mechanical Engineering (4 Years, Bachelor of Technology)",OS,OBC- NCL,Female-only (including Supernumerary),59835,60742
National Institute of Technology Delhi,"Mechanical Engineering (4 Years, Bachelor of Technology)",OS,ST,Gender-Neutral,160732,160732
National Institute of Technology Delhi,"Mechanical Engineering for DASA-CIWG (4 Years, Bachelor of Technology)",DC,OPEN,Gender-Neutral,288215,316351
National Institute of Technology Delhi,"VLSI Design and Technology (4 Years, Bachelor of Technology)",HS,OPEN,Gender-Neutral,22666,28418
National Institute of Technology Delhi,"VLSI Design and Technology (4 Years, Bachelor of Technology)",HS,OPEN,Female-only (including Supernumerary),47192,47192
National Institute of Technology Delhi,"VLSI Design and Technology (4 Years, Bachelor of Technology)",HS,EWS,Gender-Neutral,91516,92189
National Institute of Technology Delhi,"VLSI Design and Technology (4 Years, Bachelor of Technology)",HS,OBC- NCL,Gender-Neutral,40156,40324
National Institute of Technology Delhi,"VLSI Design and Technology (4 Years, Bachelor of Technology)",HS,OBC- NCL,Female-only (including Supernumerary),85402,85402
National Institute of Technology Delhi,"VLSI Design and Technology (4 Years, Bachelor of Technology)",HS,SC,Gender-Neutral,116416,116416
National Institute of Technology Delhi,"VLSI Design and Technology (4 Years, Bachelor of Technology)",HS,SC,Female-only (including Supernumerary),242021,242021
National Institute of Technology Delhi,"VLSI Design and Technology (4 Years, Bachelor of Technology)",HS,ST,Gender-Neutral,609578,609578
National Institute of Technology Delhi,"VLSI Design and Technology (4 Years, Bachelor of Technology)",OS,OPEN,Gender-Neutral,12057,12363
National Institute of Technology Delhi,"VLSI Design and Technology (4 Years, Bachelor of Technology)",OS,OPEN,Female-only (including Supernumerary),21745,21745
National Institute of Technology Delhi,"VLSI Design and Technology (4 Years, Bachelor of Technology)",OS,OBC- NCL,Gender-Neutral,21832,21832
National Institute of Technology Delhi,"VLSI Design and Technology for DASA-CIWG (4 Years, Bachelor of Technology)",DC,OPEN,Gender-Neutral,289927,289927
National Institute of Technology Durgapur,"B.Tech in Mathematics and Computing (4 Years, Bachelor of Technology)",HS,OPEN,Gender-Neutral,15235,16849
National Institute of Technology Durgapur,"B.Tech in Mathematics and Computing (4 Years, Bachelor of Technology)",HS,OPEN,Female-only (including Supernumerary),29064,29064
National Institute of Technology Durgapur,"B.Tech in Mathematics and Computing (4 Years, Bachelor of Technology)",HS,OBC- NCL,Gender-Neutral,44200,44200
National Institute of Technology Durgapur,"B.Tech in Mathematics and Computing (4 Years, Bachelor of Technology)",HS,SC,Gender-Neutral,59332,59332
National Institute of Technology Durgapur,"B.Tech in Mathematics and Computing (4 Years, Bachelor of Technology)",OS,OPEN,Gender-Neutral,12527,14387
National Institute of Technology Durgapur,"B.Tech in Mathematics and Computing (4 Years, Bachelor of Technology)",OS,OPEN,Female-only (including Supernumerary),24259,24259
National Institute of Technology Durgapur,"B.Tech in Mathematics and Computing (4 Years, Bachelor of Technology)",OS,EWS,Gender-Neutral,17159,17915
National Institute of Technology Durgapur,"B.Tech in Mathematics and Computing (4 Years, Bachelor of Technology)",OS,EWS,Female-only (including Supernumerary),28775,28775
National Institute of Technology Durgapur,"B.Tech in Mathematics and Computing (4 Years, Bachelor of Technology)",OS,OBC- NCL,Gender-Neutral,17700,17943
National Institute of Technology Durgapur,"B.Tech in Mathematics and Computing (4 Years, Bachelor of Technology)",OS,OBC- NCL,Female-only (including Supernumerary),28842,28842
National Institute of Technology Durgapur,"B.Tech in Mathematics and Computing (4 Years, Bachelor of Technology)",OS,SC,Gender-Neutral,85688,94799
National Institute of Technology Durgapur,"B.Tech in Mathematics and Computing (4 Years, Bachelor of Technology)",OS,ST,Female-only (including Supernumerary),222368,222368
National Institute of Technology Durgapur,"Bio Technology (4 Years, Bachelor of Technology)",HS,OPEN,Gender-Neutral,41061,64048
National Institute of Technology Durgapur,"Bio Technology (4 Years, Bachelor of Technology)",HS,EWS,Gender-Neutral,96006,119768
National Institute of Technology Durgapur,"Bio Technology (4 Years, Bachelor of Technology)",HS,EWS,Female-only (including Supernumerary),210913,210913
National Institute of Technology Durgapur,"Bio Technology (4 Years, Bachelor of Technology)",HS,OBC- NCL,Gender-Neutral,107544,112897
National Institute of Technology Durgapur,"Bio Technology (4 Years, Bachelor of Technology)",HS,SC,Gender-Neutral,175336,205963
National Institute of Technology Durgapur,"Bio Technology (4 Years, Bachelor of Technology)",HS,SC,Female-only (including Supernumerary),163290,163290
National Institute of Technology Durgapur,"Bio Technology (4 Years, Bachelor of Technology)",HS,ST,Gender-Neutral,547920,614745
National Institute of Technology Durgapur,"Bio Technology (4 Years, Bachelor of Technology)",HS,ST,Female-only (including Supernumerary),546357,546357
National Institute of Technology Durgapur,"Bio Technology (4 Years, Bachelor of Technology)",OS,OPEN,Gender-Neutral,46056,59111
National Institute of Technology Durgapur,"Bio Technology (4 Years, Bachelor of Technology)",OS,OPEN,Female-only (including Supernumerary),50922,53512
National Institute of Technology Durgapur,"Bio Technology (4 Years, Bachelor of Technology)",OS,OPEN (PwD),Gender-Neutral,698448,698448
National Institute of Technology Durgapur,"Bio Technology (4 Years, Bachelor of Technology)",OS,EWS,Gender-Neutral,59752,62331
National Institute of Technology Durgapur,"Bio Technology (4 Years, Bachelor of Technology)",OS,EWS,Female-only (including Supernumerary),80838,80838
National Institute of Technology Durgapur,"Bio Technology (4 Years, Bachelor of Technology)",OS,OBC- NCL,Gender-Neutral,59901,66135
National Institute of Technology Durgapur,"Bio Technology (4 Years, Bachelor of Technology)",OS,OBC- NCL,Female-only (including Supernumerary),71500,82680
National Institute of Technology Durgapur,"Bio Technology (4 Years, Bachelor of Technology)",OS,OBC- NCL (PwD),Gender-Neutral,1129782,1129782
National Institute of Technology Durgapur,"Bio Technology (4 Years, Bachelor of Technology)",OS,SC,Gender-Neutral,181941,184656
National Institute of Technology Durgapur,"Bio Technology (4 Years, Bachelor of Technology)",OS,SC,Female-only (including Supernumerary),186736,186736
National Institute of Technology Durgapur,"Bio Technology (4 Years, Bachelor of Technology)",OS,ST,Female-only (including Supernumerary),304083,304083
National Institute of Technology Durgapur,"Biotechnology (5 Years, Bachelor and Master of Technology (Dual Degree))",HS,OPEN,Gender-Neutral,64079,64079
National Institute of Technology Durgapur,"Biotechnology (5 Years, Bachelor and Master of Technology (Dual Degree))",HS,EWS,Female-only (including Supernumerary),197575,197575
National Institute of Technology Durgapur,"Biotechnology (5 Years, Bachelor and Master of Technology (Dual Degree))",HS,OBC- NCL,Gender-Neutral,114195,114195
National Institute of Technology Durgapur,"Biotechnology (5 Years, Bachelor and Master of Technology (Dual Degree))",OS,OPEN,Gender-Neutral,58300,59733
National Institute of Technology Durgapur,"Biotechnology (5 Years, Bachelor and Master of Technology (Dual Degree))",OS,ST,Gender-Neutral,250085,250085
National Institute of Technology Durgapur,"Chemical Engineering (4 Years, Bachelor of Technology)",HS,OPEN,Gender-Neutral,38712,41951
National Institute of Technology Durgapur,"Chemical Engineering (4 Years, Bachelor of Technology)",HS,OBC- NCL,Gender-Neutral,78732,85265
National Institute of Technology Durgapur,"Chemical Engineering (4 Years, Bachelor of Technology)",HS,ST,Gender-Neutral,391201,391201
National Institute of Technology Durgapur,"Chemical Engineering (4 Years, Bachelor of Technology)",OS,OPEN,Gender-Neutral,34802,40327
National Institute of Technology Durgapur,"Chemical Engineering (4 Years, Bachelor of Technology)",OS,OPEN,Female-only (including Supernumerary),53313,56062
National Institute of Technology Durgapur,"Chemical Engineering (4 Years, Bachelor of Technology)",OS,EWS,Gender-Neutral,41623,42280
National Institute of Technology Durgapur,"Chemical Engineering (4 Years, Bachelor of Technology)",OS,EWS,Female-only (including Supernumerary),68163,68163
National Institute of Technology Durgapur,"Chemical Engineering (4 Years, Bachelor of Technology)",OS,OBC- NCL,Gender-Neutral,41059,48029
National Institute of Technology Durgapur,"Chemical Engineering (4 Years, Bachelor of Technology)",OS,OBC- NCL,Female-only (including Supernumerary),65602,70981
National Institute of Technology Durgapur,"Chemical Engineering (4 Years, Bachelor of Technology)",OS,OBC- NCL (PwD),Gender-Neutral,1019712,1019712
National Institute of Technology Durgapur,"Chemical Engineering (4 Years, Bachelor of Technology)",OS,SC,Gender-Neutral,137063,137063
National Institute of Technology Durgapur,"Chemical Engineering (4 Years, Bachelor of Technology)",OS,ST,Gender-Neutral,194460,194460
National Institute of Technology Durgapur,"Chemical Engineering (5 Years, Bachelor and Master of Technology (Dual Degree))",HS,OBC- NCL,Gender-Neutral,111509,111509
National Institute of Technology Durgapur,"Chemical Engineering (5 Years, Bachelor and Master of Technology (Dual Degree))",HS,SC,Gender-Neutral,166246,166246
National Institute of Technology Durgapur,"Chemical Engineering (5 Years, Bachelor and Master of Technology (Dual Degree))",OS,OPEN,Gender-Neutral,43202,43202
National Institute of Technology Durgapur,"Chemical Engineering (5 Years, Bachelor and Master of Technology (Dual Degree))",OS,OPEN,Female-only (including Supernumerary),65730,65730
National Institute of Technology Durgapur,"Chemistry (5 Years, Integrated Master of Science)",HS,OPEN,Gender-Neutral,55389,60392
National Institute of Technology Durgapur,"Chemistry (5 Years, Integrated Master of Science)",HS,OBC- NCL,Gender-Neutral,131474,136266
National Institute of Technology Durgapur,"Chemistry (5 Years, Integrated Master of Science)",HS,SC,Gender-Neutral,207839,207839
National Institute of Technology Durgapur,"Chemistry (5 Years, Integrated Master of Science)",OS,OPEN,Gender-Neutral,55212,65805
National Institute of Technology Durgapur,"Chemistry (5 Years, Integrated Master of Science)",OS,OPEN,Female-only (including Supernumerary),100025,100025
National Institute of Technology Durgapur,"Chemistry (5 Years, Integrated Master of Science)",OS,EWS,Gender-Neutral,70750,70750
National Institute of Technology Durgapur,"Chemistry (5 Years, Integrated Master of Science)",OS,OBC- NCL,Gender-Neutral,70591,72618
National Institute of Technology Durgapur,"Chemistry (5 Years, Integrated Master of Science)",OS,OBC- NCL,Female-only (including Supernumerary),111970,111970
National Institute of Technology Durgapur,"Civil Engineering (4 Years, Bachelor of Technology)",HS,OPEN,Gender-Neutral,36902,50401
National Institute of Technology Durgapur,"Civil Engineering (4 Years, Bachelor of Technology)",HS,OPEN,Female-only (including Supernumerary),65203,73804
National Institute of Technology Durgapur,"Civil Engineering (4 Years, Bachelor of Technology)",HS,EWS,Female-only (including Supernumerary),156932,156932
National Institute of Technology Durgapur,"Civil Engineering (4 Years, Bachelor of Technology)",HS,OBC- NCL,Gender-Neutral,93648,95993
National Institute of Technology Durgapur,"Civil Engineering (4 Years, Bachelor of Technology)",HS,OBC- NCL,Female-only (including Supernumerary),91155,91155
National Institute of Technology Durgapur,"Civil Engineering (4 Years, Bachelor of Technology)",HS,SC,Gender-Neutral,135932,165826
National Institute of Technology Durgapur,"Civil Engineering (4 Years, Bachelor of Technology)",HS,ST,Gender-Neutral,470818,470818
National Institute of Technology Durgapur,"Civil Engineering (4 Years, Bachelor of Technology)",HS,ST,Female-only (including Supernumerary),634666,634666
National Institute of Technology Durgapur,"Civil Engineering (4 Years, Bachelor of Technology)",OS,OPEN,Gender-Neutral,41471,46378
National Institute of Technology Durgapur,"Civil Engineering (4 Years, Bachelor of Technology)",OS,OPEN,Female-only (including Supernumerary),58530,58530
National Institute of Technology Durgapur,"Civil Engineering (4 Years, Bachelor of Technology)",OS,EWS,Gender-Neutral,47500,47866
National Institute of Technology Durgapur,"Civil Engineering (4 Years, Bachelor of Technology)",OS,EWS,Female-only (including Supernumerary),72405,72405
National Institute of Technology Durgapur,"Civil Engineering (4 Years, Bachelor of Technology)",OS,OBC- NCL,Gender-Neutral,46441,50153
National Institute of Technology Durgapur,"Civil Engineering (4 Years, Bachelor of Technology)",OS,OBC- NCL,Female-only (including Supernumerary),77562,79151
National Institute of Technology Durgapur,"Civil Engineering (4 Years, Bachelor of Technology)",OS,SC,Gender-Neutral,156415,164827
National Institute of Technology Durgapur,"Civil Engineering (4 Years, Bachelor of Technology)",OS,SC,Female-only (including Supernumerary),176761,176761
National Institute of Technology Durgapur,"Computer Science and Engineering (4 Years, Bachelor of Technology)",HS,OPEN,Gender-Neutral,10396,11904
National Institute of Technology Durgapur,"Computer Science and Engineering (4 Years, Bachelor of Technology)",HS,EWS,Gender-Neutral,28261,28261
National Institute of Technology Durgapur,"Computer Science and Engineering (4 Years, Bachelor of Technology)",HS,OBC- NCL,Gender-Neutral,33020,34928
National Institute of Technology Durgapur,"Computer Science and Engineering (4 Years, Bachelor of Technology)",HS,SC,Gender-Neutral,35547,35547
National Institute of Technology Durgapur,"Computer Science and Engineering (4 Years, Bachelor of Technology)",HS,SC,Female-only (including Supernumerary),127054,127054
National Institute of Technology Durgapur,"Computer Science and Engineering (4 Years, Bachelor of Technology)",OS,OPEN,Gender-Neutral,9602,12049
National Institute of Technology Durgapur,"Computer Science and Engineering (4 Years, Bachelor of Technology)",OS,OPEN,Female-only (including Supernumerary),16578,17987
National Institute of Technology Durgapur,"Computer Science and Engineering (4 Years, Bachelor of Technology)",OS,EWS,Gender-Neutral,12191,12960
National Institute of Technology Durgapur,"Computer Science and Engineering (4 Years, Bachelor of Technology)",OS,EWS,Female-only (including Supernumerary),18881,24487
National Institute of Technology Durgapur,"Computer Science and Engineering (4 Years, Bachelor of Technology)",OS,OBC- NCL,Gender-Neutral,13975,16034
National Institute of Technology Durgapur,"Computer Science and Engineering (4 Years, Bachelor of Technology)",OS,OBC- NCL,Female-only (including Supernumerary),18196,18196
National Institute of Technology Durgapur,"Computer Science and Engineering (4 Years, Bachelor of Technology)",OS,ST,Female-only (including Supernumerary),105738,105738
National Institute of Technology Durgapur,"Computer Science and Engineering for DASA-CIWG (4 Years, Bachelor of Technology)",DC,OPEN,Gender-Neutral,119143,194796
National Institute of Technology Durgapur,"Computer Science and Engineering for DASA-Non CIWG (4 Years, Bachelor of Technology)",AD,OPEN,Gender-Neutral,259359,358272
National Institute of Technology Durgapur,"Electrical Engineering (4 Years, Bachelor of Technology)",HS,OPEN,Gender-Neutral,18316,21718
National Institute of Technology Durgapur,"Electrical Engineering (4 Years, Bachelor of Technology)",HS,OPEN,Female-only (including Supernumerary),32015,35145
National Institute of Technology Durgapur,"Electrical Engineering (4 Years, Bachelor of Technology)",HS,OBC- NCL,Gender-Neutral,55380,57995
National Institute of Technology Durgapur,"Electrical Engineering (4 Years, Bachelor of Technology)",HS,SC,Gender-Neutral,71349,86182
National Institute of Technology Durgapur,"Electrical Engineering (4 Years, Bachelor of Technology)",HS,ST,Female-only (including Supernumerary),466725,466725
National Institute of Technology Durgapur,"Electrical Engineering (4 Years, Bachelor of Technology)",OS,OPEN,Gender-Neutral,20106,22384
National Institute of Technology Durgapur,"Electrical Engineering (4 Years, Bachelor of Technology)",OS,OPEN,Female-only (including Supernumerary),33175,38560
National Institute of Technology Durgapur,"Electrical Engineering (4 Years, Bachelor of Technology)",OS,OPEN (PwD),Gender-Neutral,668545,668545
National Institute of Technology Durgapur,"Electrical Engineering (4 Years, Bachelor of Technology)",OS,EWS,Gender-Neutral,23238,24726
National Institute of Technology Durgapur,"Electrical Engineering (4 Years, Bachelor of Technology)",OS,EWS,Female-only (including Supernumerary),40292,40292
National Institute of Technology Durgapur,"Electrical Engineering (4 Years, Bachelor of Technology)",OS,OBC- NCL,Gender-Neutral,24919,26659
National Institute of Technology Durgapur,"Electrical Engineering (4 Years, Bachelor of Technology)",OS,OBC- NCL,Female-only (including Supernumerary),43723,45416
National Institute of Technology Durgapur,"Electrical Engineering (4 Years, Bachelor of Technology)",OS,SC,Gender-Neutral,97866,103224
National Institute of Technology Durgapur,"Electrical Engineering (4 Years, Bachelor of Technology)",OS,SC (PwD),Female-only (including Supernumerary),1321987,1321987
National Institute of Technology Durgapur,"Electrical Engineering (4 Years, Bachelor of Technology)",OS,ST,Female-only (including Supernumerary),266438,266438
National Institute of Technology Durgapur,"Electronics and Communication Engineering (4 Years, Bachelor of Technology)",HS,OPEN,Gender-Neutral,17135,17903
National Institute of Technology Durgapur,"Electronics and Communication Engineering (4 Years, Bachelor of Technology)",HS,OPEN,Female-only (including Supernumerary),23724,28348
National Institute of Technology Durgapur,"Electronics and Communication Engineering (4 Years, Bachelor of Technology)",HS,EWS,Gender-Neutral,30489,30489
National Institute of Technology Durgapur,"Electronics and Communication Engineering (4 Years, Bachelor of Technology)",HS,OBC- NCL,Gender-Neutral,39959,39959
National Institute of Technology Durgapur,"Electronics and Communication Engineering (4 Years, Bachelor of Technology)",OS,OPEN,Gender-Neutral,14183,17245
National Institute of Technology Durgapur,"Electronics and Communication Engineering (4 Years, Bachelor of Technology)",OS,EWS,Gender-Neutral,17292,18154
National Institute of Technology Durgapur,"Electronics and Communication Engineering (4 Years, Bachelor of Technology)",OS,EWS,Female-only (including Supernumerary),21201,21201
National Institute of Technology Durgapur,"Electronics and Communication Engineering (4 Years, Bachelor of Technology)",OS,OBC- NCL,Gender-Neutral,18964,20565
National Institute of Technology Durgapur,"Electronics and Communication Engineering (4 Years, Bachelor of Technology)",OS,SC,Gender-Neutral,61079,81189
National Institute of Technology Durgapur,"Electronics and Communication Engineering (4 Years, Bachelor of Technology)",OS,ST,Gender-Neutral,113428,113428
National Institute of Technology Durgapur,"Electronics and Communication Engineering (4 Years, Bachelor of Technology)",OS,ST,Female-only (including Supernumerary),166793,166793
National Institute of Technology Durgapur,"Electronics and Communication Engineering for DASA-CIWG (4 Years, Bachelor of Technology)",DC,OPEN,Gender-Neutral,325511,390036
National Institute of Technology Durgapur,"Mathematics and Computing for DASA-CIWG (4 Years, Bachelor of Technology)",DC,OPEN,Gender-Neutral,396720,396720
National Institute of Technology Durgapur,"Mathematics and Computing for DASA-Non CIWG (4 Years, Bachelor of Technology)",AD,OPEN,Gender-Neutral,698829,698829
National Institute of Technology Durgapur,"Mechanical Engineering (4 Years, Bachelor of Technology)",HS,OPEN,Gender-Neutral,23027,36357
National Institute of Technology Durgapur,"Mechanical Engineering (4 Years, Bachelor of Technology)",HS,OPEN,Female-only (including Supernumerary),49994,64100
National Institute of Technology Durgapur,"Mechanical Engineering (4 Years, Bachelor of Technology)",HS,OBC- NCL,Gender-Neutral,71365,77134
National Institute of Technology Durgapur,"Mechanical Engineering (4 Years, Bachelor of Technology)",HS,SC,Gender-Neutral,109179,118045
National Institute of Technology Durgapur,"Mechanical Engineering (4 Years, Bachelor of Technology)",HS,ST,Female-only (including Supernumerary),526699,526699
National Institute of Technology Durgapur,"Mechanical Engineering (4 Years, Bachelor of Technology)",OS,OPEN,Gender-Neutral,24435,31932
National Institute of Technology Durgapur,"Mechanical Engineering (4 Years, Bachelor of Technology)",OS,OPEN,Female-only (including Supernumerary),44380,49829
National Institute of Technology Durgapur,"Mechanical Engineering (4 Years, Bachelor of Technology)",OS,EWS,Gender-Neutral,32767,36080
National Institute of Technology Durgapur,"Mechanical Engineering (4 Years, Bachelor of Technology)",OS,EWS,Female-only (including Supernumerary),54558,56186
National Institute of Technology Durgapur,"Mechanical Engineering (4 Years, Bachelor of Technology)",OS,OBC- NCL,Gender-Neutral,33548,38904
National Institute of Technology Durgapur,"Mechanical Engineering (4 Years, Bachelor of Technology)",OS,OBC- NCL,Female-only (including Supernumerary),61858,70749
National Institute of Technology Durgapur,"Mechanical Engineering (4 Years, Bachelor of Technology)",OS,SC,Gender-Neutral,116707,134567
National Institute of Technology Durgapur,"Mechanical Engineering (4 Years, Bachelor of Technology)",OS,SC,Female-only (including Supernumerary),165781,184398
National Institute of Technology Durgapur,"Mechanical Engineering (4 Years, Bachelor of Technology)",OS,ST,Gender-Neutral,170524,170524
National Institute of Technology Durgapur,"Mechanical Engineering (4 Years, Bachelor of Technology)",OS,ST,Female-only (including Supernumerary),266931,266931
National Institute of Technology Durgapur,"Metallurgical and Materials Engineering (4 Years, Bachelor of Technology)",HS,OPEN,Gender-Neutral,45938,51150
National Institute of Technology Durgapur,"Metallurgical and Materials Engineering (4 Years, Bachelor of Technology)",HS,OPEN,Female-only (including Supernumerary),64130,64130
National Institute of Technology Durgapur,"Metallurgical and Materials Engineering (4 Years, Bachelor of Technology)",HS,EWS,Gender-Neutral,88613,88613
National Institute of Technology Durgapur,"Metallurgical and Materials Engineering (4 Years, Bachelor of Technology)",HS,EWS,Female-only (including Supernumerary),124850,124850
National Institute of Technology Durgapur,"Metallurgical and Materials Engineering (4 Years, Bachelor of Technology)",HS,OBC- NCL,Gender-Neutral,85670,101706
National Institute of Technology Durgapur,"Metallurgical and Materials Engineering (4 Years, Bachelor of Technology)",HS,SC,Gender-Neutral,160567,160567
National Institute of Technology Durgapur,"Metallurgical and Materials Engineering (4 Years, Bachelor of Technology)",HS,ST,Gender-Neutral,535241,535241
National Institute of Technology Durgapur,"Metallurgical and Materials Engineering (4 Years, Bachelor of Technology)",HS,ST,Female-only (including Supernumerary),760647,760647
National Institute of Technology Durgapur,"Metallurgical and Materials Engineering (4 Years, Bachelor of Technology)",OS,OPEN,Gender-Neutral,46976,50304
National Institute of Technology Durgapur,"Metallurgical and Materials Engineering (4 Years, Bachelor of Technology)",OS,OPEN,Female-only (including Supernumerary),63908,73045
National Institute of Technology Durgapur,"Metallurgical and Materials Engineering (4 Years, Bachelor of Technology)",OS,OPEN (PwD),Gender-Neutral,837942,837942
National Institute of Technology Durgapur,"Metallurgical and Materials Engineering (4 Years, Bachelor of Technology)",OS,EWS,Gender-Neutral,53333,53717
National Institute of Technology Durgapur,"Metallurgical and Materials Engineering (4 Years, Bachelor of Technology)",OS,EWS,Female-only (including Supernumerary),76123,76123
National Institute of Technology Durgapur,"Metallurgical and Materials Engineering (4 Years, Bachelor of Technology)",OS,OBC- NCL,Gender-Neutral,50355,58565
National Institute of Technology Durgapur,"Metallurgical and Materials Engineering (4 Years, Bachelor of Technology)",OS,OBC- NCL,Female-only (including Supernumerary),90337,90337
National Institute of Technology Durgapur,"Metallurgical and Materials Engineering (4 Years, Bachelor of Technology)",OS,SC,Gender-Neutral,173042,173917
National Institute of Technology Durgapur,"Metallurgical and Materials Engineering (4 Years, Bachelor of Technology)",OS,ST,Female-only (including Supernumerary),275389,275389
National Institute of Technology Goa,"Civil Engineering (4 Years, Bachelor of Technology)",AI,EWS,Gender-Neutral,58199,58199
National Institute of Technology Goa,"Civil Engineering (4 Years, Bachelor of Technology)",AI,OBC- NCL,Gender-Neutral,54226,54226
National Institute of Technology Goa,"Civil Engineering (4 Years, Bachelor of Technology)",AI,OBC- NCL,Female-only (including Supernumerary),80489,80489
National Institute of Technology Goa,"Civil Engineering (4 Years, Bachelor of Technology)",AI,SC,Gender-Neutral,133784,133784
National Institute of Technology Goa,"Civil Engineering (4 Years, Bachelor of Technology)",GO,OPEN,Gender-Neutral,155456,198417
National Institute of Technology Goa,"Civil Engineering (4 Years, Bachelor of Technology)",GO,OPEN,Female-only (including Supernumerary),241075,241075
National Institute of Technology Goa,"Civil Engineering (4 Years, Bachelor of Technology)",HS,OPEN,Female-only (including Supernumerary),227063,227063
National Institute of Technology Goa,"Civil Engineering (4 Years, Bachelor of Technology)",OS,OPEN,Gender-Neutral,44215,49391
National Institute of Technology Goa,"Civil Engineering (4 Years, Bachelor of Technology)",OS,OPEN,Female-only (including Supernumerary),67895,78515
National Institute of Technology Goa,"Civil Engineering (4 Years, Bachelor of Technology)",OS,EWS,Gender-Neutral,60496,61792
National Institute of Technology Goa,"Civil Engineering (4 Years, Bachelor of Technology)",OS,OBC- NCL,Gender-Neutral,54878,58185
National Institute of Technology Goa,"Civil Engineering (4 Years, Bachelor of Technology)",OS,OBC- NCL,Female-only (including Supernumerary),80827,80827
National Institute of Technology Goa,"Civil Engineering (4 Years, Bachelor of Technology)",OS,SC,Gender-Neutral,155643,163112
National Institute of Technology Goa,"Civil Engineering (4 Years, Bachelor of Technology)",OS,ST,Gender-Neutral,226176,226176
National Institute of Technology Goa,"Computer Science and Engineering (4 Years, Bachelor of Technology)",AI,SC,Female-only (including Supernumerary),83902,83902
National Institute of Technology Goa,"Computer Science and Engineering (4 Years, Bachelor of Technology)",GO,OPEN,Gender-Neutral,31877,33056
National Institute of Technology Goa,"Computer Science and Engineering (4 Years, Bachelor of Technology)",GO,OBC- NCL,Gender-Neutral,173575,173575
National Institute of Technology Goa,"Computer Science and Engineering (4 Years, Bachelor of Technology)",GO,SC,Gender-Neutral,543946,543946
National Institute of Technology Goa,"Computer Science and Engineering (4 Years, Bachelor of Technology)",OS,OPEN,Gender-Neutral,10753,17448
National Institute of Technology Goa,"Computer Science and Engineering (4 Years, Bachelor of Technology)",OS,OPEN,Female-only (including Supernumerary),19796,19796
National Institute of Technology Goa,"Computer Science and Engineering (4 Years, Bachelor of Technology)",OS,EWS,Gender-Neutral,20674,20783
National Institute of Technology Goa,"Computer Science and Engineering (4 Years, Bachelor of Technology)",OS,EWS,Female-only (including Supernumerary),33936,33936
National Institute of Technology Goa,"Computer Science and Engineering (4 Years, Bachelor of Technology)",OS,OBC- NCL,Gender-Neutral,17527,23170
National Institute of Technology Goa,"Computer Science and Engineering (4 Years, Bachelor of Technology)",OS,OBC- NCL,Female-only (including Supernumerary),26202,26202
National Institute of Technology Goa,"Computer Science and Engineering (4 Years, Bachelor of Technology)",OS,SC,Female-only (including Supernumerary),132593,132593
National Institute of Technology Goa,"Computer Science and Engineering for DASA-CIWG (4 Years, Bachelor of Technology)",DC,OPEN,Gender-Neutral,226401,274261
National Institute of Technology Goa,"Computer Science and Engineering for DASA-Non CIWG (4 Years, Bachelor of Technology)",AD,OPEN,Gender-Neutral,313267,828008
National Institute of Technology Goa,"Electrical and Electronics Engineering (4 Years, Bachelor of Technology)",AI,EWS,Gender-Neutral,34591,34591
National Institute of Technology Goa,"Electrical and Electronics Engineering (4 Years, Bachelor of Technology)",AI,EWS,Female-only (including Supernumerary),57732,57732
National Institute of Technology Goa,"Electrical and Electronics Engineering (4 Years, Bachelor of Technology)",AI,SC,Female-only (including Supernumerary),168939,168939
National Institute of Technology Goa,"Electrical and Electronics Engineering (4 Years, Bachelor of Technology)",GO,OPEN,Gender-Neutral,98457,154564
National Institute of Technology Goa,"Electrical and Electronics Engineering (4 Years, Bachelor of Technology)",GO,OPEN,Female-only (including Supernumerary),90273,90273
National Institute of Technology Goa,"Electrical and Electronics Engineering (4 Years, Bachelor of Technology)",GO,OBC- NCL,Gender-Neutral,389349,389349
National Institute of Technology Goa,"Electrical and Electronics Engineering (4 Years, Bachelor of Technology)",HS,OPEN,Female-only (including Supernumerary),168183,168183
National Institute of Technology Goa,"Electrical and Electronics Engineering (4 Years, Bachelor of Technology)",OS,OPEN,Gender-Neutral,23445,28867
National Institute of Technology Goa,"Electrical and Electronics Engineering (4 Years, Bachelor of Technology)",OS,OPEN,Female-only (including Supernumerary),40705,42873
National Institute of Technology Goa,"Electrical and Electronics Engineering (4 Years, Bachelor of Technology)",OS,EWS,Gender-Neutral,38791,39193
National Institute of Technology Goa,"Electrical and Electronics Engineering (4 Years, Bachelor of Technology)",OS,OBC- NCL,Gender-Neutral,31952,35857
National Institute of Technology Goa,"Electrical and Electronics Engineering (4 Years, Bachelor of Technology)",OS,SC,Gender-Neutral,116855,123939
National Institute of Technology Goa,"Electrical and Electronics Engineering (4 Years, Bachelor of Technology)",OS,SC,Female-only (including Supernumerary),175438,175438
National Institute of Technology Goa,"Electrical and Electronics Engineering for DASA-CIWG (4 Years, Bachelor of Technology)",DC,OPEN,Gender-Neutral,586914,664049
National Institute of Technology Goa,"Electrical and Electronics Engineering for DASA-Non CIWG (4 Years, Bachelor of Technology)",AD,OPEN,Gender-Neutral,619516,619516
National Institute of Technology Goa,"Electronics and Communication Engineering (4 Years, Bachelor of Technology)",AI,EWS,Gender-Neutral,24378,24378
National Institute of Technology Goa,"Electronics and Communication Engineering (4 Years, Bachelor of Technology)",AI,SC,Gender-Neutral,65289,65289
National Institute of Technology Goa,"Electronics and Communication Engineering (4 Years, Bachelor of Technology)",AI,ST,Female-only (including Supernumerary),202965,202965
National Institute of Technology Goa,"Electronics and Communication Engineering (4 Years, Bachelor of Technology)",GO,OPEN,Gender-Neutral,46269,69899
National Institute of Technology Goa,"Electronics and Communication Engineering (4 Years, Bachelor of Technology)",GO,OPEN,Female-only (including Supernumerary),75521,75521
National Institute of Technology Goa,"Electronics and Communication Engineering (4 Years, Bachelor of Technology)",GO,OBC- NCL,Gender-Neutral,293065,293065
National Institute of Technology Goa,"Electronics and Communication Engineering (4 Years, Bachelor of Technology)",GO,OBC- NCL,Female-only (including Supernumerary),271227,271227
National Institute of Technology Goa,"Electronics and Communication Engineering (4 Years, Bachelor of Technology)",HS,OPEN,Gender-Neutral,38018,38018
National Institute of Technology Goa,"Electronics and Communication Engineering (4 Years, Bachelor of Technology)",OS,OPEN,Gender-Neutral,19758,22755
National Institute of Technology Goa,"Electronics and Communication Engineering (4 Years, Bachelor of Technology)",OS,OPEN,Female-only (including Supernumerary),28715,28715
National Institute of Technology Goa,"Electronics and Communication Engineering (4 Years, Bachelor of Technology)",OS,EWS,Gender-Neutral,24594,25081
National Institute of Technology Goa,"Electronics and Communication Engineering (4 Years, Bachelor of Technology)",OS,OBC- NCL,Gender-Neutral,24658,25730
National Institute of Technology Goa,"Electronics and Communication Engineering (4 Years, Bachelor of Technology)",OS,OBC- NCL,Female-only (including Supernumerary),51267,51267
National Institute of Technology Goa,"Electronics and Communication Engineering (4 Years, Bachelor of Technology)",OS,SC,Gender-Neutral,103335,106658
National Institute of Technology Goa,"Electronics and Communication Engineering (4 Years, Bachelor of Technology)",OS,ST,Gender-Neutral,173496,173496
National Institute of Technology Goa,"Electronics and Communication Engineering (4 Years, Bachelor of Technology)",OS,ST,Female-only (including Supernumerary),245252,245252
National Institute of Technology Goa,"Electronics and Communication Engineering for DASA-CIWG (4 Years, Bachelor of Technology)",DC,OPEN,Gender-Neutral,372992,415456
National Institute of Technology Goa,"Electronics and Communication Engineering for DASA-Non CIWG (4 Years, Bachelor of Technology)",AD,OPEN,Gender-Neutral,551924,551924
National Institute of Technology Goa,"Mechanical Engineering (4 Years, Bachelor of Technology)",AI,OBC- NCL,Female-only (including Supernumerary),58688,58688
National Institute of Technology Goa,"Mechanical Engineering (4 Years, Bachelor of Technology)",AI,ST,Female-only (including Supernumerary),271906,271906
National Institute of Technology Goa,"Mechanical Engineering (4 Years, Bachelor of Technology)",GO,OPEN,Female-only (including Supernumerary),192409,192409
National Institute of Technology Goa,"Mechanical Engineering (4 Years, Bachelor of Technology)",GO,OBC- NCL,Gender-Neutral,607500,607500
National Institute of Technology Goa,"Mechanical Engineering (4 Years, Bachelor of Technology)",GO,ST,Gender-Neutral,622152,622152
National Institute of Technology Goa,"Mechanical Engineering (4 Years, Bachelor of Technology)",HS,OPEN,Gender-Neutral,54355,54355
National Institute of Technology Goa,"Mechanical Engineering (4 Years, Bachelor of Technology)",HS,OBC- NCL,Gender-Neutral,192310,192310
National Institute of Technology Goa,"Mechanical Engineering (4 Years, Bachelor of Technology)",OS,OPEN,Gender-Neutral,32868,39394
National Institute of Technology Goa,"Mechanical Engineering (4 Years, Bachelor of Technology)",OS,OPEN,Female-only (including Supernumerary),53899,53899
National Institute of Technology Goa,"Mechanical Engineering (4 Years, Bachelor of Technology)",OS,EWS,Female-only (including Supernumerary),76446,76446
National Institute of Technology Goa,"Mechanical Engineering (4 Years, Bachelor of Technology)",OS,OBC- NCL,Gender-Neutral,45220,47893
National Institute of Technology Goa,"Mechanical Engineering (4 Years, Bachelor of Technology)",OS,OBC- NCL,Female-only (including Supernumerary),66445,66445
National Institute of Technology Goa,"Mechanical Engineering (4 Years, Bachelor of Technology)",OS,SC,Gender-Neutral,147657,147657
National Institute of Technology Goa,"Mechanical Engineering (4 Years, Bachelor of Technology)",OS,ST,Gender-Neutral,228799,228799
National Institute of Technology Goa,"Mechanical Engineering (4 Years, Bachelor of Technology)",OS,ST,Female-only (including Supernumerary),307349,307349
National Institute of Technology Goa,"Mechanical Engineering for DASA-CIWG (4 Years, Bachelor of Technology)",DC,OPEN,Gender-Neutral,457872,457872
National Institute of Technology Hamirpur,"Architecture (5 Years, Bachelor of Architecture)",AI,EWS,Female-only (including Supernumerary),9393,9393
National Institute of Technology Hamirpur,"Architecture (5 Years, Bachelor of Architecture)",AI,OBC- NCL,Gender-Neutral,1906,1974
National Institute of Technology Hamirpur,"Architecture (5 Years, Bachelor of Architecture)",HS,OPEN,Gender-Neutral,9228,9896
National Institute of Technology Hamirpur,"Architecture (5 Years, Bachelor of Architecture)",HS,EWS,Gender-Neutral,36543,36543
National Institute of Technology Hamirpur,"Architecture (5 Years, Bachelor of Architecture)",HS,OBC- NCL,Gender-Neutral,23766,23766
National Institute of Technology Hamirpur,"Architecture (5 Years, Bachelor of Architecture)",HS,SC,Gender-Neutral,17345,17345
National Institute of Technology Hamirpur,"Architecture (5 Years, Bachelor of Architecture)",OS,OPEN,Gender-Neutral,1392,1539
National Institute of Technology Hamirpur,"Architecture (5 Years, Bachelor of Architecture)",OS,OPEN,Female-only (including Supernumerary),1290,1496
National Institute of Technology Hamirpur,"Architecture (5 Years, Bachelor of Architecture)",OS,EWS,Gender-Neutral,6579,7048
National Institute of Technology Hamirpur,"Architecture (5 Years, Bachelor of Architecture)",OS,OBC- NCL,Gender-Neutral,2161,3879
National Institute of Technology Hamirpur,"Architecture (5 Years, Bachelor of Architecture)",OS,OBC- NCL,Female-only (including Supernumerary),2159,2159
National Institute of Technology Hamirpur,"Architecture (5 Years, Bachelor of Architecture)",OS,SC,Gender-Neutral,5119,6917
National Institute of Technology Hamirpur,"Architecture (5 Years, Bachelor of Architecture)",OS,ST,Gender-Neutral,7331,7331
National Institute of Technology Hamirpur,"Architecture for DASA-CIWG (5 Years, Bachelor of Architecture)",DC,OPEN,Gender-Neutral,8521,10999
National Institute of Technology Hamirpur,"Chemical Engineering (4 Years, Bachelor of Technology)",HS,OPEN,Gender-Neutral,76308,89025
National Institute of Technology Hamirpur,"Chemical Engineering (4 Years, Bachelor of Technology)",HS,EWS,Gender-Neutral,112027,115112
National Institute of Technology Hamirpur,"Chemical Engineering (4 Years, Bachelor of Technology)",HS,OBC- NCL,Gender-Neutral,250842,411865
National Institute of Technology Hamirpur,"Chemical Engineering (4 Years, Bachelor of Technology)",HS,SC,Gender-Neutral,300387,313676
National Institute of Technology Hamirpur,"Chemical Engineering (4 Years, Bachelor of Technology)",OS,OPEN,Gender-Neutral,35319,44630
National Institute of Technology Hamirpur,"Chemical Engineering (4 Years, Bachelor of Technology)",OS,OPEN,Female-only (including Supernumerary),69779,72657
National Institute of Technology Hamirpur,"Chemical Engineering (4 Years, Bachelor of Technology)",OS,OPEN (PwD),Gender-Neutral,1372898,1372898
National Institute of Technology Hamirpur,"Chemical Engineering (4 Years, Bachelor of Technology)",OS,EWS,Gender-Neutral,45282,46368
National Institute of Technology Hamirpur,"Chemical Engineering (4 Years, Bachelor of Technology)",OS,EWS,Female-only (including Supernumerary),79663,79663
National Institute of Technology Hamirpur,"Chemical Engineering (4 Years, Bachelor of Technology)",OS,OBC- NCL,Gender-Neutral,46983,51300
National Institute of Technology Hamirpur,"Chemical Engineering (4 Years, Bachelor of Technology)",OS,OBC- NCL,Female-only (including Supernumerary),77822,80781
National Institute of Technology Hamirpur,"Chemical Engineering (4 Years, Bachelor of Technology)",OS,SC,Gender-Neutral,148808,159906
National Institute of Technology Hamirpur,"Chemical Engineering (4 Years, Bachelor of Technology)",OS,SC,Female-only (including Supernumerary),213801,213801
National Institute of Technology Hamirpur,"Chemical Engineering (4 Years, Bachelor of Technology)",OS,ST,Gender-Neutral,224364,224364
National Institute of Technology Hamirpur,"Civil Engineering (4 Years, Bachelor of Technology)",HS,OPEN,Gender-Neutral,77170,118750
National Institute of Technology Hamirpur,"Civil Engineering (4 Years, Bachelor of Technology)",HS,EWS,Gender-Neutral,126289,146115
National Institute of Technology Hamirpur,"Civil Engineering (4 Years, Bachelor of Technology)",HS,OBC- NCL,Gender-Neutral,287005,439143
National Institute of Technology Hamirpur,"Civil Engineering (4 Years, Bachelor of Technology)",HS,SC,Gender-Neutral,288752,288752
National Institute of Technology Hamirpur,"Civil Engineering (4 Years, Bachelor of Technology)",HS,ST,Gender-Neutral,223738,223738
National Institute of Technology Hamirpur,"Civil Engineering (4 Years, Bachelor of Technology)",OS,OPEN,Gender-Neutral,42313,50124
National Institute of Technology Hamirpur,"Civil Engineering (4 Years, Bachelor of Technology)",OS,OPEN,Female-only (including Supernumerary),65993,72220
National Institute of Technology Hamirpur,"Civil Engineering (4 Years, Bachelor of Technology)",OS,EWS,Gender-Neutral,50541,56002
National Institute of Technology Hamirpur,"Civil Engineering (4 Years, Bachelor of Technology)",OS,EWS,Female-only (including Supernumerary),81084,81084
National Institute of Technology Hamirpur,"Civil Engineering (4 Years, Bachelor of Technology)",OS,OBC- NCL,Gender-Neutral,51438,55690
National Institute of Technology Hamirpur,"Civil Engineering (4 Years, Bachelor of Technology)",OS,OBC- NCL,Female-only (including Supernumerary),80616,91263
National Institute of Technology Hamirpur,"Civil Engineering (4 Years, Bachelor of Technology)",OS,OBC- NCL (PwD),Gender-Neutral,1260328,1260328
National Institute of Technology Hamirpur,"Civil Engineering (4 Years, Bachelor of Technology)",OS,SC,Gender-Neutral,155278,166516
National Institute of Technology Hamirpur,"Civil Engineering (4 Years, Bachelor of Technology)",OS,SC,Female-only (including Supernumerary),173736,173736
National Institute of Technology Hamirpur,"Computer Science and Engineering (4 Years, Bachelor of Technology)",HS,OPEN,Gender-Neutral,23206,23206
National Institute of Technology Hamirpur,"Computer Science and Engineering (4 Years, Bachelor of Technology)",HS,OBC- NCL,Gender-Neutral,97312,97312
National Institute of Technology Hamirpur,"Computer Science and Engineering (4 Years, Bachelor of Technology)",OS,OPEN,Gender-Neutral,12558,14591
National Institute of Technology Hamirpur,"Computer Science and Engineering (4 Years, Bachelor of Technology)",OS,OPEN,Female-only (including Supernumerary),19126,25166
National Institute of Technology Hamirpur,"Computer Science and Engineering (4 Years, Bachelor of Technology)",OS,EWS,Gender-Neutral,15074,15778
National Institute of Technology Hamirpur,"Computer Science and Engineering (4 Years, Bachelor of Technology)",OS,EWS,Female-only (including Supernumerary),28157,28157
National Institute of Technology Hamirpur,"Computer Science and Engineering (4 Years, Bachelor of Technology)",OS,OBC- NCL,Gender-Neutral,17405,19351
National Institute of Technology Hamirpur,"Computer Science and Engineering (4 Years, Bachelor of Technology)",OS,SC,Female-only (including Supernumerary),112217,112217
National Institute of Technology Hamirpur,"Computer Science and Engineering (4 Years, Bachelor of Technology)",OS,ST (PwD),Gender-Neutral,1077004,1077004
National Institute of Technology Hamirpur,"Computer Science and Engineering (5 Years, Bachelor and Master of Technology (Dual Degree))",HS,OBC- NCL,Gender-Neutral,109265,109265
National Institute of Technology Hamirpur,"Computer Science and Engineering (5 Years, Bachelor and Master of Technology (Dual Degree))",OS,OPEN,Gender-Neutral,13274,16913
National Institute of Technology Hamirpur,"Computer Science and Engineering (5 Years, Bachelor and Master of Technology (Dual Degree))",OS,EWS,Gender-Neutral,20162,20162
National Institute of Technology Hamirpur,"Computer Science and Engineering for DASA-CIWG (4 Years, Bachelor of Technology)",DC,OPEN,Gender-Neutral,441386,586444
National Institute of Technology Hamirpur,"Electrical Engineering (4 Years, Bachelor of Technology)",HS,OPEN,Gender-Neutral,52785,61514
National Institute of Technology Hamirpur,"Electrical Engineering (4 Years, Bachelor of Technology)",HS,OPEN,Female-only (including Supernumerary),78983,78983
National Institute of Technology Hamirpur,"Electrical Engineering (4 Years, Bachelor of Technology)",HS,EWS,Gender-Neutral,85283,85283
National Institute of Technology Hamirpur,"Electrical Engineering (4 Years, Bachelor of Technology)",HS,OBC- NCL,Gender-Neutral,78597,244629
National Institute of Technology Hamirpur,"Electrical Engineering (4 Years, Bachelor of Technology)",HS,SC,Gender-Neutral,222997,222997
National Institute of Technology Hamirpur,"Electrical Engineering (4 Years, Bachelor of Technology)",HS,ST,Gender-Neutral,278379,278379
National Institute of Technology Hamirpur,"Electrical Engineering (4 Years, Bachelor of Technology)",OS,OPEN,Gender-Neutral,25461,30648
National Institute of Technology Hamirpur,"Electrical Engineering (4 Years, Bachelor of Technology)",OS,OPEN,Female-only (including Supernumerary),32723,42543
National Institute of Technology Hamirpur,"Electrical Engineering (4 Years, Bachelor of Technology)",OS,EWS,Gender-Neutral,32398,35678
National Institute of Technology Hamirpur,"Electrical Engineering (4 Years, Bachelor of Technology)",OS,EWS,Female-only (including Supernumerary),49477,49477
National Institute of Technology Hamirpur,"Electrical Engineering (4 Years, Bachelor of Technology)",OS,OBC- NCL,Gender-Neutral,32109,35894
National Institute of Technology Hamirpur,"Electrical Engineering (4 Years, Bachelor of Technology)",OS,OBC- NCL,Female-only (including Supernumerary),51739,58646
National Institute of Technology Hamirpur,"Electrical Engineering (4 Years, Bachelor of Technology)",OS,SC,Gender-Neutral,112331,119916
National Institute of Technology Hamirpur,"Electrical Engineering (4 Years, Bachelor of Technology)",OS,ST,Gender-Neutral,175696,189138
National Institute of Technology Hamirpur,"Electrical Engineering (4 Years, Bachelor of Technology)",OS,ST,Female-only (including Supernumerary),256230,256230
National Institute of Technology Hamirpur,"Electronics and Communication Engineering (4 Years, Bachelor of Technology)",HS,OPEN,Gender-Neutral,37806,46432
National Institute of Technology Hamirpur,"Electronics and Communication Engineering (4 Years, Bachelor of Technology)",HS,OBC- NCL,Gender-Neutral,173677,229031
National Institute of Technology Hamirpur,"Electronics and Communication Engineering (4 Years, Bachelor of Technology)",HS,OBC- NCL,Female-only (including Supernumerary),343376,343376
National Institute of Technology Hamirpur,"Electronics and Communication Engineering (4 Years, Bachelor of Technology)",HS,ST,Gender-Neutral,250626,250626
National Institute of Technology Hamirpur,"Electronics and Communication Engineering (4 Years, Bachelor of Technology)",OS,OPEN,Gender-Neutral,18068,23004
National Institute of Technology Hamirpur,"Electronics and Communication Engineering (4 Years, Bachelor of Technology)",OS,OPEN,Female-only (including Supernumerary),31125,31837
National Institute of Technology Hamirpur,"Electronics and Communication Engineering (4 Years, Bachelor of Technology)",OS,EWS,Gender-Neutral,23149,24464
National Institute of Technology Hamirpur,"Electronics and Communication Engineering (4 Years, Bachelor of Technology)",OS,OBC- NCL,Gender-Neutral,24718,26062
National Institute of Technology Hamirpur,"Electronics and Communication Engineering (4 Years, Bachelor of Technology)",OS,OBC- NCL,Female-only (including Supernumerary),36693,45064
National Institute of Technology Hamirpur,"Electronics and Communication Engineering (4 Years, Bachelor of Technology)",OS,SC,Gender-Neutral,75014,75014
National Institute of Technology Hamirpur,"Electronics and Communication Engineering (5 Years, Bachelor and Master of Technology (Dual Degree))",HS,OPEN,Gender-Neutral,47604,48673
National Institute of Technology Hamirpur,"Electronics and Communication Engineering (5 Years, Bachelor and Master of Technology (Dual Degree))",HS,OBC- NCL,Female-only (including Supernumerary),394721,394721
National Institute of Technology Hamirpur,"Electronics and Communication Engineering (5 Years, Bachelor and Master of Technology (Dual Degree))",OS,OPEN,Gender-Neutral,21923,23682
National Institute of Technology Hamirpur,"Electronics and Communication Engineering (5 Years, Bachelor and Master of Technology (Dual Degree))",OS,OPEN,Female-only (including Supernumerary),32960,32960
National Institute of Technology Hamirpur,"Electronics and Communication Engineering (5 Years, Bachelor and Master of Technology (Dual Degree))",OS,EWS,Gender-Neutral,25526,25526
National Institute of Technology Hamirpur,"Electronics and Communication Engineering (5 Years, Bachelor and Master of Technology (Dual Degree))",OS,OBC- NCL,Gender-Neutral,27065,28272
National Institute of Technology Hamirpur,"Electronics and Communication Engineering (5 Years, Bachelor and Master of Technology (Dual Degree))",OS,OBC- NCL,Female-only (including Supernumerary),50682,50682
National Institute of Technology Hamirpur,"Electronics and Communication Engineering (5 Years, Bachelor and Master of Technology (Dual Degree))",OS,SC,Gender-Neutral,108578,109142
National Institute of Technology Hamirpur,"Engineering Physics (4 Years, Bachelor of Technology)",AI,OBC- NCL,Female-only (including Supernumerary),65869,65869
National Institute of Technology Hamirpur,"Engineering Physics (4 Years, Bachelor of Technology)",HS,OPEN,Gender-Neutral,121463,132588
National Institute of Technology Hamirpur,"Engineering Physics (4 Years, Bachelor of Technology)",HS,OPEN,Female-only (including Supernumerary),140420,140420
National Institute of Technology Hamirpur,"Engineering Physics (4 Years, Bachelor of Technology)",HS,EWS,Gender-Neutral,138934,165795
National Institute of Technology Hamirpur,"Engineering Physics (4 Years, Bachelor of Technology)",HS,EWS,Female-only (including Supernumerary),192020,192020
National Institute of Technology Hamirpur,"Engineering Physics (4 Years, Bachelor of Technology)",HS,OBC- NCL,Gender-Neutral,248463,440715
National Institute of Technology Hamirpur,"Engineering Physics (4 Years, Bachelor of Technology)",HS,SC,Gender-Neutral,282712,382166
National Institute of Technology Hamirpur,"Engineering Physics (4 Years, Bachelor of Technology)",OS,OPEN,Gender-Neutral,24301,42937
National Institute of Technology Hamirpur,"Engineering Physics (4 Years, Bachelor of Technology)",OS,OPEN,Female-only (including Supernumerary),56638,64705
National Institute of Technology Hamirpur,"Engineering Physics (4 Years, Bachelor of Technology)",OS,EWS,Gender-Neutral,48241,55179
National Institute of Technology Hamirpur,"Engineering Physics (4 Years, Bachelor of Technology)",OS,OBC- NCL,Gender-Neutral,44958,51253
National Institute of Technology Hamirpur,"Engineering Physics (4 Years, Bachelor of Technology)",OS,OBC- NCL,Female-only (including Supernumerary),86104,87912
National Institute of Technology Hamirpur,"Engineering Physics (4 Years, Bachelor of Technology)",OS,SC,Gender-Neutral,141391,167285
National Institute of Technology Hamirpur,"Engineering Physics (4 Years, Bachelor of Technology)",OS,ST,Gender-Neutral,285388,285388
National Institute of Technology Hamirpur,"Materials Science and Engineering (4 Years, Bachelor of Technology)",HS,OPEN,Gender-Neutral,109045,121593
National Institute of Technology Hamirpur,"Materials Science and Engineering (4 Years, Bachelor of Technology)",HS,OPEN,Female-only (including Supernumerary),162444,162444
National Institute of Technology Hamirpur,"Materials Science and Engineering (4 Years, Bachelor of Technology)",HS,EWS,Gender-Neutral,126455,126455
National Institute of Technology Hamirpur,"Materials Science and Engineering (4 Years, Bachelor of Technology)",HS,OBC- NCL,Gender-Neutral,443484,443484
National Institute of Technology Hamirpur,"Materials Science and Engineering (4 Years, Bachelor of Technology)",HS,SC,Gender-Neutral,347244,347244
National Institute of Technology Hamirpur,"Materials Science and Engineering (4 Years, Bachelor of Technology)",HS,SC,Female-only (including Supernumerary),333521,333521
National Institute of Technology Hamirpur,"Materials Science and Engineering (4 Years, Bachelor of Technology)",HS,ST,Gender-Neutral,305602,305602
National Institute of Technology Hamirpur,"Materials Science and Engineering (4 Years, Bachelor of Technology)",OS,OPEN,Gender-Neutral,47035,55373
National Institute of Technology Hamirpur,"Materials Science and Engineering (4 Years, Bachelor of Technology)",OS,OPEN,Female-only (including Supernumerary),75862,75862
National Institute of Technology Hamirpur,"Materials Science and Engineering (4 Years, Bachelor of Technology)",OS,OPEN (PwD),Gender-Neutral,1257676,1257676
National Institute of Technology Hamirpur,"Materials Science and Engineering (4 Years, Bachelor of Technology)",OS,EWS,Gender-Neutral,55782,55782
National Institute of Technology Hamirpur,"Materials Science and Engineering (4 Years, Bachelor of Technology)",OS,EWS,Female-only (including Supernumerary),106797,106797
National Institute of Technology Hamirpur,"Materials Science and Engineering (4 Years, Bachelor of Technology)",OS,OBC- NCL,Gender-Neutral,57348,61567
National Institute of Technology Hamirpur,"Materials Science and Engineering (4 Years, Bachelor of Technology)",OS,SC,Gender-Neutral,154325,163540
National Institute of Technology Hamirpur,"Materials Science and Engineering (4 Years, Bachelor of Technology)",OS,ST,Gender-Neutral,245269,245269
National Institute of Technology Hamirpur,"Materials Science and Engineering (4 Years, Bachelor of Technology)",OS,ST,Female-only (including Supernumerary),349299,349299
National Institute of Technology Hamirpur,"Mathematics and Computing (4 Years, Bachelor of Technology)",HS,OPEN,Gender-Neutral,34930,34930
National Institute of Technology Hamirpur,"Mathematics and Computing (4 Years, Bachelor of Technology)",HS,OBC- NCL,Gender-Neutral,135979,135979
National Institute of Technology Hamirpur,"Mathematics and Computing (4 Years, Bachelor of Technology)",HS,SC,Gender-Neutral,161196,161196
National Institute of Technology Hamirpur,"Mathematics and Computing (4 Years, Bachelor of Technology)",OS,OPEN,Gender-Neutral,16204,19459
National Institute of Technology Hamirpur,"Mathematics and Computing (4 Years, Bachelor of Technology)",OS,OPEN,Female-only (including Supernumerary),28376,28376
National Institute of Technology Hamirpur,"Mathematics and Computing (4 Years, Bachelor of Technology)",OS,EWS,Gender-Neutral,22237,23480
National Institute of Technology Hamirpur,"Mathematics and Computing (4 Years, Bachelor of Technology)",OS,OBC- NCL,Gender-Neutral,22715,22913
National Institute of Technology Hamirpur,"Mathematics and Computing (4 Years, Bachelor of Technology)",OS,OBC- NCL,Female-only (including Supernumerary),41201,41201
National Institute of Technology Hamirpur,"Mechanical Engineering (4 Years, Bachelor of Technology)",HS,OPEN,Gender-Neutral,74272,75432
National Institute of Technology Hamirpur,"Mechanical Engineering (4 Years, Bachelor of Technology)",HS,OPEN,Female-only (including Supernumerary),139283,143158
National Institute of Technology Hamirpur,"Mechanical Engineering (4 Years, Bachelor of Technology)",HS,EWS,Gender-Neutral,93884,106463
National Institute of Technology Hamirpur,"Mechanical Engineering (4 Years, Bachelor of Technology)",HS,EWS,Female-only (including Supernumerary),149466,149466
National Institute of Technology Hamirpur,"Mechanical Engineering (4 Years, Bachelor of Technology)",HS,OBC- NCL,Gender-Neutral,294414,319111
National Institute of Technology Hamirpur,"Mechanical Engineering (4 Years, Bachelor of Technology)",HS,SC,Gender-Neutral,235137,235137
National Institute of Technology Hamirpur,"Mechanical Engineering (4 Years, Bachelor of Technology)",HS,SC,Female-only (including Supernumerary),377247,377247
National Institute of Technology Hamirpur,"Mechanical Engineering (4 Years, Bachelor of Technology)",HS,ST,Gender-Neutral,295029,295029
National Institute of Technology Hamirpur,"Mechanical Engineering (4 Years, Bachelor of Technology)",OS,OPEN,Gender-Neutral,29520,39279
National Institute of Technology Hamirpur,"Mechanical Engineering (4 Years, Bachelor of Technology)",OS,OPEN,Female-only (including Supernumerary),67233,72183
National Institute of Technology Hamirpur,"Mechanical Engineering (4 Years, Bachelor of Technology)",OS,EWS,Gender-Neutral,39552,43282
National Institute of Technology Hamirpur,"Mechanical Engineering (4 Years, Bachelor of Technology)",OS,EWS,Female-only (including Supernumerary),73575,73575
National Institute of Technology Hamirpur,"Mechanical Engineering (4 Years, Bachelor of Technology)",OS,OBC- NCL,Gender-Neutral,40999,42981
National Institute of Technology Hamirpur,"Mechanical Engineering (4 Years, Bachelor of Technology)",OS,OBC- NCL,Female-only (including Supernumerary),74718,75796
National Institute of Technology Hamirpur,"Mechanical Engineering (4 Years, Bachelor of Technology)",OS,SC,Gender-Neutral,137040,147508
National Institute of Technology Hamirpur,"Mechanical Engineering (4 Years, Bachelor of Technology)",OS,ST,Gender-Neutral,209924,217824
"National Institute of Technology Karnataka, Surathkal","Artificial Intelligence (4 Years, Bachelor of Technology)",HS,OPEN,Gender-Neutral,3775,3950
"National Institute of Technology Karnataka, Surathkal","Artificial Intelligence (4 Years, Bachelor of Technology)",HS,EWS,Gender-Neutral,7022,7022
"National Institute of Technology Karnataka, Surathkal","Artificial Intelligence (4 Years, Bachelor of Technology)",HS,OBC- NCL,Gender-Neutral,13774,13774
"National Institute of Technology Karnataka, Surathkal","Artificial Intelligence (4 Years, Bachelor of Technology)",OS,OPEN,Gender-Neutral,2870,3264
"National Institute of Technology Karnataka, Surathkal","Artificial Intelligence (4 Years, Bachelor of Technology)",OS,EWS,Gender-Neutral,3393,3929
"National Institute of Technology Karnataka, Surathkal","Artificial Intelligence (4 Years, Bachelor of Technology)",OS,EWS,Female-only (including Supernumerary),11577,11577
"National Institute of Technology Karnataka, Surathkal","Artificial Intelligence (4 Years, Bachelor of Technology)",OS,OBC- NCL,Gender-Neutral,5168,5892
"National Institute of Technology Karnataka, Surathkal","Artificial Intelligence (4 Years, Bachelor of Technology)",OS,OBC- NCL,Female-only (including Supernumerary),13938,13938
"National Institute of Technology Karnataka, Surathkal","Artificial Intelligence for DASA-CIWG (4 Years, Bachelor of Technology)",DC,OPEN,Gender-Neutral,28039,42681
"National Institute of Technology Karnataka, Surathkal","Artificial Intelligence for DASA-Non CIWG (4 Years, Bachelor of Technology)",AD,OPEN,Gender-Neutral,33167,50051
"National Institute of Technology Karnataka, Surathkal","Chemical Engineering (4 Years, Bachelor of Technology)",HS,OPEN,Gender-Neutral,16014,19697
"National Institute of Technology Karnataka, Surathkal","Chemical Engineering (4 Years, Bachelor of Technology)",HS,OPEN,Female-only (including Supernumerary),26381,26381
"National Institute of Technology Karnataka, Surathkal","Chemical Engineering (4 Years, Bachelor of Technology)",HS,EWS,Gender-Neutral,27038,33303
"National Institute of Technology Karnataka, Surathkal","Chemical Engineering (4 Years, Bachelor of Technology)",HS,OBC- NCL,Gender-Neutral,31271,41207
"National Institute of Technology Karnataka, Surathkal","Chemical Engineering (4 Years, Bachelor of Technology)",HS,SC,Gender-Neutral,125197,127977
"National Institute of Technology Karnataka, Surathkal","Chemical Engineering (4 Years, Bachelor of Technology)",OS,OPEN,Gender-Neutral,13660,17020
"National Institute of Technology Karnataka, Surathkal","Chemical Engineering (4 Years, Bachelor of Technology)",OS,OPEN,Female-only (including Supernumerary),29510,29510
"National Institute of Technology Karnataka, Surathkal","Chemical Engineering (4 Years, Bachelor of Technology)",OS,EWS,Gender-Neutral,19763,20551
"National Institute of Technology Karnataka, Surathkal","Chemical Engineering (4 Years, Bachelor of Technology)",OS,OBC- NCL,Gender-Neutral,23021,23353
"National Institute of Technology Karnataka, Surathkal","Chemical Engineering (4 Years, Bachelor of Technology)",OS,OBC- NCL,Female-only (including Supernumerary),35909,41347
"National Institute of Technology Karnataka, Surathkal","Chemical Engineering (4 Years, Bachelor of Technology)",OS,SC,Female-only (including Supernumerary),156052,156052
"National Institute of Technology Karnataka, Surathkal","Chemical Engineering for DASA-CIWG (4 Years, Bachelor of Technology)",DC,OPEN,Gender-Neutral,84107,141585
"National Institute of Technology Karnataka, Surathkal","Chemical Engineering for DASA-Non CIWG (4 Years, Bachelor of Technology)",AD,OPEN,Gender-Neutral,76661,363190
"National Institute of Technology Karnataka, Surathkal","Civil Engineering (4 Years, Bachelor of Technology)",HS,OPEN,Gender-Neutral,8504,30653
"National Institute of Technology Karnataka, Surathkal","Civil Engineering (4 Years, Bachelor of Technology)",HS,OPEN,Female-only (including Supernumerary),48097,48097
"National Institute of Technology Karnataka, Surathkal","Civil Engineering (4 Years, Bachelor of Technology)",HS,EWS,Gender-Neutral,32272,67383
"National Institute of Technology Karnataka, Surathkal","Civil Engineering (4 Years, Bachelor of Technology)",HS,OBC- NCL,Gender-Neutral,36978,58507
"National Institute of Technology Karnataka, Surathkal","Civil Engineering (4 Years, Bachelor of Technology)",HS,OBC- NCL,Female-only (including Supernumerary),60271,63082
"National Institute of Technology Karnataka, Surathkal","Civil Engineering (4 Years, Bachelor of Technology)",HS,SC,Gender-Neutral,119576,119576
"National Institute of Technology Karnataka, Surathkal","Civil Engineering (4 Years, Bachelor of Technology)",HS,SC,Female-only (including Supernumerary),154571,154571
"National Institute of Technology Karnataka, Surathkal","Civil Engineering (4 Years, Bachelor of Technology)",OS,OPEN,Gender-Neutral,14102,25375
"National Institute of Technology Karnataka, Surathkal","Civil Engineering (4 Years, Bachelor of Technology)",OS,OPEN,Female-only (including Supernumerary),36568,39015
"National Institute of Technology Karnataka, Surathkal","Civil Engineering (4 Years, Bachelor of Technology)",OS,EWS,Gender-Neutral,25914,29433
"National Institute of Technology Karnataka, Surathkal","Civil Engineering (4 Years, Bachelor of Technology)",OS,EWS,Female-only (including Supernumerary),47245,47245
"National Institute of Technology Karnataka, Surathkal","Civil Engineering (4 Years, Bachelor of Technology)",OS,OBC- NCL,Gender-Neutral,28533,31017
"National Institute of Technology Karnataka, Surathkal","Civil Engineering (4 Years, Bachelor of Technology)",OS,OBC- NCL,Female-only (including Supernumerary),55472,55472
"National Institute of Technology Karnataka, Surathkal","Civil Engineering (4 Years, Bachelor of Technology)",OS,SC,Gender-Neutral,107197,108003
"National Institute of Technology Karnataka, Surathkal","Civil Engineering for DASA-CIWG (4 Years, Bachelor of Technology)",DC,OPEN,Gender-Neutral,234186,366789
"National Institute of Technology Karnataka, Surathkal","Civil Engineering for DASA-Non CIWG (4 Years, Bachelor of Technology)",AD,OPEN,Gender-Neutral,607990,607990
"National Institute of Technology Karnataka, Surathkal","Computational and Data Science (4 Years, Bachelor of Technology)",HS,OPEN,Gender-Neutral,3709,6879
"National Institute of Technology Karnataka, Surathkal","Computational and Data Science (4 Years, Bachelor of Technology)",HS,OPEN (PwD),Gender-Neutral,329427,329427
"National Institute of Technology Karnataka, Surathkal","Computational and Data Science (4 Years, Bachelor of Technology)",HS,OBC- NCL,Gender-Neutral,15583,15583
"National Institute of Technology Karnataka, Surathkal","Computational and Data Science (4 Years, Bachelor of Technology)",OS,OPEN,Gender-Neutral,4236,4470
"National Institute of Technology Karnataka, Surathkal","Computational and Data Science (4 Years, Bachelor of Technology)",OS,EWS,Gender-Neutral,5090,5090
"National Institute of Technology Karnataka, Surathkal","Computational and Data Science for DASA-CIWG (4 Years, Bachelor of Technology)",DC,OPEN,Gender-Neutral,33610,47457
"National Institute of Technology Karnataka, Surathkal","Computational and Data Science for DASA-Non CIWG (4 Years, Bachelor of Technology)",AD,OPEN,Gender-Neutral,49528,76237
"National Institute of Technology Karnataka, Surathkal","Computer Science and Engineering (4 Years, Bachelor of Technology)",HS,OPEN,Gender-Neutral,2815,3025
"National Institute of Technology Karnataka, Surathkal","Computer Science and Engineering (4 Years, Bachelor of Technology)",HS,EWS,Gender-Neutral,6398,6398
"National Institute of Technology Karnataka, Surathkal","Computer Science and Engineering (4 Years, Bachelor of Technology)",HS,OBC- NCL,Gender-Neutral,10446,10446
"National Institute of Technology Karnataka, Surathkal","Computer Science and Engineering (4 Years, Bachelor of Technology)",OS,OPEN,Gender-Neutral,1923,2158
"National Institute of Technology Karnataka, Surathkal","Computer Science and Engineering (4 Years, Bachelor of Technology)",OS,OPEN,Female-only (including Supernumerary),4045,4892
"National Institute of Technology Karnataka, Surathkal","Computer Science and Engineering (4 Years, Bachelor of Technology)",OS,EWS,Gender-Neutral,3274,3274
"National Institute of Technology Karnataka, Surathkal","Computer Science and Engineering (4 Years, Bachelor of Technology)",OS,OBC- NCL,Gender-Neutral,3030,3606
"National Institute of Technology Karnataka, Surathkal","Computer Science and Engineering for DASA-CIWG (4 Years, Bachelor of Technology)",DC,OPEN,Gender-Neutral,14980,22420
"National Institute of Technology Karnataka, Surathkal","Computer Science and Engineering for DASA-Non CIWG (4 Years, Bachelor of Technology)",AD,OPEN,Gender-Neutral,3706,33405
"National Institute of Technology Karnataka, Surathkal","Electrical and Electronics Engineering (4 Years, Bachelor of Technology)",HS,OPEN,Gender-Neutral,7530,9985
"National Institute of Technology Karnataka, Surathkal","Electrical and Electronics Engineering (4 Years, Bachelor of Technology)",HS,OPEN,Female-only (including Supernumerary),15135,15135
"National Institute of Technology Karnataka, Surathkal","Electrical and Electronics Engineering (4 Years, Bachelor of Technology)",HS,OPEN (PwD),Gender-Neutral,372812,372812
"National Institute of Technology Karnataka, Surathkal","Electrical and Electronics Engineering (4 Years, Bachelor of Technology)",HS,EWS,Gender-Neutral,16184,16184
"National Institute of Technology Karnataka, Surathkal","Electrical and Electronics Engineering (4 Years, Bachelor of Technology)",HS,OBC- NCL,Gender-Neutral,19174,20136
"National Institute of Technology Karnataka, Surathkal","Electrical and Electronics Engineering (4 Years, Bachelor of Technology)",HS,SC,Female-only (including Supernumerary),152859,152859
"National Institute of Technology Karnataka, Surathkal","Electrical and Electronics Engineering (4 Years, Bachelor of Technology)",HS,ST,Gender-Neutral,177952,177952
"National Institute of Technology Karnataka, Surathkal","Electrical and Electronics Engineering (4 Years, Bachelor of Technology)",OS,OPEN,Gender-Neutral,7141,7858
"National Institute of Technology Karnataka, Surathkal","Electrical and Electronics Engineering (4 Years, Bachelor of Technology)",OS,OPEN,Female-only (including Supernumerary),13488,14652
"National Institute of Technology Karnataka, Surathkal","Electrical and Electronics Engineering (4 Years, Bachelor of Technology)",OS,EWS,Gender-Neutral,9775,10995
"National Institute of Technology Karnataka, Surathkal","Electrical and Electronics Engineering (4 Years, Bachelor of Technology)",OS,EWS,Female-only (including Supernumerary),23590,23590
"National Institute of Technology Karnataka, Surathkal","Electrical and Electronics Engineering (4 Years, Bachelor of Technology)",OS,OBC- NCL,Gender-Neutral,8312,12465
"National Institute of Technology Karnataka, Surathkal","Electrical and Electronics Engineering (4 Years, Bachelor of Technology)",OS,OBC- NCL,Female-only (including Supernumerary),24543,24543
"National Institute of Technology Karnataka, Surathkal","Electrical and Electronics Engineering (4 Years, Bachelor of Technology)",OS,SC,Gender-Neutral,57417,57417
"National Institute of Technology Karnataka, Surathkal","Electrical and Electronics Engineering for DASA-CIWG (4 Years, Bachelor of Technology)",DC,OPEN,Gender-Neutral,75523,110003
"National Institute of Technology Karnataka, Surathkal","Electrical and Electronics Engineering for DASA-Non CIWG (4 Years, Bachelor of Technology)",AD,OPEN,Gender-Neutral,87536,156135
"National Institute of Technology Karnataka, Surathkal","Electronics and Communication Engineering (4 Years, Bachelor of Technology)",HS,OPEN,Gender-Neutral,6134,7362
"National Institute of Technology Karnataka, Surathkal","Electronics and Communication Engineering (4 Years, Bachelor of Technology)",HS,OBC- NCL,Gender-Neutral,16132,16430
"National Institute of Technology Karnataka, Surathkal","Electronics and Communication Engineering (4 Years, Bachelor of Technology)",HS,OBC- NCL (PwD),Gender-Neutral,273483,273483
"National Institute of Technology Karnataka, Surathkal","Electronics and Communication Engineering (4 Years, Bachelor of Technology)",HS,SC,Female-only (including Supernumerary),116314,116314
"National Institute of Technology Karnataka, Surathkal","Electronics and Communication Engineering (4 Years, Bachelor of Technology)",HS,ST,Gender-Neutral,98833,98833
"National Institute of Technology Karnataka, Surathkal","Electronics and Communication Engineering (4 Years, Bachelor of Technology)",OS,OPEN,Gender-Neutral,3980,5316
"National Institute of Technology Karnataka, Surathkal","Electronics and Communication Engineering (4 Years, Bachelor of Technology)",OS,OPEN,Female-only (including Supernumerary),8663,10678
"National Institute of Technology Karnataka, Surathkal","Electronics and Communication Engineering (4 Years, Bachelor of Technology)",OS,EWS,Gender-Neutral,5793,6196
"National Institute of Technology Karnataka, Surathkal","Electronics and Communication Engineering (4 Years, Bachelor of Technology)",OS,EWS,Female-only (including Supernumerary),15173,15173
"National Institute of Technology Karnataka, Surathkal","Electronics and Communication Engineering (4 Years, Bachelor of Technology)",OS,OBC- NCL,Gender-Neutral,7012,7933
"National Institute of Technology Karnataka, Surathkal","Electronics and Communication Engineering (4 Years, Bachelor of Technology)",OS,OBC- NCL,Female-only (including Supernumerary),18138,20004
"National Institute of Technology Karnataka, Surathkal","Electronics and Communication Engineering (4 Years, Bachelor of Technology)",OS,SC,Female-only (including Supernumerary),64387,64387
"National Institute of Technology Karnataka, Surathkal","Electronics and Communication Engineering for DASA-CIWG (4 Years, Bachelor of Technology)",DC,OPEN,Gender-Neutral,29028,54969
"National Institute of Technology Karnataka, Surathkal","Electronics and Communication Engineering for DASA-Non CIWG (4 Years, Bachelor of Technology)",AD,OPEN,Gender-Neutral,43365,79607
"National Institute of Technology Karnataka, Surathkal","Information Technology (4 Years, Bachelor of Technology)",HS,OPEN,Gender-Neutral,4342,6343
"National Institute of Technology Karnataka, Surathkal","Information Technology (4 Years, Bachelor of Technology)",HS,EWS,Gender-Neutral,14032,14032
"National Institute of Technology Karnataka, Surathkal","Information Technology (4 Years, Bachelor of Technology)",HS,OBC- NCL,Gender-Neutral,14157,14157
"National Institute of Technology Karnataka, Surathkal","Information Technology (4 Years, Bachelor of Technology)",OS,OPEN,Gender-Neutral,3192,3739
"National Institute of Technology Karnataka, Surathkal","Information Technology (4 Years, Bachelor of Technology)",OS,EWS,Gender-Neutral,4056,4448
"National Institute of Technology Karnataka, Surathkal","Information Technology (4 Years, Bachelor of Technology)",OS,OBC- NCL,Gender-Neutral,5930,5930
"National Institute of Technology Karnataka, Surathkal","Information Technology (4 Years, Bachelor of Technology)",OS,SC,Female-only (including Supernumerary),48974,48974
"National Institute of Technology Karnataka, Surathkal","Information Technology for DASA-CIWG (4 Years, Bachelor of Technology)",DC,OPEN,Gender-Neutral,22657,40742
"National Institute of Technology Karnataka, Surathkal","Information Technology for DASA-Non CIWG (4 Years, Bachelor of Technology)",AD,OPEN,Gender-Neutral,34504,77316
"National Institute of Technology Karnataka, Surathkal","Mechanical Engineering (4 Years, Bachelor of Technology)",HS,OPEN,Gender-Neutral,12714,15854
"National Institute of Technology Karnataka, Surathkal","Mechanical Engineering (4 Years, Bachelor of Technology)",HS,OPEN,Female-only (including Supernumerary),20834,26700
"National Institute of Technology Karnataka, Surathkal","Mechanical Engineering (4 Years, Bachelor of Technology)",HS,EWS,Gender-Neutral,25628,25923
"National Institute of Technology Karnataka, Surathkal","Mechanical Engineering (4 Years, Bachelor of Technology)",HS,EWS,Female-only (including Supernumerary),66131,66131
"National Institute of Technology Karnataka, Surathkal","Mechanical Engineering (4 Years, Bachelor of Technology)",HS,OBC- NCL,Gender-Neutral,25085,28038
"National Institute of Technology Karnataka, Surathkal","Mechanical Engineering (4 Years, Bachelor of Technology)",HS,OBC- NCL,Female-only (including Supernumerary),47076,47076
"National Institute of Technology Karnataka, Surathkal","Mechanical Engineering (4 Years, Bachelor of Technology)",HS,SC,Gender-Neutral,92352,97372
"National Institute of Technology Karnataka, Surathkal","Mechanical Engineering (4 Years, Bachelor of Technology)",HS,SC,Female-only (including Supernumerary),173887,173887
"National Institute of Technology Karnataka, Surathkal","Mechanical Engineering (4 Years, Bachelor of Technology)",OS,OPEN,Gender-Neutral,10786,14036
"National Institute of Technology Karnataka, Surathkal","Mechanical Engineering (4 Years, Bachelor of Technology)",OS,OPEN,Female-only (including Supernumerary),24059,24398
"National Institute of Technology Karnataka, Surathkal","Mechanical Engineering (4 Years, Bachelor of Technology)",OS,EWS,Gender-Neutral,15427,16362
"National Institute of Technology Karnataka, Surathkal","Mechanical Engineering (4 Years, Bachelor of Technology)",OS,EWS,Female-only (including Supernumerary),30688,33153
"National Institute of Technology Karnataka, Surathkal","Mechanical Engineering (4 Years, Bachelor of Technology)",OS,OBC- NCL,Gender-Neutral,18734,21278
"National Institute of Technology Karnataka, Surathkal","Mechanical Engineering (4 Years, Bachelor of Technology)",OS,OBC- NCL,Female-only (including Supernumerary),37578,38410
"National Institute of Technology Karnataka, Surathkal","Mechanical Engineering (4 Years, Bachelor of Technology)",OS,SC,Gender-Neutral,75247,75247
"National Institute of Technology Karnataka, Surathkal","Mechanical Engineering (4 Years, Bachelor of Technology)",OS,SC,Female-only (including Supernumerary),129397,142366
"National Institute of Technology Karnataka, Surathkal","Mechanical Engineering (4 Years, Bachelor of Technology)",OS,ST,Gender-Neutral,103486,103687
"National Institute of Technology Karnataka, Surathkal","Mechanical Engineering for DASA-CIWG (4 Years, Bachelor of Technology)",DC,OPEN,Gender-Neutral,89988,128896
"National Institute of Technology Karnataka, Surathkal","Mechanical Engineering for DASA-Non CIWG (4 Years, Bachelor of Technology)",AD,OPEN,Gender-Neutral,108837,205379
"National Institute of Technology Karnataka, Surathkal","Metallurgical and Materials Engineering (4 Years, Bachelor of Technology)",HS,OPEN,Gender-Neutral,21906,26161
"National Institute of Technology Karnataka, Surathkal","Metallurgical and Materials Engineering (4 Years, Bachelor of Technology)",HS,OPEN,Female-only (including Supernumerary),44189,46883
"National Institute of Technology Karnataka, Surathkal","Metallurgical and Materials Engineering (4 Years, Bachelor of Technology)",HS,EWS,Gender-Neutral,36506,36506
"National Institute of Technology Karnataka, Surathkal","Metallurgical and Materials Engineering (4 Years, Bachelor of Technology)",HS,OBC- NCL,Gender-Neutral,43513,43513
"National Institute of Technology Karnataka, Surathkal","Metallurgical and Materials Engineering (4 Years, Bachelor of Technology)",HS,SC,Gender-Neutral,157692,159834
"National Institute of Technology Karnataka, Surathkal","Metallurgical and Materials Engineering (4 Years, Bachelor of Technology)",HS,ST,Gender-Neutral,209226,209226
"National Institute of Technology Karnataka, Surathkal","Metallurgical and Materials Engineering (4 Years, Bachelor of Technology)",OS,OPEN,Gender-Neutral,22774,24126
"National Institute of Technology Karnataka, Surathkal","Metallurgical and Materials Engineering (4 Years, Bachelor of Technology)",OS,OPEN,Female-only (including Supernumerary),25073,29193
"National Institute of Technology Karnataka, Surathkal","Metallurgical and Materials Engineering (4 Years, Bachelor of Technology)",OS,EWS,Gender-Neutral,28652,28652
"National Institute of Technology Karnataka, Surathkal","Metallurgical and Materials Engineering (4 Years, Bachelor of Technology)",OS,EWS,Female-only (including Supernumerary),54637,54637
"National Institute of Technology Karnataka, Surathkal","Metallurgical and Materials Engineering (4 Years, Bachelor of Technology)",OS,OBC- NCL,Gender-Neutral,29295,32500
"National Institute of Technology Karnataka, Surathkal","Metallurgical and Materials Engineering (4 Years, Bachelor of Technology)",OS,OBC- NCL,Female-only (including Supernumerary),50053,50261
"National Institute of Technology Karnataka, Surathkal","Metallurgical and Materials Engineering (4 Years, Bachelor of Technology)",OS,SC,Female-only (including Supernumerary),150915,150915
"National Institute of Technology Karnataka, Surathkal","Metallurgical and Materials Engineering for DASA-CIWG (4 Years, Bachelor of Technology)",DC,OPEN,Gender-Neutral,513425,568773
"National Institute of Technology Karnataka, Surathkal","Metallurgical and Materials Engineering for DASA-Non CIWG (4 Years, Bachelor of Technology)",AD,OPEN,Gender-Neutral,204417,688014
"National Institute of Technology Karnataka, Surathkal","Mining Engineering (4 Years, Bachelor of Technology)",HS,OPEN,Gender-Neutral,27205,40486
"National Institute of Technology Karnataka, Surathkal","Mining Engineering (4 Years, Bachelor of Technology)",HS,OPEN,Female-only (including Supernumerary),55436,66210
"National Institute of Technology Karnataka, Surathkal","Mining Engineering (4 Years, Bachelor of Technology)",HS,EWS,Gender-Neutral,62758,62758
"National Institute of Technology Karnataka, Surathkal","Mining Engineering (4 Years, Bachelor of Technology)",HS,OBC- NCL,Gender-Neutral,59832,72264
"National Institute of Technology Karnataka, Surathkal","Mining Engineering (4 Years, Bachelor of Technology)",HS,OBC- NCL,Female-only (including Supernumerary),79359,79359
"National Institute of Technology Karnataka, Surathkal","Mining Engineering (4 Years, Bachelor of Technology)",HS,SC,Gender-Neutral,163702,163702
"National Institute of Technology Karnataka, Surathkal","Mining Engineering (4 Years, Bachelor of Technology)",HS,SC,Female-only (including Supernumerary),358979,358979
"National Institute of Technology Karnataka, Surathkal","Mining Engineering (4 Years, Bachelor of Technology)",HS,ST,Gender-Neutral,257550,257550
"National Institute of Technology Karnataka, Surathkal","Mining Engineering (4 Years, Bachelor of Technology)",OS,OPEN,Gender-Neutral,25049,31511
"National Institute of Technology Karnataka, Surathkal","Mining Engineering (4 Years, Bachelor of Technology)",OS,OPEN,Female-only (including Supernumerary),53054,58916
"National Institute of Technology Karnataka, Surathkal","Mining Engineering (4 Years, Bachelor of Technology)",OS,EWS,Gender-Neutral,36001,36001
"National Institute of Technology Karnataka, Surathkal","Mining Engineering (4 Years, Bachelor of Technology)",OS,EWS,Female-only (including Supernumerary),66644,66644
"National Institute of Technology Karnataka, Surathkal","Mining Engineering (4 Years, Bachelor of Technology)",OS,OBC- NCL,Gender-Neutral,36117,37516
"National Institute of Technology Karnataka, Surathkal","Mining Engineering (4 Years, Bachelor of Technology)",OS,OBC- NCL,Female-only (including Supernumerary),60542,60542
"National Institute of Technology Karnataka, Surathkal","Mining Engineering (4 Years, Bachelor of Technology)",OS,SC,Gender-Neutral,121976,121976
"National Institute of Technology Karnataka, Surathkal","Mining Engineering (4 Years, Bachelor of Technology)",OS,SC,Female-only (including Supernumerary),188509,188509
"National Institute of Technology Karnataka, Surathkal","Mining Engineering for DASA-CIWG (4 Years, Bachelor of Technology)",DC,OPEN,Gender-Neutral,587729,587729
National Institute of Technology Meghalaya,"Civil Engineering (4 Years, Bachelor of Technology)",AI,EWS,Gender-Neutral,66163,66163
National Institute of Technology Meghalaya,"Civil Engineering (4 Years, Bachelor of Technology)",AI,EWS,Female-only (including Supernumerary),107725,107725
National Institute of Technology Meghalaya,"Civil Engineering (4 Years, Bachelor of Technology)",HS,ST,Gender-Neutral,359018,573904
National Institute of Technology Meghalaya,"Civil Engineering (4 Years, Bachelor of Technology)",OS,OPEN,Gender-Neutral,55272,64044
National Institute of Technology Meghalaya,"Civil Engineering (4 Years, Bachelor of Technology)",OS,OPEN,Female-only (including Supernumerary),87124,103377
National Institute of Technology Meghalaya,"Civil Engineering (4 Years, Bachelor of Technology)",OS,EWS,Gender-Neutral,74383,74383
National Institute of Technology Meghalaya,"Civil Engineering (4 Years, Bachelor of Technology)",OS,OBC- NCL,Gender-Neutral,65903,71400
National Institute of Technology Meghalaya,"Civil Engineering (4 Years, Bachelor of Technology)",OS,OBC- NCL,Female-only (including Supernumerary),119094,119094
National Institute of Technology Meghalaya,"Civil Engineering (4 Years, Bachelor of Technology)",OS,SC,Gender-Neutral,190088,201364
National Institute of Technology Meghalaya,"Computer Science and Engineering (4 Years, Bachelor of Technology)",AI,EWS,Gender-Neutral,34518,34518
National Institute of Technology Meghalaya,"Computer Science and Engineering (4 Years, Bachelor of Technology)",HS,SC,Gender-Neutral,351091,351091
National Institute of Technology Meghalaya,"Computer Science and Engineering (4 Years, Bachelor of Technology)",HS,ST,Gender-Neutral,404930,404930
National Institute of Technology Meghalaya,"Computer Science and Engineering (4 Years, Bachelor of Technology)",HS,ST,Female-only (including Supernumerary),393913,926566
National Institute of Technology Meghalaya,"Computer Science and Engineering (4 Years, Bachelor of Technology)",OS,OPEN,Gender-Neutral,24448,32258
National Institute of Technology Meghalaya,"Computer Science and Engineering (4 Years, Bachelor of Technology)",OS,OPEN,Female-only (including Supernumerary),38153,38153
National Institute of Technology Meghalaya,"Computer Science and Engineering (4 Years, Bachelor of Technology)",OS,EWS,Gender-Neutral,37466,37466
National Institute of Technology Meghalaya,"Computer Science and Engineering (4 Years, Bachelor of Technology)",OS,EWS (PwD),Gender-Neutral,600364,600364
National Institute of Technology Meghalaya,"Computer Science and Engineering (4 Years, Bachelor of Technology)",OS,OBC- NCL,Gender-Neutral,35937,36793
National Institute of Technology Meghalaya,"Computer Science and Engineering (4 Years, Bachelor of Technology)",OS,OBC- NCL,Female-only (including Supernumerary),52048,52048
National Institute of Technology Meghalaya,"Computer Science and Engineering (4 Years, Bachelor of Technology)",OS,SC,Female-only (including Supernumerary),161918,161918
National Institute of Technology Meghalaya,"Computer Science and Engineering (4 Years, Bachelor of Technology)",OS,ST,Gender-Neutral,176923,176923
National Institute of Technology Meghalaya,"Electrical and Electronics Engineering (4 Years, Bachelor of Technology)",AI,EWS,Gender-Neutral,49614,49614
National Institute of Technology Meghalaya,"Electrical and Electronics Engineering (4 Years, Bachelor of Technology)",HS,ST,Gender-Neutral,697332,920231
National Institute of Technology Meghalaya,"Electrical and Electronics Engineering (4 Years, Bachelor of Technology)",HS,ST,Female-only (including Supernumerary),606997,606997
National Institute of Technology Meghalaya,"Electrical and Electronics Engineering (4 Years, Bachelor of Technology)",OS,OPEN,Gender-Neutral,45311,49362
National Institute of Technology Meghalaya,"Electrical and Electronics Engineering (4 Years, Bachelor of Technology)",OS,OPEN,Female-only (including Supernumerary),66329,66329
National Institute of Technology Meghalaya,"Electrical and Electronics Engineering (4 Years, Bachelor of Technology)",OS,EWS,Gender-Neutral,49662,50145
National Institute of Technology Meghalaya,"Electrical and Electronics Engineering (4 Years, Bachelor of Technology)",OS,OBC- NCL,Gender-Neutral,50475,51887
National Institute of Technology Meghalaya,"Electrical and Electronics Engineering (4 Years, Bachelor of Technology)",OS,OBC- NCL,Female-only (including Supernumerary),93323,93323
National Institute of Technology Meghalaya,"Electrical and Electronics Engineering (4 Years, Bachelor of Technology)",OS,SC,Gender-Neutral,158551,169959
National Institute of Technology Meghalaya,"Electrical and Electronics Engineering (4 Years, Bachelor of Technology)",OS,ST,Female-only (including Supernumerary),339928,339928
National Institute of Technology Meghalaya,"Electronics and Communication Engineering (4 Years, Bachelor of Technology)",AI,EWS,Gender-Neutral,46909,46909
National Institute of Technology Meghalaya,"Electronics and Communication Engineering (4 Years, Bachelor of Technology)",HS,ST,Gender-Neutral,599800,878680
National Institute of Technology Meghalaya,"Electronics and Communication Engineering (4 Years, Bachelor of Technology)",OS,OPEN,Gender-Neutral,38323,42851
National Institute of Technology Meghalaya,"Electronics and Communication Engineering (4 Years, Bachelor of Technology)",OS,OPEN,Female-only (including Supernumerary),55609,55609
National Institute of Technology Meghalaya,"Electronics and Communication Engineering (4 Years, Bachelor of Technology)",OS,EWS,Gender-Neutral,48659,48659
National Institute of Technology Meghalaya,"Electronics and Communication Engineering (4 Years, Bachelor of Technology)",OS,EWS,Female-only (including Supernumerary),80837,80837
National Institute of Technology Meghalaya,"Electronics and Communication Engineering (4 Years, Bachelor of Technology)",OS,OBC- NCL,Gender-Neutral,43140,44548
National Institute of Technology Meghalaya,"Electronics and Communication Engineering (4 Years, Bachelor of Technology)",OS,OBC- NCL,Female-only (including Supernumerary),83551,83551
National Institute of Technology Meghalaya,"Electronics and Communication Engineering (4 Years, Bachelor of Technology)",OS,SC,Gender-Neutral,134122,134122
National Institute of Technology Meghalaya,"Electronics and Communication Engineering (4 Years, Bachelor of Technology)",OS,SC,Female-only (including Supernumerary),206748,206748
National Institute of Technology Meghalaya,"Electronics and Communication Engineering (4 Years, Bachelor of Technology)",OS,ST,Gender-Neutral,228563,228563
National Institute of Technology Meghalaya,"Mechanical Engineering (4 Years, Bachelor of Technology)",AI,EWS,Gender-Neutral,62852,62852
National Institute of Technology Meghalaya,"Mechanical Engineering (4 Years, Bachelor of Technology)",AI,EWS,Female-only (including Supernumerary),85176,85176
National Institute of Technology Meghalaya,"Mechanical Engineering (4 Years, Bachelor of Technology)",AI,ST,Female-only (including Supernumerary),350470,350470
National Institute of Technology Meghalaya,"Mechanical Engineering (4 Years, Bachelor of Technology)",HS,OPEN,Female-only (including Supernumerary),1075771,1075771
National Institute of Technology Meghalaya,"Mechanical Engineering (4 Years, Bachelor of Technology)",HS,SC,Gender-Neutral,594286,594286
National Institute of Technology Meghalaya,"Mechanical Engineering (4 Years, Bachelor of Technology)",HS,ST,Gender-Neutral,761135,906332
National Institute of Technology Meghalaya,"Mechanical Engineering (4 Years, Bachelor of Technology)",HS,ST,Female-only (including Supernumerary),1307162,1307162
National Institute of Technology Meghalaya,"Mechanical Engineering (4 Years, Bachelor of Technology)",OS,OPEN,Gender-Neutral,56496,57792
National Institute of Technology Meghalaya,"Mechanical Engineering (4 Years, Bachelor of Technology)",OS,OPEN,Female-only (including Supernumerary),83458,83458
National Institute of Technology Meghalaya,"Mechanical Engineering (4 Years, Bachelor of Technology)",OS,EWS,Gender-Neutral,64691,64691
National Institute of Technology Meghalaya,"Mechanical Engineering (4 Years, Bachelor of Technology)",OS,OBC- NCL,Gender-Neutral,59057,60726
National Institute of Technology Meghalaya,"Mechanical Engineering (4 Years, Bachelor of Technology)",OS,OBC- NCL,Female-only (including Supernumerary),93955,93955
National Institute of Technology Meghalaya,"Mechanical Engineering (4 Years, Bachelor of Technology)",OS,SC,Gender-Neutral,177866,179171
National Institute of Technology Meghalaya,"Mechanical Engineering (4 Years, Bachelor of Technology)",OS,SC,Female-only (including Supernumerary),244483,244483
National Institute of Technology Meghalaya,"Mechanical Engineering (4 Years, Bachelor of Technology)",OS,ST,Gender-Neutral,256643,259800
National Institute of Technology Nagaland,"Civil Engineering (4 Years, Bachelor of Technology)",HS,ST,Gender-Neutral,415952,415952
National Institute of Technology Nagaland,"Civil Engineering (4 Years, Bachelor of Technology)",OS,OPEN,Gender-Neutral,70993,86794
National Institute of Technology Nagaland,"Civil Engineering (4 Years, Bachelor of Technology)",OS,OPEN,Female-only (including Supernumerary),124596,124596
National Institute of Technology Nagaland,"Civil Engineering (4 Years, Bachelor of Technology)",OS,EWS,Gender-Neutral,89163,92383
National Institute of Technology Nagaland,"Civil Engineering (4 Years, Bachelor of Technology)",OS,EWS,Female-only (including Supernumerary),152746,152746
National Institute of Technology Nagaland,"Civil Engineering (4 Years, Bachelor of Technology)",OS,OBC- NCL,Gender-Neutral,89023,91426
National Institute of Technology Nagaland,"Civil Engineering (4 Years, Bachelor of Technology)",OS,OBC- NCL,Female-only (including Supernumerary),155902,155902
National Institute of Technology Nagaland,"Civil Engineering (4 Years, Bachelor of Technology)",OS,SC,Gender-Neutral,215968,224902
National Institute of Technology Nagaland,"Civil Engineering (4 Years, Bachelor of Technology)",OS,SC,Female-only (including Supernumerary),278320,278320
National Institute of Technology Nagaland,"Computer Science and Engineering (4 Years, Bachelor of Technology)",HS,ST,Gender-Neutral,578388,622467
National Institute of Technology Nagaland,"Computer Science and Engineering (4 Years, Bachelor of Technology)",HS,ST,Female-only (including Supernumerary),549492,549492
National Institute of Technology Nagaland,"Computer Science and Engineering (4 Years, Bachelor of Technology)",OS,OPEN,Gender-Neutral,32736,45923
National Institute of Technology Nagaland,"Computer Science and Engineering (4 Years, Bachelor of Technology)",OS,OPEN,Female-only (including Supernumerary),62333,77601
National Institute of Technology Nagaland,"Computer Science and Engineering (4 Years, Bachelor of Technology)",OS,EWS,Gender-Neutral,56677,59268
National Institute of Technology Nagaland,"Computer Science and Engineering (4 Years, Bachelor of Technology)",OS,OBC- NCL,Gender-Neutral,49216,51613
National Institute of Technology Nagaland,"Computer Science and Engineering (4 Years, Bachelor of Technology)",OS,OBC- NCL,Female-only (including Supernumerary),89583,89583
National Institute of Technology Nagaland,"Computer Science and Engineering (4 Years, Bachelor of Technology)",OS,SC,Gender-Neutral,129878,129878
National Institute of Technology Nagaland,"Electrical and Electronics Engineering (4 Years, Bachelor of Technology)",AI,ST,Female-only (including Supernumerary),449510,449510
National Institute of Technology Nagaland,"Electrical and Electronics Engineering (4 Years, Bachelor of Technology)",HS,ST,Gender-Neutral,677651,725945
National Institute of Technology Nagaland,"Electrical and Electronics Engineering (4 Years, Bachelor of Technology)",OS,OPEN,Gender-Neutral,46253,71004
National Institute of Technology Nagaland,"Electrical and Electronics Engineering (4 Years, Bachelor of Technology)",OS,OPEN,Female-only (including Supernumerary),85847,93917
National Institute of Technology Nagaland,"Electrical and Electronics Engineering (4 Years, Bachelor of Technology)",OS,EWS,Gender-Neutral,77705,78213
National Institute of Technology Nagaland,"Electrical and Electronics Engineering (4 Years, Bachelor of Technology)",OS,OBC- NCL,Gender-Neutral,71192,73692
National Institute of Technology Nagaland,"Electrical and Electronics Engineering (4 Years, Bachelor of Technology)",OS,OBC- NCL,Female-only (including Supernumerary),105653,105653
National Institute of Technology Nagaland,"Electrical and Electronics Engineering (4 Years, Bachelor of Technology)",OS,SC,Gender-Neutral,183579,185424
National Institute of Technology Nagaland,"Electrical and Electronics Engineering (4 Years, Bachelor of Technology)",OS,SC,Female-only (including Supernumerary),247684,247684
National Institute of Technology Nagaland,"Electronics and Communication Engineering (4 Years, Bachelor of Technology)",AI,ST,Gender-Neutral,270909,357290
National Institute of Technology Nagaland,"Electronics and Communication Engineering (4 Years, Bachelor of Technology)",AI,ST,Female-only (including Supernumerary),390461,409678
National Institute of Technology Nagaland,"Electronics and Communication Engineering (4 Years, Bachelor of Technology)",OS,OPEN,Gender-Neutral,49461,63746
National Institute of Technology Nagaland,"Electronics and Communication Engineering (4 Years, Bachelor of Technology)",OS,OPEN,Female-only (including Supernumerary),95379,99341
National Institute of Technology Nagaland,"Electronics and Communication Engineering (4 Years, Bachelor of Technology)",OS,EWS,Gender-Neutral,65206,67726
National Institute of Technology Nagaland,"Electronics and Communication Engineering (4 Years, Bachelor of Technology)",OS,OBC- NCL,Gender-Neutral,66692,69103
National Institute of Technology Nagaland,"Electronics and Communication Engineering (4 Years, Bachelor of Technology)",OS,OBC- NCL,Female-only (including Supernumerary),104967,104967
National Institute of Technology Nagaland,"Electronics and Communication Engineering (4 Years, Bachelor of Technology)",OS,SC,Gender-Neutral,176587,178206
National Institute of Technology Nagaland,"Electronics and Instrumentation Engineering (4 Years, Bachelor of Technology)",AI,ST,Gender-Neutral,336899,405542
National Institute of Technology Nagaland,"Electronics and Instrumentation Engineering (4 Years, Bachelor of Technology)",AI,ST,Female-only (including Supernumerary),454075,500357
National Institute of Technology Nagaland,"Electronics and Instrumentation Engineering (4 Years, Bachelor of Technology)",OS,OPEN,Gender-Neutral,72252,77185
National Institute of Technology Nagaland,"Electronics and Instrumentation Engineering (4 Years, Bachelor of Technology)",OS,OPEN,Female-only (including Supernumerary),115317,117645
National Institute of Technology Nagaland,"Electronics and Instrumentation Engineering (4 Years, Bachelor of Technology)",OS,EWS,Gender-Neutral,78872,84736
National Institute of Technology Nagaland,"Electronics and Instrumentation Engineering (4 Years, Bachelor of Technology)",OS,OBC- NCL,Gender-Neutral,77422,79748
National Institute of Technology Nagaland,"Electronics and Instrumentation Engineering (4 Years, Bachelor of Technology)",OS,OBC- NCL,Female-only (including Supernumerary),141469,141469
National Institute of Technology Nagaland,"Electronics and Instrumentation Engineering (4 Years, Bachelor of Technology)",OS,SC,Gender-Neutral,187036,187036
National Institute of Technology Nagaland,"Mechanical Engineering (4 Years, Bachelor of Technology)",AI,ST,Gender-Neutral,378561,397778
National Institute of Technology Nagaland,"Mechanical Engineering (4 Years, Bachelor of Technology)",AI,ST,Female-only (including Supernumerary),458656,471025
National Institute of Technology Nagaland,"Mechanical Engineering (4 Years, Bachelor of Technology)",HS,ST,Gender-Neutral,433379,914847
National Institute of Technology Nagaland,"Mechanical Engineering (4 Years, Bachelor of Technology)",OS,OPEN,Gender-Neutral,67340,81377
National Institute of Technology Nagaland,"Mechanical Engineering (4 Years, Bachelor of Technology)",OS,OPEN,Female-only (including Supernumerary),108829,134919
National Institute of Technology Nagaland,"Mechanical Engineering (4 Years, Bachelor of Technology)",OS,EWS,Gender-Neutral,87463,89554
National Institute of Technology Nagaland,"Mechanical Engineering (4 Years, Bachelor of Technology)",OS,OBC- NCL,Gender-Neutral,81948,83876
National Institute of Technology Nagaland,"Mechanical Engineering (4 Years, Bachelor of Technology)",OS,OBC- NCL,Female-only (including Supernumerary),155187,155187
National Institute of Technology Nagaland,"Mechanical Engineering (4 Years, Bachelor of Technology)",OS,SC,Gender-Neutral,204418,210444
National Institute of Technology Patna,"Architecture (5 Years, Bachelor of Architecture)",HS,OPEN,Gender-Neutral,4819,4996
National Institute of Technology Patna,"Architecture (5 Years, Bachelor of Architecture)",HS,OPEN,Female-only (including Supernumerary),3554,3554
National Institute of Technology Patna,"Architecture (5 Years, Bachelor of Architecture)",HS,OBC- NCL,Gender-Neutral,7027,7071
National Institute of Technology Patna,"Architecture (5 Years, Bachelor of Architecture)",HS,OBC- NCL,Female-only (including Supernumerary),6537,6537
National Institute of Technology Patna,"Architecture (5 Years, Bachelor of Architecture)",HS,SC,Gender-Neutral,9498,9498
National Institute of Technology Patna,"Architecture (5 Years, Bachelor of Architecture)",HS,ST,Gender-Neutral,24153,24153
National Institute of Technology Patna,"Architecture (5 Years, Bachelor of Architecture)",OS,OPEN,Gender-Neutral,1399,1885
National Institute of Technology Patna,"Architecture (5 Years, Bachelor of Architecture)",OS,OPEN,Female-only (including Supernumerary),1135,1271
National Institute of Technology Patna,"Architecture (5 Years, Bachelor of Architecture)",OS,EWS,Gender-Neutral,7396,7396
National Institute of Technology Patna,"Architecture (5 Years, Bachelor of Architecture)",OS,OBC- NCL,Gender-Neutral,2621,3900
National Institute of Technology Patna,"Architecture (5 Years, Bachelor of Architecture)",OS,OBC- NCL,Female-only (including Supernumerary),2308,2308
National Institute of Technology Patna,"Architecture (5 Years, Bachelor of Architecture)",OS,SC,Gender-Neutral,6553,7480
National Institute of Technology Patna,"Architecture (5 Years, Bachelor of Architecture)",OS,ST,Gender-Neutral,9551,9551
National Institute of Technology Patna,"Artificial Intelligence and Data Science (4 Years, Bachelor of Technology)",HS,OPEN,Gender-Neutral,20521,21293
National Institute of Technology Patna,"Artificial Intelligence and Data Science (4 Years, Bachelor of Technology)",HS,EWS,Gender-Neutral,21594,21594
National Institute of Technology Patna,"Artificial Intelligence and Data Science (4 Years, Bachelor of Technology)",HS,OBC- NCL,Gender-Neutral,23359,23359
National Institute of Technology Patna,"Artificial Intelligence and Data Science (4 Years, Bachelor of Technology)",HS,OBC- NCL,Female-only (including Supernumerary),44682,44682
National Institute of Technology Patna,"Artificial Intelligence and Data Science (4 Years, Bachelor of Technology)",HS,SC,Female-only (including Supernumerary),163492,163492
National Institute of Technology Patna,"Artificial Intelligence and Data Science (4 Years, Bachelor of Technology)",OS,OPEN,Gender-Neutral,17439,20046
National Institute of Technology Patna,"Artificial Intelligence and Data Science (4 Years, Bachelor of Technology)",OS,OPEN,Female-only (including Supernumerary),28906,28906
National Institute of Technology Patna,"Artificial Intelligence and Data Science (4 Years, Bachelor of Technology)",OS,EWS,Gender-Neutral,21878,22633
National Institute of Technology Patna,"Artificial Intelligence and Data Science (4 Years, Bachelor of Technology)",OS,OBC- NCL,Gender-Neutral,23069,25188
National Institute of Technology Patna,"Artificial Intelligence and Data Science (4 Years, Bachelor of Technology)",OS,OBC- NCL,Female-only (including Supernumerary),41292,43219
National Institute of Technology Patna,"Artificial Intelligence and Data Science (4 Years, Bachelor of Technology)",OS,SC,Gender-Neutral,79318,90727
National Institute of Technology Patna,"Artificial Intelligence and Data Science (4 Years, Bachelor of Technology)",OS,SC,Female-only (including Supernumerary),125003,125003
National Institute of Technology Patna,"Artificial Intelligence and Data Science for DASA-CIWG (4 Years, Bachelor of Technology)",DC,OPEN,Gender-Neutral,521760,521760
National Institute of Technology Patna,"Chemical Technology (5 Years, Bachelor and Master of Technology (Dual Degree))",HS,OPEN,Gender-Neutral,59031,59031
National Institute of Technology Patna,"Chemical Technology (5 Years, Bachelor and Master of Technology (Dual Degree))",HS,OPEN,Female-only (including Supernumerary),93196,93196
National Institute of Technology Patna,"Chemical Technology (5 Years, Bachelor and Master of Technology (Dual Degree))",HS,EWS,Gender-Neutral,63325,63325
National Institute of Technology Patna,"Chemical Technology (5 Years, Bachelor and Master of Technology (Dual Degree))",HS,OBC- NCL,Gender-Neutral,60832,60832
National Institute of Technology Patna,"Chemical Technology (5 Years, Bachelor and Master of Technology (Dual Degree))",OS,OPEN,Gender-Neutral,46556,46556
National Institute of Technology Patna,"Chemical Technology (5 Years, Bachelor and Master of Technology (Dual Degree))",OS,OPEN,Female-only (including Supernumerary),68008,68008
National Institute of Technology Patna,"Chemical Technology (5 Years, Bachelor and Master of Technology (Dual Degree))",OS,EWS,Gender-Neutral,49719,49719
National Institute of Technology Patna,"Chemical Technology (5 Years, Bachelor and Master of Technology (Dual Degree))",OS,OBC- NCL,Gender-Neutral,57499,57499
National Institute of Technology Patna,"Chemical Technology (5 Years, Bachelor and Master of Technology (Dual Degree))",OS,OBC- NCL (PwD),Gender-Neutral,1312579,1312579
National Institute of Technology Patna,"Chemical Technology (5 Years, Bachelor and Master of Technology (Dual Degree))",OS,SC,Gender-Neutral,180583,180583
National Institute of Technology Patna,"Civil Engineering (4 Years, Bachelor of Technology)",HS,OPEN,Gender-Neutral,48634,51912
National Institute of Technology Patna,"Civil Engineering (4 Years, Bachelor of Technology)",HS,OPEN,Female-only (including Supernumerary),65671,70282
National Institute of Technology Patna,"Civil Engineering (4 Years, Bachelor of Technology)",HS,EWS,Gender-Neutral,52313,57142
National Institute of Technology Patna,"Civil Engineering (4 Years, Bachelor of Technology)",HS,EWS,Female-only (including Supernumerary),79671,79671
National Institute of Technology Patna,"Civil Engineering (4 Years, Bachelor of Technology)",HS,OBC- NCL,Gender-Neutral,52215,55693
National Institute of Technology Patna,"Civil Engineering (4 Years, Bachelor of Technology)",HS,OBC- NCL,Female-only (including Supernumerary),78636,78636
National Institute of Technology Patna,"Civil Engineering (4 Years, Bachelor of Technology)",HS,OBC- NCL (PwD),Gender-Neutral,684840,684840
National Institute of Technology Patna,"Civil Engineering (4 Years, Bachelor of Technology)",HS,SC,Gender-Neutral,184306,192695
National Institute of Technology Patna,"Civil Engineering (4 Years, Bachelor of Technology)",HS,ST,Gender-Neutral,416934,416934
National Institute of Technology Patna,"Civil Engineering (4 Years, Bachelor of Technology)",OS,OPEN,Gender-Neutral,48676,55864
National Institute of Technology Patna,"Civil Engineering (4 Years, Bachelor of Technology)",OS,OPEN,Female-only (including Supernumerary),75882,78027
National Institute of Technology Patna,"Civil Engineering (4 Years, Bachelor of Technology)",OS,EWS,Gender-Neutral,56042,57176
National Institute of Technology Patna,"Civil Engineering (4 Years, Bachelor of Technology)",OS,EWS,Female-only (including Supernumerary),82365,82365
National Institute of Technology Patna,"Civil Engineering (4 Years, Bachelor of Technology)",OS,OBC- NCL,Gender-Neutral,56099,61464
National Institute of Technology Patna,"Civil Engineering (4 Years, Bachelor of Technology)",OS,OBC- NCL,Female-only (including Supernumerary),79190,85012
National Institute of Technology Patna,"Civil Engineering (4 Years, Bachelor of Technology)",OS,SC,Gender-Neutral,163382,175874
National Institute of Technology Patna,"Civil Engineering (4 Years, Bachelor of Technology)",OS,SC,Female-only (including Supernumerary),197356,197356
National Institute of Technology Patna,"Civil Engineering (4 Years, Bachelor of Technology)",OS,ST,Gender-Neutral,217595,233548
National Institute of Technology Patna,"Civil Engineering (4 Years, Bachelor of Technology)",OS,ST,Female-only (including Supernumerary),287764,287764
National Institute of Technology Patna,"Civil Engineering with Specialization in Construction Technology and Management (5 Years, Bachelor and Master of Technology (Dual Degree))",HS,OPEN,Gender-Neutral,53235,53235
National Institute of Technology Patna,"Civil Engineering with Specialization in Construction Technology and Management (5 Years, Bachelor and Master of Technology (Dual Degree))",HS,OPEN,Female-only (including Supernumerary),95616,95616
National Institute of Technology Patna,"Civil Engineering with Specialization in Construction Technology and Management (5 Years, Bachelor and Master of Technology (Dual Degree))",HS,EWS,Gender-Neutral,62578,62578
National Institute of Technology Patna,"Civil Engineering with Specialization in Construction Technology and Management (5 Years, Bachelor and Master of Technology (Dual Degree))",HS,OBC- NCL,Gender-Neutral,56691,56691
National Institute of Technology Patna,"Civil Engineering with Specialization in Construction Technology and Management (5 Years, Bachelor and Master of Technology (Dual Degree))",OS,OPEN,Gender-Neutral,54983,56565
National Institute of Technology Patna,"Civil Engineering with Specialization in Construction Technology and Management (5 Years, Bachelor and Master of Technology (Dual Degree))",OS,OPEN,Female-only (including Supernumerary),81597,81597
National Institute of Technology Patna,"Civil Engineering with Specialization in Construction Technology and Management (5 Years, Bachelor and Master of Technology (Dual Degree))",OS,EWS,Gender-Neutral,59911,59911
National Institute of Technology Patna,"Civil Engineering with Specialization in Construction Technology and Management (5 Years, Bachelor and Master of Technology (Dual Degree))",OS,OBC- NCL,Gender-Neutral,62210,62210
National Institute of Technology Patna,"Civil Engineering with Specialization in Construction Technology and Management (5 Years, Bachelor and Master of Technology (Dual Degree))",OS,SC,Gender-Neutral,177993,177993
National Institute of Technology Patna,"Computer Science and Engineering (4 Years, Bachelor of Technology)",HS,OPEN,Gender-Neutral,15101,19296
National Institute of Technology Patna,"Computer Science and Engineering (4 Years, Bachelor of Technology)",HS,OPEN,Female-only (including Supernumerary),29374,29374
National Institute of Technology Patna,"Computer Science and Engineering (4 Years, Bachelor of Technology)",HS,EWS,Gender-Neutral,20243,20267
National Institute of Technology Patna,"Computer Science and Engineering (4 Years, Bachelor of Technology)",HS,OBC- NCL,Gender-Neutral,20042,22225
National Institute of Technology Patna,"Computer Science and Engineering (4 Years, Bachelor of Technology)",HS,SC,Gender-Neutral,86425,86425
National Institute of Technology Patna,"Computer Science and Engineering (4 Years, Bachelor of Technology)",HS,ST,Gender-Neutral,195783,195783
National Institute of Technology Patna,"Computer Science and Engineering (4 Years, Bachelor of Technology)",OS,OPEN,Gender-Neutral,15820,18407
National Institute of Technology Patna,"Computer Science and Engineering (4 Years, Bachelor of Technology)",OS,OPEN,Female-only (including Supernumerary),27322,28341
National Institute of Technology Patna,"Computer Science and Engineering (4 Years, Bachelor of Technology)",OS,OPEN (PwD),Gender-Neutral,334163,334163
National Institute of Technology Patna,"Computer Science and Engineering (4 Years, Bachelor of Technology)",OS,EWS,Gender-Neutral,18456,20583
National Institute of Technology Patna,"Computer Science and Engineering (4 Years, Bachelor of Technology)",OS,EWS,Female-only (including Supernumerary),33019,33225
National Institute of Technology Patna,"Computer Science and Engineering (4 Years, Bachelor of Technology)",OS,EWS (PwD),Gender-Neutral,584556,584556
National Institute of Technology Patna,"Computer Science and Engineering (4 Years, Bachelor of Technology)",OS,OBC- NCL,Gender-Neutral,19078,23068
National Institute of Technology Patna,"Computer Science and Engineering (4 Years, Bachelor of Technology)",OS,OBC- NCL,Female-only (including Supernumerary),37652,37652
National Institute of Technology Patna,"Computer Science and Engineering (4 Years, Bachelor of Technology)",OS,OBC- NCL (PwD),Gender-Neutral,368437,368437
National Institute of Technology Patna,"Computer Science and Engineering (4 Years, Bachelor of Technology)",OS,SC,Gender-Neutral,76174,83297
National Institute of Technology Patna,"Computer Science and Engineering (4 Years, Bachelor of Technology)",OS,SC,Female-only (including Supernumerary),129909,129909
National Institute of Technology Patna,"Computer Science and Engineering (4 Years, Bachelor of Technology)",OS,ST,Gender-Neutral,113672,121267
National Institute of Technology Patna,"Computer Science and Engineering (4 Years, Bachelor of Technology)",OS,ST,Female-only (including Supernumerary),213153,213153
National Institute of Technology Patna,"Computer Science and Engineering for DASA-CIWG (4 Years, Bachelor of Technology)",DC,OPEN,Gender-Neutral,459989,875705
National Institute of Technology Patna,"Computer Science and Engineering with Specialization in Cyber Security (5 Years, Bachelor and Master of Technology (Dual Degree))",HS,OPEN,Gender-Neutral,20292,20292
National Institute of Technology Patna,"Computer Science and Engineering with Specialization in Cyber Security (5 Years, Bachelor and Master of Technology (Dual Degree))",OS,OPEN,Gender-Neutral,20624,22391
National Institute of Technology Patna,"Computer Science and Engineering with Specialization in Cyber Security (5 Years, Bachelor and Master of Technology (Dual Degree))",OS,OPEN,Female-only (including Supernumerary),26005,26005
National Institute of Technology Patna,"Computer Science and Engineering with Specialization in Cyber Security (5 Years, Bachelor and Master of Technology (Dual Degree))",OS,EWS,Gender-Neutral,22926,22926
National Institute of Technology Patna,"Computer Science and Engineering with Specialization in Cyber Security (5 Years, Bachelor and Master of Technology (Dual Degree))",OS,OBC- NCL,Gender-Neutral,25839,27189
National Institute of Technology Patna,"Computer Science and Engineering with Specialization in Cyber Security (5 Years, Bachelor and Master of Technology (Dual Degree))",OS,SC,Gender-Neutral,72912,72912
National Institute of Technology Patna,"Computer Science and Engineering with Specialization in Cyber Security for DASA-CIWG (5 Years, Bachelor and Master of Technology (Dual Degree))",DC,OPEN,Gender-Neutral,576985,576985
National Institute of Technology Patna,"Computer Science and Engineering with Specialization in Data Science (5 Years, Bachelor and Master of Technology (Dual Degree))",OS,OPEN,Gender-Neutral,18623,21366
National Institute of Technology Patna,"Computer Science and Engineering with Specialization in Data Science (5 Years, Bachelor and Master of Technology (Dual Degree))",OS,OPEN,Female-only (including Supernumerary),31577,31577
National Institute of Technology Patna,"Computer Science and Engineering with Specialization in Data Science (5 Years, Bachelor and Master of Technology (Dual Degree))",OS,EWS,Gender-Neutral,24610,24610
National Institute of Technology Patna,"Computer Science and Engineering with Specialization in Data Science (5 Years, Bachelor and Master of Technology (Dual Degree))",OS,OBC- NCL,Gender-Neutral,25721,26924
National Institute of Technology Patna,"Computer Science and Engineering with Specialization in Data Science (5 Years, Bachelor and Master of Technology (Dual Degree))",OS,SC,Gender-Neutral,90787,90787
National Institute of Technology Patna,"Electrical Engineering (4 Years, Bachelor of Technology)",HS,OPEN,Gender-Neutral,30029,33615
National Institute of Technology Patna,"Electrical Engineering (4 Years, Bachelor of Technology)",HS,OPEN,Female-only (including Supernumerary),50849,50849
National Institute of Technology Patna,"Electrical Engineering (4 Years, Bachelor of Technology)",HS,OPEN (PwD),Gender-Neutral,1104886,1104886
National Institute of Technology Patna,"Electrical Engineering (4 Years, Bachelor of Technology)",HS,EWS,Gender-Neutral,33665,35742
National Institute of Technology Patna,"Electrical Engineering (4 Years, Bachelor of Technology)",HS,EWS,Female-only (including Supernumerary),52345,52345
National Institute of Technology Patna,"Electrical Engineering (4 Years, Bachelor of Technology)",HS,OBC- NCL,Gender-Neutral,34652,36712
National Institute of Technology Patna,"Electrical Engineering (4 Years, Bachelor of Technology)",HS,OBC- NCL,Female-only (including Supernumerary),55296,56860
National Institute of Technology Patna,"Electrical Engineering (4 Years, Bachelor of Technology)",HS,SC,Gender-Neutral,149490,152070
National Institute of Technology Patna,"Electrical Engineering (4 Years, Bachelor of Technology)",HS,ST,Gender-Neutral,351646,351646
National Institute of Technology Patna,"Electrical Engineering (4 Years, Bachelor of Technology)",OS,OPEN,Gender-Neutral,29058,32418
National Institute of Technology Patna,"Electrical Engineering (4 Years, Bachelor of Technology)",OS,OPEN,Female-only (including Supernumerary),43509,50326
National Institute of Technology Patna,"Electrical Engineering (4 Years, Bachelor of Technology)",OS,EWS,Gender-Neutral,34029,36490
National Institute of Technology Patna,"Electrical Engineering (4 Years, Bachelor of Technology)",OS,EWS,Female-only (including Supernumerary),53433,53433
National Institute of Technology Patna,"Electrical Engineering (4 Years, Bachelor of Technology)",OS,OBC- NCL,Gender-Neutral,32776,37949
National Institute of Technology Patna,"Electrical Engineering (4 Years, Bachelor of Technology)",OS,OBC- NCL,Female-only (including Supernumerary),55591,59944
National Institute of Technology Patna,"Electrical Engineering (4 Years, Bachelor of Technology)",OS,SC,Gender-Neutral,121043,131709
National Institute of Technology Patna,"Electrical Engineering (4 Years, Bachelor of Technology)",OS,ST,Gender-Neutral,147468,147468
National Institute of Technology Patna,"Electrical Engineering (4 Years, Bachelor of Technology)",OS,ST,Female-only (including Supernumerary),298441,298441
National Institute of Technology Patna,"Electrical Engineering with Specialization In Power System Engineering (5 Years, Bachelor and Master of Technology (Dual Degree))",HS,OPEN,Gender-Neutral,38111,40145
National Institute of Technology Patna,"Electrical Engineering with Specialization In Power System Engineering (5 Years, Bachelor and Master of Technology (Dual Degree))",HS,OPEN,Female-only (including Supernumerary),64389,64389
National Institute of Technology Patna,"Electrical Engineering with Specialization In Power System Engineering (5 Years, Bachelor and Master of Technology (Dual Degree))",HS,EWS,Gender-Neutral,40262,40262
National Institute of Technology Patna,"Electrical Engineering with Specialization In Power System Engineering (5 Years, Bachelor and Master of Technology (Dual Degree))",HS,OBC- NCL,Gender-Neutral,44887,45117
National Institute of Technology Patna,"Electrical Engineering with Specialization In Power System Engineering (5 Years, Bachelor and Master of Technology (Dual Degree))",HS,SC,Female-only (including Supernumerary),224888,224888
National Institute of Technology Patna,"Electrical Engineering with Specialization In Power System Engineering (5 Years, Bachelor and Master of Technology (Dual Degree))",OS,OPEN,Gender-Neutral,32967,36713
National Institute of Technology Patna,"Electrical Engineering with Specialization In Power System Engineering (5 Years, Bachelor and Master of Technology (Dual Degree))",OS,OPEN,Female-only (including Supernumerary),53076,53076
National Institute of Technology Patna,"Electrical Engineering with Specialization In Power System Engineering (5 Years, Bachelor and Master of Technology (Dual Degree))",OS,EWS,Gender-Neutral,40694,40694
National Institute of Technology Patna,"Electrical Engineering with Specialization In Power System Engineering (5 Years, Bachelor and Master of Technology (Dual Degree))",OS,OBC- NCL,Gender-Neutral,38748,40180
National Institute of Technology Patna,"Electrical Engineering with Specialization In Power System Engineering (5 Years, Bachelor and Master of Technology (Dual Degree))",OS,OBC- NCL,Female-only (including Supernumerary),61904,61904
National Institute of Technology Patna,"Electrical Engineering with Specialization In Power System Engineering (5 Years, Bachelor and Master of Technology (Dual Degree))",OS,SC,Gender-Neutral,145029,145029
National Institute of Technology Patna,"Electronics and Communication Engineering (4 Years, Bachelor of Technology)",HS,OPEN,Gender-Neutral,25221,25705
National Institute of Technology Patna,"Electronics and Communication Engineering (4 Years, Bachelor of Technology)",HS,OPEN,Female-only (including Supernumerary),39106,39153
National Institute of Technology Patna,"Electronics and Communication Engineering (4 Years, Bachelor of Technology)",HS,EWS,Gender-Neutral,25785,27458
National Institute of Technology Patna,"Electronics and Communication Engineering (4 Years, Bachelor of Technology)",HS,EWS,Female-only (including Supernumerary),45226,45226
National Institute of Technology Patna,"Electronics and Communication Engineering (4 Years, Bachelor of Technology)",HS,OBC- NCL,Gender-Neutral,27471,29429
National Institute of Technology Patna,"Electronics and Communication Engineering (4 Years, Bachelor of Technology)",HS,OBC- NCL,Female-only (including Supernumerary),40637,49990
National Institute of Technology Patna,"Electronics and Communication Engineering (4 Years, Bachelor of Technology)",OS,OPEN,Gender-Neutral,20617,22887
National Institute of Technology Patna,"Electronics and Communication Engineering (4 Years, Bachelor of Technology)",OS,OPEN,Female-only (including Supernumerary),35463,37437
National Institute of Technology Patna,"Electronics and Communication Engineering (4 Years, Bachelor of Technology)",OS,EWS,Gender-Neutral,26748,27823
National Institute of Technology Patna,"Electronics and Communication Engineering (4 Years, Bachelor of Technology)",OS,EWS,Female-only (including Supernumerary),40287,40287
National Institute of Technology Patna,"Electronics and Communication Engineering (4 Years, Bachelor of Technology)",OS,OBC- NCL,Gender-Neutral,24754,29131
National Institute of Technology Patna,"Electronics and Communication Engineering (4 Years, Bachelor of Technology)",OS,OBC- NCL,Female-only (including Supernumerary),40868,40868
National Institute of Technology Patna,"Electronics and Communication Engineering (4 Years, Bachelor of Technology)",OS,SC,Gender-Neutral,102299,105644
National Institute of Technology Patna,"Electronics and Communication Engineering (4 Years, Bachelor of Technology)",OS,ST,Gender-Neutral,158856,158856
National Institute of Technology Patna,"Electronics and Communication Engineering for DASA-CIWG (4 Years, Bachelor of Technology)",DC,OPEN,Gender-Neutral,1270913,1270913
National Institute of Technology Patna,"Electronics and Communication Engineering with Specialization in Microelectronics and VLSI System Design (5 Years, Bachelor and Master of Technology (Dual Degree))",HS,OPEN,Gender-Neutral,31058,31261
National Institute of Technology Patna,"Electronics and Communication Engineering with Specialization in Microelectronics and VLSI System Design (5 Years, Bachelor and Master of Technology (Dual Degree))",HS,OPEN,Female-only (including Supernumerary),58306,58306
National Institute of Technology Patna,"Electronics and Communication Engineering with Specialization in Microelectronics and VLSI System Design (5 Years, Bachelor and Master of Technology (Dual Degree))",HS,EWS,Gender-Neutral,32115,32115
National Institute of Technology Patna,"Electronics and Communication Engineering with Specialization in Microelectronics and VLSI System Design (5 Years, Bachelor and Master of Technology (Dual Degree))",HS,OBC- NCL,Gender-Neutral,33559,34019
National Institute of Technology Patna,"Electronics and Communication Engineering with Specialization in Microelectronics and VLSI System Design (5 Years, Bachelor and Master of Technology (Dual Degree))",OS,OPEN,Gender-Neutral,23797,27657
National Institute of Technology Patna,"Electronics and Communication Engineering with Specialization in Microelectronics and VLSI System Design (5 Years, Bachelor and Master of Technology (Dual Degree))",OS,OPEN,Female-only (including Supernumerary),41442,41442
National Institute of Technology Patna,"Electronics and Communication Engineering with Specialization in Microelectronics and VLSI System Design (5 Years, Bachelor and Master of Technology (Dual Degree))",OS,EWS,Gender-Neutral,32094,32094
National Institute of Technology Patna,"Electronics and Communication Engineering with Specialization in Microelectronics and VLSI System Design (5 Years, Bachelor and Master of Technology (Dual Degree))",OS,OBC- NCL,Gender-Neutral,33394,33562
National Institute of Technology Patna,"Electronics and Communication Engineering with Specialization in Microelectronics and VLSI System Design (5 Years, Bachelor and Master of Technology (Dual Degree))",OS,OBC- NCL,Female-only (including Supernumerary),53830,53830
National Institute of Technology Patna,"Electronics Engineering (VLSI Design and Technology) (4 Years, Bachelor of Technology)",HS,OPEN,Gender-Neutral,29481,30028
National Institute of Technology Patna,"Electronics Engineering (VLSI Design and Technology) (4 Years, Bachelor of Technology)",HS,EWS,Gender-Neutral,30887,30887
National Institute of Technology Patna,"Electronics Engineering (VLSI Design and Technology) (4 Years, Bachelor of Technology)",HS,OBC- NCL,Gender-Neutral,33516,33516
National Institute of Technology Patna,"Electronics Engineering (VLSI Design and Technology) (4 Years, Bachelor of Technology)",HS,OBC- NCL,Female-only (including Supernumerary),58453,58453
National Institute of Technology Patna,"Electronics Engineering (VLSI Design and Technology) (4 Years, Bachelor of Technology)",HS,SC,Gender-Neutral,142452,142452
National Institute of Technology Patna,"Electronics Engineering (VLSI Design and Technology) (4 Years, Bachelor of Technology)",HS,ST,Gender-Neutral,303938,303938
National Institute of Technology Patna,"Electronics Engineering (VLSI Design and Technology) (4 Years, Bachelor of Technology)",OS,OPEN,Gender-Neutral,23330,26348
National Institute of Technology Patna,"Electronics Engineering (VLSI Design and Technology) (4 Years, Bachelor of Technology)",OS,OPEN,Female-only (including Supernumerary),39767,40506
National Institute of Technology Patna,"Electronics Engineering (VLSI Design and Technology) (4 Years, Bachelor of Technology)",OS,EWS,Gender-Neutral,28594,29521
National Institute of Technology Patna,"Electronics Engineering (VLSI Design and Technology) (4 Years, Bachelor of Technology)",OS,EWS,Female-only (including Supernumerary),45051,45051
National Institute of Technology Patna,"Electronics Engineering (VLSI Design and Technology) (4 Years, Bachelor of Technology)",OS,OBC- NCL,Gender-Neutral,30619,31137
National Institute of Technology Patna,"Electronics Engineering (VLSI Design and Technology) (4 Years, Bachelor of Technology)",OS,OBC- NCL,Female-only (including Supernumerary),58720,60180
National Institute of Technology Patna,"Electronics Engineering (VLSI Design and Technology) (4 Years, Bachelor of Technology)",OS,SC,Gender-Neutral,116255,125639
National Institute of Technology Patna,"Electronics Engineering (VLSI Design and Technology) (4 Years, Bachelor of Technology)",OS,SC,Female-only (including Supernumerary),160410,160410
National Institute of Technology Patna,"Electronics Engineering (VLSI Design and Technology) (4 Years, Bachelor of Technology)",OS,ST,Gender-Neutral,178109,178109
National Institute of Technology Patna,"Electronics Engineering (VLSI Design and Technology) (4 Years, Bachelor of Technology)",OS,ST,Female-only (including Supernumerary),267612,267612
National Institute of Technology Patna,"Material Science and Engineering (5 Years, Bachelor and Master of Technology (Dual Degree))",HS,OPEN,Gender-Neutral,23421,69844
National Institute of Technology Patna,"Material Science and Engineering (5 Years, Bachelor and Master of Technology (Dual Degree))",HS,OPEN,Female-only (including Supernumerary),95714,95714
National Institute of Technology Patna,"Material Science and Engineering (5 Years, Bachelor and Master of Technology (Dual Degree))",HS,EWS,Gender-Neutral,70520,70520
National Institute of Technology Patna,"Material Science and Engineering (5 Years, Bachelor and Master of Technology (Dual Degree))",HS,OBC- NCL,Gender-Neutral,71260,71260
National Institute of Technology Patna,"Material Science and Engineering (5 Years, Bachelor and Master of Technology (Dual Degree))",OS,OPEN,Gender-Neutral,64458,64857
National Institute of Technology Patna,"Material Science and Engineering (5 Years, Bachelor and Master of Technology (Dual Degree))",OS,OPEN,Female-only (including Supernumerary),68860,68860
National Institute of Technology Patna,"Material Science and Engineering (5 Years, Bachelor and Master of Technology (Dual Degree))",OS,EWS,Gender-Neutral,71294,71294
National Institute of Technology Patna,"Material Science and Engineering (5 Years, Bachelor and Master of Technology (Dual Degree))",OS,OBC- NCL,Gender-Neutral,66003,66003
National Institute of Technology Patna,"Material Science and Engineering (5 Years, Bachelor and Master of Technology (Dual Degree))",OS,SC,Gender-Neutral,190329,190329
National Institute of Technology Patna,"Mathematics and Computing Technology (5 Years, Bachelor and Master of Technology (Dual Degree))",HS,OBC- NCL,Gender-Neutral,28804,28804
National Institute of Technology Patna,"Mathematics and Computing Technology (5 Years, Bachelor and Master of Technology (Dual Degree))",OS,OPEN,Gender-Neutral,22820,22820
National Institute of Technology Patna,"Mathematics and Computing Technology (5 Years, Bachelor and Master of Technology (Dual Degree))",OS,OPEN,Female-only (including Supernumerary),39861,39861
National Institute of Technology Patna,"Mathematics and Computing Technology (5 Years, Bachelor and Master of Technology (Dual Degree))",OS,EWS,Gender-Neutral,23182,23182
National Institute of Technology Patna,"Mathematics and Computing Technology (5 Years, Bachelor and Master of Technology (Dual Degree))",OS,OBC- NCL,Gender-Neutral,26931,26931
National Institute of Technology Patna,"Mechanical Engineering (4 Years, Bachelor of Technology)",HS,OPEN,Gender-Neutral,34964,39189
National Institute of Technology Patna,"Mechanical Engineering (4 Years, Bachelor of Technology)",HS,OPEN,Female-only (including Supernumerary),43456,60965
National Institute of Technology Patna,"Mechanical Engineering (4 Years, Bachelor of Technology)",HS,EWS,Gender-Neutral,43266,46076
National Institute of Technology Patna,"Mechanical Engineering (4 Years, Bachelor of Technology)",HS,EWS,Female-only (including Supernumerary),66687,66687
National Institute of Technology Patna,"Mechanical Engineering (4 Years, Bachelor of Technology)",HS,OBC- NCL,Gender-Neutral,43870,47837
National Institute of Technology Patna,"Mechanical Engineering (4 Years, Bachelor of Technology)",HS,OBC- NCL,Female-only (including Supernumerary),70696,79674
National Institute of Technology Patna,"Mechanical Engineering (4 Years, Bachelor of Technology)",HS,SC,Gender-Neutral,180689,188608
National Institute of Technology Patna,"Mechanical Engineering (4 Years, Bachelor of Technology)",HS,ST,Gender-Neutral,475655,545578
National Institute of Technology Patna,"Mechanical Engineering (4 Years, Bachelor of Technology)",HS,ST,Female-only (including Supernumerary),481298,481298
National Institute of Technology Patna,"Mechanical Engineering (4 Years, Bachelor of Technology)",OS,OPEN,Gender-Neutral,37812,42029
National Institute of Technology Patna,"Mechanical Engineering (4 Years, Bachelor of Technology)",OS,OPEN,Female-only (including Supernumerary),62927,68453
National Institute of Technology Patna,"Mechanical Engineering (4 Years, Bachelor of Technology)",OS,EWS,Gender-Neutral,42909,47507
National Institute of Technology Patna,"Mechanical Engineering (4 Years, Bachelor of Technology)",OS,EWS,Female-only (including Supernumerary),69833,69833
National Institute of Technology Patna,"Mechanical Engineering (4 Years, Bachelor of Technology)",OS,OBC- NCL,Gender-Neutral,43901,48753
National Institute of Technology Patna,"Mechanical Engineering (4 Years, Bachelor of Technology)",OS,OBC- NCL,Female-only (including Supernumerary),72946,76130
National Institute of Technology Patna,"Mechanical Engineering (4 Years, Bachelor of Technology)",OS,OBC- NCL (PwD),Gender-Neutral,985349,985349
National Institute of Technology Patna,"Mechanical Engineering (4 Years, Bachelor of Technology)",OS,SC,Gender-Neutral,141136,149029
National Institute of Technology Patna,"Mechanical Engineering (4 Years, Bachelor of Technology)",OS,SC,Female-only (including Supernumerary),190699,190699
National Institute of Technology Patna,"Mechanical Engineering (4 Years, Bachelor of Technology)",OS,ST,Gender-Neutral,185883,225480
National Institute of Technology Patna,"Mechanical Engineering (4 Years, Bachelor of Technology)",OS,ST,Female-only (including Supernumerary),309691,309691
National Institute of Technology Patna,"Mechanical Engineering with Specialization in Manufacturing and Industrial Engineering (5 Years, Bachelor and Master of Technology (Dual Degree))",HS,OPEN,Gender-Neutral,49317,54563
National Institute of Technology Patna,"Mechanical Engineering with Specialization in Manufacturing and Industrial Engineering (5 Years, Bachelor and Master of Technology (Dual Degree))",HS,OPEN,Female-only (including Supernumerary),88511,88511
National Institute of Technology Patna,"Mechanical Engineering with Specialization in Manufacturing and Industrial Engineering (5 Years, Bachelor and Master of Technology (Dual Degree))",HS,EWS,Gender-Neutral,58279,58279
National Institute of Technology Patna,"Mechanical Engineering with Specialization in Manufacturing and Industrial Engineering (5 Years, Bachelor and Master of Technology (Dual Degree))",HS,OBC- NCL,Gender-Neutral,55074,56283
National Institute of Technology Patna,"Mechanical Engineering with Specialization in Manufacturing and Industrial Engineering (5 Years, Bachelor and Master of Technology (Dual Degree))",HS,OBC- NCL,Female-only (including Supernumerary),89095,89095
National Institute of Technology Patna,"Mechanical Engineering with Specialization in Manufacturing and Industrial Engineering (5 Years, Bachelor and Master of Technology (Dual Degree))",OS,OPEN,Gender-Neutral,46549,48215
National Institute of Technology Patna,"Mechanical Engineering with Specialization in Manufacturing and Industrial Engineering (5 Years, Bachelor and Master of Technology (Dual Degree))",OS,OPEN,Female-only (including Supernumerary),79452,79452
National Institute of Technology Patna,"Mechanical Engineering with Specialization in Manufacturing and Industrial Engineering (5 Years, Bachelor and Master of Technology (Dual Degree))",OS,EWS,Gender-Neutral,52063,52063
National Institute of Technology Patna,"Mechanical Engineering with Specialization in Manufacturing and Industrial Engineering (5 Years, Bachelor and Master of Technology (Dual Degree))",OS,OBC- NCL,Gender-Neutral,50218,52917
National Institute of Technology Patna,"Mechanical Engineering with Specialization in Manufacturing and Industrial Engineering (5 Years, Bachelor and Master of Technology (Dual Degree))",OS,OBC- NCL,Female-only (including Supernumerary),89551,89551
National Institute of Technology Patna,"Mechanical Engineering with Specialization in Manufacturing and Industrial Engineering (5 Years, Bachelor and Master of Technology (Dual Degree))",OS,SC,Gender-Neutral,170530,170530
National Institute of Technology Patna,"Mechanical Engineering with Specialization in Manufacturing and Industrial Engineering (5 Years, Bachelor and Master of Technology (Dual Degree))",OS,ST,Gender-Neutral,232132,232132
National Institute of Technology Patna,"Mechatronics and Automation Engineering (4 Years, Bachelor of Technology)",HS,OPEN,Gender-Neutral,32680,34535
National Institute of Technology Patna,"Mechatronics and Automation Engineering (4 Years, Bachelor of Technology)",HS,EWS,Gender-Neutral,35951,35951
National Institute of Technology Patna,"Mechatronics and Automation Engineering (4 Years, Bachelor of Technology)",HS,OBC- NCL,Gender-Neutral,36092,44565
National Institute of Technology Patna,"Mechatronics and Automation Engineering (4 Years, Bachelor of Technology)",HS,OBC- NCL,Female-only (including Supernumerary),74705,74705
National Institute of Technology Patna,"Mechatronics and Automation Engineering (4 Years, Bachelor of Technology)",HS,ST,Gender-Neutral,444883,444883
National Institute of Technology Patna,"Mechatronics and Automation Engineering (4 Years, Bachelor of Technology)",OS,OPEN,Gender-Neutral,29012,29410
National Institute of Technology Patna,"Mechatronics and Automation Engineering (4 Years, Bachelor of Technology)",OS,OPEN,Female-only (including Supernumerary),49447,49447
National Institute of Technology Patna,"Mechatronics and Automation Engineering (4 Years, Bachelor of Technology)",OS,EWS,Gender-Neutral,33982,33982
National Institute of Technology Patna,"Mechatronics and Automation Engineering (4 Years, Bachelor of Technology)",OS,OBC- NCL,Gender-Neutral,34524,38578
National Institute of Technology Patna,"Mechatronics and Automation Engineering (4 Years, Bachelor of Technology)",OS,OBC- NCL,Female-only (including Supernumerary),75360,75360
National Institute of Technology Puducherry,"Civil Engineering (4 Years, Bachelor of Technology)",AI,EWS,Gender-Neutral,69557,69824
National Institute of Technology Puducherry,"Civil Engineering (4 Years, Bachelor of Technology)",AI,ST,Gender-Neutral,217588,217588
National Institute of Technology Puducherry,"Civil Engineering (4 Years, Bachelor of Technology)",AI,ST,Female-only (including Supernumerary),289371,289371
National Institute of Technology Puducherry,"Civil Engineering (4 Years, Bachelor of Technology)",HS,OPEN,Gender-Neutral,217266,290979
National Institute of Technology Puducherry,"Civil Engineering (4 Years, Bachelor of Technology)",HS,OPEN,Female-only (including Supernumerary),156199,204611
National Institute of Technology Puducherry,"Civil Engineering (4 Years, Bachelor of Technology)",HS,OBC- NCL,Gender-Neutral,297663,363474
National Institute of Technology Puducherry,"Civil Engineering (4 Years, Bachelor of Technology)",HS,OBC- NCL,Female-only (including Supernumerary),350963,350963
National Institute of Technology Puducherry,"Civil Engineering (4 Years, Bachelor of Technology)",OS,OPEN,Gender-Neutral,40413,62097
National Institute of Technology Puducherry,"Civil Engineering (4 Years, Bachelor of Technology)",OS,OPEN,Female-only (including Supernumerary),88357,89000
National Institute of Technology Puducherry,"Civil Engineering (4 Years, Bachelor of Technology)",OS,OPEN (PwD),Gender-Neutral,742108,742108
National Institute of Technology Puducherry,"Civil Engineering (4 Years, Bachelor of Technology)",OS,EWS,Gender-Neutral,73239,74742
National Institute of Technology Puducherry,"Civil Engineering (4 Years, Bachelor of Technology)",OS,EWS,Female-only (including Supernumerary),94435,94435
National Institute of Technology Puducherry,"Civil Engineering (4 Years, Bachelor of Technology)",OS,OBC- NCL,Gender-Neutral,63503,65662
National Institute of Technology Puducherry,"Civil Engineering (4 Years, Bachelor of Technology)",OS,OBC- NCL,Female-only (including Supernumerary),89238,89238
National Institute of Technology Puducherry,"Civil Engineering (4 Years, Bachelor of Technology)",OS,SC,Gender-Neutral,172452,179157
National Institute of Technology Puducherry,"Civil Engineering (4 Years, Bachelor of Technology)",OS,ST,Gender-Neutral,246731,246731
National Institute of Technology Puducherry,"Civil Engineering for DASA-CIWG (4 Years, Bachelor of Technology)",DC,OPEN,Gender-Neutral,372989,372989
National Institute of Technology Puducherry,"Computer Science and Engineering (4 Years, Bachelor of Technology)",HS,OPEN,Gender-Neutral,33724,66320
National Institute of Technology Puducherry,"Computer Science and Engineering (4 Years, Bachelor of Technology)",HS,OPEN (PwD),Female-only (including Supernumerary),525481,525481
National Institute of Technology Puducherry,"Computer Science and Engineering (4 Years, Bachelor of Technology)",HS,EWS,Gender-Neutral,580755,580755
National Institute of Technology Puducherry,"Computer Science and Engineering (4 Years, Bachelor of Technology)",HS,OBC- NCL,Gender-Neutral,80622,80622
National Institute of Technology Puducherry,"Computer Science and Engineering (4 Years, Bachelor of Technology)",OS,OPEN,Gender-Neutral,19967,21794
National Institute of Technology Puducherry,"Computer Science and Engineering (4 Years, Bachelor of Technology)",OS,OPEN,Female-only (including Supernumerary),30050,30050
National Institute of Technology Puducherry,"Computer Science and Engineering (4 Years, Bachelor of Technology)",OS,EWS,Gender-Neutral,23197,25763
National Institute of Technology Puducherry,"Computer Science and Engineering (4 Years, Bachelor of Technology)",OS,OBC- NCL,Gender-Neutral,29842,30526
National Institute of Technology Puducherry,"Computer Science and Engineering (4 Years, Bachelor of Technology)",OS,OBC- NCL,Female-only (including Supernumerary),40654,40654
National Institute of Technology Puducherry,"Computer Science and Engineering (4 Years, Bachelor of Technology)",OS,SC,Gender-Neutral,89154,95813
National Institute of Technology Puducherry,"Computer Science and Engineering (4 Years, Bachelor of Technology)",OS,ST,Gender-Neutral,91041,91041
National Institute of Technology Puducherry,"Computer Science and Engineering (4 Years, Bachelor of Technology)",OS,ST,Female-only (including Supernumerary),145293,145293
National Institute of Technology Puducherry,"Computer Science and Engineering for DASA-CIWG (4 Years, Bachelor of Technology)",DC,OPEN,Gender-Neutral,113367,214464
National Institute of Technology Puducherry,"Computer Science and Engineering for DASA-Non CIWG (4 Years, Bachelor of Technology)",AD,OPEN,Gender-Neutral,666619,666619
National Institute of Technology Puducherry,"Electrical and Electronics Engineering (4 Years, Bachelor of Technology)",AI,EWS,Gender-Neutral,46357,47715
National Institute of Technology Puducherry,"Electrical and Electronics Engineering (4 Years, Bachelor of Technology)",AI,EWS,Female-only (including Supernumerary),62054,62054
National Institute of Technology Puducherry,"Electrical and Electronics Engineering (4 Years, Bachelor of Technology)",AI,ST,Gender-Neutral,151008,151008
National Institute of Technology Puducherry,"Electrical and Electronics Engineering (4 Years, Bachelor of Technology)",AI,ST,Female-only (including Supernumerary),211317,211317
National Institute of Technology Puducherry,"Electrical and Electronics Engineering (4 Years, Bachelor of Technology)",HS,OPEN,Gender-Neutral,121967,153087
National Institute of Technology Puducherry,"Electrical and Electronics Engineering (4 Years, Bachelor of Technology)",HS,OBC- NCL,Gender-Neutral,155400,177101
National Institute of Technology Puducherry,"Electrical and Electronics Engineering (4 Years, Bachelor of Technology)",HS,OBC- NCL,Female-only (including Supernumerary),160297,160297
National Institute of Technology Puducherry,"Electrical and Electronics Engineering (4 Years, Bachelor of Technology)",HS,SC,Gender-Neutral,288032,323972
National Institute of Technology Puducherry,"Electrical and Electronics Engineering (4 Years, Bachelor of Technology)",OS,OPEN,Gender-Neutral,35930,43171
National Institute of Technology Puducherry,"Electrical and Electronics Engineering (4 Years, Bachelor of Technology)",OS,OPEN,Female-only (including Supernumerary),52051,52093
National Institute of Technology Puducherry,"Electrical and Electronics Engineering (4 Years, Bachelor of Technology)",OS,EWS,Gender-Neutral,47926,48562
National Institute of Technology Puducherry,"Electrical and Electronics Engineering (4 Years, Bachelor of Technology)",OS,OBC- NCL,Gender-Neutral,44733,46653
National Institute of Technology Puducherry,"Electrical and Electronics Engineering (4 Years, Bachelor of Technology)",OS,OBC- NCL,Female-only (including Supernumerary),54904,59852
National Institute of Technology Puducherry,"Electrical and Electronics Engineering (4 Years, Bachelor of Technology)",OS,SC,Gender-Neutral,138062,144964
National Institute of Technology Puducherry,"Electrical and Electronics Engineering (4 Years, Bachelor of Technology)",OS,ST,Gender-Neutral,223814,223814
National Institute of Technology Puducherry,"Electrical and Electronics Engineering (4 Years, Bachelor of Technology)",OS,ST,Female-only (including Supernumerary),296675,296675
National Institute of Technology Puducherry,"Electrical and Electronics Engineering for DASA-CIWG (4 Years, Bachelor of Technology)",DC,OPEN,Gender-Neutral,462135,462135
National Institute of Technology Puducherry,"Electronics and Communication Engineering (4 Years, Bachelor of Technology)",AI,EWS,Gender-Neutral,31345,31345
National Institute of Technology Puducherry,"Electronics and Communication Engineering (4 Years, Bachelor of Technology)",AI,ST,Gender-Neutral,164995,164995
National Institute of Technology Puducherry,"Electronics and Communication Engineering (4 Years, Bachelor of Technology)",HS,OPEN,Gender-Neutral,84221,89181
National Institute of Technology Puducherry,"Electronics and Communication Engineering (4 Years, Bachelor of Technology)",HS,OPEN,Female-only (including Supernumerary),104724,104724
National Institute of Technology Puducherry,"Electronics and Communication Engineering (4 Years, Bachelor of Technology)",HS,OBC- NCL,Gender-Neutral,116492,129200
National Institute of Technology Puducherry,"Electronics and Communication Engineering (4 Years, Bachelor of Technology)",HS,OBC- NCL,Female-only (including Supernumerary),111878,134564
National Institute of Technology Puducherry,"Electronics and Communication Engineering (4 Years, Bachelor of Technology)",HS,SC,Gender-Neutral,279925,279925
National Institute of Technology Puducherry,"Electronics and Communication Engineering (4 Years, Bachelor of Technology)",OS,OPEN,Gender-Neutral,25248,31341
National Institute of Technology Puducherry,"Electronics and Communication Engineering (4 Years, Bachelor of Technology)",OS,OPEN,Female-only (including Supernumerary),36234,36234
National Institute of Technology Puducherry,"Electronics and Communication Engineering (4 Years, Bachelor of Technology)",OS,EWS,Gender-Neutral,32587,34571
National Institute of Technology Puducherry,"Electronics and Communication Engineering (4 Years, Bachelor of Technology)",OS,OBC- NCL,Gender-Neutral,32561,37600
National Institute of Technology Puducherry,"Electronics and Communication Engineering (4 Years, Bachelor of Technology)",OS,OBC- NCL,Female-only (including Supernumerary),53296,53296
National Institute of Technology Puducherry,"Electronics and Communication Engineering (4 Years, Bachelor of Technology)",OS,SC,Gender-Neutral,111677,111677
National Institute of Technology Puducherry,"Electronics and Communication Engineering (4 Years, Bachelor of Technology)",OS,ST,Gender-Neutral,165748,185310
National Institute of Technology Puducherry,"Electronics and Communication Engineering for DASA-CIWG (4 Years, Bachelor of Technology)",DC,OPEN,Gender-Neutral,258207,417977
National Institute of Technology Puducherry,"Mechanical Engineering (4 Years, Bachelor of Technology)",AI,EWS,Gender-Neutral,50671,52559
National Institute of Technology Puducherry,"Mechanical Engineering (4 Years, Bachelor of Technology)",AI,EWS,Female-only (including Supernumerary),76915,76915
National Institute of Technology Puducherry,"Mechanical Engineering (4 Years, Bachelor of Technology)",AI,ST,Female-only (including Supernumerary),289871,289871
National Institute of Technology Puducherry,"Mechanical Engineering (4 Years, Bachelor of Technology)",HS,OPEN,Gender-Neutral,178357,201559
National Institute of Technology Puducherry,"Mechanical Engineering (4 Years, Bachelor of Technology)",HS,OPEN,Female-only (including Supernumerary),205593,205593
National Institute of Technology Puducherry,"Mechanical Engineering (4 Years, Bachelor of Technology)",HS,OBC- NCL,Gender-Neutral,215202,259305
National Institute of Technology Puducherry,"Mechanical Engineering (4 Years, Bachelor of Technology)",HS,OBC- NCL,Female-only (including Supernumerary),218591,218591
National Institute of Technology Puducherry,"Mechanical Engineering (4 Years, Bachelor of Technology)",HS,SC,Gender-Neutral,301362,301362
National Institute of Technology Puducherry,"Mechanical Engineering (4 Years, Bachelor of Technology)",OS,OPEN,Gender-Neutral,42564,46761
National Institute of Technology Puducherry,"Mechanical Engineering (4 Years, Bachelor of Technology)",OS,OPEN,Female-only (including Supernumerary),61081,67916
National Institute of Technology Puducherry,"Mechanical Engineering (4 Years, Bachelor of Technology)",OS,EWS,Gender-Neutral,56045,56947
National Institute of Technology Puducherry,"Mechanical Engineering (4 Years, Bachelor of Technology)",OS,OBC- NCL,Gender-Neutral,46897,48333
National Institute of Technology Puducherry,"Mechanical Engineering (4 Years, Bachelor of Technology)",OS,OBC- NCL,Female-only (including Supernumerary),75194,81536
National Institute of Technology Puducherry,"Mechanical Engineering (4 Years, Bachelor of Technology)",OS,SC,Gender-Neutral,163074,165175
National Institute of Technology Puducherry,"Mechanical Engineering (4 Years, Bachelor of Technology)",OS,SC,Female-only (including Supernumerary),175466,175466
National Institute of Technology Puducherry,"Mechanical Engineering (4 Years, Bachelor of Technology)",OS,ST,Gender-Neutral,240080,240080
National Institute of Technology Puducherry,"Mechanical Engineering for DASA-CIWG (4 Years, Bachelor of Technology)",DC,OPEN,Gender-Neutral,1149332,1149332
National Institute of Technology Raipur,"Architecture (5 Years, Bachelor of Architecture)",AI,EWS,Gender-Neutral,2926,2926
National Institute of Technology Raipur,"Architecture (5 Years, Bachelor of Architecture)",AI,OBC- NCL,Gender-Neutral,2442,2929
National Institute of Technology Raipur,"Architecture (5 Years, Bachelor of Architecture)",HS,OPEN,Gender-Neutral,3525,4088
National Institute of Technology Raipur,"Architecture (5 Years, Bachelor of Architecture)",HS,EWS,Female-only (including Supernumerary),12947,12947
National Institute of Technology Raipur,"Architecture (5 Years, Bachelor of Architecture)",HS,OBC- NCL,Gender-Neutral,,
