Institute,Academic Program Name,Quota,Seat Type,Gender,Opening Rank,Closing Rank
"Dr. B R Ambedkar National Institute of Technology, Jalandhar","Bio Technology (4 Years, Bachelor of Technology)",HS,OPEN,Gender-Neutral,93592,9
"Dr. B R Ambedkar National Institute of Technology, Jalandhar","Bio Technology (4 Years, Bachelor of Technology)",HS,EWS,Gender-Neutral,133832,1
"Dr. B R Ambedkar National Institute of Technology, Jalandhar","Bio Technology (4 Years, Bachelor of Technology)",HS,OBC- NCL,Gender-Neutral,181197,1
"Dr. B R Ambedkar National Institute of Technology, Jalandhar","Bio Technology (4 Years, Bachelor of Technology)",HS,SC,Gender-Neutral,227809,2
"Dr. B R Ambedkar National Institute of Technology, Jalandhar","Bio Technology (4 Years, Bachelor of Technology)",OS,OPEN,Female-only (including Supernumerary),71886,7
"Dr. B R Ambedkar National Institute of Technology, Jalandhar","Bio Technology (4 Years, Bachelor of Technology)",OS,EWS,Gender-Neutral,63551,6
"Dr. B R Ambedkar National Institute of Technology, Jalandhar","Bio Technology (4 Years, Bachelor of Technology)",OS,OBC- NCL,Gender-Neutral,67323,6
"Dr. B R Ambedkar National Institute of Technology, Jalandhar","Bio Technology (4 Years, Bachelor of Technology)",OS,SC,Gender-Neutral,184656,1
"Dr. B R Ambedkar National Institute of Technology, Jalandhar","Chemical Engineering (4 Years, Bachelor of Technology)",HS,OPEN,Gender-Neutral,66369,6
"Dr. B R Ambedkar National Institute of Technology, Jalandhar","Chemical Engineering (4 Years, Bachelor of Technology)",HS,OBC- NCL,Gender-Neutral,118303,1
"Dr. B R Ambedkar National Institute of Technology, Jalandhar","Chemical Engineering (4 Years, Bachelor of Technology)",OS,OPEN,Gender-Neutral,42844,4
"Dr. B R Ambedkar National Institute of Technology, Jalandhar","Chemical Engineering (4 Years, Bachelor of Technology)",OS,OPEN,Female-only (including Supernumerary),64982,6
"Dr. B R Ambedkar National Institute of Technology, Jalandhar","Chemical Engineering (4 Years, Bachelor of Technology)",OS,EWS,Gender-Neutral,46368,4
"Dr. B R Ambedkar National Institute of Technology, Jalandhar","Chemical Engineering (4 Years, Bachelor of Technology)",OS,OBC- NCL,Gender-Neutral,48574,4
"Dr. B R Ambedkar National Institute of Technology, Jalandhar","Chemical Engineering (4 Years, Bachelor of Technology)",OS,SC,Gender-Neutral,159906,1
"Dr. B R Ambedkar National Institute of Technology, Jalandhar","Chemical Engineering (4 Years, Bachelor of Technology)",OS,ST,Gender-Neutral,230519,2
"Dr. B R Ambedkar National Institute of Technology, Jalandhar","Civil Engineering (4 Years, Bachelor of Technology)",AI,ST,Gender-Neutral,160032,1
"Dr. B R Ambedkar National Institute of Technology, Jalandhar","Civil Engineering (4 Years, Bachelor of Technology)",HS,OPEN,Gender-Neutral,79157,7
"Dr. B R Ambedkar National Institute of Technology, Jalandhar","Civil Engineering (4 Years, Bachelor of Technology)",OS,OPEN,Gender-Neutral,47577,4
"Dr. B R Ambedkar National Institute of Technology, Jalandhar","Civil Engineering (4 Years, Bachelor of Technology)",OS,OPEN,Female-only (including Supernumerary),72793,7
"Dr. B R Ambedkar National Institute of Technology, Jalandhar","Civil Engineering (4 Years, Bachelor of Technology)",OS,EWS,Gender-Neutral,53131,5
"Dr. B R Ambedkar National Institute of Technology, Jalandhar","Civil Engineering (4 Years, Bachelor of Technology)",OS,EWS,Female-only (including Supernumerary),75916,7
"Dr. B R Ambedkar National Institute of Technology, Jalandhar","Civil Engineering (4 Years, Bachelor of Technology)",OS,OBC- NCL,Gender-Neutral,53833,5
"Dr. B R Ambedkar National Institute of Technology, Jalandhar","Civil Engineering (4 Years, Bachelor of Technology)",OS,OBC- NCL,Female-only (including Supernumerary),79605,8
"Dr. B R Ambedkar National Institute of Technology, Jalandhar","Civil Engineering (4 Years, Bachelor of Technology)",OS,ST,Gender-Neutral,189138,1
"Dr. B R Ambedkar National Institute of Technology, Jalandhar","Computer Science and Engineering (4 Years, Bachelor of Technology)",HS,OPEN,Gender-Neutral,14482,1
"Dr. B R Ambedkar National Institute of Technology, Jalandhar","Computer Science and Engineering (4 Years, Bachelor of Technology)",OS,OPEN,Gender-Neutral,13270,1
"Dr. B R Ambedkar National Institute of Technology, Jalandhar","Computer Science and Engineering (4 Years, Bachelor of Technology)",OS,OPEN,Female-only (including Supernumerary),24358,2
"Dr. B R Ambedkar National Institute of Technology, Jalandhar","Computer Science and Engineering for DASA-CIWG (4 Years, Bachelor of Technology)",DC,OPEN,Gender-Neutral,484857,4
"Dr. B R Ambedkar National Institute of Technology, Jalandhar","Data Science and Engineering (4 Years, Bachelor of Technology)",HS,OPEN,Gender-Neutral,20787,2
"Dr. B R Ambedkar National Institute of Technology, Jalandhar","Data Science and Engineering (4 Years, Bachelor of Technology)",OS,OBC- NCL,Gender-Neutral,23472,2
"Dr. B R Ambedkar National Institute of Technology, Jalandhar","Electrical Engineering (4 Years, Bachelor of Technology)",HS,OPEN,Gender-Neutral,31686,3
"Dr. B R Ambedkar National Institute of Technology, Jalandhar","Electrical Engineering (4 Years, Bachelor of Technology)",HS,OPEN,Female-only (including Supernumerary),38551,3
"Dr. B R Ambedkar National Institute of Technology, Jalandhar","Electrical Engineering (4 Years, Bachelor of Technology)",OS,OPEN,Gender-Neutral,24397,2
"Dr. B R Ambedkar National Institute of Technology, Jalandhar","Electrical Engineering (4 Years, Bachelor of Technology)",OS,OBC- NCL,Gender-Neutral,28790,2
"Dr. B R Ambedkar National Institute of Technology, Jalandhar","Electronics and Communication Engineering (4 Years, Bachelor of Technology)",HS,OPEN,Gender-Neutral,26815,2
"Dr. B R Ambedkar National Institute of Technology, Jalandhar","Electronics and Communication Engineering (4 Years, Bachelor of Technology)",OS,OPEN,Gender-Neutral,19503,1
"Dr. B R Ambedkar National Institute of Technology, Jalandhar","Electronics and Communication Engineering (4 Years, Bachelor of Technology)",OS,OPEN,Female-only (including Supernumerary),30332,3
"Dr. B R Ambedkar National Institute of Technology, Jalandhar","Electronics and Communication Engineering (4 Years, Bachelor of Technology)",OS,EWS,Gender-Neutral,20451,2
"Dr. B R Ambedkar National Institute of Technology, Jalandhar","Electronics and Communication Engineering (4 Years, Bachelor of Technology)",OS,OBC- NCL,Gender-Neutral,24167,2
"Dr. B R Ambedkar National Institute of Technology, Jalandhar","Electronics and Communication Engineering (4 Years, Bachelor of Technology)",OS,OBC- NCL,Female-only (including Supernumerary),40957,4
"Dr. B R Ambedkar National Institute of Technology, Jalandhar","Electronics and VLSI Engineering (4 Years, Bachelor of Technology)",HS,OPEN,Gender-Neutral,29556,2
"Dr. B R Ambedkar National Institute of Technology, Jalandhar","Electronics and VLSI Engineering (4 Years, Bachelor of Technology)",HS,OPEN,Female-only (including Supernumerary),33504,3
"Dr. B R Ambedkar National Institute of Technology, Jalandhar","Electronics and VLSI Engineering (4 Years, Bachelor of Technology)",OS,OPEN,Gender-Neutral,20828,2
"Dr. B R Ambedkar National Institute of Technology, Jalandhar","Electronics and VLSI Engineering (4 Years, Bachelor of Technology)",OS,OPEN,Female-only (including Supernumerary),31837,3
"Dr. B R Ambedkar National Institute of Technology, Jalandhar","Electronics and VLSI Engineering (4 Years, Bachelor of Technology)",OS,EWS,Gender-Neutral,24378,2
"Dr. B R Ambedkar National Institute of Technology, Jalandhar","Industrial and Production Engineering (4 Years, Bachelor of Technology)",HS,OPEN,Gender-Neutral,75912,7
"Dr. B R Ambedkar National Institute of Technology, Jalandhar","Industrial and Production Engineering (4 Years, Bachelor of Technology)",HS,OPEN,Female-only (including Supernumerary),73433,7
"Dr. B R Ambedkar National Institute of Technology, Jalandhar","Industrial and Production Engineering (4 Years, Bachelor of Technology)",HS,EWS,Gender-Neutral,100961,1
"Dr. B R Ambedkar National Institute of Technology, Jalandhar","Industrial and Production Engineering (4 Years, Bachelor of Technology)",HS,OBC- NCL,Gender-Neutral,157977,1
"Dr. B R Ambedkar National Institute of Technology, Jalandhar","Industrial and Production Engineering (4 Years, Bachelor of Technology)",OS,OPEN,Gender-Neutral,49833,5
"Dr. B R Ambedkar National Institute of Technology, Jalandhar","Industrial and Production Engineering (4 Years, Bachelor of Technology)",OS,OPEN,Female-only (including Supernumerary),72657,7
"Dr. B R Ambedkar National Institute of Technology, Jalandhar","Industrial and Production Engineering (4 Years, Bachelor of Technology)",OS,EWS,Gender-Neutral,53717,5
"Dr. B R Ambedkar National Institute of Technology, Jalandhar","Industrial and Production Engineering (4 Years, Bachelor of Technology)",OS,EWS,Female-only (including Supernumerary),82433,8
"Dr. B R Ambedkar National Institute of Technology, Jalandhar","Industrial and Production Engineering (4 Years, Bachelor of Technology)",OS,OBC- NCL,Gender-Neutral,58391,5
"Dr. B R Ambedkar National Institute of Technology, Jalandhar","Industrial and Production Engineering (4 Years, Bachelor of Technology)",OS,SC,Gender-Neutral,187154,1
"Dr. B R Ambedkar National Institute of Technology, Jalandhar","Information Technology (4 Years, Bachelor of Technology)",HS,EWS,Gender-Neutral,30186,3
"Dr. B R Ambedkar National Institute of Technology, Jalandhar","Information Technology (4 Years, Bachelor of Technology)",OS,OPEN,Gender-Neutral,17168,1
"Dr. B R Ambedkar National Institute of Technology, Jalandhar","Information Technology (4 Years, Bachelor of Technology)",OS,EWS,Gender-Neutral,17693,1
"Dr. B R Ambedkar National Institute of Technology, Jalandhar","Instrumentation and Control Engineering (4 Years, Bachelor of Technology)",HS,OPEN,Gender-Neutral,41358,4
"Dr. B R Ambedkar National Institute of Technology, Jalandhar","Instrumentation and Control Engineering (4 Years, Bachelor of Technology)",HS,OPEN,Female-only (including Supernumerary),52736,5
"Dr. B R Ambedkar National Institute of Technology, Jalandhar","Instrumentation and Control Engineering (4 Years, Bachelor of Technology)",OS,OPEN,Gender-Neutral,29873,3
"Dr. B R Ambedkar National Institute of Technology, Jalandhar","Instrumentation and Control Engineering (4 Years, Bachelor of Technology)",OS,OBC- NCL,Gender-Neutral,34646,3
"Dr. B R Ambedkar National Institute of Technology, Jalandhar","Instrumentation and Control Engineering (4 Years, Bachelor of Technology)",OS,ST,Gender-Neutral,235767,2
"Dr. B R Ambedkar National Institute of Technology, Jalandhar","Mathematics and Computing (4 Years, Bachelor of Technology)",HS,OPEN,Gender-Neutral,25149,2
"Dr. B R Ambedkar National Institute of Technology, Jalandhar","Mathematics and Computing (4 Years, Bachelor of Technology)",HS,EWS,Gender-Neutral,25343,2
"Dr. B R Ambedkar National Institute of Technology, Jalandhar","Mathematics and Computing (4 Years, Bachelor of Technology)",OS,OPEN,Gender-Neutral,17622,1
"Dr. B R Ambedkar National Institute of Technology, Jalandhar","Mathematics and Computing (4 Years, Bachelor of Technology)",OS,OPEN,Female-only (including Supernumerary),30330,3
"Dr. B R Ambedkar National Institute of Technology, Jalandhar","Mechanical Engineering (4 Years, Bachelor of Technology)",HS,OPEN,Gender-Neutral,52686,5
"Dr. B R Ambedkar National Institute of Technology, Jalandhar","Mechanical Engineering (4 Years, Bachelor of Technology)",HS,OPEN,Female-only (including Supernumerary),64698,6
"Dr. B R Ambedkar National Institute of Technology, Jalandhar","Mechanical Engineering (4 Years, Bachelor of Technology)",HS,EWS,Female-only (including Supernumerary),82645,8
"Dr. B R Ambedkar National Institute of Technology, Jalandhar","Mechanical Engineering (4 Years, Bachelor of Technology)",HS,OBC- NCL,Gender-Neutral,99424,9
"Dr. B R Ambedkar National Institute of Technology, Jalandhar","Mechanical Engineering (4 Years, Bachelor of Technology)",OS,OPEN,Gender-Neutral,36313,3
"Dr. B R Ambedkar National Institute of Technology, Jalandhar","Mechanical Engineering (4 Years, Bachelor of Technology)",OS,OPEN,Female-only (including Supernumerary),60734,6
"Dr. B R Ambedkar National Institute of Technology, Jalandhar","Mechanical Engineering (4 Years, Bachelor of Technology)",OS,EWS,Gender-Neutral,39245,3
"Dr. B R Ambedkar National Institute of Technology, Jalandhar","Mechanical Engineering (4 Years, Bachelor of Technology)",OS,OBC- NCL,Gender-Neutral,40068,4
"Dr. B R Ambedkar National Institute of Technology, Jalandhar","Mechanical Engineering (4 Years, Bachelor of Technology)",OS,OBC- NCL,Female-only (including Supernumerary),76130,7
"Dr. B R Ambedkar National Institute of Technology, Jalandhar","Textile Technology (4 Years, Bachelor of Technology)",HS,OPEN,Gender-Neutral,116072,1
"Dr. B R Ambedkar National Institute of Technology, Jalandhar","Textile Technology (4 Years, Bachelor of Technology)",HS,EWS,Gender-Neutral,147714,1
"Dr. B R Ambedkar National Institute of Technology, Jalandhar","Textile Technology (4 Years, Bachelor of Technology)",HS,EWS,Female-only (including Supernumerary),142267,1
"Dr. B R Ambedkar National Institute of Technology, Jalandhar","Textile Technology (4 Years, Bachelor of Technology)",HS,OBC- NCL,Gender-Neutral,219647,2
"Dr. B R Ambedkar National Institute of Technology, Jalandhar","Textile Technology (4 Years, Bachelor of Technology)",HS,SC,Gender-Neutral,293251,2
"Dr. B R Ambedkar National Institute of Technology, Jalandhar","Textile Technology (4 Years, Bachelor of Technology)",OS,OPEN,Gender-Neutral,60293,6
"Dr. B R Ambedkar National Institute of Technology, Jalandhar","Textile Technology (4 Years, Bachelor of Technology)",OS,EWS,Gender-Neutral,64749,6
"Dr. B R Ambedkar National Institute of Technology, Jalandhar","Textile Technology (4 Years, Bachelor of Technology)",OS,OBC- NCL,Gender-Neutral,67821,6
"Dr. B R Ambedkar National Institute of Technology, Jalandhar","Textile Technology (4 Years, Bachelor of Technology)",OS,OBC- NCL,Female-only (including Supernumerary),96038,9
"Dr. B R Ambedkar National Institute of Technology, Jalandhar","Textile Technology (4 Years, Bachelor of Technology)",OS,SC,Gender-Neutral,201830,2
"Dr. B R Ambedkar National Institute of Technology, Jalandhar","Textile Technology (4 Years, Bachelor of Technology)",OS,SC,Female-only (including Supernumerary),228142,2
"Dr. B R Ambedkar National Institute of Technology, Jalandhar","Textile Technology (4 Years, Bachelor of Technology)",OS,ST,Female-only (including Supernumerary),349299,3
Malaviya National Institute of Technology Jaipur,"Architecture (5 Years, Bachelor of Architecture)",AI,EWS,Gender-Neutral,1526,1
Malaviya National Institute of Technology Jaipur,"Architecture (5 Years, Bachelor of Architecture)",HS,OBC- NCL,Gender-Neutral,7744,7
Malaviya National Institute of Technology Jaipur,"Architecture (5 Years, Bachelor of Architecture)",HS,OBC- NCL,Female-only (including Supernumerary),7989,7
Malaviya National Institute of Technology Jaipur,"Architecture (5 Years, Bachelor of Architecture)",OS,OPEN,Gender-Neutral,991,9
Malaviya National Institute of Technology Jaipur,"Architecture (5 Years, Bachelor of Architecture)",OS,EWS,Gender-Neutral,5589,7
Malaviya National Institute of Technology Jaipur,"Architecture (5 Years, Bachelor of Architecture)",OS,OBC- NCL,Gender-Neutral,2091,2
Malaviya National Institute of Technology Jaipur,"Architecture (5 Years, Bachelor of Architecture)",OS,OBC- NCL,Female-only (including Supernumerary),1568,1
Malaviya National Institute of Technology Jaipur,"Artificial Intelligence and Data Engineering (4 Years, Bachelor of Technology)",OS,OPEN,Gender-Neutral,7921,7
Malaviya National Institute of Technology Jaipur,"Chemical Engineering (4 Years, Bachelor of Technology)",HS,OPEN,Gender-Neutral,28986,2
Malaviya National Institute of Technology Jaipur,"Chemical Engineering (4 Years, Bachelor of Technology)",HS,OBC- NCL,Gender-Neutral,36202,3
Malaviya National Institute of Technology Jaipur,"Chemical Engineering (4 Years, Bachelor of Technology)",HS,OBC- NCL,Female-only (including Supernumerary),57867,5
Malaviya National Institute of Technology Jaipur,"Chemical Engineering (4 Years, Bachelor of Technology)",OS,OPEN,Gender-Neutral,28788,2
Malaviya National Institute of Technology Jaipur,"Chemical Engineering (4 Years, Bachelor of Technology)",OS,EWS,Gender-Neutral,31879,3
Malaviya National Institute of Technology Jaipur,"Chemical Engineering (4 Years, Bachelor of Technology)",OS,ST,Gender-Neutral,226763,2
Malaviya National Institute of Technology Jaipur,"Civil Engineering (4 Years, Bachelor of Technology)",HS,OPEN,Female-only (including Supernumerary),41387,4
Malaviya National Institute of Technology Jaipur,"Civil Engineering (4 Years, Bachelor of Technology)",HS,OBC- NCL,Gender-Neutral,32835,3
Malaviya National Institute of Technology Jaipur,"Civil Engineering (4 Years, Bachelor of Technology)",HS,OBC- NCL,Female-only (including Supernumerary),60590,6
Malaviya National Institute of Technology Jaipur,"Civil Engineering (4 Years, Bachelor of Technology)",OS,OPEN,Female-only (including Supernumerary),63186,6
Malaviya National Institute of Technology Jaipur,"Civil Engineering (4 Years, Bachelor of Technology)",OS,EWS,Gender-Neutral,44984,4
Malaviya National Institute of Technology Jaipur,"Civil Engineering (4 Years, Bachelor of Technology)",OS,EWS,Female-only (including Supernumerary),63591,6
Malaviya National Institute of Technology Jaipur,"Civil Engineering (4 Years, Bachelor of Technology)",OS,OBC- NCL,Gender-Neutral,43355,4
Malaviya National Institute of Technology Jaipur,"Computer Science and Engineering (4 Years, Bachelor of Technology)",OS,EWS,Gender-Neutral,7144,7
Malaviya National Institute of Technology Jaipur,"Computer Science and Engineering for DASA-CIWG (4 Years, Bachelor of Technology)",DC,OPEN,Gender-Neutral,233197,2
Malaviya National Institute of Technology Jaipur,"Computer Science and Engineering for DASA-Non CIWG (4 Years, Bachelor of Technology)",AD,OPEN,Gender-Neutral,463786,4
Malaviya National Institute of Technology Jaipur,"Electrical Engineering (4 Years, Bachelor of Technology)",HS,OBC- NCL,Gender-Neutral,22904,2
Malaviya National Institute of Technology Jaipur,"Electrical Engineering (4 Years, Bachelor of Technology)",OS,OPEN,Gender-Neutral,17097,1
Malaviya National Institute of Technology Jaipur,"Electrical Engineering (4 Years, Bachelor of Technology)",OS,EWS,Gender-Neutral,19978,2
Malaviya National Institute of Technology Jaipur,"Electrical Engineering (4 Years, Bachelor of Technology)",OS,SC,Gender-Neutral,90230,9
Malaviya National Institute of Technology Jaipur,"Electrical Engineering for DASA-CIWG (4 Years, Bachelor of Technology)",DC,OPEN,Gender-Neutral,1060828,1
Malaviya National Institute of Technology Jaipur,"Electronics and Communication Engineering (4 Years, Bachelor of Technology)",HS,OPEN,Gender-Neutral,11260,1
Malaviya National Institute of Technology Jaipur,"Electronics and Communication Engineering (4 Years, Bachelor of Technology)",HS,EWS,Gender-Neutral,13169,1
Malaviya National Institute of Technology Jaipur,"Electronics and Communication Engineering (4 Years, Bachelor of Technology)",HS,OBC- NCL,Gender-Neutral,16126,1
Malaviya National Institute of Technology Jaipur,"Electronics and Communication Engineering (4 Years, Bachelor of Technology)",OS,OPEN,Gender-Neutral,10601,1
Malaviya National Institute of Technology Jaipur,"Electronics and Communication Engineering (4 Years, Bachelor of Technology)",OS,OBC- NCL,Gender-Neutral,17094,1
Malaviya National Institute of Technology Jaipur,"Electronics and Communication Engineering (4 Years, Bachelor of Technology)",OS,SC,Gender-Neutral,51829,5
Malaviya National Institute of Technology Jaipur,"Electronics and Communication Engineering for DASA-CIWG (4 Years, Bachelor of Technology)",DC,OPEN,Gender-Neutral,338394,3
Malaviya National Institute of Technology Jaipur,"Mechanical Engineering (4 Years, Bachelor of Technology)",HS,OPEN,Gender-Neutral,22275,2
Malaviya National Institute of Technology Jaipur,"Mechanical Engineering (4 Years, Bachelor of Technology)",HS,OBC- NCL,Gender-Neutral,29817,2
Malaviya National Institute of Technology Jaipur,"Mechanical Engineering (4 Years, Bachelor of Technology)",OS,OPEN,Gender-Neutral,24960,2
Malaviya National Institute of Technology Jaipur,"Mechanical Engineering (4 Years, Bachelor of Technology)",OS,OPEN,Female-only (including Supernumerary),36908,3
Malaviya National Institute of Technology Jaipur,"Mechanical Engineering (4 Years, Bachelor of Technology)",OS,EWS (PwD),Gender-Neutral,1241053,1
Malaviya National Institute of Technology Jaipur,"Mechanical Engineering (4 Years, Bachelor of Technology)",OS,OBC- NCL,Gender-Neutral,31156,3
Malaviya National Institute of Technology Jaipur,"Mechanical Engineering (4 Years, Bachelor of Technology)",OS,OBC- NCL,Female-only (including Supernumerary),54636,5
Malaviya National Institute of Technology Jaipur,"Mechanical Engineering (4 Years, Bachelor of Technology)",OS,SC,Gender-Neutral,108866,1
Malaviya National Institute of Technology Jaipur,"Mechanical Engineering for DASA-CIWG (4 Years, Bachelor of Technology)",DC,OPEN,Gender-Neutral,549382,5
Malaviya National Institute of Technology Jaipur,"Metallurgical and Materials Engineering (4 Years, Bachelor of Technology)",HS,OPEN,Gender-Neutral,37028,3
Malaviya National Institute of Technology Jaipur,"Metallurgical and Materials Engineering (4 Years, Bachelor of Technology)",HS,EWS,Gender-Neutral,41933,4
Malaviya National Institute of Technology Jaipur,"Metallurgical and Materials Engineering (4 Years, Bachelor of Technology)",HS,OBC- NCL,Gender-Neutral,43762,4
Malaviya National Institute of Technology Jaipur,"Metallurgical and Materials Engineering (4 Years, Bachelor of Technology)",OS,OPEN,Gender-Neutral,38458,3
Malaviya National Institute of Technology Jaipur,"Metallurgical and Materials Engineering (4 Years, Bachelor of Technology)",OS,OBC- NCL,Gender-Neutral,47421,4
Malaviya National Institute of Technology Jaipur,"Metallurgical and Materials Engineering (4 Years, Bachelor of Technology)",OS,OBC- NCL,Female-only (including Supernumerary),68950,6
Maulana Azad National Institute of Technology Bhopal,"Architecture (5 Years, Bachelor of Architecture)",AI,ST,Gender-Neutral,5771,5
Maulana Azad National Institute of Technology Bhopal,"Architecture (5 Years, Bachelor of Architecture)",HS,OPEN,Gender-Neutral,3883,3
Maulana Azad National Institute of Technology Bhopal,"Architecture (5 Years, Bachelor of Architecture)",HS,OBC- NCL,Gender-Neutral,23913,2
Maulana Azad National Institute of Technology Bhopal,"Architecture (5 Years, Bachelor of Architecture)",OS,OPEN,Gender-Neutral,1258,1
Maulana Azad National Institute of Technology Bhopal,"Architecture (5 Years, Bachelor of Architecture)",OS,OPEN,Female-only (including Supernumerary),962,9
Maulana Azad National Institute of Technology Bhopal,"Architecture (5 Years, Bachelor of Architecture)",OS,EWS,Gender-Neutral,8219,8
Maulana Azad National Institute of Technology Bhopal,"Architecture (5 Years, Bachelor of Architecture)",OS,OBC- NCL,Gender-Neutral,2621,3
Maulana Azad National Institute of Technology Bhopal,"Architecture (5 Years, Bachelor of Architecture)",OS,SC,Gender-Neutral,6553,6
Maulana Azad National Institute of Technology Bhopal,"Architecture (5 Years, Bachelor of Architecture)",OS,ST,Gender-Neutral,11630,1
Maulana Azad National Institute of Technology Bhopal,"Architecture (5 Years, Bachelor of Architecture)",OS,ST,Female-only (including Supernumerary),6303,6
Maulana Azad National Institute of Technology Bhopal,"Chemical Engineering (4 Years, Bachelor of Technology)",HS,OPEN,Gender-Neutral,44849,4
Maulana Azad National Institute of Technology Bhopal,"Chemical Engineering (4 Years, Bachelor of Technology)",HS,EWS,Gender-Neutral,46377,4
Maulana Azad National Institute of Technology Bhopal,"Chemical Engineering (4 Years, Bachelor of Technology)",HS,OBC- NCL,Gender-Neutral,52813,5
Maulana Azad National Institute of Technology Bhopal,"Chemical Engineering (4 Years, Bachelor of Technology)",HS,OBC- NCL,Female-only (including Supernumerary),91932,9
Maulana Azad National Institute of Technology Bhopal,"Chemical Engineering (4 Years, Bachelor of Technology)",OS,OPEN,Gender-Neutral,37693,3
Maulana Azad National Institute of Technology Bhopal,"Chemical Engineering (4 Years, Bachelor of Technology)",OS,EWS,Gender-Neutral,43396,4
Maulana Azad National Institute of Technology Bhopal,"Chemical Engineering (4 Years, Bachelor of Technology)",OS,OBC- NCL,Gender-Neutral,44170,4
Maulana Azad National Institute of Technology Bhopal,"Chemical Engineering (4 Years, Bachelor of Technology)",OS,OBC- NCL,Female-only (including Supernumerary),76140,7
Maulana Azad National Institute of Technology Bhopal,"Civil Engineering (4 Years, Bachelor of Technology)",HS,OPEN,Gender-Neutral,51001,5
Maulana Azad National Institute of Technology Bhopal,"Civil Engineering (4 Years, Bachelor of Technology)",HS,EWS,Gender-Neutral,58342,6
Maulana Azad National Institute of Technology Bhopal,"Civil Engineering (4 Years, Bachelor of Technology)",HS,OBC- NCL,Gender-Neutral,57389,5
Maulana Azad National Institute of Technology Bhopal,"Civil Engineering (4 Years, Bachelor of Technology)",OS,OPEN,Gender-Neutral,46547,4
Maulana Azad National Institute of Technology Bhopal,"Civil Engineering (4 Years, Bachelor of Technology)",OS,EWS,Gender-Neutral,50957,5
Maulana Azad National Institute of Technology Bhopal,"Civil Engineering (4 Years, Bachelor of Technology)",OS,OBC- NCL,Gender-Neutral,54164,5
Maulana Azad National Institute of Technology Bhopal,"Computer Science and Engineering (4 Years, Bachelor of Technology)",HS,SC,Gender-Neutral,61682,6
Maulana Azad National Institute of Technology Bhopal,"Computer Science and Engineering (4 Years, Bachelor of Technology)",OS,OPEN,Gender-Neutral,9222,1
Maulana Azad National Institute of Technology Bhopal,"Computer Science and Engineering (4 Years, Bachelor of Technology)",OS,EWS,Gender-Neutral,12823,1
Maulana Azad National Institute of Technology Bhopal,"Computer Science and Engineering (4 Years, Bachelor of Technology)",OS,OBC- NCL,Gender-Neutral,13843,1
Maulana Azad National Institute of Technology Bhopal,"Electrical Engineering (4 Years, Bachelor of Technology)",HS,OPEN,Gender-Neutral,25861,2
Maulana Azad National Institute of Technology Bhopal,"Electrical Engineering (4 Years, Bachelor of Technology)",HS,EWS,Gender-Neutral,27877,2
Maulana Azad National Institute of Technology Bhopal,"Electrical Engineering (4 Years, Bachelor of Technology)",HS,SC,Gender-Neutral,122619,1
Maulana Azad National Institute of Technology Bhopal,"Electrical Engineering (4 Years, Bachelor of Technology)",OS,OPEN,Gender-Neutral,23451,2
Maulana Azad National Institute of Technology Bhopal,"Electrical Engineering (4 Years, Bachelor of Technology)",OS,OPEN,Female-only (including Supernumerary),36197,3
Maulana Azad National Institute of Technology Bhopal,"Electrical Engineering (4 Years, Bachelor of Technology)",OS,EWS,Gender-Neutral,27413,2
Maulana Azad National Institute of Technology Bhopal,"Electrical Engineering (4 Years, Bachelor of Technology)",OS,OBC- NCL,Gender-Neutral,28168,2
Maulana Azad National Institute of Technology Bhopal,"Electronics and Communication Engineering (4 Years, Bachelor of Technology)",HS,OPEN,Gender-Neutral,18781,1
Maulana Azad National Institute of Technology Bhopal,"Electronics and Communication Engineering (4 Years, Bachelor of Technology)",HS,EWS,Gender-Neutral,20703,2
Maulana Azad National Institute of Technology Bhopal,"Electronics and Communication Engineering (4 Years, Bachelor of Technology)",HS,SC,Gender-Neutral,74293,7
Maulana Azad National Institute of Technology Bhopal,"Electronics and Communication Engineering (4 Years, Bachelor of Technology)",OS,OPEN,Gender-Neutral,16513,1
Maulana Azad National Institute of Technology Bhopal,"Electronics and Communication Engineering (4 Years, Bachelor of Technology)",OS,OPEN,Female-only (including Supernumerary),25334,2
Maulana Azad National Institute of Technology Bhopal,"Electronics and Communication Engineering (4 Years, Bachelor of Technology)",OS,EWS,Gender-Neutral,19267,1
Maulana Azad National Institute of Technology Bhopal,"Electronics and Communication Engineering (4 Years, Bachelor of Technology)",OS,OBC- NCL,Gender-Neutral,22252,2
Maulana Azad National Institute of Technology Bhopal,"Electronics and Communication Engineering (4 Years, Bachelor of Technology)",OS,OBC- NCL,Female-only (including Supernumerary),40654,4
Maulana Azad National Institute of Technology Bhopal,"Electronics and Communication Engineering (4 Years, Bachelor of Technology)",OS,SC,Gender-Neutral,81459,8
Maulana Azad National Institute of Technology Bhopal,"Energy and Electrical Vehicle Engineering (4 Years, Bachelor of Technology)",HS,OPEN,Gender-Neutral,40308,4
Maulana Azad National Institute of Technology Bhopal,"Energy and Electrical Vehicle Engineering (4 Years, Bachelor of Technology)",OS,OPEN,Gender-Neutral,32179,3
Maulana Azad National Institute of Technology Bhopal,"Energy and Electrical Vehicle Engineering (4 Years, Bachelor of Technology)",OS,OBC- NCL,Gender-Neutral,36133,3
Maulana Azad National Institute of Technology Bhopal,"Materials Science and Metallurgical Engineering (4 Years, Bachelor of Technology)",HS,OPEN,Gender-Neutral,57231,5
Maulana Azad National Institute of Technology Bhopal,"Materials Science and Metallurgical Engineering (4 Years, Bachelor of Technology)",HS,EWS,Gender-Neutral,59054,6
Maulana Azad National Institute of Technology Bhopal,"Materials Science and Metallurgical Engineering (4 Years, Bachelor of Technology)",HS,OBC- NCL,Gender-Neutral,69284,7
Maulana Azad National Institute of Technology Bhopal,"Materials Science and Metallurgical Engineering (4 Years, Bachelor of Technology)",OS,OPEN,Gender-Neutral,50508,5
Maulana Azad National Institute of Technology Bhopal,"Materials Science and Metallurgical Engineering (4 Years, Bachelor of Technology)",OS,OPEN,Female-only (including Supernumerary),79344,7
Maulana Azad National Institute of Technology Bhopal,"Materials Science and Metallurgical Engineering (4 Years, Bachelor of Technology)",OS,EWS,Gender-Neutral,53591,5
Maulana Azad National Institute of Technology Bhopal,"Materials Science and Metallurgical Engineering (4 Years, Bachelor of Technology)",OS,OBC- NCL,Gender-Neutral,57348,5
Maulana Azad National Institute of Technology Bhopal,"Materials Science and Metallurgical Engineering (4 Years, Bachelor of Technology)",OS,OBC- NCL,Female-only (including Supernumerary),84307,8
Maulana Azad National Institute of Technology Bhopal,"Mathematics and Data Science (5 Years, Bachelor and Master of Technology (Dual Degree))",OS,OPEN,Gender-Neutral,17145,1
Maulana Azad National Institute of Technology Bhopal,"Mathematics and Data Science (5 Years, Bachelor and Master of Technology (Dual Degree))",OS,EWS,Gender-Neutral,18598,1
Maulana Azad National Institute of Technology Bhopal,"Mathematics and Data Science (5 Years, Bachelor and Master of Technology (Dual Degree))",OS,SC,Female-only (including Supernumerary),156023,1
Maulana Azad National Institute of Technology Bhopal,"Mechanical Engineering (4 Years, Bachelor of Technology)",HS,OPEN,Gender-Neutral,37312,3
Maulana Azad National Institute of Technology Bhopal,"Mechanical Engineering (4 Years, Bachelor of Technology)",HS,EWS,Gender-Neutral,43611,4
Maulana Azad National Institute of Technology Bhopal,"Mechanical Engineering (4 Years, Bachelor of Technology)",HS,SC,Gender-Neutral,169640,1
Maulana Azad National Institute of Technology Bhopal,"Mechanical Engineering (4 Years, Bachelor of Technology)",OS,OPEN,Gender-Neutral,31932,3
Maulana Azad National Institute of Technology Bhopal,"Mechanical Engineering (4 Years, Bachelor of Technology)",OS,EWS,Gender-Neutral,39193,3
Maulana Azad National Institute of Technology Bhopal,"Mechanical Engineering (4 Years, Bachelor of Technology)",OS,OBC- NCL,Gender-Neutral,38788,3
Maulana Azad National Institute of Technology Bhopal,"Mechanical Engineering (4 Years, Bachelor of Technology)",OS,OBC- NCL,Female-only (including Supernumerary),66436,7
Maulana Azad National Institute of Technology Bhopal,"Mechanical Engineering (4 Years, Bachelor of Technology)",OS,SC,Gender-Neutral,140930,1
Maulana Azad National Institute of Technology Bhopal,"Planning (4 Years, Bachelor of Planning)",AI,OBC- NCL,Gender-Neutral,1899,2
Maulana Azad National Institute of Technology Bhopal,"Planning (4 Years, Bachelor of Planning)",AI,SC,Gender-Neutral,3419,3
Maulana Azad National Institute of Technology Bhopal,"Planning (4 Years, Bachelor of Planning)",AI,SC,Female-only (including Supernumerary),1393,1
Maulana Azad National Institute of Technology Bhopal,"Planning (4 Years, Bachelor of Planning)",HS,OPEN,Gender-Neutral,3615,3
Maulana Azad National Institute of Technology Bhopal,"Planning (4 Years, Bachelor of Planning)",OS,OPEN,Gender-Neutral,1071,1
Maulana Azad National Institute of Technology Bhopal,"Planning (4 Years, Bachelor of Planning)",OS,OBC- NCL,Gender-Neutral,4815,5
Maulana Azad National Institute of Technology Bhopal,"Planning (4 Years, Bachelor of Planning)",OS,OBC- NCL,Female-only (including Supernumerary),3573,3
Maulana Azad National Institute of Technology Bhopal,"Planning (4 Years, Bachelor of Planning)",OS,SC,Gender-Neutral,4669,6
Maulana Azad National Institute of Technology Bhopal,"Planning (4 Years, Bachelor of Planning)",OS,SC,Female-only (including Supernumerary),7516,7
Maulana Azad National Institute of Technology Bhopal,"Planning (4 Years, Bachelor of Planning)",OS,ST,Gender-Neutral,11711,1
Motilal Nehru National Institute of Technology Allahabad,"Bio Technology (4 Years, Bachelor of Technology)",HS,OBC- NCL,Gender-Neutral,57422,5
Motilal Nehru National Institute of Technology Allahabad,"Bio Technology (4 Years, Bachelor of Technology)",HS,SC,Gender-Neutral,175018,1
Motilal Nehru National Institute of Technology Allahabad,"Bio Technology (4 Years, Bachelor of Technology)",OS,OPEN,Gender-Neutral,46245,4
Motilal Nehru National Institute of Technology Allahabad,"Bio Technology (4 Years, Bachelor of Technology)",OS,EWS,Gender-Neutral,54067,5
Motilal Nehru National Institute of Technology Allahabad,"Bio Technology (4 Years, Bachelor of Technology)",OS,OBC- NCL,Gender-Neutral,58185,5
Motilal Nehru National Institute of Technology Allahabad,"Bio Technology (4 Years, Bachelor of Technology)",OS,SC,Female-only (including Supernumerary),194702,1
Motilal Nehru National Institute of Technology Allahabad,"Chemical Engineering (4 Years, Bachelor of Technology)",OS,OPEN,Gender-Neutral,28623,2
Motilal Nehru National Institute of Technology Allahabad,"Chemical Engineering (4 Years, Bachelor of Technology)",OS,EWS,Gender-Neutral,29850,2
Motilal Nehru National Institute of Technology Allahabad,"Civil Engineering (4 Years, Bachelor of Technology)",HS,OPEN,Gender-Neutral,33951,3
Motilal Nehru National Institute of Technology Allahabad,"Civil Engineering (4 Years, Bachelor of Technology)",HS,EWS,Gender-Neutral,40071,4
Motilal Nehru National Institute of Technology Allahabad,"Civil Engineering (4 Years, Bachelor of Technology)",HS,OBC- NCL,Gender-Neutral,41681,4
Motilal Nehru National Institute of Technology Allahabad,"Civil Engineering (4 Years, Bachelor of Technology)",OS,EWS,Female-only (including Supernumerary),62438,6
Motilal Nehru National Institute of Technology Allahabad,"Civil Engineering (4 Years, Bachelor of Technology)",OS,OBC- NCL,Gender-Neutral,39097,3
Motilal Nehru National Institute of Technology Allahabad,"Civil Engineering (4 Years, Bachelor of Technology)",OS,OBC- NCL,Female-only (including Supernumerary),74718,7
Motilal Nehru National Institute of Technology Allahabad,"Computer Science and Engineering (4 Years, Bachelor of Technology)",HS,OBC- NCL,Gender-Neutral,11552,1
Motilal Nehru National Institute of Technology Allahabad,"Computer Science and Engineering (4 Years, Bachelor of Technology)",OS,OPEN,Gender-Neutral,5423,5
Motilal Nehru National Institute of Technology Allahabad,"Computer Science and Engineering (4 Years, Bachelor of Technology)",OS,EWS,Gender-Neutral,6634,6
Motilal Nehru National Institute of Technology Allahabad,"Computer Science and Engineering for DASA-CIWG (4 Years, Bachelor of Technology)",DC,OPEN,Gender-Neutral,256738,2
Motilal Nehru National Institute of Technology Allahabad,"Electrical Engineering (4 Years, Bachelor of Technology)",OS,OPEN,Gender-Neutral,13869,1
Motilal Nehru National Institute of Technology Allahabad,"Electrical Engineering (4 Years, Bachelor of Technology)",OS,EWS,Gender-Neutral,17666,1
Motilal Nehru National Institute of Technology Allahabad,"Electrical Engineering (4 Years, Bachelor of Technology)",OS,SC,Gender-Neutral,75901,7
Motilal Nehru National Institute of Technology Allahabad,"Electronics and Communication Engineering (4 Years, Bachelor of Technology)",HS,OBC- NCL,Gender-Neutral,15690,1
Motilal Nehru National Institute of Technology Allahabad,"Electronics and Communication Engineering (4 Years, Bachelor of Technology)",OS,OPEN,Gender-Neutral,10172,1
Motilal Nehru National Institute of Technology Allahabad,"Electronics and Communication Engineering (4 Years, Bachelor of Technology)",OS,EWS,Gender-Neutral,11892,1
Motilal Nehru National Institute of Technology Allahabad,"Electronics and Communication Engineering (4 Years, Bachelor of Technology)",OS,OBC- NCL,Gender-Neutral,16085,1
Motilal Nehru National Institute of Technology Allahabad,"Electronics and Communication Engineering (4 Years, Bachelor of Technology)",OS,SC,Gender-Neutral,56799,5
Motilal Nehru National Institute of Technology Allahabad,"Engineering and Computational Mechanics (4 Years, Bachelor of Technology)",HS,EWS,Female-only (including Supernumerary),38160,3
Motilal Nehru National Institute of Technology Allahabad,"Engineering and Computational Mechanics (4 Years, Bachelor of Technology)",HS,OBC- NCL,Gender-Neutral,27198,2
Motilal Nehru National Institute of Technology Allahabad,"Engineering and Computational Mechanics (4 Years, Bachelor of Technology)",OS,OPEN,Gender-Neutral,18723,1
Motilal Nehru National Institute of Technology Allahabad,"Engineering and Computational Mechanics (4 Years, Bachelor of Technology)",OS,OPEN,Female-only (including Supernumerary),27443,2
Motilal Nehru National Institute of Technology Allahabad,"Engineering and Computational Mechanics (4 Years, Bachelor of Technology)",OS,OBC- NCL,Gender-Neutral,23734,2
Motilal Nehru National Institute of Technology Allahabad,"Materials Engineering (4 Years, Bachelor of Technology)",HS,OBC- NCL,Gender-Neutral,49908,4
Motilal Nehru National Institute of Technology Allahabad,"Materials Engineering (4 Years, Bachelor of Technology)",OS,OPEN,Female-only (including Supernumerary),65569,6
Motilal Nehru National Institute of Technology Allahabad,"Materials Engineering (4 Years, Bachelor of Technology)",OS,OBC- NCL,Gender-Neutral,49843,4
Motilal Nehru National Institute of Technology Allahabad,"Mechanical Engineering (4 Years, Bachelor of Technology)",HS,OPEN,Gender-Neutral,23704,2
Motilal Nehru National Institute of Technology Allahabad,"Mechanical Engineering (4 Years, Bachelor of Technology)",HS,OPEN,Female-only (including Supernumerary),30836,3
Motilal Nehru National Institute of Technology Allahabad,"Mechanical Engineering (4 Years, Bachelor of Technology)",HS,EWS,Gender-Neutral,28361,2
Motilal Nehru National Institute of Technology Allahabad,"Mechanical Engineering (4 Years, Bachelor of Technology)",HS,EWS,Female-only (including Supernumerary),41701,4
Motilal Nehru National Institute of Technology Allahabad,"Mechanical Engineering (4 Years, Bachelor of Technology)",HS,OBC- NCL,Gender-Neutral,30404,3
Motilal Nehru National Institute of Technology Allahabad,"Mechanical Engineering (4 Years, Bachelor of Technology)",HS,SC,Gender-Neutral,108854,1
Motilal Nehru National Institute of Technology Allahabad,"Mechanical Engineering (4 Years, Bachelor of Technology)",OS,OPEN,Gender-Neutral,24210,2
Motilal Nehru National Institute of Technology Allahabad,"Mechanical Engineering (4 Years, Bachelor of Technology)",OS,OPEN (PwD),Female-only (including Supernumerary),1336715,1
Motilal Nehru National Institute of Technology Allahabad,"Mechanical Engineering (4 Years, Bachelor of Technology)",OS,EWS,Gender-Neutral,29254,2
Motilal Nehru National Institute of Technology Allahabad,"Mechanical Engineering (4 Years, Bachelor of Technology)",OS,OBC- NCL,Gender-Neutral,30281,3
Motilal Nehru National Institute of Technology Allahabad,"Mechanical Engineering for DASA-CIWG (4 Years, Bachelor of Technology)",DC,OPEN,Gender-Neutral,550551,5
Motilal Nehru National Institute of Technology Allahabad,"Production and Industrial Engineering (4 Years, Bachelor of Technology)",HS,OPEN,Female-only (including Supernumerary),63036,6
Motilal Nehru National Institute of Technology Allahabad,"Production and Industrial Engineering (4 Years, Bachelor of Technology)",HS,EWS,Female-only (including Supernumerary),64823,6
Motilal Nehru National Institute of Technology Allahabad,"Production and Industrial Engineering (4 Years, Bachelor of Technology)",OS,OPEN,Gender-Neutral,37762,3
Motilal Nehru National Institute of Technology Allahabad,"Production and Industrial Engineering (4 Years, Bachelor of Technology)",OS,OBC- NCL,Gender-Neutral,52767,5
Motilal Nehru National Institute of Technology Allahabad,"Production and Industrial Engineering (4 Years, Bachelor of Technology)",OS,ST,Female-only (including Supernumerary),302485,3
National Institute of Technology Agartala,"Biotechnology and Biochemical Engineering (4 Years, Bachelor of Technology)",AI,EWS,Gender-Neutral,87069,8
National Institute of Technology Agartala,"Biotechnology and Biochemical Engineering (4 Years, Bachelor of Technology)",AI,EWS,Female-only (including Supernumerary),124831,1
National Institute of Technology Agartala,"Biotechnology and Biochemical Engineering (4 Years, Bachelor of Technology)",AI,ST,Gender-Neutral,355806,3
National Institute of Technology Agartala,"Biotechnology and Biochemical Engineering (4 Years, Bachelor of Technology)",HS,SC,Gender-Neutral,833335,9
National Institute of Technology Agartala,"Biotechnology and Biochemical Engineering (4 Years, Bachelor of Technology)",HS,SC,Female-only (including Supernumerary),735705,7
National Institute of Technology Agartala,"Biotechnology and Biochemical Engineering (4 Years, Bachelor of Technology)",OS,OPEN,Gender-Neutral,80683,8
National Institute of Technology Agartala,"Biotechnology and Biochemical Engineering (4 Years, Bachelor of Technology)",OS,OPEN,Female-only (including Supernumerary),113614,1
National Institute of Technology Agartala,"Biotechnology and Biochemical Engineering (4 Years, Bachelor of Technology)",OS,EWS,Gender-Neutral,87262,8
National Institute of Technology Agartala,"Biotechnology and Biochemical Engineering (4 Years, Bachelor of Technology)",OS,EWS,Female-only (including Supernumerary),126357,1
National Institute of Technology Agartala,"Biotechnology and Biochemical Engineering (4 Years, Bachelor of Technology)",OS,OBC- NCL,Gender-Neutral,84410,8
National Institute of Technology Agartala,"Biotechnology and Biochemical Engineering (4 Years, Bachelor of Technology)",OS,OBC- NCL,Female-only (including Supernumerary),130691,1
National Institute of Technology Agartala,"Biotechnology and Biochemical Engineering (4 Years, Bachelor of Technology)",OS,SC,Gender-Neutral,217113,2
National Institute of Technology Agartala,"Biotechnology and Biochemical Engineering (4 Years, Bachelor of Technology)",OS,SC,Female-only (including Supernumerary),267534,2
National Institute of Technology Agartala,"Biotechnology and Biochemical Engineering (4 Years, Bachelor of Technology)",OS,ST,Gender-Neutral,392451,4
National Institute of Technology Agartala,"Chemical Engineering (4 Years, Bachelor of Technology)",AI,EWS,Gender-Neutral,66612,7
National Institute of Technology Agartala,"Chemical Engineering (4 Years, Bachelor of Technology)",AI,EWS,Female-only (including Supernumerary),105395,1
National Institute of Technology Agartala,"Chemical Engineering (4 Years, Bachelor of Technology)",AI,ST,Gender-Neutral,289388,2
National Institute of Technology Agartala,"Chemical Engineering (4 Years, Bachelor of Technology)",HS,OPEN,Gender-Neutral,313139,3
National Institute of Technology Agartala,"Chemical Engineering (4 Years, Bachelor of Technology)",HS,SC,Gender-Neutral,741138,1
National Institute of Technology Agartala,"Chemical Engineering (4 Years, Bachelor of Technology)",OS,OPEN,Gender-Neutral,58585,6
National Institute of Technology Agartala,"Chemical Engineering (4 Years, Bachelor of Technology)",OS,OPEN,Female-only (including Supernumerary),102211,1
National Institute of Technology Agartala,"Chemical Engineering (4 Years, Bachelor of Technology)",OS,EWS,Gender-Neutral,71288,7
National Institute of Technology Agartala,"Chemical Engineering (4 Years, Bachelor of Technology)",OS,EWS,Female-only (including Supernumerary),107710,1
National Institute of Technology Agartala,"Chemical Engineering (4 Years, Bachelor of Technology)",OS,OBC- NCL,Gender-Neutral,67060,7
National Institute of Technology Agartala,"Chemical Engineering (4 Years, Bachelor of Technology)",OS,OBC- NCL,Female-only (including Supernumerary),111970,1
National Institute of Technology Agartala,"Chemical Engineering (4 Years, Bachelor of Technology)",OS,SC,Gender-Neutral,197299,2
National Institute of Technology Agartala,"Chemical Engineering (4 Years, Bachelor of Technology)",OS,SC,Female-only (including Supernumerary),249480,2
National Institute of Technology Agartala,"Chemical Engineering (4 Years, Bachelor of Technology)",OS,ST,Gender-Neutral,301093,3
National Institute of Technology Agartala,"Chemistry (5 Years, Bachelor of Science and Master of Science (Dual Degree))",AI,EWS,Gender-Neutral,113459,1
National Institute of Technology Agartala,"Chemistry (5 Years, Bachelor of Science and Master of Science (Dual Degree))",AI,ST,Gender-Neutral,437108,5
National Institute of Technology Agartala,"Chemistry (5 Years, Bachelor of Science and Master of Science (Dual Degree))",HS,SC,Gender-Neutral,1082251,1
National Institute of Technology Agartala,"Chemistry (5 Years, Bachelor of Science and Master of Science (Dual Degree))",OS,OPEN,Gender-Neutral,96288,1
National Institute of Technology Agartala,"Chemistry (5 Years, Bachelor of Science and Master of Science (Dual Degree))",OS,EWS,Gender-Neutral,115923,1
National Institute of Technology Agartala,"Chemistry (5 Years, Bachelor of Science and Master of Science (Dual Degree))",OS,OBC- NCL,Gender-Neutral,106579,1
National Institute of Technology Agartala,"Chemistry (5 Years, Bachelor of Science and Master of Science (Dual Degree))",OS,SC,Gender-Neutral,245830,2
National Institute of Technology Agartala,"Chemistry (5 Years, Bachelor of Science and Master of Science (Dual Degree))",OS,ST,Gender-Neutral,509090,5
National Institute of Technology Agartala,"Civil Engineering (4 Years, Bachelor of Technology)",AI,EWS,Gender-Neutral,73438,7
National Institute of Technology Agartala,"Civil Engineering (4 Years, Bachelor of Technology)",HS,OPEN,Gender-Neutral,265375,2
National Institute of Technology Agartala,"Civil Engineering (4 Years, Bachelor of Technology)",HS,OPEN,Female-only (including Supernumerary),243236,2
National Institute of Technology Agartala,"Civil Engineering (4 Years, Bachelor of Technology)",HS,SC,Gender-Neutral,463301,4
National Institute of Technology Agartala,"Civil Engineering (4 Years, Bachelor of Technology)",OS,OPEN,Gender-Neutral,67737,6
National Institute of Technology Agartala,"Civil Engineering (4 Years, Bachelor of Technology)",OS,OPEN,Female-only (including Supernumerary),110547,1
National Institute of Technology Agartala,"Civil Engineering (4 Years, Bachelor of Technology)",OS,EWS,Gender-Neutral,74610,7
National Institute of Technology Agartala,"Civil Engineering (4 Years, Bachelor of Technology)",OS,EWS,Female-only (including Supernumerary),117323,1
National Institute of Technology Agartala,"Civil Engineering (4 Years, Bachelor of Technology)",OS,OBC- NCL,Gender-Neutral,71400,7
National Institute of Technology Agartala,"Civil Engineering (4 Years, Bachelor of Technology)",OS,OBC- NCL,Female-only (including Supernumerary),116435,1
National Institute of Technology Agartala,"Civil Engineering (4 Years, Bachelor of Technology)",OS,SC,Gender-Neutral,202304,2
National Institute of Technology Agartala,"Civil Engineering (4 Years, Bachelor of Technology)",OS,ST,Female-only (including Supernumerary),344169,3
National Institute of Technology Agartala,"Computational Mathematics (5 Years, Bachelor and Master of Technology (Dual Degree))",AI,EWS,Gender-Neutral,47440,4
National Institute of Technology Agartala,"Computational Mathematics (5 Years, Bachelor and Master of Technology (Dual Degree))",HS,OPEN,Gender-Neutral,218902,2
National Institute of Technology Agartala,"Computational Mathematics (5 Years, Bachelor and Master of Technology (Dual Degree))",OS,OPEN,Gender-Neutral,36441,3
National Institute of Technology Agartala,"Computational Mathematics (5 Years, Bachelor and Master of Technology (Dual Degree))",OS,EWS,Gender-Neutral,53848,6
National Institute of Technology Agartala,"Computational Mathematics (5 Years, Bachelor and Master of Technology (Dual Degree))",OS,OBC- NCL,Gender-Neutral,55721,5
National Institute of Technology Agartala,"Computational Mathematics (5 Years, Bachelor and Master of Technology (Dual Degree))",OS,ST,Gender-Neutral,309594,3
National Institute of Technology Agartala,"Computer Science and Engineering (4 Years, Bachelor of Technology)",HS,ST,Gender-Neutral,558151,5
National Institute of Technology Agartala,"Computer Science and Engineering (4 Years, Bachelor of Technology)",OS,OPEN,Gender-Neutral,26266,2
National Institute of Technology Agartala,"Computer Science and Engineering (4 Years, Bachelor of Technology)",OS,OPEN,Female-only (including Supernumerary),44210,4
National Institute of Technology Agartala,"Computer Science and Engineering (4 Years, Bachelor of Technology)",OS,OBC- NCL,Gender-Neutral,30619,3
National Institute of Technology Agartala,"Electrical Engineering (4 Years, Bachelor of Technology)",HS,OPEN,Gender-Neutral,148077,1
National Institute of Technology Agartala,"Electrical Engineering (4 Years, Bachelor of Technology)",HS,SC,Gender-Neutral,427026,4
National Institute of Technology Agartala,"Electrical Engineering (4 Years, Bachelor of Technology)",HS,ST,Gender-Neutral,848132,8
National Institute of Technology Agartala,"Electrical Engineering (4 Years, Bachelor of Technology)",OS,OPEN,Gender-Neutral,41092,4
National Institute of Technology Agartala,"Electrical Engineering (4 Years, Bachelor of Technology)",OS,OPEN,Female-only (including Supernumerary),70075,7
National Institute of Technology Agartala,"Electrical Engineering (4 Years, Bachelor of Technology)",OS,EWS,Gender-Neutral,46253,4
National Institute of Technology Agartala,"Electrical Engineering (4 Years, Bachelor of Technology)",OS,EWS,Female-only (including Supernumerary),72405,7
National Institute of Technology Agartala,"Electrical Engineering (4 Years, Bachelor of Technology)",OS,OBC- NCL,Gender-Neutral,49837,4
National Institute of Technology Agartala,"Electrical Engineering (4 Years, Bachelor of Technology)",OS,OBC- NCL,Female-only (including Supernumerary),73992,7
National Institute of Technology Agartala,"Electrical Engineering (4 Years, Bachelor of Technology)",OS,SC,Gender-Neutral,158551,1
National Institute of Technology Agartala,"Electrical Engineering (4 Years, Bachelor of Technology)",OS,ST,Female-only (including Supernumerary),335408,3
National Institute of Technology Agartala,"Electronics and Communication Engineering (4 Years, Bachelor of Technology)",HS,OPEN,Gender-Neutral,116326,1
National Institute of Technology Agartala,"Electronics and Communication Engineering (4 Years, Bachelor of Technology)",HS,OPEN,Female-only (including Supernumerary),114046,1
National Institute of Technology Agartala,"Electronics and Communication Engineering (4 Years, Bachelor of Technology)",HS,ST,Gender-Neutral,771130,8
National Institute of Technology Agartala,"Electronics and Communication Engineering (4 Years, Bachelor of Technology)",HS,ST,Female-only (including Supernumerary),576504,5
National Institute of Technology Agartala,"Electronics and Communication Engineering (4 Years, Bachelor of Technology)",OS,OBC- NCL,Gender-Neutral,37449,3
National Institute of Technology Agartala,"Electronics and Instrumentation Engineering (4 Years, Bachelor of Technology)",AI,ST,Gender-Neutral,267894,2
National Institute of Technology Agartala,"Electronics and Instrumentation Engineering (4 Years, Bachelor of Technology)",HS,OPEN,Gender-Neutral,167791,1
National Institute of Technology Agartala,"Electronics and Instrumentation Engineering (4 Years, Bachelor of Technology)",HS,SC,Gender-Neutral,435342,4
National Institute of Technology Agartala,"Electronics and Instrumentation Engineering (4 Years, Bachelor of Technology)",OS,OPEN,Gender-Neutral,43403,4
National Institute of Technology Agartala,"Electronics and Instrumentation Engineering (4 Years, Bachelor of Technology)",OS,OPEN,Female-only (including Supernumerary),69563,6
National Institute of Technology Agartala,"Electronics and Instrumentation Engineering (4 Years, Bachelor of Technology)",OS,EWS,Gender-Neutral,46570,4
National Institute of Technology Agartala,"Electronics and Instrumentation Engineering (4 Years, Bachelor of Technology)",OS,OBC- NCL,Gender-Neutral,51352,5
National Institute of Technology Agartala,"Electronics and Instrumentation Engineering (4 Years, Bachelor of Technology)",OS,OBC- NCL,Female-only (including Supernumerary),97774,1
National Institute of Technology Agartala,"Electronics and Instrumentation Engineering (4 Years, Bachelor of Technology)",OS,ST,Gender-Neutral,268947,2
National Institute of Technology Agartala,"Engineering Physics (5 Years, Bachelor and Master of Technology (Dual Degree))",AI,EWS,Gender-Neutral,86855,8
National Institute of Technology Agartala,"Engineering Physics (5 Years, Bachelor and Master of Technology (Dual Degree))",AI,ST,Gender-Neutral,421326,4
National Institute of Technology Agartala,"Engineering Physics (5 Years, Bachelor and Master of Technology (Dual Degree))",HS,SC,Gender-Neutral,1069581,1
National Institute of Technology Agartala,"Engineering Physics (5 Years, Bachelor and Master of Technology (Dual Degree))",OS,OPEN,Gender-Neutral,68287,7
National Institute of Technology Agartala,"Engineering Physics (5 Years, Bachelor and Master of Technology (Dual Degree))",OS,OBC- NCL,Gender-Neutral,77794,7
National Institute of Technology Agartala,"Engineering Physics (5 Years, Bachelor and Master of Technology (Dual Degree))",OS,SC,Gender-Neutral,217532,2
National Institute of Technology Agartala,"Engineering Physics (5 Years, Bachelor and Master of Technology (Dual Degree))",OS,ST,Gender-Neutral,444522,4
National Institute of Technology Agartala,"Mathematics & Computing (5 Years, Bachelor of Science and Master of Science (Dual Degree))",AI,EWS,Gender-Neutral,66163,6
National Institute of Technology Agartala,"Mathematics & Computing (5 Years, Bachelor of Science and Master of Science (Dual Degree))",AI,ST,Gender-Neutral,367328,3
National Institute of Technology Agartala,"Mathematics & Computing (5 Years, Bachelor of Science and Master of Science (Dual Degree))",HS,OPEN,Gender-Neutral,450108,4
National Institute of Technology Agartala,"Mathematics & Computing (5 Years, Bachelor of Science and Master of Science (Dual Degree))",HS,SC,Gender-Neutral,578772,5
National Institute of Technology Agartala,"Mathematics & Computing (5 Years, Bachelor of Science and Master of Science (Dual Degree))",OS,OPEN,Gender-Neutral,49357,5
National Institute of Technology Agartala,"Mathematics & Computing (5 Years, Bachelor of Science and Master of Science (Dual Degree))",OS,EWS,Gender-Neutral,68002,6
National Institute of Technology Agartala,"Mathematics & Computing (5 Years, Bachelor of Science and Master of Science (Dual Degree))",OS,OBC- NCL,Gender-Neutral,61937,6
National Institute of Technology Agartala,"Mathematics & Computing (5 Years, Bachelor of Science and Master of Science (Dual Degree))",OS,ST,Gender-Neutral,379589,3
National Institute of Technology Agartala,"Mechanical Engineering (4 Years, Bachelor of Technology)",AI,EWS,Gender-Neutral,54841,5
National Institute of Technology Agartala,"Mechanical Engineering (4 Years, Bachelor of Technology)",AI,ST,Gender-Neutral,243743,2
National Institute of Technology Agartala,"Mechanical Engineering (4 Years, Bachelor of Technology)",AI,ST,Female-only (including Supernumerary),343931,3
National Institute of Technology Agartala,"Mechanical Engineering (4 Years, Bachelor of Technology)",HS,SC,Gender-Neutral,440864,4
National Institute of Technology Agartala,"Mechanical Engineering (4 Years, Bachelor of Technology)",HS,SC,Female-only (including Supernumerary),584036,5
National Institute of Technology Agartala,"Mechanical Engineering (4 Years, Bachelor of Technology)",OS,OPEN,Gender-Neutral,51854,5
National Institute of Technology Agartala,"Mechanical Engineering (4 Years, Bachelor of Technology)",OS,OPEN,Female-only (including Supernumerary),89175,9
National Institute of Technology Agartala,"Mechanical Engineering (4 Years, Bachelor of Technology)",OS,EWS,Gender-Neutral,57792,6
National Institute of Technology Agartala,"Mechanical Engineering (4 Years, Bachelor of Technology)",OS,EWS,Female-only (including Supernumerary),93888,9
National Institute of Technology Agartala,"Mechanical Engineering (4 Years, Bachelor of Technology)",OS,OBC- NCL,Gender-Neutral,59540,6
National Institute of Technology Agartala,"Mechanical Engineering (4 Years, Bachelor of Technology)",OS,OBC- NCL,Female-only (including Supernumerary),104600,1
National Institute of Technology Agartala,"Mechanical Engineering (4 Years, Bachelor of Technology)",OS,SC,Gender-Neutral,178662,1
National Institute of Technology Agartala,"Mechanical Engineering (4 Years, Bachelor of Technology)",OS,ST,Gender-Neutral,260227,2
National Institute of Technology Agartala,"Mechanical Engineering (4 Years, Bachelor of Technology)",OS,ST,Female-only (including Supernumerary),356418,3
National Institute of Technology Agartala,"Physics (5 Years, Bachelor of Science and Master of Science (Dual Degree))",AI,EWS,Gender-Neutral,96649,1
National Institute of Technology Agartala,"Physics (5 Years, Bachelor of Science and Master of Science (Dual Degree))",AI,SC,Gender-Neutral,235939,2
National Institute of Technology Agartala,"Physics (5 Years, Bachelor of Science and Master of Science (Dual Degree))",AI,ST,Gender-Neutral,415596,4
National Institute of Technology Agartala,"Physics (5 Years, Bachelor of Science and Master of Science (Dual Degree))",HS,OPEN,Gender-Neutral,592289,6
National Institute of Technology Agartala,"Physics (5 Years, Bachelor of Science and Master of Science (Dual Degree))",OS,OPEN,Gender-Neutral,85372,9
National Institute of Technology Agartala,"Physics (5 Years, Bachelor of Science and Master of Science (Dual Degree))",OS,EWS,Gender-Neutral,106202,1
National Institute of Technology Agartala,"Physics (5 Years, Bachelor of Science and Master of Science (Dual Degree))",OS,OBC- NCL,Gender-Neutral,95847,1
National Institute of Technology Agartala,"Physics (5 Years, Bachelor of Science and Master of Science (Dual Degree))",OS,SC,Gender-Neutral,241687,2
National Institute of Technology Agartala,"Physics (5 Years, Bachelor of Science and Master of Science (Dual Degree))",OS,ST,Gender-Neutral,460553,4
National Institute of Technology Agartala,"Production Engineering (4 Years, Bachelor of Technology)",AI,EWS,Gender-Neutral,78821,8
National Institute of Technology Agartala,"Production Engineering (4 Years, Bachelor of Technology)",AI,EWS,Female-only (including Supernumerary),122418,1
National Institute of Technology Agartala,"Production Engineering (4 Years, Bachelor of Technology)",AI,SC,Gender-Neutral,186622,1
National Institute of Technology Agartala,"Production Engineering (4 Years, Bachelor of Technology)",AI,SC,Female-only (including Supernumerary),258710,2
National Institute of Technology Agartala,"Production Engineering (4 Years, Bachelor of Technology)",AI,ST,Gender-Neutral,371268,3
National Institute of Technology Agartala,"Production Engineering (4 Years, Bachelor of Technology)",HS,OPEN,Gender-Neutral,497947,5
National Institute of Technology Agartala,"Production Engineering (4 Years, Bachelor of Technology)",HS,OPEN,Female-only (including Supernumerary),940601,9
National Institute of Technology Agartala,"Production Engineering (4 Years, Bachelor of Technology)",HS,SC,Gender-Neutral,781455,7
National Institute of Technology Agartala,"Production Engineering (4 Years, Bachelor of Technology)",HS,SC,Female-only (including Supernumerary),1122031,1
National Institute of Technology Agartala,"Production Engineering (4 Years, Bachelor of Technology)",OS,OPEN,Gender-Neutral,75539,7
National Institute of Technology Agartala,"Production Engineering (4 Years, Bachelor of Technology)",OS,OPEN,Female-only (including Supernumerary),114770,1
National Institute of Technology Agartala,"Production Engineering (4 Years, Bachelor of Technology)",OS,EWS,Gender-Neutral,81041,8
National Institute of Technology Agartala,"Production Engineering (4 Years, Bachelor of Technology)",OS,EWS,Female-only (including Supernumerary),122706,1
National Institute of Technology Agartala,"Production Engineering (4 Years, Bachelor of Technology)",OS,OBC- NCL,Gender-Neutral,81396,8
National Institute of Technology Agartala,"Production Engineering (4 Years, Bachelor of Technology)",OS,OBC- NCL,Female-only (including Supernumerary),126665,1
National Institute of Technology Agartala,"Production Engineering (4 Years, Bachelor of Technology)",OS,SC,Gender-Neutral,201364,2
National Institute of Technology Agartala,"Production Engineering (4 Years, Bachelor of Technology)",OS,SC,Female-only (including Supernumerary),261432,2
National Institute of Technology Agartala,"Production Engineering (4 Years, Bachelor of Technology)",OS,ST,Gender-Neutral,383045,4
National Institute of Technology Agartala,"Production Engineering (4 Years, Bachelor of Technology)",OS,ST,Female-only (including Supernumerary),411946,4
National Institute of Technology Calicut,"Architecture (5 Years, Bachelor of Architecture)",AI,ST,Female-only (including Supernumerary),6813,6
National Institute of Technology Calicut,"Architecture (5 Years, Bachelor of Architecture)",OS,SC,Gender-Neutral,3132,3
National Institute of Technology Calicut,"Architecture (5 Years, Bachelor of Architecture)",OS,ST,Gender-Neutral,11142,1
National Institute of Technology Calicut,"Architecture for DASA-Non CIWG (5 Years, Bachelor of Architecture)",AD,OPEN,Gender-Neutral,19111,1
National Institute of Technology Calicut,"Bio Technology (4 Years, Bachelor of Technology)",OS,OPEN,Gender-Neutral,40413,4
National Institute of Technology Calicut,"Bio Technology (4 Years, Bachelor of Technology)",OS,EWS,Gender-Neutral,53706,5
National Institute of Technology Calicut,"Bio Technology (4 Years, Bachelor of Technology)",OS,EWS,Female-only (including Supernumerary),66551,6
National Institute of Technology Calicut,"Bio Technology (4 Years, Bachelor of Technology)",OS,OBC- NCL,Gender-Neutral,54131,5
National Institute of Technology Calicut,"Bio Technology (4 Years, Bachelor of Technology)",OS,OBC- NCL,Female-only (including Supernumerary),68603,6
National Institute of Technology Calicut,"Bio Technology (4 Years, Bachelor of Technology)",OS,SC,Gender-Neutral,163074,1
National Institute of Technology Calicut,"Chemical Engineering (4 Years, Bachelor of Technology)",HS,OPEN,Gender-Neutral,27928,2
National Institute of Technology Calicut,"Chemical Engineering (4 Years, Bachelor of Technology)",HS,OBC- NCL,Gender-Neutral,32538,3
National Institute of Technology Calicut,"Chemical Engineering (4 Years, Bachelor of Technology)",OS,OPEN,Gender-Neutral,29454,2
National Institute of Technology Calicut,"Chemical Engineering (4 Years, Bachelor of Technology)",OS,EWS,Gender-Neutral,36250,3
National Institute of Technology Calicut,"Chemical Engineering (4 Years, Bachelor of Technology)",OS,OBC- NCL,Gender-Neutral,33626,3
National Institute of Technology Calicut,"Chemical Engineering (4 Years, Bachelor of Technology)",OS,OBC- NCL,Female-only (including Supernumerary),60542,6
National Institute of Technology Calicut,"Chemical Engineering (4 Years, Bachelor of Technology)",OS,SC,Female-only (including Supernumerary),191717,1
National Institute of Technology Calicut,"Civil Engineering (4 Years, Bachelor of Technology)",HS,OPEN,Gender-Neutral,46682,4
National Institute of Technology Calicut,"Civil Engineering (4 Years, Bachelor of Technology)",HS,OBC- NCL,Gender-Neutral,54760,5
National Institute of Technology Calicut,"Civil Engineering (4 Years, Bachelor of Technology)",OS,OPEN,Gender-Neutral,37683,3
National Institute of Technology Calicut,"Civil Engineering (4 Years, Bachelor of Technology)",OS,OPEN,Female-only (including Supernumerary),50322,5
National Institute of Technology Calicut,"Civil Engineering (4 Years, Bachelor of Technology)",OS,EWS,Gender-Neutral,41081,4
National Institute of Technology Calicut,"Civil Engineering (4 Years, Bachelor of Technology)",OS,EWS,Female-only (including Supernumerary),54464,5
National Institute of Technology Calicut,"Civil Engineering (4 Years, Bachelor of Technology)",OS,OBC- NCL,Gender-Neutral,40793,4
National Institute of Technology Calicut,"Civil Engineering (4 Years, Bachelor of Technology)",OS,SC,Gender-Neutral,142946,1
National Institute of Technology Calicut,"Civil Engineering for DASA-CIWG (4 Years, Bachelor of Technology)",DC,OPEN,Gender-Neutral,363502,3
National Institute of Technology Calicut,"Computer Science and Engineering (4 Years, Bachelor of Technology)",HS,OPEN,Gender-Neutral,8657,8
National Institute of Technology Calicut,"Computer Science and Engineering (4 Years, Bachelor of Technology)",HS,OPEN (PwD),Female-only (including Supernumerary),797046,7
National Institute of Technology Calicut,"Computer Science and Engineering (4 Years, Bachelor of Technology)",HS,OBC- NCL,Gender-Neutral,14405,1
National Institute of Technology Calicut,"Computer Science and Engineering (4 Years, Bachelor of Technology)",OS,OBC- NCL,Gender-Neutral,9726,1
National Institute of Technology Calicut,"Computer Science and Engineering for DASA-CIWG (4 Years, Bachelor of Technology)",DC,OPEN,Gender-Neutral,77929,7
National Institute of Technology Calicut,"Electrical and Electronics Engineering (4 Years, Bachelor of Technology)",HS,OPEN,Gender-Neutral,17819,1
National Institute of Technology Calicut,"Electrical and Electronics Engineering (4 Years, Bachelor of Technology)",HS,OBC- NCL,Gender-Neutral,22532,2
National Institute of Technology Calicut,"Electrical and Electronics Engineering (4 Years, Bachelor of Technology)",OS,OPEN,Gender-Neutral,14464,1
National Institute of Technology Calicut,"Electrical and Electronics Engineering (4 Years, Bachelor of Technology)",OS,OPEN,Female-only (including Supernumerary),25528,2
National Institute of Technology Calicut,"Electrical and Electronics Engineering (4 Years, Bachelor of Technology)",OS,EWS,Gender-Neutral,17909,1
National Institute of Technology Calicut,"Electrical and Electronics Engineering (4 Years, Bachelor of Technology)",OS,SC,Gender-Neutral,80473,8
National Institute of Technology Calicut,"Electrical and Electronics Engineering for DASA-CIWG (4 Years, Bachelor of Technology)",DC,OPEN,Gender-Neutral,162162,1
National Institute of Technology Calicut,"Electrical and Electronics Engineering for DASA-Non CIWG (4 Years, Bachelor of Technology)",AD,OPEN,Gender-Neutral,396371,4
National Institute of Technology Calicut,"Electronics and Communication Engineering (4 Years, Bachelor of Technology)",HS,OPEN,Gender-Neutral,13724,1
National Institute of Technology Calicut,"Electronics and Communication Engineering (4 Years, Bachelor of Technology)",HS,OBC- NCL,Gender-Neutral,17756,1
National Institute of Technology Calicut,"Electronics and Communication Engineering (4 Years, Bachelor of Technology)",OS,OPEN,Gender-Neutral,10358,1
National Institute of Technology Calicut,"Electronics and Communication Engineering (4 Years, Bachelor of Technology)",OS,SC,Gender-Neutral,58853,6
National Institute of Technology Calicut,"Electronics and Communication Engineering for DASA-CIWG (4 Years, Bachelor of Technology)",DC,OPEN,Gender-Neutral,109772,1
National Institute of Technology Calicut,"Electronics and Communication Engineering for DASA-Non CIWG (4 Years, Bachelor of Technology)",AD,OPEN,Gender-Neutral,219584,2
National Institute of Technology Calicut,"Energy Engineering (4 Years, Bachelor of Technology)",HS,OBC- NCL,Gender-Neutral,41837,4
National Institute of Technology Calicut,"Energy Engineering (4 Years, Bachelor of Technology)",HS,SC,Gender-Neutral,449286,4
National Institute of Technology Calicut,"Energy Engineering (4 Years, Bachelor of Technology)",OS,OPEN (PwD),Gender-Neutral,680644,6
National Institute of Technology Calicut,"Energy Engineering (4 Years, Bachelor of Technology)",OS,OBC- NCL,Gender-Neutral,41591,4
National Institute of Technology Calicut,"Energy Engineering (4 Years, Bachelor of Technology)",OS,OBC- NCL,Female-only (including Supernumerary),59852,5
National Institute of Technology Calicut,"Energy Engineering (4 Years, Bachelor of Technology)",OS,OBC- NCL (PwD),Gender-Neutral,691702,6
National Institute of Technology Calicut,"Energy Engineering (4 Years, Bachelor of Technology)",OS,SC,Gender-Neutral,156100,1
National Institute of Technology Calicut,"Engineering Physics (4 Years, Bachelor of Technology)",HS,OPEN,Gender-Neutral,33193,3
National Institute of Technology Calicut,"Engineering Physics (4 Years, Bachelor of Technology)",HS,EWS,Gender-Neutral,932411,9
National Institute of Technology Calicut,"Engineering Physics (4 Years, Bachelor of Technology)",HS,OBC- NCL,Gender-Neutral,35857,3
National Institute of Technology Calicut,"Engineering Physics (4 Years, Bachelor of Technology)",OS,OBC- NCL,Gender-Neutral,38845,3
National Institute of Technology Calicut,"Engineering Physics for DASA- CIWG (4 Years, Bachelor of Technology)",DC,OPEN,Gender-Neutral,183002,3
National Institute of Technology Calicut,"Materials Science and Engineering (4 Years, Bachelor of Technology)",HS,OPEN,Gender-Neutral,42095,4
National Institute of Technology Calicut,"Materials Science and Engineering (4 Years, Bachelor of Technology)",HS,OBC- NCL,Gender-Neutral,51030,5
National Institute of Technology Calicut,"Materials Science and Engineering (4 Years, Bachelor of Technology)",OS,OBC- NCL,Gender-Neutral,42115,4
National Institute of Technology Calicut,"Materials Science and Engineering for DASA-CIWG (4 Years, Bachelor of Technology)",DC,OPEN,Gender-Neutral,417977,4
National Institute of Technology Calicut,"Mechanical Engineering (4 Years, Bachelor of Technology)",HS,OPEN,Gender-Neutral,22925,2
National Institute of Technology Calicut,"Mechanical Engineering (4 Years, Bachelor of Technology)",OS,OPEN,Gender-Neutral,22948,2
National Institute of Technology Calicut,"Mechanical Engineering (4 Years, Bachelor of Technology)",OS,OPEN,Female-only (including Supernumerary),40363,4
National Institute of Technology Calicut,"Mechanical Engineering (4 Years, Bachelor of Technology)",OS,EWS,Gender-Neutral,26594,2
National Institute of Technology Calicut,"Mechanical Engineering (4 Years, Bachelor of Technology)",OS,OBC- NCL,Gender-Neutral,26826,2
National Institute of Technology Calicut,"Mechanical Engineering (4 Years, Bachelor of Technology)",OS,OBC- NCL,Female-only (including Supernumerary),51939,5
National Institute of Technology Calicut,"Mechanical Engineering (4 Years, Bachelor of Technology)",OS,SC,Gender-Neutral,94381,9
National Institute of Technology Calicut,"Mechanical Engineering for DASA-Non CIWG (4 Years, Bachelor of Technology)",AD,OPEN,Gender-Neutral,434815,4
National Institute of Technology Calicut,"Production Engineering (4 Years, Bachelor of Technology)",HS,SC,Gender-Neutral,449781,4
National Institute of Technology Calicut,"Production Engineering (4 Years, Bachelor of Technology)",OS,EWS,Gender-Neutral,45645,4
National Institute of Technology Calicut,"Production Engineering (4 Years, Bachelor of Technology)",OS,EWS,Female-only (including Supernumerary),78210,7
National Institute of Technology Calicut,"Production Engineering (4 Years, Bachelor of Technology)",OS,OBC- NCL,Female-only (including Supernumerary),74288,7
National Institute of Technology Delhi,"Aerospace Engineering (4 Years, Bachelor of Technology)",AI,EWS,Female-only (including Supernumerary),41653,4
National Institute of Technology Delhi,"Aerospace Engineering (4 Years, Bachelor of Technology)",HS,OPEN,Gender-Neutral,39556,4
National Institute of Technology Delhi,"Aerospace Engineering (4 Years, Bachelor of Technology)",HS,OPEN,Female-only (including Supernumerary),79513,7
National Institute of Technology Delhi,"Aerospace Engineering (4 Years, Bachelor of Technology)",OS,EWS,Female-only (including Supernumerary),43555,4
National Institute of Technology Delhi,"Aerospace Engineering (4 Years, Bachelor of Technology)",OS,OBC- NCL,Gender-Neutral,26386,2
National Institute of Technology Delhi,"Aerospace Engineering for DASA-CIWG (4 Years, Bachelor of Technology)",DC,OPEN,Gender-Neutral,153753,1
National Institute of Technology Delhi,"Artificial Intelligence and Data Science (4 Years, Bachelor of Technology)",HS,OPEN,Gender-Neutral,20056,2
National Institute of Technology Delhi,"Artificial Intelligence and Data Science (4 Years, Bachelor of Technology)",HS,OBC- NCL,Female-only (including Supernumerary),49851,4
National Institute of Technology Delhi,"Civil Engineering (4 Years, Bachelor of Technology)",HS,OPEN,Female-only (including Supernumerary),104366,1
National Institute of Technology Delhi,"Civil Engineering (4 Years, Bachelor of Technology)",HS,EWS,Gender-Neutral,229912,2
National Institute of Technology Delhi,"Civil Engineering (4 Years, Bachelor of Technology)",HS,OBC- NCL,Gender-Neutral,74301,7
National Institute of Technology Delhi,"Civil Engineering (4 Years, Bachelor of Technology)",OS,OPEN,Gender-Neutral,34683,3
National Institute of Technology Delhi,"Computer Science and Engineering (4 Years, Bachelor of Technology)",HS,OPEN,Gender-Neutral,18155,1
National Institute of Technology Delhi,"Computer Science and Engineering (4 Years, Bachelor of Technology)",HS,OPEN,Female-only (including Supernumerary),27853,3
National Institute of Technology Delhi,"Computer Science and Engineering (4 Years, Bachelor of Technology)",HS,OBC- NCL,Female-only (including Supernumerary),49327,4
National Institute of Technology Delhi,"Computer Science and Engineering (4 Years, Bachelor of Technology)",HS,ST,Gender-Neutral,348972,3
National Institute of Technology Delhi,"Computer Science and Engineering (4 Years, Bachelor of Technology)",OS,OPEN,Female-only (including Supernumerary),17676,1
National Institute of Technology Delhi,"Computer Science and Engineering for DASA-Non CIWG (4 Years, Bachelor of Technology)",AD,OPEN,Gender-Neutral,897181,9
National Institute of Technology Delhi,"Electrical Engineering (4 Years, Bachelor of Technology)",HS,OPEN,Gender-Neutral,37533,3
National Institute of Technology Delhi,"Electrical Engineering (4 Years, Bachelor of Technology)",HS,OPEN,Female-only (including Supernumerary),68175,6
National Institute of Technology Delhi,"Electrical Engineering (4 Years, Bachelor of Technology)",OS,OPEN,Gender-Neutral,16173,1
National Institute of Technology Delhi,"Electrical Engineering (4 Years, Bachelor of Technology)",OS,OBC- NCL,Female-only (including Supernumerary),52289,5
National Institute of Technology Delhi,"Electronics and Communication Engineering (4 Years, Bachelor of Technology)",HS,OPEN,Gender-Neutral,28022,2
National Institute of Technology Delhi,"Electronics and Communication Engineering (4 Years, Bachelor of Technology)",HS,OPEN,Female-only (including Supernumerary),47183,4
National Institute of Technology Delhi,"Electronics and Communication Engineering (4 Years, Bachelor of Technology)",OS,EWS,Gender-Neutral,16648,1
National Institute of Technology Delhi,"Electronics and Communication Engineering (4 Years, Bachelor of Technology)",OS,OBC- NCL,Gender-Neutral,17820,1
National Institute of Technology Delhi,"Electronics and Communication Engineering (4 Years, Bachelor of Technology)",OS,SC,Gender-Neutral,63093,6
National Institute of Technology Delhi,"Electronics and Communication Engineering for DASA-CIWG (4 Years, Bachelor of Technology)",DC,OPEN,Gender-Neutral,333514,3
National Institute of Technology Delhi,"Mechanical Engineering (4 Years, Bachelor of Technology)",HS,OPEN,Gender-Neutral,46157,4
National Institute of Technology Delhi,"Mechanical Engineering (4 Years, Bachelor of Technology)",HS,OPEN,Female-only (including Supernumerary),98885,9
National Institute of Technology Delhi,"Mechanical Engineering (4 Years, Bachelor of Technology)",HS,EWS,Gender-Neutral,161904,1
National Institute of Technology Delhi,"Mechanical Engineering (4 Years, Bachelor of Technology)",HS,OBC- NCL,Gender-Neutral,72161,7
National Institute of Technology Delhi,"Mechanical Engineering (4 Years, Bachelor of Technology)",HS,OBC- NCL,Female-only (including Supernumerary),253120,2
National Institute of Technology Delhi,"Mechanical Engineering (4 Years, Bachelor of Technology)",HS,ST,Gender-Neutral,751413,7
National Institute of Technology Delhi,"Mechanical Engineering (4 Years, Bachelor of Technology)",OS,OPEN,Gender-Neutral,27045,2
National Institute of Technology Delhi,"Mechanical Engineering (4 Years, Bachelor of Technology)",OS,OBC- NCL,Gender-Neutral,30366,3
National Institute of Technology Delhi,"Mechanical Engineering (4 Years, Bachelor of Technology)",OS,OBC- NCL,Female-only (including Supernumerary),62128,6
National Institute of Technology Delhi,"VLSI Design and Technology (4 Years, Bachelor of Technology)",HS,OPEN,Gender-Neutral,29541,2
National Institute of Technology Delhi,"VLSI Design and Technology (4 Years, Bachelor of Technology)",HS,OPEN,Female-only (including Supernumerary),49666,4
National Institute of Technology Delhi,"VLSI Design and Technology (4 Years, Bachelor of Technology)",HS,EWS,Gender-Neutral,98592,9
National Institute of Technology Durgapur,"B.Tech in Mathematics and Computing (4 Years, Bachelor of Technology)",HS,SC,Gender-Neutral,81374,8
National Institute of Technology Durgapur,"B.Tech in Mathematics and Computing (4 Years, Bachelor of Technology)",OS,EWS,Gender-Neutral,20267,2
National Institute of Technology Durgapur,"B.Tech in Mathematics and Computing (4 Years, Bachelor of Technology)",OS,OBC- NCL,Gender-Neutral,18318,1
National Institute of Technology Durgapur,"B.Tech in Mathematics and Computing (4 Years, Bachelor of Technology)",OS,OBC- NCL,Female-only (including Supernumerary),39487,3
National Institute of Technology Durgapur,"Bio Technology (4 Years, Bachelor of Technology)",HS,OPEN,Gender-Neutral,64058,6
National Institute of Technology Durgapur,"Bio Technology (4 Years, Bachelor of Technology)",HS,OBC- NCL,Gender-Neutral,120245,1
National Institute of Technology Durgapur,"Bio Technology (4 Years, Bachelor of Technology)",HS,ST,Gender-Neutral,760647,7
National Institute of Technology Durgapur,"Bio Technology (4 Years, Bachelor of Technology)",OS,OPEN,Gender-Neutral,59733,5
National Institute of Technology Durgapur,"Bio Technology (4 Years, Bachelor of Technology)",OS,OPEN (PwD),Gender-Neutral,1129782,1
National Institute of Technology Durgapur,"Bio Technology (4 Years, Bachelor of Technology)",OS,EWS,Gender-Neutral,63096,6
National Institute of Technology Durgapur,"Bio Technology (4 Years, Bachelor of Technology)",OS,EWS,Female-only (including Supernumerary),83718,8
National Institute of Technology Durgapur,"Bio Technology (4 Years, Bachelor of Technology)",OS,OBC- NCL,Gender-Neutral,66566,6
National Institute of Technology Durgapur,"Bio Technology (4 Years, Bachelor of Technology)",OS,OBC- NCL,Female-only (including Supernumerary),95329,9
National Institute of Technology Durgapur,"Bio Technology (4 Years, Bachelor of Technology)",OS,SC,Gender-Neutral,191540,1
National Institute of Technology Durgapur,"Bio Technology (4 Years, Bachelor of Technology)",OS,SC,Female-only (including Supernumerary),194379,1
National Institute of Technology Durgapur,"Biotechnology (5 Years, Bachelor and Master of Technology (Dual Degree))",OS,OPEN,Gender-Neutral,63628,6
National Institute of Technology Durgapur,"Chemical Engineering (4 Years, Bachelor of Technology)",HS,OPEN,Gender-Neutral,42037,4
National Institute of Technology Durgapur,"Chemical Engineering (4 Years, Bachelor of Technology)",HS,OBC- NCL,Gender-Neutral,85670,8
National Institute of Technology Durgapur,"Chemical Engineering (4 Years, Bachelor of Technology)",OS,OPEN,Gender-Neutral,40635,4
National Institute of Technology Durgapur,"Chemical Engineering (4 Years, Bachelor of Technology)",OS,OPEN,Female-only (including Supernumerary),63908,6
National Institute of Technology Durgapur,"Chemical Engineering (4 Years, Bachelor of Technology)",OS,OBC- NCL,Gender-Neutral,49092,4
National Institute of Technology Durgapur,"Chemical Engineering (4 Years, Bachelor of Technology)",OS,OBC- NCL,Female-only (including Supernumerary),77562,7
National Institute of Technology Durgapur,"Chemistry (5 Years, Integrated Master of Science)",HS,OPEN,Gender-Neutral,70944,7
National Institute of Technology Durgapur,"Chemistry (5 Years, Integrated Master of Science)",HS,OBC- NCL,Gender-Neutral,138805,1
National Institute of Technology Durgapur,"Chemistry (5 Years, Integrated Master of Science)",OS,OPEN,Gender-Neutral,70591,7
National Institute of Technology Durgapur,"Chemistry (5 Years, Integrated Master of Science)",OS,OPEN,Female-only (including Supernumerary),102633,1
National Institute of Technology Durgapur,"Chemistry (5 Years, Integrated Master of Science)",OS,EWS,Gender-Neutral,73239,7
National Institute of Technology Durgapur,"Chemistry (5 Years, Integrated Master of Science)",OS,OBC- NCL,Gender-Neutral,74506,8
National Institute of Technology Durgapur,"Chemistry (5 Years, Integrated Master of Science)",OS,OBC- NCL,Female-only (including Supernumerary),112197,1
National Institute of Technology Durgapur,"Civil Engineering (4 Years, Bachelor of Technology)",HS,OPEN,Gender-Neutral,51150,5
National Institute of Technology Durgapur,"Civil Engineering (4 Years, Bachelor of Technology)",OS,OPEN,Gender-Neutral,46384,4
National Institute of Technology Durgapur,"Civil Engineering (4 Years, Bachelor of Technology)",OS,EWS,Gender-Neutral,48177,4
National Institute of Technology Durgapur,"Civil Engineering (4 Years, Bachelor of Technology)",OS,EWS,Female-only (including Supernumerary),76976,7
National Institute of Technology Durgapur,"Civil Engineering (4 Years, Bachelor of Technology)",OS,OBC- NCL,Gender-Neutral,50355,5
National Institute of Technology Durgapur,"Civil Engineering (4 Years, Bachelor of Technology)",OS,OBC- NCL,Female-only (including Supernumerary),80827,9
National Institute of Technology Durgapur,"Computer Science and Engineering (4 Years, Bachelor of Technology)",OS,OPEN,Gender-Neutral,12159,1
National Institute of Technology Durgapur,"Computer Science and Engineering (4 Years, Bachelor of Technology)",OS,EWS,Gender-Neutral,13104,1
National Institute of Technology Durgapur,"Computer Science and Engineering (4 Years, Bachelor of Technology)",OS,OBC- NCL,Gender-Neutral,16566,1
National Institute of Technology Durgapur,"Electrical Engineering (4 Years, Bachelor of Technology)",HS,SC,Gender-Neutral,93853,9
National Institute of Technology Durgapur,"Electrical Engineering (4 Years, Bachelor of Technology)",OS,OPEN,Gender-Neutral,22660,2
National Institute of Technology Durgapur,"Electrical Engineering (4 Years, Bachelor of Technology)",OS,OBC- NCL,Gender-Neutral,27048,2
National Institute of Technology Durgapur,"Electrical Engineering (4 Years, Bachelor of Technology)",OS,SC,Gender-Neutral,108331,1
National Institute of Technology Durgapur,"Electronics and Communication Engineering (4 Years, Bachelor of Technology)",HS,OPEN,Female-only (including Supernumerary),30680,3
National Institute of Technology Durgapur,"Electronics and Communication Engineering (4 Years, Bachelor of Technology)",OS,OPEN,Gender-Neutral,17292,1
National Institute of Technology Durgapur,"Electronics and Communication Engineering (4 Years, Bachelor of Technology)",OS,EWS,Gender-Neutral,20327,2
National Institute of Technology Durgapur,"Electronics and Communication Engineering (4 Years, Bachelor of Technology)",OS,OBC- NCL,Gender-Neutral,20588,2
National Institute of Technology Durgapur,"Electronics and Communication Engineering (4 Years, Bachelor of Technology)",OS,SC,Gender-Neutral,88298,8
National Institute of Technology Durgapur,"Mechanical Engineering (4 Years, Bachelor of Technology)",HS,OPEN,Gender-Neutral,36581,3
National Institute of Technology Durgapur,"Mechanical Engineering (4 Years, Bachelor of Technology)",OS,OPEN,Gender-Neutral,32358,3
National Institute of Technology Durgapur,"Mechanical Engineering (4 Years, Bachelor of Technology)",OS,OPEN,Female-only (including Supernumerary),52384,5
National Institute of Technology Durgapur,"Mechanical Engineering (4 Years, Bachelor of Technology)",OS,EWS,Gender-Neutral,37241,3
National Institute of Technology Durgapur,"Mechanical Engineering (4 Years, Bachelor of Technology)",OS,OBC- NCL,Gender-Neutral,38992,3
National Institute of Technology Durgapur,"Mechanical Engineering (4 Years, Bachelor of Technology)",OS,SC,Female-only (including Supernumerary),206352,2
National Institute of Technology Durgapur,"Metallurgical and Materials Engineering (4 Years, Bachelor of Technology)",AI,ST,Female-only (including Supernumerary),275389,2
National Institute of Technology Durgapur,"Metallurgical and Materials Engineering (4 Years, Bachelor of Technology)",HS,OPEN,Gender-Neutral,51891,5
National Institute of Technology Durgapur,"Metallurgical and Materials Engineering (4 Years, Bachelor of Technology)",HS,OBC- NCL,Gender-Neutral,103131,1
National Institute of Technology Durgapur,"Metallurgical and Materials Engineering (4 Years, Bachelor of Technology)",HS,SC,Gender-Neutral,176729,1
National Institute of Technology Durgapur,"Metallurgical and Materials Engineering (4 Years, Bachelor of Technology)",OS,OPEN,Gender-Neutral,50704,5
National Institute of Technology Durgapur,"Metallurgical and Materials Engineering (4 Years, Bachelor of Technology)",OS,OPEN,Female-only (including Supernumerary),73798,7
National Institute of Technology Durgapur,"Metallurgical and Materials Engineering (4 Years, Bachelor of Technology)",OS,EWS,Gender-Neutral,54428,5
National Institute of Technology Durgapur,"Metallurgical and Materials Engineering (4 Years, Bachelor of Technology)",OS,OBC- NCL,Gender-Neutral,59028,6
National Institute of Technology Durgapur,"Metallurgical and Materials Engineering (4 Years, Bachelor of Technology)",OS,SC,Gender-Neutral,174082,1
National Institute of Technology Durgapur,"Metallurgical and Materials Engineering (4 Years, Bachelor of Technology)",OS,ST,Female-only (including Supernumerary),295301,2
National Institute of Technology Goa,"Civil Engineering (4 Years, Bachelor of Technology)",AI,OBC- NCL,Gender-Neutral,60262,6
National Institute of Technology Goa,"Civil Engineering (4 Years, Bachelor of Technology)",AI,OBC- NCL,Female-only (including Supernumerary),85012,8
National Institute of Technology Goa,"Civil Engineering (4 Years, Bachelor of Technology)",AI,SC,Gender-Neutral,155643,1
National Institute of Technology Goa,"Civil Engineering (4 Years, Bachelor of Technology)",OS,OPEN,Gender-Neutral,54840,5
National Institute of Technology Goa,"Civil Engineering (4 Years, Bachelor of Technology)",OS,EWS,Gender-Neutral,62034,6
National Institute of Technology Goa,"Civil Engineering (4 Years, Bachelor of Technology)",OS,OBC- NCL,Gender-Neutral,60733,6
National Institute of Technology Goa,"Civil Engineering (4 Years, Bachelor of Technology)",OS,OBC- NCL,Female-only (including Supernumerary),98380,9
National Institute of Technology Goa,"Civil Engineering (4 Years, Bachelor of Technology)",OS,SC,Gender-Neutral,173230,1
National Institute of Technology Goa,"Computer Science and Engineering (4 Years, Bachelor of Technology)",OS,OPEN,Female-only (including Supernumerary),26202,2
National Institute of Technology Goa,"Computer Science and Engineering (4 Years, Bachelor of Technology)",OS,OBC- NCL,Female-only (including Supernumerary),43219,4
National Institute of Technology Goa,"Electrical and Electronics Engineering (4 Years, Bachelor of Technology)",GO,OPEN,Gender-Neutral,155284,1
National Institute of Technology Goa,"Electrical and Electronics Engineering (4 Years, Bachelor of Technology)",OS,OPEN,Gender-Neutral,30175,3
National Institute of Technology Goa,"Electrical and Electronics Engineering (4 Years, Bachelor of Technology)",OS,EWS,Gender-Neutral,40584,4
National Institute of Technology Goa,"Electrical and Electronics Engineering (4 Years, Bachelor of Technology)",OS,OBC- NCL,Gender-Neutral,36078,3
National Institute of Technology Goa,"Electronics and Communication Engineering (4 Years, Bachelor of Technology)",AI,EWS,Gender-Neutral,24594,2
National Institute of Technology Goa,"Electronics and Communication Engineering (4 Years, Bachelor of Technology)",GO,OPEN,Gender-Neutral,74858,7
National Institute of Technology Goa,"Electronics and Communication Engineering (4 Years, Bachelor of Technology)",OS,OPEN,Gender-Neutral,22929,2
National Institute of Technology Goa,"Electronics and Communication Engineering (4 Years, Bachelor of Technology)",OS,EWS,Gender-Neutral,27246,2
National Institute of Technology Goa,"Electronics and Communication Engineering (4 Years, Bachelor of Technology)",OS,OBC- NCL,Gender-Neutral,27403,2
National Institute of Technology Goa,"Electronics and Communication Engineering (4 Years, Bachelor of Technology)",OS,SC,Gender-Neutral,108948,1
National Institute of Technology Goa,"Electronics and Communication Engineering for DASA-CIWG (4 Years, Bachelor of Technology)",DC,OPEN,Gender-Neutral,551924,5
National Institute of Technology Goa,"Mechanical Engineering (4 Years, Bachelor of Technology)",OS,OPEN,Gender-Neutral,39762,4
National Institute of Technology Goa,"Mechanical Engineering (4 Years, Bachelor of Technology)",OS,OBC- NCL,Gender-Neutral,41390,4
National Institute of Technology Goa,"Mechanical Engineering (4 Years, Bachelor of Technology)",OS,OBC- NCL,Female-only (including Supernumerary),72070,7
National Institute of Technology Goa,"Mechanical Engineering (4 Years, Bachelor of Technology)",OS,ST,Female-only (including Supernumerary),316449,3
National Institute of Technology Hamirpur,"Architecture (5 Years, Bachelor of Architecture)",OS,OPEN,Gender-Neutral,1611,1
National Institute of Technology Hamirpur,"Architecture (5 Years, Bachelor of Architecture)",OS,EWS,Gender-Neutral,7138,7
National Institute of Technology Hamirpur,"Architecture (5 Years, Bachelor of Architecture)",OS,OBC- NCL,Gender-Neutral,4052,4
National Institute of Technology Hamirpur,"Chemical Engineering (4 Years, Bachelor of Technology)",OS,OPEN,Gender-Neutral,44712,4
National Institute of Technology Hamirpur,"Chemical Engineering (4 Years, Bachelor of Technology)",OS,OPEN,Female-only (including Supernumerary),74850,7
National Institute of Technology Hamirpur,"Chemical Engineering (4 Years, Bachelor of Technology)",OS,EWS,Gender-Neutral,48241,5
National Institute of Technology Hamirpur,"Chemical Engineering (4 Years, Bachelor of Technology)",OS,OBC- NCL,Gender-Neutral,51329,5
National Institute of Technology Hamirpur,"Chemical Engineering (4 Years, Bachelor of Technology)",OS,OBC- NCL,Female-only (including Supernumerary),86786,8
National Institute of Technology Hamirpur,"Chemical Engineering (4 Years, Bachelor of Technology)",OS,SC,Gender-Neutral,162112,1
National Institute of Technology Hamirpur,"Chemical Engineering (4 Years, Bachelor of Technology)",OS,ST,Gender-Neutral,241718,2
National Institute of Technology Hamirpur,"Civil Engineering (4 Years, Bachelor of Technology)",HS,OPEN,Gender-Neutral,121593,1
National Institute of Technology Hamirpur,"Civil Engineering (4 Years, Bachelor of Technology)",OS,OPEN,Gender-Neutral,50214,5
National Institute of Technology Hamirpur,"Civil Engineering (4 Years, Bachelor of Technology)",OS,OPEN,Female-only (including Supernumerary),75862,7
National Institute of Technology Hamirpur,"Civil Engineering (4 Years, Bachelor of Technology)",OS,EWS,Gender-Neutral,56699,5
National Institute of Technology Hamirpur,"Civil Engineering (4 Years, Bachelor of Technology)",OS,OBC- NCL,Gender-Neutral,56511,5
National Institute of Technology Hamirpur,"Civil Engineering (4 Years, Bachelor of Technology)",OS,OBC- NCL,Female-only (including Supernumerary),93340,9
National Institute of Technology Hamirpur,"Computer Science and Engineering (4 Years, Bachelor of Technology)",OS,OPEN,Gender-Neutral,14921,1
National Institute of Technology Hamirpur,"Computer Science and Engineering (4 Years, Bachelor of Technology)",OS,OPEN,Female-only (including Supernumerary),25821,2
National Institute of Technology Hamirpur,"Computer Science and Engineering (4 Years, Bachelor of Technology)",OS,EWS,Gender-Neutral,16006,1
National Institute of Technology Hamirpur,"Computer Science and Engineering (4 Years, Bachelor of Technology)",OS,OBC- NCL,Gender-Neutral,19543,1
National Institute of Technology Hamirpur,"Computer Science and Engineering for DASA-CIWG (4 Years, Bachelor of Technology)",DC,OPEN,Gender-Neutral,769321,7
National Institute of Technology Hamirpur,"Electrical Engineering (4 Years, Bachelor of Technology)",HS,OBC- NCL,Gender-Neutral,248463,2
National Institute of Technology Hamirpur,"Electrical Engineering (4 Years, Bachelor of Technology)",OS,OPEN,Gender-Neutral,30740,3
National Institute of Technology Hamirpur,"Electrical Engineering (4 Years, Bachelor of Technology)",OS,OBC- NCL,Gender-Neutral,36084,3
National Institute of Technology Hamirpur,"Electrical Engineering (4 Years, Bachelor of Technology)",OS,ST,Gender-Neutral,200170,2
National Institute of Technology Hamirpur,"Electronics and Communication Engineering (4 Years, Bachelor of Technology)",OS,OPEN,Gender-Neutral,23149,2
National Institute of Technology Hamirpur,"Electronics and Communication Engineering (4 Years, Bachelor of Technology)",OS,OPEN,Female-only (including Supernumerary),32960,3
National Institute of Technology Hamirpur,"Electronics and Communication Engineering (4 Years, Bachelor of Technology)",OS,EWS,Gender-Neutral,25288,2
National Institute of Technology Hamirpur,"Electronics and Communication Engineering (4 Years, Bachelor of Technology)",OS,OBC- NCL,Gender-Neutral,26566,2
National Institute of Technology Hamirpur,"Electronics and Communication Engineering (4 Years, Bachelor of Technology)",OS,SC,Gender-Neutral,81189,8
National Institute of Technology Hamirpur,"Electronics and Communication Engineering (5 Years, Bachelor and Master of Technology (Dual Degree))",OS,OPEN,Female-only (including Supernumerary),37318,3
National Institute of Technology Hamirpur,"Electronics and Communication Engineering (5 Years, Bachelor and Master of Technology (Dual Degree))",OS,EWS,Gender-Neutral,27856,2
National Institute of Technology Hamirpur,"Electronics and Communication Engineering (5 Years, Bachelor and Master of Technology (Dual Degree))",OS,OBC- NCL,Gender-Neutral,29323,2
National Institute of Technology Hamirpur,"Engineering Physics (4 Years, Bachelor of Technology)",AI,OBC- NCL,Female-only (including Supernumerary),86104,8
National Institute of Technology Hamirpur,"Engineering Physics (4 Years, Bachelor of Technology)",HS,OPEN,Gender-Neutral,132940,1
National Institute of Technology Hamirpur,"Engineering Physics (4 Years, Bachelor of Technology)",HS,OBC- NCL,Gender-Neutral,528196,5
National Institute of Technology Hamirpur,"Engineering Physics (4 Years, Bachelor of Technology)",OS,OPEN,Female-only (including Supernumerary),65869,6
National Institute of Technology Hamirpur,"Engineering Physics (4 Years, Bachelor of Technology)",OS,EWS,Gender-Neutral,55206,5
National Institute of Technology Hamirpur,"Engineering Physics (4 Years, Bachelor of Technology)",OS,OBC- NCL,Female-only (including Supernumerary),89279,9
National Institute of Technology Hamirpur,"Engineering Physics (4 Years, Bachelor of Technology)",OS,SC,Gender-Neutral,180583,1
National Institute of Technology Hamirpur,"Materials Science and Engineering (4 Years, Bachelor of Technology)",HS,OPEN,Gender-Neutral,126081,1
National Institute of Technology Hamirpur,"Materials Science and Engineering (4 Years, Bachelor of Technology)",HS,EWS,Gender-Neutral,169470,1
National Institute of Technology Hamirpur,"Materials Science and Engineering (4 Years, Bachelor of Technology)",OS,OPEN,Gender-Neutral,55782,5
National Institute of Technology Hamirpur,"Materials Science and Engineering (4 Years, Bachelor of Technology)",OS,OPEN,Female-only (including Supernumerary),75865,7
National Institute of Technology Hamirpur,"Materials Science and Engineering (4 Years, Bachelor of Technology)",OS,EWS,Gender-Neutral,57238,5
National Institute of Technology Hamirpur,"Materials Science and Engineering (4 Years, Bachelor of Technology)",OS,OBC- NCL,Gender-Neutral,65184,6
National Institute of Technology Hamirpur,"Materials Science and Engineering (4 Years, Bachelor of Technology)",OS,OBC- NCL,Female-only (including Supernumerary),89347,8
National Institute of Technology Hamirpur,"Materials Science and Engineering (4 Years, Bachelor of Technology)",OS,SC,Gender-Neutral,178314,1
National Institute of Technology Hamirpur,"Materials Science and Engineering (4 Years, Bachelor of Technology)",OS,ST,Female-only (including Supernumerary),362464,3
National Institute of Technology Hamirpur,"Mechanical Engineering (4 Years, Bachelor of Technology)",OS,OPEN,Gender-Neutral,39812,4
National Institute of Technology Hamirpur,"Mechanical Engineering (4 Years, Bachelor of Technology)",OS,OPEN,Female-only (including Supernumerary),73575,7
National Institute of Technology Hamirpur,"Mechanical Engineering (4 Years, Bachelor of Technology)",OS,EWS,Gender-Neutral,45282,4
National Institute of Technology Hamirpur,"Mechanical Engineering (4 Years, Bachelor of Technology)",OS,EWS,Female-only (including Supernumerary),80910,8
National Institute of Technology Hamirpur,"Mechanical Engineering (4 Years, Bachelor of Technology)",OS,OBC- NCL,Gender-Neutral,43491,4
National Institute of Technology Hamirpur,"Mechanical Engineering (4 Years, Bachelor of Technology)",OS,OBC- NCL,Female-only (including Supernumerary),76594,7
National Institute of Technology Hamirpur,"Mechanical Engineering (4 Years, Bachelor of Technology)",OS,SC,Gender-Neutral,148808,1
National Institute of Technology Hamirpur,"Mechanical Engineering (4 Years, Bachelor of Technology)",OS,ST,Gender-Neutral,224364,2
"National Institute of Technology Karnataka, Surathkal","Artificial Intelligence for DASA-CIWG (4 Years, Bachelor of Technology)",DC,OPEN,Gender-Neutral,43849,4
"National Institute of Technology Karnataka, Surathkal","Artificial Intelligence for DASA-Non CIWG (4 Years, Bachelor of Technology)",AD,OPEN,Gender-Neutral,72490,7
"National Institute of Technology Karnataka, Surathkal","Chemical Engineering (4 Years, Bachelor of Technology)",HS,OPEN,Gender-Neutral,20063,2
"National Institute of Technology Karnataka, Surathkal","Chemical Engineering (4 Years, Bachelor of Technology)",HS,OBC- NCL,Gender-Neutral,43513,4
"National Institute of Technology Karnataka, Surathkal","Civil Engineering (4 Years, Bachelor of Technology)",HS,OPEN,Gender-Neutral,31959,3
"National Institute of Technology Karnataka, Surathkal","Civil Engineering (4 Years, Bachelor of Technology)",HS,EWS,Gender-Neutral,67682,6
"National Institute of Technology Karnataka, Surathkal","Civil Engineering (4 Years, Bachelor of Technology)",HS,OBC- NCL,Gender-Neutral,59832,6
"National Institute of Technology Karnataka, Surathkal","Civil Engineering (4 Years, Bachelor of Technology)",HS,SC,Gender-Neutral,133784,1
"National Institute of Technology Karnataka, Surathkal","Civil Engineering (4 Years, Bachelor of Technology)",OS,OPEN,Female-only (including Supernumerary),39801,3
"National Institute of Technology Karnataka, Surathkal","Civil Engineering (4 Years, Bachelor of Technology)",OS,EWS,Gender-Neutral,29975,2
"National Institute of Technology Karnataka, Surathkal","Civil Engineering (4 Years, Bachelor of Technology)",OS,OBC- NCL,Gender-Neutral,31810,3
"National Institute of Technology Karnataka, Surathkal","Civil Engineering for DASA-CIWG (4 Years, Bachelor of Technology)",DC,OPEN,Gender-Neutral,436089,4
"National Institute of Technology Karnataka, Surathkal","Computational and Data Science for DASA-CIWG (4 Years, Bachelor of Technology)",DC,OPEN,Gender-Neutral,55117,5
"National Institute of Technology Karnataka, Surathkal","Computer Science and Engineering for DASA-CIWG (4 Years, Bachelor of Technology)",DC,OPEN,Gender-Neutral,22657,2
"National Institute of Technology Karnataka, Surathkal","Computer Science and Engineering for DASA-Non CIWG (4 Years, Bachelor of Technology)",AD,OPEN,Gender-Neutral,33736,3
"National Institute of Technology Karnataka, Surathkal","Electrical and Electronics Engineering (4 Years, Bachelor of Technology)",HS,OPEN,Gender-Neutral,10554,1
"National Institute of Technology Karnataka, Surathkal","Electrical and Electronics Engineering (4 Years, Bachelor of Technology)",HS,OPEN (PwD),Gender-Neutral,556733,5
"National Institute of Technology Karnataka, Surathkal","Electrical and Electronics Engineering (4 Years, Bachelor of Technology)",HS,OBC- NCL,Gender-Neutral,20387,2
"National Institute of Technology Karnataka, Surathkal","Electrical and Electronics Engineering (4 Years, Bachelor of Technology)",OS,EWS,Gender-Neutral,11658,1
"National Institute of Technology Karnataka, Surathkal","Electrical and Electronics Engineering for DASA-CIWG (4 Years, Bachelor of Technology)",DC,OPEN,Gender-Neutral,110992,1
"National Institute of Technology Karnataka, Surathkal","Information Technology for DASA-CIWG (4 Years, Bachelor of Technology)",DC,OPEN,Gender-Neutral,42681,4
"National Institute of Technology Karnataka, Surathkal","Information Technology for DASA-Non CIWG (4 Years, Bachelor of Technology)",AD,OPEN,Gender-Neutral,79171,7
"National Institute of Technology Karnataka, Surathkal","Mechanical Engineering (4 Years, Bachelor of Technology)",HS,OPEN,Gender-Neutral,16284,1
"National Institute of Technology Karnataka, Surathkal","Mechanical Engineering (4 Years, Bachelor of Technology)",HS,OPEN,Female-only (including Supernumerary),29448,2
"National Institute of Technology Karnataka, Surathkal","Mechanical Engineering (4 Years, Bachelor of Technology)",HS,OBC- NCL,Gender-Neutral,29339,2
"National Institute of Technology Karnataka, Surathkal","Mechanical Engineering (4 Years, Bachelor of Technology)",HS,SC,Gender-Neutral,97600,9
"National Institute of Technology Karnataka, Surathkal","Mechanical Engineering (4 Years, Bachelor of Technology)",OS,EWS,Female-only (including Supernumerary),34280,3
"National Institute of Technology Karnataka, Surathkal","Metallurgical and Materials Engineering (4 Years, Bachelor of Technology)",HS,OPEN,Gender-Neutral,27214,2
"National Institute of Technology Karnataka, Surathkal","Metallurgical and Materials Engineering (4 Years, Bachelor of Technology)",HS,OBC- NCL,Gender-Neutral,50964,5
"National Institute of Technology Karnataka, Surathkal","Metallurgical and Materials Engineering (4 Years, Bachelor of Technology)",OS,EWS,Female-only (including Supernumerary),63761,6
"National Institute of Technology Karnataka, Surathkal","Metallurgical and Materials Engineering (4 Years, Bachelor of Technology)",OS,OBC- NCL,Female-only (including Supernumerary),53054,5
"National Institute of Technology Karnataka, Surathkal","Metallurgical and Materials Engineering (4 Years, Bachelor of Technology)",OS,SC,Female-only (including Supernumerary),160170,1
"National Institute of Technology Karnataka, Surathkal","Mining Engineering (4 Years, Bachelor of Technology)",HS,OPEN,Gender-Neutral,43322,4
"National Institute of Technology Karnataka, Surathkal","Mining Engineering (4 Years, Bachelor of Technology)",HS,OPEN,Female-only (including Supernumerary),75690,7
"National Institute of Technology Karnataka, Surathkal","Mining Engineering (4 Years, Bachelor of Technology)",HS,OBC- NCL,Gender-Neutral,74454,7
"National Institute of Technology Karnataka, Surathkal","Mining Engineering (4 Years, Bachelor of Technology)",HS,OBC- NCL,Female-only (including Supernumerary),92317,9
"National Institute of Technology Karnataka, Surathkal","Mining Engineering (4 Years, Bachelor of Technology)",OS,OPEN,Gender-Neutral,31627,3
"National Institute of Technology Karnataka, Surathkal","Mining Engineering (4 Years, Bachelor of Technology)",OS,OPEN,Female-only (including Supernumerary),60505,6
"National Institute of Technology Karnataka, Surathkal","Mining Engineering (4 Years, Bachelor of Technology)",OS,EWS,Gender-Neutral,39831,3
"National Institute of Technology Karnataka, Surathkal","Mining Engineering (4 Years, Bachelor of Technology)",OS,OBC- NCL,Female-only (including Supernumerary),64437,6
National Institute of Technology Meghalaya,"Civil Engineering (4 Years, Bachelor of Technology)",AI,EWS,Gender-Neutral,82146,8
National Institute of Technology Meghalaya,"Civil Engineering (4 Years, Bachelor of Technology)",AI,EWS,Female-only (including Supernumerary),126400,1
National Institute of Technology Meghalaya,"Civil Engineering (4 Years, Bachelor of Technology)",OS,OPEN,Gender-Neutral,65903,7
National Institute of Technology Meghalaya,"Civil Engineering (4 Years, Bachelor of Technology)",OS,OPEN,Female-only (including Supernumerary),119094,1
National Institute of Technology Meghalaya,"Civil Engineering (4 Years, Bachelor of Technology)",OS,EWS,Gender-Neutral,82180,8
National Institute of Technology Meghalaya,"Civil Engineering (4 Years, Bachelor of Technology)",OS,OBC- NCL,Gender-Neutral,77082,7
National Institute of Technology Meghalaya,"Civil Engineering (4 Years, Bachelor of Technology)",OS,OBC- NCL,Female-only (including Supernumerary),130641,1
National Institute of Technology Meghalaya,"Civil Engineering (4 Years, Bachelor of Technology)",OS,SC,Gender-Neutral,202534,2
National Institute of Technology Meghalaya,"Computer Science and Engineering (4 Years, Bachelor of Technology)",AI,EWS,Gender-Neutral,37466,3
National Institute of Technology Meghalaya,"Computer Science and Engineering (4 Years, Bachelor of Technology)",OS,OPEN,Gender-Neutral,34518,3
National Institute of Technology Meghalaya,"Computer Science and Engineering (4 Years, Bachelor of Technology)",OS,EWS,Gender-Neutral,41675,4
National Institute of Technology Meghalaya,"Computer Science and Engineering (4 Years, Bachelor of Technology)",OS,EWS (PwD),Gender-Neutral,843189,8
National Institute of Technology Meghalaya,"Electrical and Electronics Engineering (4 Years, Bachelor of Technology)",AI,EWS,Gender-Neutral,49662,4
National Institute of Technology Meghalaya,"Electrical and Electronics Engineering (4 Years, Bachelor of Technology)",OS,OPEN,Gender-Neutral,49614,4
National Institute of Technology Meghalaya,"Electrical and Electronics Engineering (4 Years, Bachelor of Technology)",OS,EWS,Gender-Neutral,50346,5
National Institute of Technology Meghalaya,"Electrical and Electronics Engineering (4 Years, Bachelor of Technology)",OS,OBC- NCL,Gender-Neutral,52822,5
National Institute of Technology Meghalaya,"Electrical and Electronics Engineering (4 Years, Bachelor of Technology)",OS,OBC- NCL,Female-only (including Supernumerary),103257,1
National Institute of Technology Meghalaya,"Electrical and Electronics Engineering (4 Years, Bachelor of Technology)",OS,SC,Gender-Neutral,177866,1
National Institute of Technology Meghalaya,"Electronics and Communication Engineering (4 Years, Bachelor of Technology)",HS,ST,Gender-Neutral,1307162,1
National Institute of Technology Meghalaya,"Electronics and Communication Engineering (4 Years, Bachelor of Technology)",OS,OPEN,Gender-Neutral,43140,4
National Institute of Technology Meghalaya,"Electronics and Communication Engineering (4 Years, Bachelor of Technology)",OS,OPEN,Female-only (including Supernumerary),60190,6
National Institute of Technology Meghalaya,"Electronics and Communication Engineering (4 Years, Bachelor of Technology)",OS,OBC- NCL,Gender-Neutral,46567,4
National Institute of Technology Meghalaya,"Electronics and Communication Engineering (4 Years, Bachelor of Technology)",OS,OBC- NCL,Female-only (including Supernumerary),88184,8
National Institute of Technology Meghalaya,"Electronics and Communication Engineering (4 Years, Bachelor of Technology)",OS,SC,Female-only (including Supernumerary),220788,2
National Institute of Technology Meghalaya,"Mechanical Engineering (4 Years, Bachelor of Technology)",AI,EWS,Gender-Neutral,64691,6
National Institute of Technology Meghalaya,"Mechanical Engineering (4 Years, Bachelor of Technology)",AI,EWS,Female-only (including Supernumerary),127720,1
National Institute of Technology Meghalaya,"Mechanical Engineering (4 Years, Bachelor of Technology)",AI,ST,Gender-Neutral,259800,2
National Institute of Technology Meghalaya,"Mechanical Engineering (4 Years, Bachelor of Technology)",AI,ST,Female-only (including Supernumerary),384690,4
National Institute of Technology Meghalaya,"Mechanical Engineering (4 Years, Bachelor of Technology)",OS,OPEN,Gender-Neutral,58582,5
National Institute of Technology Meghalaya,"Mechanical Engineering (4 Years, Bachelor of Technology)",OS,OPEN,Female-only (including Supernumerary),107725,1
National Institute of Technology Meghalaya,"Mechanical Engineering (4 Years, Bachelor of Technology)",OS,EWS,Gender-Neutral,68286,6
National Institute of Technology Meghalaya,"Mechanical Engineering (4 Years, Bachelor of Technology)",OS,OBC- NCL,Gender-Neutral,63029,6
National Institute of Technology Meghalaya,"Mechanical Engineering (4 Years, Bachelor of Technology)",OS,OBC- NCL,Female-only (including Supernumerary),110065,1
National Institute of Technology Meghalaya,"Mechanical Engineering (4 Years, Bachelor of Technology)",OS,SC,Gender-Neutral,181759,1
National Institute of Technology Meghalaya,"Mechanical Engineering (4 Years, Bachelor of Technology)",OS,ST,Gender-Neutral,261814,2
National Institute of Technology Nagaland,"Civil Engineering (4 Years, Bachelor of Technology)",OS,OPEN,Gender-Neutral,92383,9
National Institute of Technology Nagaland,"Civil Engineering (4 Years, Bachelor of Technology)",OS,EWS,Gender-Neutral,97381,9
National Institute of Technology Nagaland,"Civil Engineering (4 Years, Bachelor of Technology)",OS,EWS,Female-only (including Supernumerary),171560,1
National Institute of Technology Nagaland,"Civil Engineering (4 Years, Bachelor of Technology)",OS,OBC- NCL,Gender-Neutral,98738,1
National Institute of Technology Nagaland,"Civil Engineering (4 Years, Bachelor of Technology)",OS,OBC- NCL,Female-only (including Supernumerary),166202,1
National Institute of Technology Nagaland,"Civil Engineering (4 Years, Bachelor of Technology)",OS,SC,Gender-Neutral,229709,2
National Institute of Technology Nagaland,"Civil Engineering (4 Years, Bachelor of Technology)",OS,SC,Female-only (including Supernumerary),285379,2
National Institute of Technology Nagaland,"Computer Science and Engineering (4 Years, Bachelor of Technology)",OS,OPEN,Gender-Neutral,49405,5
National Institute of Technology Nagaland,"Computer Science and Engineering (4 Years, Bachelor of Technology)",OS,OPEN,Female-only (including Supernumerary),85785,8
National Institute of Technology Nagaland,"Computer Science and Engineering (4 Years, Bachelor of Technology)",OS,EWS,Gender-Neutral,59624,5
National Institute of Technology Nagaland,"Computer Science and Engineering (4 Years, Bachelor of Technology)",OS,OBC- NCL,Gender-Neutral,56055,5
National Institute of Technology Nagaland,"Computer Science and Engineering (4 Years, Bachelor of Technology)",OS,OBC- NCL,Female-only (including Supernumerary),93323,9
National Institute of Technology Nagaland,"Electrical and Electronics Engineering (4 Years, Bachelor of Technology)",AI,ST,Female-only (including Supernumerary),490233,4
National Institute of Technology Nagaland,"Electrical and Electronics Engineering (4 Years, Bachelor of Technology)",HS,ST,Gender-Neutral,763502,7
National Institute of Technology Nagaland,"Electrical and Electronics Engineering (4 Years, Bachelor of Technology)",OS,OPEN,Gender-Neutral,74820,7
National Institute of Technology Nagaland,"Electrical and Electronics Engineering (4 Years, Bachelor of Technology)",OS,EWS,Gender-Neutral,81936,8
National Institute of Technology Nagaland,"Electrical and Electronics Engineering (4 Years, Bachelor of Technology)",OS,OBC- NCL,Gender-Neutral,79677,8
National Institute of Technology Nagaland,"Electrical and Electronics Engineering (4 Years, Bachelor of Technology)",OS,OBC- NCL,Female-only (including Supernumerary),141469,1
National Institute of Technology Nagaland,"Electrical and Electronics Engineering (4 Years, Bachelor of Technology)",OS,SC,Gender-Neutral,193616,2
National Institute of Technology Nagaland,"Electrical and Electronics Engineering (4 Years, Bachelor of Technology)",OS,SC,Female-only (including Supernumerary),259624,2
National Institute of Technology Nagaland,"Electronics and Communication Engineering (4 Years, Bachelor of Technology)",AI,ST,Gender-Neutral,364031,3
National Institute of Technology Nagaland,"Electronics and Communication Engineering (4 Years, Bachelor of Technology)",AI,ST,Female-only (including Supernumerary),449510,4
National Institute of Technology Nagaland,"Electronics and Communication Engineering (4 Years, Bachelor of Technology)",OS,OPEN,Gender-Neutral,66451,6
National Institute of Technology Nagaland,"Electronics and Communication Engineering (4 Years, Bachelor of Technology)",OS,OPEN,Female-only (including Supernumerary),99763,1
National Institute of Technology Nagaland,"Electronics and Communication Engineering (4 Years, Bachelor of Technology)",OS,EWS,Gender-Neutral,72943,7
National Institute of Technology Nagaland,"Electronics and Communication Engineering (4 Years, Bachelor of Technology)",OS,OBC- NCL,Gender-Neutral,71192,7
National Institute of Technology Nagaland,"Electronics and Communication Engineering (4 Years, Bachelor of Technology)",OS,OBC- NCL,Female-only (including Supernumerary),115317,1
National Institute of Technology Nagaland,"Electronics and Communication Engineering (4 Years, Bachelor of Technology)",OS,SC,Gender-Neutral,187763,1
National Institute of Technology Nagaland,"Electronics and Instrumentation Engineering (4 Years, Bachelor of Technology)",AI,ST,Gender-Neutral,405598,4
National Institute of Technology Nagaland,"Electronics and Instrumentation Engineering (4 Years, Bachelor of Technology)",AI,ST,Female-only (including Supernumerary),534022,5
National Institute of Technology Nagaland,"Electronics and Instrumentation Engineering (4 Years, Bachelor of Technology)",OS,OPEN,Gender-Neutral,77422,8
National Institute of Technology Nagaland,"Electronics and Instrumentation Engineering (4 Years, Bachelor of Technology)",OS,OPEN,Female-only (including Supernumerary),132006,1
National Institute of Technology Nagaland,"Electronics and Instrumentation Engineering (4 Years, Bachelor of Technology)",OS,EWS,Gender-Neutral,85241,8
National Institute of Technology Nagaland,"Electronics and Instrumentation Engineering (4 Years, Bachelor of Technology)",OS,OBC- NCL,Gender-Neutral,84037,8
National Institute of Technology Nagaland,"Electronics and Instrumentation Engineering (4 Years, Bachelor of Technology)",OS,OBC- NCL,Female-only (including Supernumerary),144556,1
National Institute of Technology Nagaland,"Electronics and Instrumentation Engineering (4 Years, Bachelor of Technology)",OS,SC,Gender-Neutral,204418,2
National Institute of Technology Nagaland,"Mechanical Engineering (4 Years, Bachelor of Technology)",AI,ST,Gender-Neutral,403959,4
National Institute of Technology Nagaland,"Mechanical Engineering (4 Years, Bachelor of Technology)",AI,ST,Female-only (including Supernumerary),546886,5
National Institute of Technology Nagaland,"Mechanical Engineering (4 Years, Bachelor of Technology)",OS,OPEN,Gender-Neutral,84860,8
National Institute of Technology Nagaland,"Mechanical Engineering (4 Years, Bachelor of Technology)",OS,OPEN,Female-only (including Supernumerary),157052,1
National Institute of Technology Nagaland,"Mechanical Engineering (4 Years, Bachelor of Technology)",OS,EWS,Gender-Neutral,90473,9
National Institute of Technology Nagaland,"Mechanical Engineering (4 Years, Bachelor of Technology)",OS,OBC- NCL,Gender-Neutral,89023,9
National Institute of Technology Nagaland,"Mechanical Engineering (4 Years, Bachelor of Technology)",OS,OBC- NCL,Female-only (including Supernumerary),159247,1
National Institute of Technology Nagaland,"Mechanical Engineering (4 Years, Bachelor of Technology)",OS,SC,Gender-Neutral,224902,2
National Institute of Technology Patna,"Architecture (5 Years, Bachelor of Architecture)",HS,OPEN,Gender-Neutral,5030,5
National Institute of Technology Patna,"Architecture (5 Years, Bachelor of Architecture)",HS,EWS,Gender-Neutral,11276,1
National Institute of Technology Patna,"Architecture (5 Years, Bachelor of Architecture)",OS,OPEN,Gender-Neutral,1915,1
National Institute of Technology Patna,"Architecture (5 Years, Bachelor of Architecture)",OS,OPEN,Female-only (including Supernumerary),1399,1
National Institute of Technology Patna,"Architecture (5 Years, Bachelor of Architecture)",OS,EWS,Gender-Neutral,9408,9
National Institute of Technology Patna,"Architecture (5 Years, Bachelor of Architecture)",OS,OBC- NCL,Gender-Neutral,4051,4
National Institute of Technology Patna,"Architecture (5 Years, Bachelor of Architecture)",OS,SC,Gender-Neutral,7687,7
National Institute of Technology Patna,"Artificial Intelligence and Data Science (4 Years, Bachelor of Technology)",HS,OPEN,Gender-Neutral,21534,2
National Institute of Technology Patna,"Artificial Intelligence and Data Science (4 Years, Bachelor of Technology)",HS,EWS,Gender-Neutral,23402,2
National Institute of Technology Patna,"Artificial Intelligence and Data Science (4 Years, Bachelor of Technology)",HS,OBC- NCL,Gender-Neutral,24359,2
National Institute of Technology Patna,"Artificial Intelligence and Data Science (4 Years, Bachelor of Technology)",OS,OPEN,Gender-Neutral,20546,2
National Institute of Technology Patna,"Artificial Intelligence and Data Science (4 Years, Bachelor of Technology)",OS,OPEN,Female-only (including Supernumerary),35295,3
National Institute of Technology Patna,"Artificial Intelligence and Data Science (4 Years, Bachelor of Technology)",OS,EWS,Gender-Neutral,23182,2
National Institute of Technology Patna,"Artificial Intelligence and Data Science (4 Years, Bachelor of Technology)",OS,EWS,Female-only (including Supernumerary),36283,3
National Institute of Technology Patna,"Artificial Intelligence and Data Science (4 Years, Bachelor of Technology)",OS,OBC- NCL,Gender-Neutral,25216,2
National Institute of Technology Patna,"Artificial Intelligence and Data Science (4 Years, Bachelor of Technology)",OS,OBC- NCL,Female-only (including Supernumerary),46154,4
National Institute of Technology Patna,"Chemical Technology (5 Years, Bachelor and Master of Technology (Dual Degree))",HS,OPEN,Gender-Neutral,56632,5
National Institute of Technology Patna,"Chemical Technology (5 Years, Bachelor and Master of Technology (Dual Degree))",OS,SC,Gender-Neutral,205976,2
National Institute of Technology Patna,"Civil Engineering (4 Years, Bachelor of Technology)",HS,OPEN,Gender-Neutral,51974,5
National Institute of Technology Patna,"Civil Engineering (4 Years, Bachelor of Technology)",HS,EWS,Gender-Neutral,57914,5
National Institute of Technology Patna,"Civil Engineering (4 Years, Bachelor of Technology)",HS,OBC- NCL,Gender-Neutral,56968,6
National Institute of Technology Patna,"Civil Engineering (4 Years, Bachelor of Technology)",OS,OPEN,Gender-Neutral,56099,5
National Institute of Technology Patna,"Civil Engineering (4 Years, Bachelor of Technology)",OS,OPEN,Female-only (including Supernumerary),79190,7
National Institute of Technology Patna,"Civil Engineering (4 Years, Bachelor of Technology)",OS,EWS,Gender-Neutral,59911,6
National Institute of Technology Patna,"Civil Engineering (4 Years, Bachelor of Technology)",OS,OBC- NCL,Gender-Neutral,62101,6
National Institute of Technology Patna,"Civil Engineering (4 Years, Bachelor of Technology)",OS,OBC- NCL,Female-only (including Supernumerary),99459,1
National Institute of Technology Patna,"Civil Engineering (4 Years, Bachelor of Technology)",OS,OBC- NCL (PwD),Gender-Neutral,1372523,1
National Institute of Technology Patna,"Civil Engineering with Specialization in Construction Technology and Management (5 Years, Bachelor and Master of Technology (Dual Degree))",HS,OBC- NCL,Gender-Neutral,61549,6
National Institute of Technology Patna,"Civil Engineering with Specialization in Construction Technology and Management (5 Years, Bachelor and Master of Technology (Dual Degree))",OS,OPEN,Gender-Neutral,57449,5
National Institute of Technology Patna,"Civil Engineering with Specialization in Construction Technology and Management (5 Years, Bachelor and Master of Technology (Dual Degree))",OS,OPEN,Female-only (including Supernumerary),87124,8
National Institute of Technology Patna,"Civil Engineering with Specialization in Construction Technology and Management (5 Years, Bachelor and Master of Technology (Dual Degree))",OS,EWS,Gender-Neutral,65476,6
National Institute of Technology Patna,"Computer Science and Engineering (4 Years, Bachelor of Technology)",HS,EWS,Gender-Neutral,20292,2
National Institute of Technology Patna,"Computer Science and Engineering (4 Years, Bachelor of Technology)",HS,OBC- NCL,Gender-Neutral,23359,2
National Institute of Technology Patna,"Computer Science and Engineering (4 Years, Bachelor of Technology)",OS,OPEN,Gender-Neutral,18456,1
National Institute of Technology Patna,"Computer Science and Engineering (4 Years, Bachelor of Technology)",OS,OPEN,Female-only (including Supernumerary),28906,2
National Institute of Technology Patna,"Computer Science and Engineering (4 Years, Bachelor of Technology)",OS,EWS,Gender-Neutral,21094,2
National Institute of Technology Patna,"Computer Science and Engineering (4 Years, Bachelor of Technology)",OS,OBC- NCL,Gender-Neutral,23069,2
National Institute of Technology Patna,"Computer Science and Engineering with Specialization in Cyber Security (5 Years, Bachelor and Master of Technology (Dual Degree))",HS,OPEN,Gender-Neutral,25200,2
National Institute of Technology Patna,"Computer Science and Engineering with Specialization in Cyber Security (5 Years, Bachelor and Master of Technology (Dual Degree))",HS,EWS,Gender-Neutral,30037,3
National Institute of Technology Patna,"Computer Science and Engineering with Specialization in Cyber Security (5 Years, Bachelor and Master of Technology (Dual Degree))",OS,OPEN,Gender-Neutral,23715,2
National Institute of Technology Patna,"Computer Science and Engineering with Specialization in Cyber Security (5 Years, Bachelor and Master of Technology (Dual Degree))",OS,EWS,Gender-Neutral,27777,2
National Institute of Technology Patna,"Computer Science and Engineering with Specialization in Data Science (5 Years, Bachelor and Master of Technology (Dual Degree))",HS,EWS,Gender-Neutral,24367,2
National Institute of Technology Patna,"Computer Science and Engineering with Specialization in Data Science (5 Years, Bachelor and Master of Technology (Dual Degree))",OS,OPEN,Gender-Neutral,21843,2
National Institute of Technology Patna,"Computer Science and Engineering with Specialization in Data Science (5 Years, Bachelor and Master of Technology (Dual Degree))",OS,OBC- NCL,Gender-Neutral,26931,2
National Institute of Technology Patna,"Electrical Engineering (4 Years, Bachelor of Technology)",HS,EWS,Gender-Neutral,36420,3
National Institute of Technology Patna,"Electrical Engineering (4 Years, Bachelor of Technology)",HS,OBC- NCL,Gender-Neutral,36855,3
National Institute of Technology Patna,"Electrical Engineering (4 Years, Bachelor of Technology)",OS,OPEN,Gender-Neutral,32776,3
National Institute of Technology Patna,"Electrical Engineering (4 Years, Bachelor of Technology)",OS,OPEN,Female-only (including Supernumerary),50379,5
National Institute of Technology Patna,"Electrical Engineering (4 Years, Bachelor of Technology)",OS,EWS,Gender-Neutral,37136,3
National Institute of Technology Patna,"Electrical Engineering (4 Years, Bachelor of Technology)",OS,OBC- NCL,Gender-Neutral,38215,3
National Institute of Technology Patna,"Electrical Engineering (4 Years, Bachelor of Technology)",OS,OBC- NCL,Female-only (including Supernumerary),60742,6
National Institute of Technology Patna,"Electrical Engineering (4 Years, Bachelor of Technology)",OS,SC,Gender-Neutral,132181,1
National Institute of Technology Patna,"Electrical Engineering with Specialization In Power System Engineering (5 Years, Bachelor and Master of Technology (Dual Degree))",HS,OBC- NCL,Gender-Neutral,46560,4
National Institute of Technology Patna,"Electrical Engineering with Specialization In Power System Engineering (5 Years, Bachelor and Master of Technology (Dual Degree))",OS,OPEN,Gender-Neutral,38192,3
National Institute of Technology Patna,"Electrical Engineering with Specialization In Power System Engineering (5 Years, Bachelor and Master of Technology (Dual Degree))",OS,EWS,Gender-Neutral,40988,4
National Institute of Technology Patna,"Electrical Engineering with Specialization In Power System Engineering (5 Years, Bachelor and Master of Technology (Dual Degree))",OS,OBC- NCL,Gender-Neutral,42623,4
National Institute of Technology Patna,"Electrical Engineering with Specialization In Power System Engineering (5 Years, Bachelor and Master of Technology (Dual Degree))",OS,OBC- NCL,Female-only (including Supernumerary),64941,6
National Institute of Technology Patna,"Electronics and Communication Engineering (4 Years, Bachelor of Technology)",HS,OBC- NCL,Female-only (including Supernumerary),52255,5
National Institute of Technology Patna,"Electronics and Communication Engineering (4 Years, Bachelor of Technology)",OS,OPEN,Gender-Neutral,23065,2
National Institute of Technology Patna,"Electronics and Communication Engineering (4 Years, Bachelor of Technology)",OS,OPEN,Female-only (including Supernumerary),39901,4
National Institute of Technology Patna,"Electronics and Communication Engineering (4 Years, Bachelor of Technology)",OS,EWS,Gender-Neutral,27921,2
National Institute of Technology Patna,"Electronics and Communication Engineering (4 Years, Bachelor of Technology)",OS,EWS,Female-only (including Supernumerary),40549,4
National Institute of Technology Patna,"Electronics and Communication Engineering (4 Years, Bachelor of Technology)",OS,OBC- NCL,Gender-Neutral,29483,2
National Institute of Technology Patna,"Electronics and Communication Engineering (4 Years, Bachelor of Technology)",OS,OBC- NCL,Female-only (including Supernumerary),51926,5
National Institute of Technology Patna,"Electronics and Communication Engineering with Specialization in Microelectronics and VLSI System Design (5 Years, Bachelor and Master of Technology (Dual Degree))",HS,EWS,Gender-Neutral,35864,3
National Institute of Technology Patna,"Electronics and Communication Engineering with Specialization in Microelectronics and VLSI System Design (5 Years, Bachelor and Master of Technology (Dual Degree))",OS,OPEN,Gender-Neutral,27884,2
National Institute of Technology Patna,"Electronics and Communication Engineering with Specialization in Microelectronics and VLSI System Design (5 Years, Bachelor and Master of Technology (Dual Degree))",OS,OBC- NCL,Female-only (including Supernumerary),54281,5
National Institute of Technology Patna,"Electronics Engineering (VLSI Design and Technology) (4 Years, Bachelor of Technology)",HS,OPEN,Gender-Neutral,30887,3
National Institute of Technology Patna,"Electronics Engineering (VLSI Design and Technology) (4 Years, Bachelor of Technology)",HS,EWS,Gender-Neutral,32115,3
National Institute of Technology Patna,"Electronics Engineering (VLSI Design and Technology) (4 Years, Bachelor of Technology)",OS,OPEN,Gender-Neutral,26406,2
National Institute of Technology Patna,"Electronics Engineering (VLSI Design and Technology) (4 Years, Bachelor of Technology)",OS,OPEN,Female-only (including Supernumerary),43574,4
National Institute of Technology Patna,"Electronics Engineering (VLSI Design and Technology) (4 Years, Bachelor of Technology)",OS,EWS,Female-only (including Supernumerary),45510,4
National Institute of Technology Patna,"Electronics Engineering (VLSI Design and Technology) (4 Years, Bachelor of Technology)",OS,OBC- NCL,Gender-Neutral,31652,3
National Institute of Technology Patna,"Electronics Engineering (VLSI Design and Technology) (4 Years, Bachelor of Technology)",OS,SC,Gender-Neutral,131931,1
National Institute of Technology Patna,"Electronics Engineering (VLSI Design and Technology) (4 Years, Bachelor of Technology)",OS,SC,Female-only (including Supernumerary),167386,1
National Institute of Technology Patna,"Electronics Engineering (VLSI Design and Technology) (4 Years, Bachelor of Technology)",OS,ST,Female-only (including Supernumerary),309691,3
National Institute of Technology Patna,"Material Science and Engineering (5 Years, Bachelor and Master of Technology (Dual Degree))",HS,OPEN,Gender-Neutral,73036,7
National Institute of Technology Patna,"Material Science and Engineering (5 Years, Bachelor and Master of Technology (Dual Degree))",HS,EWS,Gender-Neutral,78878,7
National Institute of Technology Patna,"Material Science and Engineering (5 Years, Bachelor and Master of Technology (Dual Degree))",HS,OBC- NCL,Gender-Neutral,73282,7
National Institute of Technology Patna,"Material Science and Engineering (5 Years, Bachelor and Master of Technology (Dual Degree))",OS,OPEN,Gender-Neutral,65552,6
National Institute of Technology Patna,"Material Science and Engineering (5 Years, Bachelor and Master of Technology (Dual Degree))",OS,OPEN,Female-only (including Supernumerary),76507,7
National Institute of Technology Patna,"Material Science and Engineering (5 Years, Bachelor and Master of Technology (Dual Degree))",OS,EWS,Gender-Neutral,81626,8
National Institute of Technology Patna,"Material Science and Engineering (5 Years, Bachelor and Master of Technology (Dual Degree))",OS,SC,Gender-Neutral,198395,1
National Institute of Technology Patna,"Mathematics and Computing Technology (5 Years, Bachelor and Master of Technology (Dual Degree))",HS,OPEN,Gender-Neutral,28644,2
National Institute of Technology Patna,"Mathematics and Computing Technology (5 Years, Bachelor and Master of Technology (Dual Degree))",HS,EWS,Gender-Neutral,33665,3
National Institute of Technology Patna,"Mathematics and Computing Technology (5 Years, Bachelor and Master of Technology (Dual Degree))",OS,EWS,Gender-Neutral,25314,2
National Institute of Technology Patna,"Mathematics and Computing Technology (5 Years, Bachelor and Master of Technology (Dual Degree))",OS,OBC- NCL,Gender-Neutral,30182,3
National Institute of Technology Patna,"Mechanical Engineering (4 Years, Bachelor of Technology)",HS,OPEN,Gender-Neutral,40745,4
National Institute of Technology Patna,"Mechanical Engineering (4 Years, Bachelor of Technology)",HS,OBC- NCL,Gender-Neutral,47935,4
National Institute of Technology Patna,"Mechanical Engineering (4 Years, Bachelor of Technology)",OS,OPEN,Gender-Neutral,42384,4
National Institute of Technology Patna,"Mechanical Engineering (4 Years, Bachelor of Technology)",OS,OPEN,Female-only (including Supernumerary),69114,6
National Institute of Technology Patna,"Mechanical Engineering (4 Years, Bachelor of Technology)",OS,OBC- NCL,Gender-Neutral,49367,5
National Institute of Technology Patna,"Mechanical Engineering (4 Years, Bachelor of Technology)",OS,OBC- NCL,Female-only (including Supernumerary),79151,7
National Institute of Technology Patna,"Mechanical Engineering (4 Years, Bachelor of Technology)",OS,ST,Female-only (including Supernumerary),317257,3
National Institute of Technology Patna,"Mechanical Engineering with Specialization in Manufacturing and Industrial Engineering (5 Years, Bachelor and Master of Technology (Dual Degree))",OS,OPEN,Female-only (including Supernumerary),82083,8
National Institute of Technology Patna,"Mechanical Engineering with Specialization in Manufacturing and Industrial Engineering (5 Years, Bachelor and Master of Technology (Dual Degree))",OS,OBC- NCL,Gender-Neutral,54983,5
National Institute of Technology Patna,"Mechanical Engineering with Specialization in Manufacturing and Industrial Engineering (5 Years, Bachelor and Master of Technology (Dual Degree))",OS,OBC- NCL,Female-only (including Supernumerary),122627,1
National Institute of Technology Patna,"Mechatronics and Automation Engineering (4 Years, Bachelor of Technology)",HS,SC,Female-only (including Supernumerary),295284,2
National Institute of Technology Patna,"Mechatronics and Automation Engineering (4 Years, Bachelor of Technology)",OS,OBC- NCL,Gender-Neutral,38646,3
National Institute of Technology Puducherry,"Civil Engineering (4 Years, Bachelor of Technology)",AI,EWS,Gender-Neutral,74742,7
National Institute of Technology Puducherry,"Civil Engineering (4 Years, Bachelor of Technology)",HS,OPEN,Gender-Neutral,297663,2
National Institute of Technology Puducherry,"Civil Engineering (4 Years, Bachelor of Technology)",HS,OBC- NCL,Gender-Neutral,387788,3
National Institute of Technology Puducherry,"Civil Engineering (4 Years, Bachelor of Technology)",OS,OPEN,Gender-Neutral,63559,6
National Institute of Technology Puducherry,"Civil Engineering (4 Years, Bachelor of Technology)",OS,OPEN,Female-only (including Supernumerary),89683,9
National Institute of Technology Puducherry,"Civil Engineering (4 Years, Bachelor of Technology)",OS,EWS,Gender-Neutral,76907,7
National Institute of Technology Puducherry,"Civil Engineering (4 Years, Bachelor of Technology)",OS,EWS,Female-only (including Supernumerary),103088,1
National Institute of Technology Puducherry,"Civil Engineering (4 Years, Bachelor of Technology)",OS,OBC- NCL,Gender-Neutral,69102,7
National Institute of Technology Puducherry,"Civil Engineering (4 Years, Bachelor of Technology)",OS,OBC- NCL,Female-only (including Supernumerary),102099,1
National Institute of Technology Puducherry,"Civil Engineering (4 Years, Bachelor of Technology)",OS,SC,Gender-Neutral,183424,1
National Institute of Technology Puducherry,"Computer Science and Engineering (4 Years, Bachelor of Technology)",OS,OBC- NCL,Female-only (including Supernumerary),41913,4
National Institute of Technology Puducherry,"Computer Science and Engineering (4 Years, Bachelor of Technology)",OS,OBC- NCL (PwD),Gender-Neutral,406535,4
National Institute of Technology Puducherry,"Electrical and Electronics Engineering (4 Years, Bachelor of Technology)",AI,EWS,Gender-Neutral,48562,4
National Institute of Technology Puducherry,"Electrical and Electronics Engineering (4 Years, Bachelor of Technology)",OS,OPEN,Gender-Neutral,43546,4
National Institute of Technology Puducherry,"Electrical and Electronics Engineering (4 Years, Bachelor of Technology)",OS,EWS,Gender-Neutral,49378,4
National Institute of Technology Puducherry,"Electrical and Electronics Engineering (4 Years, Bachelor of Technology)",OS,OBC- NCL,Gender-Neutral,46897,4
National Institute of Technology Puducherry,"Electrical and Electronics Engineering (4 Years, Bachelor of Technology)",OS,OBC- NCL,Female-only (including Supernumerary),61081,6
National Institute of Technology Puducherry,"Electronics and Communication Engineering (4 Years, Bachelor of Technology)",AI,EWS,Gender-Neutral,34571,3
National Institute of Technology Puducherry,"Electronics and Communication Engineering (4 Years, Bachelor of Technology)",OS,OPEN,Gender-Neutral,31345,3
National Institute of Technology Puducherry,"Electronics and Communication Engineering (4 Years, Bachelor of Technology)",OS,EWS,Gender-Neutral,35075,3
National Institute of Technology Puducherry,"Electronics and Communication Engineering (4 Years, Bachelor of Technology)",OS,OBC- NCL,Gender-Neutral,38557,3
National Institute of Technology Puducherry,"Mechanical Engineering (4 Years, Bachelor of Technology)",AI,EWS,Gender-Neutral,56947,5
National Institute of Technology Puducherry,"Mechanical Engineering (4 Years, Bachelor of Technology)",AI,EWS,Female-only (including Supernumerary),89000,8
National Institute of Technology Puducherry,"Mechanical Engineering (4 Years, Bachelor of Technology)",HS,OPEN,Gender-Neutral,215202,2
National Institute of Technology Puducherry,"Mechanical Engineering (4 Years, Bachelor of Technology)",HS,OBC- NCL,Gender-Neutral,267415,2
National Institute of Technology Puducherry,"Mechanical Engineering (4 Years, Bachelor of Technology)",OS,OPEN,Gender-Neutral,47184,4
National Institute of Technology Puducherry,"Mechanical Engineering (4 Years, Bachelor of Technology)",OS,OPEN,Female-only (including Supernumerary),75194,8
National Institute of Technology Puducherry,"Mechanical Engineering (4 Years, Bachelor of Technology)",OS,EWS,Gender-Neutral,57868,5
National Institute of Technology Puducherry,"Mechanical Engineering (4 Years, Bachelor of Technology)",OS,OBC- NCL,Gender-Neutral,48622,5
National Institute of Technology Puducherry,"Mechanical Engineering (4 Years, Bachelor of Technology)",OS,OBC- NCL,Female-only (including Supernumerary),88357,8
National Institute of Technology Puducherry,"Mechanical Engineering (4 Years, Bachelor of Technology)",OS,SC,Gender-Neutral,167787,1
National Institute of Technology Raipur,"Architecture (5 Years, Bachelor of Architecture)",AI,EWS,Female-only (including Supernumerary),8649,8
National Institute of Technology Raipur,"Architecture (5 Years, Bachelor of Architecture)",AI,OBC- NCL,Gender-Neutral,3217,3
National Institute of Technology Raipur,"Architecture (5 Years, Bachelor of Architecture)",OS,OPEN,Gender-Neutral,1527,1
National Institute of Technology Raipur,"Architecture (5 Years, Bachelor of Architecture)",OS,EWS,Gender-Neutral,10579,1
National Institute of Technology Raipur,"Architecture (5 Years, Bachelor of Architecture)",OS,OBC- NCL,Gender-Neutral,4373,4
National Institute of Technology Raipur,"Architecture (5 Years, Bachelor of Architecture)",OS,OBC- NCL,Female-only (including Supernumerary),3997,3
National Institute of Technology Raipur,"Architecture (5 Years, Bachelor of Architecture)",OS,ST,Gender-Neutral,14206,1
National Institute of Technology Raipur,"Bio Medical Engineering (4 Years, Bachelor of Technology)",HS,OPEN,Gender-Neutral,147194,1
National Institute of Technology Raipur,"Bio Medical Engineering (4 Years, Bachelor of Technology)",HS,EWS,Gender-Neutral,160007,1
National Institute of Technology Raipur,"Bio Medical Engineering (4 Years, Bachelor of Technology)",HS,OBC- NCL,Gender-Neutral,172854,1
National Institute of Technology Raipur,"Bio Medical Engineering (4 Years, Bachelor of Technology)",HS,OBC- NCL,Female-only (including Supernumerary),218229,2
National Institute of Technology Raipur,"Bio Medical Engineering (4 Years, Bachelor of Technology)",HS,ST,Gender-Neutral,398753,3
National Institute of Technology Raipur,"Bio Medical Engineering (4 Years, Bachelor of Technology)",OS,OPEN,Gender-Neutral,72721,7
National Institute of Technology Raipur,"Bio Medical Engineering (4 Years, Bachelor of Technology)",OS,OPEN,Female-only (including Supernumerary),90486,9
National Institute of Technology Raipur,"Bio Medical Engineering (4 Years, Bachelor of Technology)",OS,EWS,Gender-Neutral,75135,8
National Institute of Technology Raipur,"Bio Medical Engineering (4 Years, Bachelor of Technology)",OS,OBC- NCL,Gender-Neutral,78511,8
National Institute of Technology Raipur,"Bio Medical Engineering (4 Years, Bachelor of Technology)",OS,OBC- NCL,Female-only (including Supernumerary),120805,1
National Institute of Technology Raipur,"Bio Medical Engineering (4 Years, Bachelor of Technology)",OS,SC,Gender-Neutral,216721,2
National Institute of Technology Raipur,"Bio Medical Engineering (4 Years, Bachelor of Technology)",OS,SC,Female-only (including Supernumerary),230282,2
National Institute of Technology Raipur,"Bio Medical Engineering (4 Years, Bachelor of Technology)",OS,ST,Gender-Neutral,295528,3
National Institute of Technology Raipur,"Bio Technology (4 Years, Bachelor of Technology)",HS,OPEN,Gender-Neutral,133754,1
National Institute of Technology Raipur,"Bio Technology (4 Years, Bachelor of Technology)",HS,EWS,Gender-Neutral,172642,1
National Institute of Technology Raipur,"Bio Technology (4 Years, Bachelor of Technology)",HS,EWS,Female-only (including Supernumerary),186779,1
National Institute of Technology Raipur,"Bio Technology (4 Years, Bachelor of Technology)",HS,OBC- NCL,Gender-Neutral,160748,1
National Institute of Technology Raipur,"Bio Technology (4 Years, Bachelor of Technology)",HS,OBC- NCL,Female-only (including Supernumerary),192089,1
National Institute of Technology Raipur,"Bio Technology (4 Years, Bachelor of Technology)",HS,ST,Gender-Neutral,372713,3
National Institute of Technology Raipur,"Bio Technology (4 Years, Bachelor of Technology)",OS,OPEN,Gender-Neutral,67121,6
National Institute of Technology Raipur,"Bio Technology (4 Years, Bachelor of Technology)",OS,OPEN,Female-only (including Supernumerary),82104,1
National Institute of Technology Raipur,"Bio Technology (4 Years, Bachelor of Technology)",OS,EWS,Gender-Neutral,73538,7
National Institute of Technology Raipur,"Bio Technology (4 Years, Bachelor of Technology)",OS,OBC- NCL,Gender-Neutral,74812,7
National Institute of Technology Raipur,"Bio Technology (4 Years, Bachelor of Technology)",OS,OBC- NCL,Female-only (including Supernumerary),104694,1
National Institute of Technology Raipur,"Bio Technology (4 Years, Bachelor of Technology)",OS,SC,Gender-Neutral,208828,2
National Institute of Technology Raipur,"Bio Technology (4 Years, Bachelor of Technology)",OS,SC,Female-only (including Supernumerary),228787,2
National Institute of Technology Raipur,"Bio Technology (4 Years, Bachelor of Technology)",OS,ST,Gender-Neutral,256068,2
National Institute of Technology Raipur,"Bio Technology (4 Years, Bachelor of Technology)",OS,ST,Female-only (including Supernumerary),324768,3
National Institute of Technology Raipur,"Chemical Engineering (4 Years, Bachelor of Technology)",HS,OPEN,Gender-Neutral,70206,7
National Institute of Technology Raipur,"Chemical Engineering (4 Years, Bachelor of Technology)",HS,OBC- NCL,Gender-Neutral,89985,9
National Institute of Technology Raipur,"Chemical Engineering (4 Years, Bachelor of Technology)",OS,OPEN,Gender-Neutral,46935,4
National Institute of Technology Raipur,"Chemical Engineering (4 Years, Bachelor of Technology)",OS,EWS,Gender-Neutral,51098,5
National Institute of Technology Raipur,"Chemical Engineering (4 Years, Bachelor of Technology)",OS,OBC- NCL,Gender-Neutral,53605,5
National Institute of Technology Raipur,"Chemical Engineering (4 Years, Bachelor of Technology)",OS,OBC- NCL,Female-only (including Supernumerary),80489,8
National Institute of Technology Raipur,"Civil Engineering (4 Years, Bachelor of Technology)",HS,EWS,Gender-Neutral,151153,1
National Institute of Technology Raipur,"Civil Engineering (4 Years, Bachelor of Technology)",HS,OBC- NCL,Gender-Neutral,107308,1
National Institute of Technology Raipur,"Civil Engineering (4 Years, Bachelor of Technology)",HS,SC,Gender-Neutral,245239,2
National Institute of Technology Raipur,"Civil Engineering (4 Years, Bachelor of Technology)",OS,OPEN,Gender-Neutral,56413,5
National Institute of Technology Raipur,"Civil Engineering (4 Years, Bachelor of Technology)",OS,OPEN,Female-only (including Supernumerary),80781,9
National Institute of Technology Raipur,"Civil Engineering (4 Years, Bachelor of Technology)",OS,EWS,Gender-Neutral,60897,6
National Institute of Technology Raipur,"Civil Engineering (4 Years, Bachelor of Technology)",OS,EWS,Female-only (including Supernumerary),98985,9
National Institute of Technology Raipur,"Civil Engineering (4 Years, Bachelor of Technology)",OS,OBC- NCL,Gender-Neutral,61366,6
National Institute of Technology Raipur,"Civil Engineering (4 Years, Bachelor of Technology)",OS,OBC- NCL,Female-only (including Supernumerary),90479,9
National Institute of Technology Raipur,"Civil Engineering (4 Years, Bachelor of Technology)",OS,OBC- NCL (PwD),Gender-Neutral,1051247,1
National Institute of Technology Raipur,"Computer Science and Engineering (4 Years, Bachelor of Technology)",HS,OPEN,Female-only (including Supernumerary),30550,3
National Institute of Technology Raipur,"Computer Science and Engineering (4 Years, Bachelor of Technology)",HS,OBC- NCL,Female-only (including Supernumerary),70655,7
National Institute of Technology Raipur,"Computer Science and Engineering (4 Years, Bachelor of Technology)",HS,SC,Gender-Neutral,146654,1
National Institute of Technology Raipur,"Computer Science and Engineering (4 Years, Bachelor of Technology)",OS,OPEN,Gender-Neutral,17230,1
National Institute of Technology Raipur,"Computer Science and Engineering (4 Years, Bachelor of Technology)",OS,OBC- NCL,Gender-Neutral,22625,2
National Institute of Technology Raipur,"Computer Science and Engineering for DASA-CIWG (4 Years, Bachelor of Technology)",DC,OPEN,Gender-Neutral,551081,5
National Institute of Technology Raipur,"Electrical Engineering (4 Years, Bachelor of Technology)",HS,OPEN,Gender-Neutral,53438,5
National Institute of Technology Raipur,"Electrical Engineering (4 Years, Bachelor of Technology)",HS,OBC- NCL,Gender-Neutral,69080,6
National Institute of Technology Raipur,"Electrical Engineering (4 Years, Bachelor of Technology)",HS,SC,Gender-Neutral,195051,1
National Institute of Technology Raipur,"Electrical Engineering (4 Years, Bachelor of Technology)",OS,OPEN,Gender-Neutral,29863,3
National Institute of Technology Raipur,"Electrical Engineering (4 Years, Bachelor of Technology)",OS,EWS,Gender-Neutral,33975,3
National Institute of Technology Raipur,"Electrical Engineering (4 Years, Bachelor of Technology)",OS,OBC- NCL,Gender-Neutral,37068,3
National Institute of Technology Raipur,"Electrical Engineering (4 Years, Bachelor of Technology)",OS,OBC- NCL,Female-only (including Supernumerary),55591,5
National Institute of Technology Raipur,"Electrical Engineering (4 Years, Bachelor of Technology)",OS,SC,Gender-Neutral,132081,1
National Institute of Technology Raipur,"Electrical Engineering (4 Years, Bachelor of Technology)",OS,SC,Female-only (including Supernumerary),163117,1
National Institute of Technology Raipur,"Electronics and Communication Engineering (4 Years, Bachelor of Technology)",HS,OPEN,Gender-Neutral,41769,4
National Institute of Technology Raipur,"Electronics and Communication Engineering (4 Years, Bachelor of Technology)",HS,OBC- NCL,Female-only (including Supernumerary),84163,8
National Institute of Technology Raipur,"Electronics and Communication Engineering (4 Years, Bachelor of Technology)",HS,SC,Gender-Neutral,176144,1
National Institute of Technology Raipur,"Electronics and Communication Engineering (4 Years, Bachelor of Technology)",OS,OPEN,Gender-Neutral,25011,2
National Institute of Technology Raipur,"Electronics and Communication Engineering (4 Years, Bachelor of Technology)",OS,OPEN,Female-only (including Supernumerary),39767,3
National Institute of Technology Raipur,"Electronics and Communication Engineering (4 Years, Bachelor of Technology)",OS,EWS,Female-only (including Supernumerary),41409,4
National Institute of Technology Raipur,"Electronics and Communication Engineering (4 Years, Bachelor of Technology)",OS,OBC- NCL,Gender-Neutral,29329,2
National Institute of Technology Raipur,"Electronics and Communication Engineering (4 Years, Bachelor of Technology)",OS,OBC- NCL,Female-only (including Supernumerary),49174,4
National Institute of Technology Raipur,"Electronics and Communication Engineering (4 Years, Bachelor of Technology)",OS,SC,Gender-Neutral,98643,9
National Institute of Technology Raipur,"Information Technology (4 Years, Bachelor of Technology)",HS,OBC- NCL,Female-only (including Supernumerary),77434,7
National Institute of Technology Raipur,"Information Technology (4 Years, Bachelor of Technology)",HS,SC,Gender-Neutral,147932,1
National Institute of Technology Raipur,"Information Technology (4 Years, Bachelor of Technology)",OS,OPEN,Gender-Neutral,20293,2
National Institute of Technology Raipur,"Information Technology (4 Years, Bachelor of Technology)",OS,OBC- NCL,Gender-Neutral,25874,2
National Institute of Technology Raipur,"Information Technology (4 Years, Bachelor of Technology)",OS,SC,Gender-Neutral,102684,1
National Institute of Technology Raipur,"Mechanical Engineering (4 Years, Bachelor of Technology)",HS,OPEN,Gender-Neutral,69433,7
National Institute of Technology Raipur,"Mechanical Engineering (4 Years, Bachelor of Technology)",HS,OBC- NCL,Gender-Neutral,84390,8
National Institute of Technology Raipur,"Mechanical Engineering (4 Years, Bachelor of Technology)",HS,SC,Gender-Neutral,232091,2
National Institute of Technology Raipur,"Mechanical Engineering (4 Years, Bachelor of Technology)",OS,OPEN,Gender-Neutral,41311,4
National Institute of Technology Raipur,"Mechanical Engineering (4 Years, Bachelor of Technology)",OS,OPEN,Female-only (including Supernumerary),61618,6
National Institute of Technology Raipur,"Mechanical Engineering (4 Years, Bachelor of Technology)",OS,EWS,Gender-Neutral,44541,4
National Institute of Technology Raipur,"Mechanical Engineering (4 Years, Bachelor of Technology)",OS,OBC- NCL,Gender-Neutral,48753,5
National Institute of Technology Raipur,"Mechanical Engineering (4 Years, Bachelor of Technology)",OS,OBC- NCL,Female-only (including Supernumerary),76640,7
National Institute of Technology Raipur,"Mechanical Engineering (4 Years, Bachelor of Technology)",OS,SC,Gender-Neutral,157972,1
National Institute of Technology Raipur,"Mechanical Engineering (4 Years, Bachelor of Technology)",OS,SC,Female-only (including Supernumerary),196230,1
National Institute of Technology Raipur,"Metallurgical and Materials Engineering (4 Years, Bachelor of Technology)",HS,OPEN,Gender-Neutral,99795,1
National Institute of Technology Raipur,"Metallurgical and Materials Engineering (4 Years, Bachelor of Technology)",HS,OBC- NCL,Gender-Neutral,113334,1
National Institute of Technology Raipur,"Metallurgical and Materials Engineering (4 Years, Bachelor of Technology)",OS,OPEN,Gender-Neutral,59497,6
National Institute of Technology Raipur,"Metallurgical and Materials Engineering (4 Years, Bachelor of Technology)",OS,OPEN,Female-only (including Supernumerary),90098,9
National Institute of Technology Raipur,"Metallurgical and Materials Engineering (4 Years, Bachelor of Technology)",OS,EWS,Gender-Neutral,65832,6
National Institute of Technology Raipur,"Metallurgical and Materials Engineering (4 Years, Bachelor of Technology)",OS,OBC- NCL,Gender-Neutral,68215,6
National Institute of Technology Raipur,"Metallurgical and Materials Engineering (4 Years, Bachelor of Technology)",OS,OBC- NCL,Female-only (including Supernumerary),95404,1
National Institute of Technology Raipur,"Metallurgical and Materials Engineering (4 Years, Bachelor of Technology)",OS,SC,Gender-Neutral,188665,1
National Institute of Technology Raipur,"Metallurgical and Materials Engineering (4 Years, Bachelor of Technology)",OS,ST,Female-only (including Supernumerary),314919,3
National Institute of Technology Raipur,"Mining Engineering (4 Years, Bachelor of Technology)",HS,OPEN,Gender-Neutral,107472,1
National Institute of Technology Raipur,"Mining Engineering (4 Years, Bachelor of Technology)",HS,EWS,Gender-Neutral,166046,1
National Institute of Technology Raipur,"Mining Engineering (4 Years, Bachelor of Technology)",HS,OBC- NCL,Gender-Neutral,116282,1
National Institute of Technology Raipur,"Mining Engineering (4 Years, Bachelor of Technology)",HS,OBC- NCL,Female-only (including Supernumerary),186858,1
National Institute of Technology Raipur,"Mining Engineering (4 Years, Bachelor of Technology)",OS,OPEN,Gender-Neutral,65181,6
National Institute of Technology Raipur,"Mining Engineering (4 Years, Bachelor of Technology)",OS,OPEN,Female-only (including Supernumerary),97101,9
National Institute of Technology Raipur,"Mining Engineering (4 Years, Bachelor of Technology)",OS,EWS,Gender-Neutral,71081,7
National Institute of Technology Raipur,"Mining Engineering (4 Years, Bachelor of Technology)",OS,EWS,Female-only (including Supernumerary),100834,1
National Institute of Technology Raipur,"Mining Engineering (4 Years, Bachelor of Technology)",OS,OBC- NCL,Gender-Neutral,74476,7
National Institute of Technology Raipur,"Mining Engineering (4 Years, Bachelor of Technology)",OS,OBC- NCL,Female-only (including Supernumerary),114664,1
National Institute of Technology Raipur,"Mining Engineering (4 Years, Bachelor of Technology)",OS,ST,Gender-Neutral,254293,2
National Institute of Technology Sikkim,"Artificial Intelligence and Machine Learning (4 Years, Bachelor of Technology)",OS,OPEN,Gender-Neutral,39525,4
National Institute of Technology Sikkim,"Artificial Intelligence and Machine Learning (4 Years, Bachelor of Technology)",OS,OBC- NCL,Gender-Neutral,43486,4
National Institute of Technology Sikkim,"Civil Engineering (4 Years, Bachelor of Technology)",AI,OBC- NCL,Gender-Neutral,80176,8
National Institute of Technology Sikkim,"Civil Engineering (4 Years, Bachelor of Technology)",AI,OBC- NCL,Female-only (including Supernumerary),136390,1
National Institute of Technology Sikkim,"Civil Engineering (4 Years, Bachelor of Technology)",HS,OPEN,Gender-Neutral,762478,7
National Institute of Technology Sikkim,"Civil Engineering (4 Years, Bachelor of Technology)",OS,OPEN,Gender-Neutral,73146,7
National Institute of Technology Sikkim,"Civil Engineering (4 Years, Bachelor of Technology)",OS,OPEN,Female-only (including Supernumerary),113163,1
National Institute of Technology Sikkim,"Civil Engineering (4 Years, Bachelor of Technology)",OS,OBC- NCL,Gender-Neutral,81857,8
National Institute of Technology Sikkim,"Civil Engineering (4 Years, Bachelor of Technology)",OS,OBC- NCL,Female-only (including Supernumerary),138445,1
National Institute of Technology Sikkim,"Civil Engineering (4 Years, Bachelor of Technology)",OS,SC,Gender-Neutral,206721,2
National Institute of Technology Sikkim,"Civil Engineering (4 Years, Bachelor of Technology)",OS,SC,Female-only (including Supernumerary),252419,2
National Institute of Technology Sikkim,"Computer Science and Engineering (4 Years, Bachelor of Technology)",OS,OPEN,Female-only (including Supernumerary),56639,5
National Institute of Technology Sikkim,"Electrical and Electronics Engineering (4 Years, Bachelor of Technology)",AI,OBC- NCL,Gender-Neutral,53978,5
National Institute of Technology Sikkim,"Electrical and Electronics Engineering (4 Years, Bachelor of Technology)",AI,OBC- NCL,Female-only (including Supernumerary),105637,1
National Institute of Technology Sikkim,"Electrical and Electronics Engineering (4 Years, Bachelor of Technology)",HS,OPEN,Gender-Neutral,559777,5
National Institute of Technology Sikkim,"Electrical and Electronics Engineering (4 Years, Bachelor of Technology)",OS,OPEN,Gender-Neutral,50560,5
National Institute of Technology Sikkim,"Electrical and Electronics Engineering (4 Years, Bachelor of Technology)",OS,OBC- NCL,Gender-Neutral,62569,6
National Institute of Technology Sikkim,"Electrical and Electronics Engineering (4 Years, Bachelor of Technology)",OS,OBC- NCL,Female-only (including Supernumerary),107226,1
National Institute of Technology Sikkim,"Electrical and Electronics Engineering (4 Years, Bachelor of Technology)",OS,SC,Gender-Neutral,182749,1
National Institute of Technology Sikkim,"Electronics and Communication Engineering (4 Years, Bachelor of Technology)",HS,OPEN,Gender-Neutral,259260,2
National Institute of Technology Sikkim,"Electronics and Communication Engineering (4 Years, Bachelor of Technology)",OS,OBC- NCL,Gender-Neutral,48269,5
National Institute of Technology Sikkim,"Electronics and Communication Engineering (4 Years, Bachelor of Technology)",OS,SC,Gender-Neutral,167801,1
National Institute of Technology Sikkim,"Mechanical Engineering (4 Years, Bachelor of Technology)",AI,OBC- NCL,Gender-Neutral,64675,6
National Institute of Technology Sikkim,"Mechanical Engineering (4 Years, Bachelor of Technology)",AI,OBC- NCL,Female-only (including Supernumerary),119409,1
National Institute of Technology Sikkim,"Mechanical Engineering (4 Years, Bachelor of Technology)",AI,SC,Gender-Neutral,192875,1
National Institute of Technology Sikkim,"Mechanical Engineering (4 Years, Bachelor of Technology)",HS,OPEN,Gender-Neutral,690381,6
National Institute of Technology Sikkim,"Mechanical Engineering (4 Years, Bachelor of Technology)",OS,OPEN,Gender-Neutral,60085,6
National Institute of Technology Sikkim,"Mechanical Engineering (4 Years, Bachelor of Technology)",OS,OPEN,Female-only (including Supernumerary),98657,1
National Institute of Technology Sikkim,"Mechanical Engineering (4 Years, Bachelor of Technology)",OS,OBC- NCL,Gender-Neutral,69351,6
National Institute of Technology Sikkim,"Mechanical Engineering (4 Years, Bachelor of Technology)",OS,OBC- NCL,Female-only (including Supernumerary),127261,1
National Institute of Technology Sikkim,"Mechanical Engineering (4 Years, Bachelor of Technology)",OS,SC,Gender-Neutral,197240,1
National Institute of Technology Arunachal Pradesh,"Biosciences and Bioengineering (4 Years, Bachelor of Technology)",AI,OBC- NCL,Gender-Neutral,100937,1
National Institute of Technology Arunachal Pradesh,"Biosciences and Bioengineering (4 Years, Bachelor of Technology)",AI,ST,Gender-Neutral,424955,4
National Institute of Technology Arunachal Pradesh,"Biosciences and Bioengineering (4 Years, Bachelor of Technology)",AI,ST,Female-only (including Supernumerary),594263,5
National Institute of Technology Arunachal Pradesh,"Biosciences and Bioengineering (4 Years, Bachelor of Technology)",OS,OPEN,Gender-Neutral,89817,9
National Institute of Technology Arunachal Pradesh,"Biosciences and Bioengineering (4 Years, Bachelor of Technology)",OS,OPEN,Female-only (including Supernumerary),170521,1
National Institute of Technology Arunachal Pradesh,"Biosciences and Bioengineering (4 Years, Bachelor of Technology)",OS,EWS,Gender-Neutral,95956,9
National Institute of Technology Arunachal Pradesh,"Biosciences and Bioengineering (4 Years, Bachelor of Technology)",OS,OBC- NCL,Gender-Neutral,104539,1
National Institute of Technology Arunachal Pradesh,"Biosciences and Bioengineering (4 Years, Bachelor of Technology)",OS,OBC- NCL,Female-only (including Supernumerary),174695,1
National Institute of Technology Arunachal Pradesh,"Biosciences and Bioengineering (4 Years, Bachelor of Technology)",OS,SC,Gender-Neutral,232846,2
National Institute of Technology Arunachal Pradesh,"Biosciences and Bioengineering (4 Years, Bachelor of Technology)",OS,ST,Gender-Neutral,451367,4
National Institute of Technology Arunachal Pradesh,"Civil Engineering (4 Years, Bachelor of Technology)",HS,ST,Gender-Neutral,517405,5
National Institute of Technology Arunachal Pradesh,"Civil Engineering (4 Years, Bachelor of Technology)",OS,OPEN,Gender-Neutral,80128,8
National Institute of Technology Arunachal Pradesh,"Civil Engineering (4 Years, Bachelor of Technology)",OS,OPEN,Female-only (including Supernumerary),140270,1
National Institute of Technology Arunachal Pradesh,"Civil Engineering (4 Years, Bachelor of Technology)",OS,EWS,Gender-Neutral,89163,9
National Institute of Technology Arunachal Pradesh,"Civil Engineering (4 Years, Bachelor of Technology)",OS,OBC- NCL,Gender-Neutral,88269,9
National Institute of Technology Arunachal Pradesh,"Civil Engineering (4 Years, Bachelor of Technology)",OS,OBC- NCL,Female-only (including Supernumerary),149040,1
National Institute of Technology Arunachal Pradesh,"Civil Engineering (4 Years, Bachelor of Technology)",OS,SC,Gender-Neutral,215968,2
National Institute of Technology Arunachal Pradesh,"Civil Engineering (4 Years, Bachelor of Technology)",OS,ST,Gender-Neutral,310238,3
National Institute of Technology Arunachal Pradesh,"Computer Science and Engineering (4 Years, Bachelor of Technology)",AI,ST,Gender-Neutral,202692,2
National Institute of Technology Arunachal Pradesh,"Computer Science and Engineering (4 Years, Bachelor of Technology)",OS,OPEN,Gender-Neutral,44623,4
National Institute of Technology Arunachal Pradesh,"Computer Science and Engineering (4 Years, Bachelor of Technology)",OS,OPEN,Female-only (including Supernumerary),78291,7
National Institute of Technology Arunachal Pradesh,"Computer Science and Engineering (4 Years, Bachelor of Technology)",OS,EWS,Gender-Neutral,51448,5
National Institute of Technology Arunachal Pradesh,"Computer Science and Engineering (4 Years, Bachelor of Technology)",OS,OBC- NCL,Gender-Neutral,46798,4
National Institute of Technology Arunachal Pradesh,"Computer Science and Engineering (4 Years, Bachelor of Technology)",OS,SC,Gender-Neutral,155628,1
National Institute of Technology Arunachal Pradesh,"Computer Science and Engineering (4 Years, Bachelor of Technology)",OS,ST,Gender-Neutral,224271,2
National Institute of Technology Arunachal Pradesh,"Electrical Engineering (4 Years, Bachelor of Technology)",AI,ST,Gender-Neutral,363528,3
National Institute of Technology Arunachal Pradesh,"Electrical Engineering (4 Years, Bachelor of Technology)",OS,OPEN,Gender-Neutral,65503,6
National Institute of Technology Arunachal Pradesh,"Electrical Engineering (4 Years, Bachelor of Technology)",OS,OPEN,Female-only (including Supernumerary),94481,9
National Institute of Technology Arunachal Pradesh,"Electrical Engineering (4 Years, Bachelor of Technology)",OS,EWS,Gender-Neutral,74136,7
National Institute of Technology Arunachal Pradesh,"Electrical Engineering (4 Years, Bachelor of Technology)",OS,OBC- NCL,Gender-Neutral,68186,7
National Institute of Technology Arunachal Pradesh,"Electrical Engineering (4 Years, Bachelor of Technology)",OS,ST,Gender-Neutral,383832,3
National Institute of Technology Arunachal Pradesh,"Electronics and Communication Engineering (4 Years, Bachelor of Technology)",AI,ST,Gender-Neutral,303841,3
National Institute of Technology Arunachal Pradesh,"Electronics and Communication Engineering (4 Years, Bachelor of Technology)",AI,ST,Female-only (including Supernumerary),390149,3
National Institute of Technology Arunachal Pradesh,"Electronics and Communication Engineering (4 Years, Bachelor of Technology)",HS,SC,Gender-Neutral,562737,5
National Institute of Technology Arunachal Pradesh,"Electronics and Communication Engineering (4 Years, Bachelor of Technology)",OS,OPEN,Gender-Neutral,56796,5
National Institute of Technology Arunachal Pradesh,"Electronics and Communication Engineering (4 Years, Bachelor of Technology)",OS,OPEN,Female-only (including Supernumerary),85045,8
National Institute of Technology Arunachal Pradesh,"Electronics and Communication Engineering (4 Years, Bachelor of Technology)",OS,EWS,Gender-Neutral,61007,6
National Institute of Technology Arunachal Pradesh,"Electronics and Communication Engineering (4 Years, Bachelor of Technology)",OS,OBC- NCL,Gender-Neutral,59979,6
National Institute of Technology Arunachal Pradesh,"Electronics and Communication Engineering (4 Years, Bachelor of Technology)",OS,SC,Gender-Neutral,181415,1
National Institute of Technology Arunachal Pradesh,"Electronics and Communication Engineering (4 Years, Bachelor of Technology)",OS,SC,Female-only (including Supernumerary),248079,2
National Institute of Technology Arunachal Pradesh,"Electronics and Communication Engineering (4 Years, Bachelor of Technology)",OS,ST,Gender-Neutral,349213,3
National Institute of Technology Arunachal Pradesh,"Mechanical Engineering (4 Years, Bachelor of Technology)",AI,ST,Gender-Neutral,386029,4
National Institute of Technology Arunachal Pradesh,"Mechanical Engineering (4 Years, Bachelor of Technology)",AI,ST,Female-only (including Supernumerary),474283,5
National Institute of Technology Arunachal Pradesh,"Mechanical Engineering (4 Years, Bachelor of Technology)",OS,OPEN,Gender-Neutral,71451,7
National Institute of Technology Arunachal Pradesh,"Mechanical Engineering (4 Years, Bachelor of Technology)",OS,OPEN,Female-only (including Supernumerary),114060,1
National Institute of Technology Arunachal Pradesh,"Mechanical Engineering (4 Years, Bachelor of Technology)",OS,EWS,Gender-Neutral,81188,9
National Institute of Technology Arunachal Pradesh,"Mechanical Engineering (4 Years, Bachelor of Technology)",OS,OBC- NCL,Gender-Neutral,82372,8
National Institute of Technology Arunachal Pradesh,"Mechanical Engineering (4 Years, Bachelor of Technology)",OS,OBC- NCL,Female-only (including Supernumerary),128118,1
National Institute of Technology Arunachal Pradesh,"Mechanical Engineering (4 Years, Bachelor of Technology)",OS,SC,Female-only (including Supernumerary),278320,2
National Institute of Technology Arunachal Pradesh,"Mechanical Engineering (4 Years, Bachelor of Technology)",OS,ST,Gender-Neutral,402536,4
"National Institute of Technology, Jamshedpur","Civil Engineering (4 Years, Bachelor of Technology)",HS,EWS,Gender-Neutral,72570,7
"National Institute of Technology, Jamshedpur","Civil Engineering (4 Years, Bachelor of Technology)",HS,OBC- NCL,Gender-Neutral,61464,6
"National Institute of Technology, Jamshedpur","Civil Engineering (4 Years, Bachelor of Technology)",OS,OPEN,Gender-Neutral,44883,4
"National Institute of Technology, Jamshedpur","Civil Engineering (4 Years, Bachelor of Technology)",OS,OPEN,Female-only (including Supernumerary),63031,6
"National Institute of Technology, Jamshedpur","Civil Engineering (4 Years, Bachelor of Technology)",OS,EWS,Gender-Neutral,49569,5
"National Institute of Technology, Jamshedpur","Civil Engineering (4 Years, Bachelor of Technology)",OS,OBC- NCL,Gender-Neutral,51231,5
"National Institute of Technology, Jamshedpur","Civil Engineering (4 Years, Bachelor of Technology)",OS,OBC- NCL,Female-only (including Supernumerary),87942,9
"National Institute of Technology, Jamshedpur","Computer Science and Engineering (4 Years, Bachelor of Technology)",OS,OPEN,Gender-Neutral,10661,1
"National Institute of Technology, Jamshedpur","Electrical Engineering (4 Years, Bachelor of Technology)",HS,OPEN,Gender-Neutral,19496,1
"National Institute of Technology, Jamshedpur","Electrical Engineering (4 Years, Bachelor of Technology)",HS,ST,Gender-Neutral,209681,2
"National Institute of Technology, Jamshedpur","Electrical Engineering (4 Years, Bachelor of Technology)",OS,OPEN,Gender-Neutral,21396,2
"National Institute of Technology, Jamshedpur","Electrical Engineering (4 Years, Bachelor of Technology)",OS,OPEN,Female-only (including Supernumerary),33425,3
"National Institute of Technology, Jamshedpur","Electrical Engineering (4 Years, Bachelor of Technology)",OS,OBC- NCL,Gender-Neutral,25331,2
"National Institute of Technology, Jamshedpur","Electrical Engineering (4 Years, Bachelor of Technology)",OS,OBC- NCL,Female-only (including Supernumerary),54471,5
"National Institute of Technology, Jamshedpur","Electronics and Communication Engineering (4 Years, Bachelor of Technology)",HS,OPEN,Gender-Neutral,17899,1
"National Institute of Technology, Jamshedpur","Electronics and Communication Engineering (4 Years, Bachelor of Technology)",OS,OPEN,Female-only (including Supernumerary),28256,2
"National Institute of Technology, Jamshedpur","Electronics and Communication Engineering (4 Years, Bachelor of Technology)",OS,OBC- NCL,Female-only (including Supernumerary),39877,3
"National Institute of Technology, Jamshedpur","Engineering and Computational Mechanics (4 Years, Bachelor of Technology)",OS,EWS,Gender-Neutral,28873,2
"National Institute of Technology, Jamshedpur","Engineering and Computational Mechanics (4 Years, Bachelor of Technology)",OS,OBC- NCL,Gender-Neutral,31956,3
"National Institute of Technology, Jamshedpur","Mechanical Engineering (4 Years, Bachelor of Technology)",HS,OPEN,Gender-Neutral,34936,3
"National Institute of Technology, Jamshedpur","Mechanical Engineering (4 Years, Bachelor of Technology)",HS,ST,Gender-Neutral,252645,2
"National Institute of Technology, Jamshedpur","Mechanical Engineering (4 Years, Bachelor of Technology)",OS,OPEN,Gender-Neutral,30981,3
"National Institute of Technology, Jamshedpur","Mechanical Engineering (4 Years, Bachelor of Technology)",OS,OPEN,Female-only (including Supernumerary),52725,5
"National Institute of Technology, Jamshedpur","Mechanical Engineering (4 Years, Bachelor of Technology)",OS,OBC- NCL,Gender-Neutral,34101,3
"National Institute of Technology, Jamshedpur","Mechanical Engineering (4 Years, Bachelor of Technology)",OS,ST,Gender-Neutral,224689,2
"National Institute of Technology, Jamshedpur","Metallurgical and Materials Engineering (4 Years, Bachelor of Technology)",HS,OPEN,Gender-Neutral,51442,5
"National Institute of Technology, Jamshedpur","Metallurgical and Materials Engineering (4 Years, Bachelor of Technology)",HS,EWS,Gender-Neutral,70543,7
"National Institute of Technology, Jamshedpur","Metallurgical and Materials Engineering (4 Years, Bachelor of Technology)",HS,OBC- NCL,Gender-Neutral,59871,5
"National Institute of Technology, Jamshedpur","Metallurgical and Materials Engineering (4 Years, Bachelor of Technology)",HS,SC,Gender-Neutral,223531,2
"National Institute of Technology, Jamshedpur","Metallurgical and Materials Engineering (4 Years, Bachelor of Technology)",OS,OPEN,Gender-Neutral,51347,5
"National Institute of Technology, Jamshedpur","Metallurgical and Materials Engineering (4 Years, Bachelor of Technology)",OS,EWS,Gender-Neutral,54013,5
"National Institute of Technology, Jamshedpur","Metallurgical and Materials Engineering (4 Years, Bachelor of Technology)",OS,OBC- NCL,Gender-Neutral,57182,5
"National Institute of Technology, Jamshedpur","Metallurgical and Materials Engineering (4 Years, Bachelor of Technology)",OS,OBC- NCL,Female-only (including Supernumerary),89969,8
"National Institute of Technology, Jamshedpur","Metallurgical and Materials Engineering (4 Years, Bachelor of Technology)",OS,SC,Gender-Neutral,173917,1
"National Institute of Technology, Jamshedpur","Production and Industrial Engineering (4 Years, Bachelor of Technology)",HS,OPEN,Gender-Neutral,60551,6
"National Institute of Technology, Jamshedpur","Production and Industrial Engineering (4 Years, Bachelor of Technology)",HS,EWS,Gender-Neutral,73499,7
"National Institute of Technology, Jamshedpur","Production and Industrial Engineering (4 Years, Bachelor of Technology)",HS,SC,Gender-Neutral,232061,2
"National Institute of Technology, Jamshedpur","Production and Industrial Engineering (4 Years, Bachelor of Technology)",OS,OPEN,Gender-Neutral,48037,5
"National Institute of Technology, Jamshedpur","Production and Industrial Engineering (4 Years, Bachelor of Technology)",OS,OPEN,Female-only (including Supernumerary),77561,7
"National Institute of Technology, Jamshedpur","Production and Industrial Engineering (4 Years, Bachelor of Technology)",OS,EWS,Female-only (including Supernumerary),88170,8
"National Institute of Technology, Jamshedpur","Production and Industrial Engineering (4 Years, Bachelor of Technology)",OS,OBC- NCL,Gender-Neutral,56364,5
"National Institute of Technology, Jamshedpur","Production and Industrial Engineering (4 Years, Bachelor of Technology)",OS,SC,Gender-Neutral,187295,1
"National Institute of Technology, Kurukshetra","Architecture (5 Years, Bachelor of Architecture)",HS,OPEN,Gender-Neutral,2528,2
"National Institute of Technology, Kurukshetra","Architecture (5 Years, Bachelor of Architecture)",HS,EWS,Gender-Neutral,14891,1
"National Institute of Technology, Kurukshetra","Architecture (5 Years, Bachelor of Architecture)",HS,OBC- NCL,Gender-Neutral,5811,5
"National Institute of Technology, Kurukshetra","Architecture (5 Years, Bachelor of Architecture)",HS,SC,Gender-Neutral,23953,2
"National Institute of Technology, Kurukshetra","Architecture (5 Years, Bachelor of Architecture)",OS,OPEN,Gender-Neutral,1694,1
"National Institute of Technology, Kurukshetra","Architecture (5 Years, Bachelor of Architecture)",OS,OPEN,Female-only (including Supernumerary),1494,1
"National Institute of Technology, Kurukshetra","Architecture (5 Years, Bachelor of Architecture)",OS,EWS,Female-only (including Supernumerary),12326,1
"National Institute of Technology, Kurukshetra","Architecture (5 Years, Bachelor of Architecture)",OS,OBC- NCL,Gender-Neutral,3558,4
"National Institute of Technology, Kurukshetra","Architecture (5 Years, Bachelor of Architecture)",OS,ST,Gender-Neutral,13996,1
"National Institute of Technology, Kurukshetra","Artificial Intelligence and Machine Learning (4 Years, Bachelor of Technology)",HS,OBC- NCL,Gender-Neutral,21616,2
"National Institute of Technology, Kurukshetra","Artificial Intelligence and Machine Learning (4 Years, Bachelor of Technology)",OS,OPEN,Female-only (including Supernumerary),20992,2
"National Institute of Technology, Kurukshetra","Artificial Intelligence and Machine Learning (4 Years, Bachelor of Technology)",OS,OBC- NCL,Gender-Neutral,15545,1
"National Institute of Technology, Kurukshetra","Civil Engineering (4 Years, Bachelor of Technology)",HS,OPEN,Gender-Neutral,47031,4
"National Institute of Technology, Kurukshetra","Civil Engineering (4 Years, Bachelor of Technology)",HS,OBC- NCL,Gender-Neutral,53568,5
"National Institute of Technology, Kurukshetra","Civil Engineering (4 Years, Bachelor of Technology)",OS,OPEN,Gender-Neutral,41855,4
"National Institute of Technology, Kurukshetra","Civil Engineering (4 Years, Bachelor of Technology)",OS,OPEN,Female-only (including Supernumerary),63382,6
"National Institute of Technology, Kurukshetra","Civil Engineering (4 Years, Bachelor of Technology)",OS,EWS,Female-only (including Supernumerary),64926,6
"National Institute of Technology, Kurukshetra","Civil Engineering (4 Years, Bachelor of Technology)",OS,OBC- NCL,Gender-Neutral,47136,4
"National Institute of Technology, Kurukshetra","Civil Engineering (4 Years, Bachelor of Technology)",OS,OBC- NCL,Female-only (including Supernumerary),77685,7
"National Institute of Technology, Kurukshetra","Civil Engineering (5 Years, Bachelor and Master of Technology (Dual Degree))",HS,OPEN,Gender-Neutral,59070,5
"National Institute of Technology, Kurukshetra","Civil Engineering (5 Years, Bachelor and Master of Technology (Dual Degree))",HS,OBC- NCL,Gender-Neutral,59385,5
"National Institute of Technology, Kurukshetra","Computer Science and Engineering (4 Years, Bachelor of Technology)",OS,OPEN,Gender-Neutral,8633,8
"National Institute of Technology, Kurukshetra","Computer Science and Engineering (4 Years, Bachelor of Technology)",OS,OBC- NCL,Gender-Neutral,12295,1
"National Institute of Technology, Kurukshetra","Computer Science and Engineering for DASA-CIWG (4 Years, Bachelor of Technology)",DC,OPEN,Gender-Neutral,403752,4
"National Institute of Technology, Kurukshetra","Electrical Engineering (4 Years, Bachelor of Technology)",HS,OPEN,Gender-Neutral,26617,2
"National Institute of Technology, Kurukshetra","Electrical Engineering (4 Years, Bachelor of Technology)",HS,EWS,Gender-Neutral,29861,2
"National Institute of Technology, Kurukshetra","Electrical Engineering (4 Years, Bachelor of Technology)",HS,OBC- NCL,Gender-Neutral,35321,3
"National Institute of Technology, Kurukshetra","Electrical Engineering (4 Years, Bachelor of Technology)",OS,OPEN,Gender-Neutral,20619,2
"National Institute of Technology, Kurukshetra","Electrical Engineering (4 Years, Bachelor of Technology)",OS,OPEN,Female-only (including Supernumerary),33388,3
"National Institute of Technology, Kurukshetra","Electrical Engineering (4 Years, Bachelor of Technology)",OS,EWS,Gender-Neutral,22920,2
"National Institute of Technology, Kurukshetra","Electrical Engineering (4 Years, Bachelor of Technology)",OS,OBC- NCL,Gender-Neutral,25367,2
"National Institute of Technology, Kurukshetra","Electrical Engineering (5 Years, Bachelor and Master of Technology (Dual Degree))",OS,OPEN,Female-only (including Supernumerary),38789,3
"National Institute of Technology, Kurukshetra","Electrical Engineering (5 Years, Bachelor and Master of Technology (Dual Degree))",OS,OBC- NCL,Gender-Neutral,29457,2
"National Institute of Technology, Kurukshetra","Electronics and Communication Engineering (4 Years, Bachelor of Technology)",HS,OBC- NCL,Gender-Neutral,26227,2
"National Institute of Technology, Kurukshetra","Electronics and Communication Engineering (4 Years, Bachelor of Technology)",HS,SC,Gender-Neutral,60610,6
"National Institute of Technology, Kurukshetra","Electronics and Communication Engineering (4 Years, Bachelor of Technology)",OS,OPEN,Gender-Neutral,14977,1
"National Institute of Technology, Kurukshetra","Electronics and Communication Engineering (4 Years, Bachelor of Technology)",OS,OBC- NCL,Gender-Neutral,20148,2
"National Institute of Technology, Kurukshetra","Electronics and Communication Engineering (4 Years, Bachelor of Technology)",OS,SC,Gender-Neutral,73228,7
"National Institute of Technology, Kurukshetra","Electronics and Communication Engineering (5 Years, Bachelor and Master of Technology (Dual Degree))",HS,OPEN,Female-only (including Supernumerary),39176,3
"National Institute of Technology, Kurukshetra","Electronics and Communication Engineering (5 Years, Bachelor and Master of Technology (Dual Degree))",OS,OPEN,Female-only (including Supernumerary),28741,2
"National Institute of Technology, Kurukshetra","Industrial Internet of Things (4 Years, Bachelor of Technology)",HS,OPEN,Gender-Neutral,27197,2
"National Institute of Technology, Kurukshetra","Industrial Internet of Things (4 Years, Bachelor of Technology)",HS,EWS,Gender-Neutral,30087,3
"National Institute of Technology, Kurukshetra","Industrial Internet of Things (4 Years, Bachelor of Technology)",OS,OPEN,Gender-Neutral,20513,2
"National Institute of Technology, Kurukshetra","Industrial Internet of Things (4 Years, Bachelor of Technology)",OS,EWS,Gender-Neutral,23080,2
"National Institute of Technology, Kurukshetra","Information Technology (4 Years, Bachelor of Technology)",HS,OPEN,Gender-Neutral,13329,1
"National Institute of Technology, Kurukshetra","Information Technology (4 Years, Bachelor of Technology)",HS,OBC- NCL,Gender-Neutral,21003,2
"National Institute of Technology, Kurukshetra","Mathematics and Computing (4 Years, Bachelor of Technology)",HS,OBC- NCL,Gender-Neutral,24099,2
"National Institute of Technology, Kurukshetra","Mechanical Engineering (4 Years, Bachelor of Technology)",HS,OBC- NCL,Gender-Neutral,41801,4
"National Institute of Technology, Kurukshetra","Mechanical Engineering (4 Years, Bachelor of Technology)",OS,OPEN,Gender-Neutral,29799,2
"National Institute of Technology, Kurukshetra","Mechanical Engineering (4 Years, Bachelor of Technology)",OS,OPEN,Female-only (including Supernumerary),46133,4
"National Institute of Technology, Kurukshetra","Mechanical Engineering (4 Years, Bachelor of Technology)",OS,EWS,Female-only (including Supernumerary),55991,5
"National Institute of Technology, Kurukshetra","Mechanical Engineering (4 Years, Bachelor of Technology)",OS,OBC- NCL,Gender-Neutral,34003,3
"National Institute of Technology, Kurukshetra","Mechanical Engineering (5 Years, Bachelor and Master of Technology (Dual Degree))",HS,OBC- NCL,Gender-Neutral,43719,4
"National Institute of Technology, Kurukshetra","Microelectronics & VLSI Engineering (4 Years, Bachelor of Technology)",HS,OBC- NCL,Gender-Neutral,36525,3
"National Institute of Technology, Kurukshetra","Microelectronics & VLSI Engineering (4 Years, Bachelor of Technology)",OS,OPEN,Gender-Neutral,18989,1
"National Institute of Technology, Kurukshetra","Microelectronics & VLSI Engineering (4 Years, Bachelor of Technology)",OS,OBC- NCL,Gender-Neutral,24091,2
"National Institute of Technology, Kurukshetra","Production and Industrial Engineering (4 Years, Bachelor of Technology)",HS,OPEN,Female-only (including Supernumerary),95764,9
"National Institute of Technology, Kurukshetra","Production and Industrial Engineering (4 Years, Bachelor of Technology)",OS,OPEN,Female-only (including Supernumerary),69116,6
"National Institute of Technology, Kurukshetra","Production and Industrial Engineering (4 Years, Bachelor of Technology)",OS,EWS,Gender-Neutral,46764,4
"National Institute of Technology, Kurukshetra","Production and Industrial Engineering (4 Years, Bachelor of Technology)",OS,OBC- NCL,Female-only (including Supernumerary),83820,8
"National Institute of Technology, Kurukshetra","Production and Industrial Engineering (4 Years, Bachelor of Technology)",OS,SC,Female-only (including Supernumerary),215914,2
"National Institute of Technology, Kurukshetra","ROBOTICS & AUTOMATION (4 Years, Bachelor of Technology)",HS,OBC- NCL,Gender-Neutral,35734,3
"National Institute of Technology, Kurukshetra","ROBOTICS & AUTOMATION (4 Years, Bachelor of Technology)",OS,OPEN,Gender-Neutral,18342,1
"National Institute of Technology, Kurukshetra","ROBOTICS & AUTOMATION (4 Years, Bachelor of Technology)",OS,OBC- NCL,Gender-Neutral,23098,2
"National Institute of Technology, Kurukshetra","SUSTAINABLE ENERGY TECHNOLOGIES (4 Years, Bachelor of Technology)",HS,OPEN,Gender-Neutral,55627,5
"National Institute of Technology, Kurukshetra","SUSTAINABLE ENERGY TECHNOLOGIES (4 Years, Bachelor of Technology)",HS,OPEN,Female-only (including Supernumerary),80307,8
"National Institute of Technology, Kurukshetra","SUSTAINABLE ENERGY TECHNOLOGIES (4 Years, Bachelor of Technology)",HS,OBC- NCL,Gender-Neutral,70052,7
"National Institute of Technology, Kurukshetra","SUSTAINABLE ENERGY TECHNOLOGIES (4 Years, Bachelor of Technology)",OS,OPEN,Female-only (including Supernumerary),66196,6
"National Institute of Technology, Kurukshetra","SUSTAINABLE ENERGY TECHNOLOGIES (4 Years, Bachelor of Technology)",OS,EWS,Gender-Neutral,45754,4
"National Institute of Technology, Kurukshetra","SUSTAINABLE ENERGY TECHNOLOGIES (4 Years, Bachelor of Technology)",OS,EWS,Female-only (including Supernumerary),81907,8
"National Institute of Technology, Kurukshetra","SUSTAINABLE ENERGY TECHNOLOGIES (4 Years, Bachelor of Technology)",OS,OBC- NCL,Gender-Neutral,54688,5
"National Institute of Technology, Manipur","Civil Engineering (4 Years, Bachelor of Technology)",AI,EWS,Gender-Neutral,95930,9
"National Institute of Technology, Manipur","Civil Engineering (4 Years, Bachelor of Technology)",HS,OBC- NCL,Gender-Neutral,700521,7
"National Institute of Technology, Manipur","Civil Engineering (4 Years, Bachelor of Technology)",OS,OPEN,Gender-Neutral,87471,9
"National Institute of Technology, Manipur","Civil Engineering (4 Years, Bachelor of Technology)",OS,OPEN,Female-only (including Supernumerary),148379,1
"National Institute of Technology, Manipur","Civil Engineering (4 Years, Bachelor of Technology)",OS,EWS,Gender-Neutral,98927,1
"National Institute of Technology, Manipur","Civil Engineering (4 Years, Bachelor of Technology)",OS,OBC- NCL,Gender-Neutral,95265,1
"National Institute of Technology, Manipur","Civil Engineering (4 Years, Bachelor of Technology)",OS,OBC- NCL,Female-only (including Supernumerary),164975,1
"National Institute of Technology, Manipur","Civil Engineering (4 Years, Bachelor of Technology)",OS,SC,Gender-Neutral,222226,2
"National Institute of Technology, Manipur","Civil Engineering (4 Years, Bachelor of Technology)",OS,ST,Gender-Neutral,272766,2
"National Institute of Technology, Manipur","Computer Science and Engineering (4 Years, Bachelor of Technology)",AI,EWS,Gender-Neutral,49599,5
"National Institute of Technology, Manipur","Computer Science and Engineering (4 Years, Bachelor of Technology)",AI,EWS,Female-only (including Supernumerary),84919,8
"National Institute of Technology, Manipur","Computer Science and Engineering (4 Years, Bachelor of Technology)",AI,OBC- NCL,Female-only (including Supernumerary),80560,8
"National Institute of Technology, Manipur","Computer Science and Engineering (4 Years, Bachelor of Technology)",OS,OPEN,Gender-Neutral,42068,4
"National Institute of Technology, Manipur","Computer Science and Engineering (4 Years, Bachelor of Technology)",OS,OPEN,Female-only (including Supernumerary),72443,7
"National Institute of Technology, Manipur","Computer Science and Engineering (4 Years, Bachelor of Technology)",OS,EWS,Gender-Neutral,51260,5
"National Institute of Technology, Manipur","Computer Science and Engineering (4 Years, Bachelor of Technology)",OS,EWS,Female-only (including Supernumerary),93716,9
"National Institute of Technology, Manipur","Computer Science and Engineering (4 Years, Bachelor of Technology)",OS,OBC- NCL,Gender-Neutral,53800,5
"National Institute of Technology, Manipur","Computer Science and Engineering (4 Years, Bachelor of Technology)",OS,OBC- NCL,Female-only (including Supernumerary),82168,8
"National Institute of Technology, Manipur","Computer Science and Engineering (4 Years, Bachelor of Technology)",OS,SC,Gender-Neutral,162174,1
"National Institute of Technology, Manipur","Computer Science and Engineering (4 Years, Bachelor of Technology)",OS,ST,Gender-Neutral,231573,2
"National Institute of Technology, Manipur","Electrical Engineering (4 Years, Bachelor of Technology)",AI,EWS,Gender-Neutral,77666,7
"National Institute of Technology, Manipur","Electrical Engineering (4 Years, Bachelor of Technology)",AI,OBC- NCL,Gender-Neutral,78706,7
"National Institute of Technology, Manipur","Electrical Engineering (4 Years, Bachelor of Technology)",AI,ST,Gender-Neutral,298177,2
"National Institute of Technology, Manipur","Electrical Engineering (4 Years, Bachelor of Technology)",AI,ST,Female-only (including Supernumerary),454075,5
"National Institute of Technology, Manipur","Electrical Engineering (4 Years, Bachelor of Technology)",OS,OPEN,Gender-Neutral,74007,7
"National Institute of Technology, Manipur","Electrical Engineering (4 Years, Bachelor of Technology)",OS,OPEN,Female-only (including Supernumerary),99076,1
"National Institute of Technology, Manipur","Electrical Engineering (4 Years, Bachelor of Technology)",OS,EWS,Gender-Neutral,78872,8
"National Institute of Technology, Manipur","Electrical Engineering (4 Years, Bachelor of Technology)",OS,OBC- NCL,Gender-Neutral,79748,8
"National Institute of Technology, Manipur","Electrical Engineering (4 Years, Bachelor of Technology)",OS,OBC- NCL,Female-only (including Supernumerary),120433,1
"National Institute of Technology, Manipur","Electrical Engineering (4 Years, Bachelor of Technology)",OS,SC,Gender-Neutral,199090,2
"National Institute of Technology, Manipur","Electrical Engineering (4 Years, Bachelor of Technology)",OS,SC,Female-only (including Supernumerary),250151,2
"National Institute of Technology, Manipur","Electrical Engineering (4 Years, Bachelor of Technology)",OS,ST,Gender-Neutral,327923,3
"National Institute of Technology, Manipur","Electronics and Communication Engineering (4 Years, Bachelor of Technology)",AI,EWS,Gender-Neutral,64905,6
"National Institute of Technology, Manipur","Electronics and Communication Engineering (4 Years, Bachelor of Technology)",AI,OBC- NCL,Gender-Neutral,64625,6
"National Institute of Technology, Manipur","Electronics and Communication Engineering (4 Years, Bachelor of Technology)",AI,ST,Gender-Neutral,267095,2
"National Institute of Technology, Manipur","Electronics and Communication Engineering (4 Years, Bachelor of Technology)",AI,ST,Female-only (including Supernumerary),409678,4
"National Institute of Technology, Manipur","Electronics and Communication Engineering (4 Years, Bachelor of Technology)",HS,OPEN,Gender-Neutral,583994,5
"National Institute of Technology, Manipur","Electronics and Communication Engineering (4 Years, Bachelor of Technology)",OS,OPEN,Gender-Neutral,61601,6
"National Institute of Technology, Manipur","Electronics and Communication Engineering (4 Years, Bachelor of Technology)",OS,OPEN,Female-only (including Supernumerary),86559,8
"National Institute of Technology, Manipur","Electronics and Communication Engineering (4 Years, Bachelor of Technology)",OS,EWS,Gender-Neutral,65416,7
"National Institute of Technology, Manipur","Electronics and Communication Engineering (4 Years, Bachelor of Technology)",OS,OBC- NCL,Gender-Neutral,66692,6
"National Institute of Technology, Manipur","Electronics and Communication Engineering (4 Years, Bachelor of Technology)",OS,SC,Gender-Neutral,177456,1
"National Institute of Technology, Manipur","Electronics and Communication Engineering (4 Years, Bachelor of Technology)",OS,SC,Female-only (including Supernumerary),226538,2
"National Institute of Technology, Manipur","Electronics and Communication Engineering (4 Years, Bachelor of Technology)",OS,ST,Gender-Neutral,295341,2
"National Institute of Technology, Manipur","Mechanical Engineering (4 Years, Bachelor of Technology)",AI,OPEN,Gender-Neutral,66831,6
"National Institute of Technology, Manipur","Mechanical Engineering (4 Years, Bachelor of Technology)",AI,EWS,Gender-Neutral,87550,8
"National Institute of Technology, Manipur","Mechanical Engineering (4 Years, Bachelor of Technology)",AI,OBC- NCL,Gender-Neutral,88897,8
"National Institute of Technology, Manipur","Mechanical Engineering (4 Years, Bachelor of Technology)",AI,ST,Gender-Neutral,379389,3
"National Institute of Technology, Manipur","Mechanical Engineering (4 Years, Bachelor of Technology)",OS,OPEN,Gender-Neutral,83756,8
"National Institute of Technology, Manipur","Mechanical Engineering (4 Years, Bachelor of Technology)",OS,OPEN,Female-only (including Supernumerary),132965,1
"National Institute of Technology, Manipur","Mechanical Engineering (4 Years, Bachelor of Technology)",OS,EWS,Gender-Neutral,92137,9
"National Institute of Technology, Manipur","Mechanical Engineering (4 Years, Bachelor of Technology)",OS,OBC- NCL,Gender-Neutral,90086,9
"National Institute of Technology, Manipur","Mechanical Engineering (4 Years, Bachelor of Technology)",OS,OBC- NCL,Female-only (including Supernumerary),155187,1
"National Institute of Technology, Manipur","Mechanical Engineering (4 Years, Bachelor of Technology)",OS,SC,Gender-Neutral,211727,2
"National Institute of Technology, Manipur","Mechanical Engineering (4 Years, Bachelor of Technology)",OS,SC,Female-only (including Supernumerary),270014,2
"National Institute of Technology, Manipur","Mechanical Engineering (4 Years, Bachelor of Technology)",OS,ST,Gender-Neutral,400593,4
"National Institute of Technology, Mizoram","Chemical Science and Technology (4 Years, Bachelor of Technology)",AI,OPEN,Gender-Neutral,84049,9
"National Institute of Technology, Mizoram","Chemical Science and Technology (4 Years, Bachelor of Technology)",AI,OPEN,Female-only (including Supernumerary),143773,1
"National Institute of Technology, Mizoram","Chemical Science and Technology (4 Years, Bachelor of Technology)",AI,OBC- NCL,Gender-Neutral,100329,1
"National Institute of Technology, Mizoram","Chemical Science and Technology (4 Years, Bachelor of Technology)",OS,OPEN,Gender-Neutral,93928,9
"National Institute of Technology, Mizoram","Chemical Science and Technology (4 Years, Bachelor of Technology)",OS,OPEN,Female-only (including Supernumerary),144044,1
"National Institute of Technology, Mizoram","Chemical Science and Technology (4 Years, Bachelor of Technology)",OS,EWS,Gender-Neutral,100293,1
"National Institute of Technology, Mizoram","Chemical Science and Technology (4 Years, Bachelor of Technology)",OS,OBC- NCL,Female-only (including Supernumerary),163128,1
"National Institute of Technology, Mizoram","Civil Engineering (4 Years, Bachelor of Technology)",AI,OPEN,Female-only (including Supernumerary),157975,1
"National Institute of Technology, Mizoram","Civil Engineering (4 Years, Bachelor of Technology)",AI,EWS,Gender-Neutral,98300,9
"National Institute of Technology, Mizoram","Civil Engineering (4 Years, Bachelor of Technology)",AI,OBC- NCL,Gender-Neutral,100763,1
"National Institute of Technology, Mizoram","Civil Engineering (4 Years, Bachelor of Technology)",AI,OBC- NCL,Female-only (including Supernumerary),163592,1
"National Institute of Technology, Mizoram","Civil Engineering (4 Years, Bachelor of Technology)",AI,SC,Gender-Neutral,226279,2
"National Institute of Technology, Mizoram","Civil Engineering (4 Years, Bachelor of Technology)",AI,SC,Female-only (including Supernumerary),285901,2
"National Institute of Technology, Mizoram","Civil Engineering (4 Years, Bachelor of Technology)",AI,ST,Gender-Neutral,320262,3
"National Institute of Technology, Mizoram","Civil Engineering (4 Years, Bachelor of Technology)",OS,OPEN,Gender-Neutral,94698,9
"National Institute of Technology, Mizoram","Civil Engineering (4 Years, Bachelor of Technology)",OS,OPEN,Female-only (including Supernumerary),163580,1
"National Institute of Technology, Mizoram","Civil Engineering (4 Years, Bachelor of Technology)",OS,EWS,Gender-Neutral,99152,9
"National Institute of Technology, Mizoram","Civil Engineering (4 Years, Bachelor of Technology)",OS,EWS,Female-only (including Supernumerary),168459,1
"National Institute of Technology, Mizoram","Civil Engineering (4 Years, Bachelor of Technology)",OS,OBC- NCL,Gender-Neutral,103152,1
"National Institute of Technology, Mizoram","Civil Engineering (4 Years, Bachelor of Technology)",OS,OBC- NCL,Female-only (including Supernumerary),165191,1
"National Institute of Technology, Mizoram","Civil Engineering (4 Years, Bachelor of Technology)",OS,SC,Gender-Neutral,227694,2
"National Institute of Technology, Mizoram","Civil Engineering (4 Years, Bachelor of Technology)",OS,ST,Gender-Neutral,374407,3
"National Institute of Technology, Mizoram","Computer Science and Engineering (4 Years, Bachelor of Technology)",AI,EWS,Gender-Neutral,59319,5
"National Institute of Technology, Mizoram","Computer Science and Engineering (4 Years, Bachelor of Technology)",AI,EWS,Female-only (including Supernumerary),93091,9
"National Institute of Technology, Mizoram","Computer Science and Engineering (4 Years, Bachelor of Technology)",AI,OBC- NCL,Gender-Neutral,59393,6
"National Institute of Technology, Mizoram","Computer Science and Engineering (4 Years, Bachelor of Technology)",AI,SC,Gender-Neutral,159671,1
"National Institute of Technology, Mizoram","Computer Science and Engineering (4 Years, Bachelor of Technology)",AI,ST,Gender-Neutral,243948,2
"National Institute of Technology, Mizoram","Computer Science and Engineering (4 Years, Bachelor of Technology)",HS,OPEN,Gender-Neutral,725302,7
"National Institute of Technology, Mizoram","Computer Science and Engineering (4 Years, Bachelor of Technology)",OS,OPEN,Gender-Neutral,52458,5
"National Institute of Technology, Mizoram","Computer Science and Engineering (4 Years, Bachelor of Technology)",OS,OPEN,Female-only (including Supernumerary),70628,7
"National Institute of Technology, Mizoram","Computer Science and Engineering (4 Years, Bachelor of Technology)",OS,EWS,Gender-Neutral,59363,5
"National Institute of Technology, Mizoram","Computer Science and Engineering (4 Years, Bachelor of Technology)",OS,EWS,Female-only (including Supernumerary),93744,9
"National Institute of Technology, Mizoram","Computer Science and Engineering (4 Years, Bachelor of Technology)",OS,OBC- NCL,Gender-Neutral,62136,6
"National Institute of Technology, Mizoram","Computer Science and Engineering (4 Years, Bachelor of Technology)",OS,SC,Gender-Neutral,165846,1
"National Institute of Technology, Mizoram","Computer Science and Engineering (4 Years, Bachelor of Technology)",OS,ST,Gender-Neutral,246116,2
"National Institute of Technology, Mizoram","Electrical Engineering (4 Years, Bachelor of Technology)",AI,OPEN,Gender-Neutral,72112,7
"National Institute of Technology, Mizoram","Electrical Engineering (4 Years, Bachelor of Technology)",AI,OPEN,Female-only (including Supernumerary),117982,1
"National Institute of Technology, Mizoram","Electrical Engineering (4 Years, Bachelor of Technology)",AI,EWS,Gender-Neutral,81721,8
"National Institute of Technology, Mizoram","Electrical Engineering (4 Years, Bachelor of Technology)",AI,OBC- NCL,Gender-Neutral,81377,8
"National Institute of Technology, Mizoram","Electrical Engineering (4 Years, Bachelor of Technology)",AI,OBC- NCL,Female-only (including Supernumerary),141432,1
"National Institute of Technology, Mizoram","Electrical Engineering (4 Years, Bachelor of Technology)",AI,SC,Gender-Neutral,206430,2
"National Institute of Technology, Mizoram","Electrical Engineering (4 Years, Bachelor of Technology)",AI,ST,Gender-Neutral,396940,3
"National Institute of Technology, Mizoram","Electrical Engineering (4 Years, Bachelor of Technology)",OS,OPEN,Gender-Neutral,74550,7
"National Institute of Technology, Mizoram","Electrical Engineering (4 Years, Bachelor of Technology)",OS,OPEN,Female-only (including Supernumerary),136436,1
"National Institute of Technology, Mizoram","Electrical Engineering (4 Years, Bachelor of Technology)",OS,EWS,Gender-Neutral,84971,8
"National Institute of Technology, Mizoram","Electrical Engineering (4 Years, Bachelor of Technology)",OS,OBC- NCL,Gender-Neutral,83240,8
"National Institute of Technology, Mizoram","Electrical Engineering (4 Years, Bachelor of Technology)",OS,OBC- NCL,Female-only (including Supernumerary),146944,1
"National Institute of Technology, Mizoram","Electrical Engineering (4 Years, Bachelor of Technology)",OS,SC,Gender-Neutral,212967,2
"National Institute of Technology, Mizoram","Electrical Engineering (4 Years, Bachelor of Technology)",OS,SC,Female-only (including Supernumerary),275449,2
"National Institute of Technology, Mizoram","Electrical Engineering (4 Years, Bachelor of Technology)",OS,ST,Female-only (including Supernumerary),553460,5
"National Institute of Technology, Mizoram","Electronics and Communication Engineering (4 Years, Bachelor of Technology)",AI,OPEN,Gender-Neutral,63079,6
"National Institute of Technology, Mizoram","Electronics and Communication Engineering (4 Years, Bachelor of Technology)",AI,OPEN,Female-only (including Supernumerary),103766,1
"National Institute of Technology, Mizoram","Electronics and Communication Engineering (4 Years, Bachelor of Technology)",AI,EWS,Gender-Neutral,71123,7
"National Institute of Technology, Mizoram","Electronics and Communication Engineering (4 Years, Bachelor of Technology)",AI,EWS,Female-only (including Supernumerary),114310,1
"National Institute of Technology, Mizoram","Electronics and Communication Engineering (4 Years, Bachelor of Technology)",AI,OBC- NCL,Gender-Neutral,70148,7
"National Institute of Technology, Mizoram","Electronics and Communication Engineering (4 Years, Bachelor of Technology)",AI,OBC- NCL,Female-only (including Supernumerary),114042,1
"National Institute of Technology, Mizoram","Electronics and Communication Engineering (4 Years, Bachelor of Technology)",AI,SC,Gender-Neutral,185424,1
"National Institute of Technology, Mizoram","Electronics and Communication Engineering (4 Years, Bachelor of Technology)",AI,ST,Gender-Neutral,339280,3
"National Institute of Technology, Mizoram","Electronics and Communication Engineering (4 Years, Bachelor of Technology)",OS,OPEN,Gender-Neutral,68707,6
"National Institute of Technology, Mizoram","Electronics and Communication Engineering (4 Years, Bachelor of Technology)",OS,OPEN,Female-only (including Supernumerary),107520,1
"National Institute of Technology, Mizoram","Electronics and Communication Engineering (4 Years, Bachelor of Technology)",OS,EWS,Gender-Neutral,73043,7
"National Institute of Technology, Mizoram","Electronics and Communication Engineering (4 Years, Bachelor of Technology)",OS,EWS,Female-only (including Supernumerary),129752,1
"National Institute of Technology, Mizoram","Electronics and Communication Engineering (4 Years, Bachelor of Technology)",OS,OBC- NCL,Gender-Neutral,72459,7
"National Institute of Technology, Mizoram","Electronics and Communication Engineering (4 Years, Bachelor of Technology)",OS,SC,Gender-Neutral,187036,1
"National Institute of Technology, Mizoram","Electronics and Communication Engineering (4 Years, Bachelor of Technology)",OS,ST,Gender-Neutral,344607,3
"National Institute of Technology, Mizoram","Mathematics and Computing (4 Years, Bachelor of Technology)",AI,OPEN,Gender-Neutral,57934,5
"National Institute of Technology, Mizoram","Mathematics and Computing (4 Years, Bachelor of Technology)",AI,OPEN,Female-only (including Supernumerary),95436,9
"National Institute of Technology, Mizoram","Mathematics and Computing (4 Years, Bachelor of Technology)",AI,EWS,Gender-Neutral,69895,6
"National Institute of Technology, Mizoram","Mathematics and Computing (4 Years, Bachelor of Technology)",OS,OPEN,Gender-Neutral,59608,6
"National Institute of Technology, Mizoram","Mathematics and Computing (4 Years, Bachelor of Technology)",OS,OPEN,Female-only (including Supernumerary),102554,1
"National Institute of Technology, Mizoram","Mathematics and Computing (4 Years, Bachelor of Technology)",OS,OBC- NCL,Gender-Neutral,64177,6
"National Institute of Technology, Mizoram","Mathematics and Computing (4 Years, Bachelor of Technology)",OS,OBC- NCL,Female-only (including Supernumerary),114535,1
"National Institute of Technology, Mizoram","Mechanical Engineering (4 Years, Bachelor of Technology)",AI,OPEN,Gender-Neutral,82295,8
"National Institute of Technology, Mizoram","Mechanical Engineering (4 Years, Bachelor of Technology)",AI,OPEN,Female-only (including Supernumerary),134919,1
"National Institute of Technology, Mizoram","Mechanical Engineering (4 Years, Bachelor of Technology)",AI,EWS,Gender-Neutral,88819,8
"National Institute of Technology, Mizoram","Mechanical Engineering (4 Years, Bachelor of Technology)",AI,OBC- NCL,Gender-Neutral,87602,9
"National Institute of Technology, Mizoram","Mechanical Engineering (4 Years, Bachelor of Technology)",AI,OBC- NCL,Female-only (including Supernumerary),157164,1
"National Institute of Technology, Mizoram","Mechanical Engineering (4 Years, Bachelor of Technology)",AI,SC,Gender-Neutral,214556,2
"National Institute of Technology, Mizoram","Mechanical Engineering (4 Years, Bachelor of Technology)",AI,ST,Gender-Neutral,371854,3
"National Institute of Technology, Mizoram","Mechanical Engineering (4 Years, Bachelor of Technology)",AI,ST,Female-only (including Supernumerary),571363,5
"National Institute of Technology, Mizoram","Mechanical Engineering (4 Years, Bachelor of Technology)",OS,OPEN,Gender-Neutral,84948,8
"National Institute of Technology, Mizoram","Mechanical Engineering (4 Years, Bachelor of Technology)",OS,OPEN,Female-only (including Supernumerary),144374,1
"National Institute of Technology, Mizoram","Mechanical Engineering (4 Years, Bachelor of Technology)",OS,EWS,Gender-Neutral,89856,9
"National Institute of Technology, Mizoram","Mechanical Engineering (4 Years, Bachelor of Technology)",OS,OBC- NCL,Gender-Neutral,91682,9
"National Institute of Technology, Mizoram","Mechanical Engineering (4 Years, Bachelor of Technology)",OS,SC,Gender-Neutral,220659,2
"National Institute of Technology, Mizoram","Mechanical Engineering (4 Years, Bachelor of Technology)",OS,SC,Female-only (including Supernumerary),292064,2
"National Institute of Technology, Mizoram","Mechanical Engineering (4 Years, Bachelor of Technology)",OS,ST,Female-only (including Supernumerary),571829,5
"National Institute of Technology, Rourkela","Architecture (5 Years, Bachelor of Architecture)",AI,EWS,Gender-Neutral,5475,5
"National Institute of Technology, Rourkela","Architecture (5 Years, Bachelor of Architecture)",OS,EWS,Gender-Neutral,6579,6
"National Institute of Technology, Rourkela","Artificial Intelligence (4 Years, Bachelor of Technology)",OS,OBC- NCL,Gender-Neutral,8268,8
"National Institute of Technology, Rourkela","Bio Medical Engineering (4 Years, Bachelor of Technology)",OS,OBC- NCL,Gender-Neutral,49543,4
"National Institute of Technology, Rourkela","Bio Medical Engineering (4 Years, Bachelor of Technology)",OS,SC,Gender-Neutral,155018,1
"National Institute of Technology, Rourkela","Bio Technology (4 Years, Bachelor of Technology)",HS,OPEN,Female-only (including Supernumerary),96203,9
"National Institute of Technology, Rourkela","Bio Technology (4 Years, Bachelor of Technology)",HS,OBC- NCL,Gender-Neutral,83423,8
"National Institute of Technology, Rourkela","Bio Technology (4 Years, Bachelor of Technology)",OS,OPEN,Gender-Neutral,37193,3
"National Institute of Technology, Rourkela","Ceramic Engineering (4 Years, Bachelor of Technology)",HS,OPEN,Gender-Neutral,43338,4
"National Institute of Technology, Rourkela","Ceramic Engineering (4 Years, Bachelor of Technology)",HS,EWS,Gender-Neutral,74842,7
"National Institute of Technology, Rourkela","Ceramic Engineering (4 Years, Bachelor of Technology)",OS,OPEN,Gender-Neutral,37970,3
"National Institute of Technology, Rourkela","Ceramic Engineering and M.Tech Industrial Ceramic (5 Years, Bachelor and Master of Technology (Dual Degree))",OS,OBC- NCL,Gender-Neutral,60121,6
"National Institute of Technology, Rourkela","Ceramic Engineering and M.Tech Industrial Ceramic (5 Years, Bachelor and Master of Technology (Dual Degree))",OS,SC,Gender-Neutral,188995,1
"National Institute of Technology, Rourkela","Chemical Engineering (4 Years, Bachelor of Technology)",OS,OPEN,Gender-Neutral,21305,2
"National Institute of Technology, Rourkela","Chemical Engineering (4 Years, Bachelor of Technology)",OS,EWS,Gender-Neutral,26849,2
"National Institute of Technology, Rourkela","Chemical Engineering (4 Years, Bachelor of Technology)",OS,OBC- NCL,Gender-Neutral,27629,2
"National Institute of Technology, Rourkela","Chemical Engineering (4 Years, Bachelor of Technology)",OS,SC,Gender-Neutral,96854,9
"National Institute of Technology, Rourkela","Chemistry (5 Years, Integrated Master of Science)",HS,OPEN,Gender-Neutral,78603,8
"National Institute of Technology, Rourkela","Chemistry (5 Years, Integrated Master of Science)",HS,OPEN,Female-only (including Supernumerary),147564,1
"National Institute of Technology, Rourkela","Chemistry (5 Years, Integrated Master of Science)",HS,EWS,Gender-Neutral,109122,1
"National Institute of Technology, Rourkela","Chemistry (5 Years, Integrated Master of Science)",OS,EWS,Gender-Neutral,57308,5
"National Institute of Technology, Rourkela","Chemistry (5 Years, Integrated Master of Science)",OS,OBC- NCL,Gender-Neutral,60426,6
"National Institute of Technology, Rourkela","Civil Engineering (4 Years, Bachelor of Technology)",OS,OPEN,Female-only (including Supernumerary),48122,4
"National Institute of Technology, Rourkela","Electrical Engineering (4 Years, Bachelor of Technology)",OS,OPEN,Gender-Neutral,13005,1
"National Institute of Technology, Rourkela","Electrical Engineering (4 Years, Bachelor of Technology)",OS,EWS,Gender-Neutral,15620,1
"National Institute of Technology, Rourkela","Electrical Engineering (4 Years, Bachelor of Technology)",OS,OBC- NCL,Gender-Neutral,19128,1
"National Institute of Technology, Rourkela","Electrical Engineering (4 Years, Bachelor of Technology)",OS,SC,Gender-Neutral,69762,7
"National Institute of Technology, Rourkela","Electrical Engineering for DASA-CIWG (4 Years, Bachelor of Technology)",DC,OPEN,Gender-Neutral,272911,2
"National Institute of Technology, Rourkela","Electronics and Instrumentation Engineering (4 Years, Bachelor of Technology)",OS,SC,Gender-Neutral,59582,5
"National Institute of Technology, Rourkela","Electronics and Instrumentation Engineering for DASA-CIWG (4 Years, Bachelor of Technology)",DC,OPEN,Gender-Neutral,249529,3
"National Institute of Technology, Rourkela","Food Process Engineering (4 Years, Bachelor of Technology)",HS,OPEN,Gender-Neutral,71434,7
"National Institute of Technology, Rourkela","Food Process Engineering (4 Years, Bachelor of Technology)",HS,EWS,Gender-Neutral,87940,8
"National Institute of Technology, Rourkela","Food Process Engineering (4 Years, Bachelor of Technology)",HS,OBC- NCL,Gender-Neutral,95674,9
"National Institute of Technology, Rourkela","Food Process Engineering (4 Years, Bachelor of Technology)",OS,OPEN,Gender-Neutral,44158,4
"National Institute of Technology, Rourkela","Food Process Engineering (4 Years, Bachelor of Technology)",OS,EWS,Female-only (including Supernumerary),80838,8
"National Institute of Technology, Rourkela","Food Process Engineering (4 Years, Bachelor of Technology)",OS,OBC- NCL,Gender-Neutral,49103,4
"National Institute of Technology, Rourkela","Industrial Design (4 Years, Bachelor of Technology)",HS,OPEN,Gender-Neutral,33511,3
"National Institute of Technology, Rourkela","Industrial Design (4 Years, Bachelor of Technology)",OS,OPEN,Gender-Neutral,29294,2
"National Institute of Technology, Rourkela","Life Science (5 Years, Integrated Master of Science)",HS,OPEN,Gender-Neutral,102645,1
"National Institute of Technology, Rourkela","Life Science (5 Years, Integrated Master of Science)",HS,EWS,Gender-Neutral,272647,2
"National Institute of Technology, Rourkela","Life Science (5 Years, Integrated Master of Science)",HS,SC,Gender-Neutral,374616,3
"National Institute of Technology, Rourkela","Life Science (5 Years, Integrated Master of Science)",HS,ST,Gender-Neutral,963082,9
"National Institute of Technology, Rourkela","Life Science (5 Years, Integrated Master of Science)",OS,OPEN,Gender-Neutral,64768,7
"National Institute of Technology, Rourkela","Life Science (5 Years, Integrated Master of Science)",OS,OBC- NCL,Gender-Neutral,76132,8
"National Institute of Technology, Rourkela","Life Science (5 Years, Integrated Master of Science)",OS,OBC- NCL,Female-only (including Supernumerary),128672,1
"National Institute of Technology, Rourkela","Life Science (5 Years, Integrated Master of Science)",OS,ST,Gender-Neutral,335256,3
"National Institute of Technology, Rourkela","Mathematics (5 Years, Integrated Master of Science)",HS,EWS,Gender-Neutral,109005,1
"National Institute of Technology, Rourkela","Mathematics (5 Years, Integrated Master of Science)",OS,OPEN,Gender-Neutral,30697,3
"National Institute of Technology, Rourkela","Mathematics (5 Years, Integrated Master of Science)",OS,OBC- NCL,Gender-Neutral,55452,5
"National Institute of Technology, Rourkela","Mechanical Engineering (4 Years, Bachelor of Technology)",HS,ST,Gender-Neutral,201384,2
"National Institute of Technology, Rourkela","Mechanical Engineering (4 Years, Bachelor of Technology)",OS,OPEN,Gender-Neutral,17682,1
"National Institute of Technology, Rourkela","Mechanical Engineering (4 Years, Bachelor of Technology)",OS,EWS,Female-only (including Supernumerary),42004,4
"National Institute of Technology, Rourkela","Mechanical Engineering (4 Years, Bachelor of Technology)",OS,OBC- NCL,Female-only (including Supernumerary),48431,4
"National Institute of Technology, Rourkela","Metallurgical and Materials Engineering (4 Years, Bachelor of Technology)",HS,ST,Gender-Neutral,295378,2
"National Institute of Technology, Rourkela","Metallurgical and Materials Engineering (4 Years, Bachelor of Technology)",OS,OPEN,Gender-Neutral,31857,3
"National Institute of Technology, Rourkela","Metallurgical and Materials Engineering (4 Years, Bachelor of Technology)",OS,OPEN (PwD),Gender-Neutral,698448,6
"National Institute of Technology, Rourkela","Metallurgical and Materials Engineering (4 Years, Bachelor of Technology)",OS,OBC- NCL,Female-only (including Supernumerary),68463,6
"National Institute of Technology, Rourkela","Mining Engineering (4 Years, Bachelor of Technology)",HS,OPEN,Female-only (including Supernumerary),71947,7
"National Institute of Technology, Rourkela","Mining Engineering (4 Years, Bachelor of Technology)",HS,EWS,Female-only (including Supernumerary),182111,1
"National Institute of Technology, Rourkela","Mining Engineering (4 Years, Bachelor of Technology)",OS,OPEN,Gender-Neutral,36315,3
"National Institute of Technology, Rourkela","Mining Engineering (4 Years, Bachelor of Technology)",OS,OPEN,Female-only (including Supernumerary),69849,6
"National Institute of Technology, Rourkela","Mining Engineering (4 Years, Bachelor of Technology)",OS,OBC- NCL,Female-only (including Supernumerary),77643,7
"National Institute of Technology, Rourkela","Mining Engineering (5 Years, Bachelor and Master of Technology (Dual Degree))",OS,OBC- NCL,Female-only (including Supernumerary),78177,7
"National Institute of Technology, Rourkela","Physics (5 Years, Integrated Master of Science)",HS,OPEN,Gender-Neutral,68454,6
"National Institute of Technology, Rourkela","Physics (5 Years, Integrated Master of Science)",HS,SC,Gender-Neutral,307632,3
"National Institute of Technology, Rourkela","Physics (5 Years, Integrated Master of Science)",OS,OPEN,Gender-Neutral,34956,3
"National Institute of Technology, Rourkela","Physics (5 Years, Integrated Master of Science)",OS,EWS,Gender-Neutral,54719,5
"National Institute of Technology, Rourkela","Physics (5 Years, Integrated Master of Science)",OS,OBC- NCL,Gender-Neutral,58813,5
"National Institute of Technology, Rourkela","Physics (5 Years, Integrated Master of Science)",OS,SC,Gender-Neutral,183701,1
"National Institute of Technology, Rourkela","Physics (5 Years, Integrated Master of Science)",OS,ST,Gender-Neutral,270309,2
"National Institute of Technology, Silchar","Civil Engineering (4 Years, Bachelor of Technology)",HS,OPEN,Gender-Neutral,92080,9
"National Institute of Technology, Silchar","Civil Engineering (4 Years, Bachelor of Technology)",HS,OPEN,Female-only (including Supernumerary),143038,1
"National Institute of Technology, Silchar","Civil Engineering (4 Years, Bachelor of Technology)",HS,EWS,Gender-Neutral,118994,1
"National Institute of Technology, Silchar","Civil Engineering (4 Years, Bachelor of Technology)",HS,OBC- NCL,Gender-Neutral,160606,1
"National Institute of Technology, Silchar","Civil Engineering (4 Years, Bachelor of Technology)",HS,SC,Gender-Neutral,247281,2
"National Institute of Technology, Silchar","Civil Engineering (4 Years, Bachelor of Technology)",OS,OPEN,Gender-Neutral,54855,5
"National Institute of Technology, Silchar","Civil Engineering (4 Years, Bachelor of Technology)",OS,OPEN,Female-only (including Supernumerary),83458,8
"National Institute of Technology, Silchar","Civil Engineering (4 Years, Bachelor of Technology)",OS,EWS,Gender-Neutral,59752,5
"National Institute of Technology, Silchar","Civil Engineering (4 Years, Bachelor of Technology)",OS,EWS,Female-only (including Supernumerary),93072,9
"National Institute of Technology, Silchar","Civil Engineering (4 Years, Bachelor of Technology)",OS,OBC- NCL,Gender-Neutral,60170,6
"National Institute of Technology, Silchar","Civil Engineering (4 Years, Bachelor of Technology)",OS,OBC- NCL,Female-only (including Supernumerary),102486,1
"National Institute of Technology, Silchar","Computer Science and Engineering (4 Years, Bachelor of Technology)",OS,OPEN,Gender-Neutral,16032,1
"National Institute of Technology, Silchar","Computer Science and Engineering (4 Years, Bachelor of Technology)",OS,OBC- NCL,Gender-Neutral,21677,2
"National Institute of Technology, Silchar","Computer Science and Engineering (4 Years, Bachelor of Technology)",OS,OBC- NCL,Female-only (including Supernumerary),40637,4
"National Institute of Technology, Silchar","Electrical Engineering (4 Years, Bachelor of Technology)",HS,OPEN,Gender-Neutral,62508,6
"National Institute of Technology, Silchar","Electrical Engineering (4 Years, Bachelor of Technology)",HS,EWS,Gender-Neutral,73390,7
"National Institute of Technology, Silchar","Electrical Engineering (4 Years, Bachelor of Technology)",OS,OPEN,Gender-Neutral,29706,3
"National Institute of Technology, Silchar","Electrical Engineering (4 Years, Bachelor of Technology)",OS,EWS,Gender-Neutral,33764,3
"National Institute of Technology, Silchar","Electrical Engineering (4 Years, Bachelor of Technology)",OS,OBC- NCL,Gender-Neutral,33805,3
"National Institute of Technology, Silchar","Electrical Engineering (4 Years, Bachelor of Technology)",OS,OBC- NCL,Female-only (including Supernumerary),62028,6
"National Institute of Technology, Silchar","Electrical Engineering (4 Years, Bachelor of Technology)",OS,SC,Gender-Neutral,124925,1
"National Institute of Technology, Silchar","Electrical Engineering (4 Years, Bachelor of Technology)",OS,ST,Female-only (including Supernumerary),307349,3
"National Institute of Technology, Silchar","Electronics and Communication Engineering (4 Years, Bachelor of Technology)",HS,OPEN,Gender-Neutral,41658,4
"National Institute of Technology, Silchar","Electronics and Communication Engineering (4 Years, Bachelor of Technology)",OS,OPEN,Gender-Neutral,22283,2
"National Institute of Technology, Silchar","Electronics and Communication Engineering (4 Years, Bachelor of Technology)",OS,EWS,Gender-Neutral,24541,2
"National Institute of Technology, Silchar","Electronics and Communication Engineering (4 Years, Bachelor of Technology)",OS,EWS,Female-only (including Supernumerary),44908,4
"National Institute of Technology, Silchar","Electronics and Communication Engineering (4 Years, Bachelor of Technology)",OS,OBC- NCL,Gender-Neutral,25850,2
"National Institute of Technology, Silchar","Electronics and Instrumentation Engineering (4 Years, Bachelor of Technology)",HS,OPEN,Gender-Neutral,50760,5
"National Institute of Technology, Silchar","Electronics and Instrumentation Engineering (4 Years, Bachelor of Technology)",OS,OPEN,Gender-Neutral,26232,2
"National Institute of Technology, Silchar","Electronics and Instrumentation Engineering (4 Years, Bachelor of Technology)",OS,EWS,Gender-Neutral,29327,2
"National Institute of Technology, Silchar","Electronics and Instrumentation Engineering (4 Years, Bachelor of Technology)",OS,OBC- NCL,Gender-Neutral,30731,3
"National Institute of Technology, Silchar","Electronics and Instrumentation Engineering (4 Years, Bachelor of Technology)",OS,OBC- NCL,Female-only (including Supernumerary),64054,6
"National Institute of Technology, Silchar","Mechanical Engineering (4 Years, Bachelor of Technology)",HS,OPEN,Gender-Neutral,77458,8
"National Institute of Technology, Silchar","Mechanical Engineering (4 Years, Bachelor of Technology)",HS,EWS,Gender-Neutral,100147,1
"National Institute of Technology, Silchar","Mechanical Engineering (4 Years, Bachelor of Technology)",HS,SC,Gender-Neutral,219282,2
"National Institute of Technology, Silchar","Mechanical Engineering (4 Years, Bachelor of Technology)",OS,OPEN,Gender-Neutral,39642,4
"National Institute of Technology, Silchar","Mechanical Engineering (4 Years, Bachelor of Technology)",OS,OPEN,Female-only (including Supernumerary),65759,6
"National Institute of Technology, Silchar","Mechanical Engineering (4 Years, Bachelor of Technology)",OS,EWS,Gender-Neutral,45519,4
"National Institute of Technology, Silchar","Mechanical Engineering (4 Years, Bachelor of Technology)",OS,OBC- NCL,Gender-Neutral,47235,4
"National Institute of Technology, Silchar","Mechanical Engineering (4 Years, Bachelor of Technology)",OS,OBC- NCL,Female-only (including Supernumerary),79893,8
"National Institute of Technology, Silchar","Mechanical Engineering (4 Years, Bachelor of Technology)",OS,SC,Gender-Neutral,152341,1
"National Institute of Technology, Srinagar","Chemical Engineering (4 Years, Bachelor of Technology)",AI,EWS,Gender-Neutral,83300,8
"National Institute of Technology, Srinagar","Chemical Engineering (4 Years, Bachelor of Technology)",AI,EWS,Female-only (including Supernumerary),131854,1
"National Institute of Technology, Srinagar","Chemical Engineering (4 Years, Bachelor of Technology)",AI,OBC- NCL,Gender-Neutral,75150,7
"National Institute of Technology, Srinagar","Chemical Engineering (4 Years, Bachelor of Technology)",AI,OBC- NCL,Female-only (including Supernumerary),129594,1
"National Institute of Technology, Srinagar","Chemical Engineering (4 Years, Bachelor of Technology)",JK,OPEN,Gender-Neutral,158422,1
"National Institute of Technology, Srinagar","Chemical Engineering (4 Years, Bachelor of Technology)",JK,OPEN,Female-only (including Supernumerary),241631,2
"National Institute of Technology, Srinagar","Chemical Engineering (4 Years, Bachelor of Technology)",OS,OPEN,Gender-Neutral,69327,7
"National Institute of Technology, Srinagar","Chemical Engineering (4 Years, Bachelor of Technology)",OS,OPEN,Female-only (including Supernumerary),110239,1
"National Institute of Technology, Srinagar","Chemical Engineering (4 Years, Bachelor of Technology)",OS,EWS,Gender-Neutral,85859,9
"National Institute of Technology, Srinagar","Chemical Engineering (4 Years, Bachelor of Technology)",OS,EWS,Female-only (including Supernumerary),132773,1
"National Institute of Technology, Srinagar","Chemical Engineering (4 Years, Bachelor of Technology)",OS,OBC- NCL,Gender-Neutral,79938,8
"National Institute of Technology, Srinagar","Chemical Engineering (4 Years, Bachelor of Technology)",OS,OBC- NCL,Female-only (including Supernumerary),134379,1
"National Institute of Technology, Srinagar","Chemical Engineering (4 Years, Bachelor of Technology)",OS,SC,Gender-Neutral,195261,1
"National Institute of Technology, Srinagar","Chemical Engineering (4 Years, Bachelor of Technology)",OS,SC,Female-only (including Supernumerary),227151,2
"National Institute of Technology, Srinagar","Chemical Engineering (4 Years, Bachelor of Technology)",OS,ST,Gender-Neutral,283410,2
"National Institute of Technology, Srinagar","Chemical Engineering (4 Years, Bachelor of Technology)",OS,ST,Female-only (including Supernumerary),362856,3
"National Institute of Technology, Srinagar","Civil Engineering (4 Years, Bachelor of Technology)",AI,EWS,Gender-Neutral,79031,8
"National Institute of Technology, Srinagar","Civil Engineering (4 Years, Bachelor of Technology)",AI,EWS,Female-only (including Supernumerary),125342,1
"National Institute of Technology, Srinagar","Civil Engineering (4 Years, Bachelor of Technology)",AI,OBC- NCL,Gender-Neutral,78313,8
"National Institute of Technology, Srinagar","Civil Engineering (4 Years, Bachelor of Technology)",AI,OBC- NCL,Female-only (including Supernumerary),125764,1
"National Institute of Technology, Srinagar","Civil Engineering (4 Years, Bachelor of Technology)",JK,OPEN,Gender-Neutral,115020,1
"National Institute of Technology, Srinagar","Civil Engineering (4 Years, Bachelor of Technology)",JK,OPEN,Female-only (including Supernumerary),154402,1
"National Institute of Technology, Srinagar","Civil Engineering (4 Years, Bachelor of Technology)",OS,OPEN,Gender-Neutral,73035,7
"National Institute of Technology, Srinagar","Civil Engineering (4 Years, Bachelor of Technology)",OS,OPEN,Female-only (including Supernumerary),111673,1
"National Institute of Technology, Srinagar","Civil Engineering (4 Years, Bachelor of Technology)",OS,EWS,Gender-Neutral,87065,9
"National Institute of Technology, Srinagar","Civil Engineering (4 Years, Bachelor of Technology)",OS,EWS,Female-only (including Supernumerary),133389,1
"National Institute of Technology, Srinagar","Civil Engineering (4 Years, Bachelor of Technology)",OS,OBC- NCL,Gender-Neutral,84792,8
"National Institute of Technology, Srinagar","Civil Engineering (4 Years, Bachelor of Technology)",OS,OBC- NCL,Female-only (including Supernumerary),139039,1
"National Institute of Technology, Srinagar","Civil Engineering (4 Years, Bachelor of Technology)",OS,SC,Gender-Neutral,205698,2
"National Institute of Technology, Srinagar","Civil Engineering (4 Years, Bachelor of Technology)",OS,ST,Female-only (including Supernumerary),357934,3
"National Institute of Technology, Srinagar","Computer Science and Engineering (4 Years, Bachelor of Technology)",AI,OBC- NCL,Female-only (including Supernumerary),51623,5
"National Institute of Technology, Srinagar","Computer Science and Engineering (4 Years, Bachelor of Technology)",OS,OPEN,Gender-Neutral,30183,3
"National Institute of Technology, Srinagar","Computer Science and Engineering (4 Years, Bachelor of Technology)",OS,OBC- NCL,Gender-Neutral,35247,3
"National Institute of Technology, Srinagar","Computer Science and Engineering (4 Years, Bachelor of Technology)",OS,OBC- NCL,Female-only (including Supernumerary),64442,6
"National Institute of Technology, Srinagar","Computer Science and Engineering (4 Years, Bachelor of Technology)",OS,SC,Gender-Neutral,110048,1
"National Institute of Technology, Srinagar","Electrical Engineering (4 Years, Bachelor of Technology)",AI,EWS,Gender-Neutral,53572,5
"National Institute of Technology, Srinagar","Electrical Engineering (4 Years, Bachelor of Technology)",AI,OBC- NCL,Gender-Neutral,53922,5
"National Institute of Technology, Srinagar","Electrical Engineering (4 Years, Bachelor of Technology)",AI,OBC- NCL,Female-only (including Supernumerary),99572,9
"National Institute of Technology, Srinagar","Electrical Engineering (4 Years, Bachelor of Technology)",JK,OPEN,Female-only (including Supernumerary),154217,1
"National Institute of Technology, Srinagar","Electrical Engineering (4 Years, Bachelor of Technology)",OS,OPEN,Gender-Neutral,49897,5
"National Institute of Technology, Srinagar","Electrical Engineering (4 Years, Bachelor of Technology)",OS,OPEN,Female-only (including Supernumerary),69898,7
"National Institute of Technology, Srinagar","Electrical Engineering (4 Years, Bachelor of Technology)",OS,EWS,Gender-Neutral,56045,5
"National Institute of Technology, Srinagar","Electrical Engineering (4 Years, Bachelor of Technology)",OS,EWS,Female-only (including Supernumerary),93837,9
"National Institute of Technology, Srinagar","Electrical Engineering (4 Years, Bachelor of Technology)",OS,OBC- NCL,Gender-Neutral,58135,6
"National Institute of Technology, Srinagar","Electrical Engineering (4 Years, Bachelor of Technology)",OS,OBC- NCL,Female-only (including Supernumerary),100931,1
"National Institute of Technology, Srinagar","Electronics and Communication Engineering (4 Years, Bachelor of Technology)",AI,EWS,Gender-Neutral,43853,4
"National Institute of Technology, Srinagar","Electronics and Communication Engineering (4 Years, Bachelor of Technology)",OS,OPEN,Gender-Neutral,43344,4
"National Institute of Technology, Srinagar","Electronics and Communication Engineering (4 Years, Bachelor of Technology)",OS,EWS,Gender-Neutral,45628,4
"National Institute of Technology, Srinagar","Electronics and Communication Engineering (4 Years, Bachelor of Technology)",OS,OBC- NCL,Gender-Neutral,48826,4
"National Institute of Technology, Srinagar","Information Technology (4 Years, Bachelor of Technology)",AI,OBC- NCL,Female-only (including Supernumerary),76447,7
"National Institute of Technology, Srinagar","Information Technology (4 Years, Bachelor of Technology)",AI,ST,Female-only (including Supernumerary),349662,3
"National Institute of Technology, Srinagar","Information Technology (4 Years, Bachelor of Technology)",JK,OPEN,Gender-Neutral,65020,6
"National Institute of Technology, Srinagar","Information Technology (4 Years, Bachelor of Technology)",OS,OPEN,Gender-Neutral,36430,3
"National Institute of Technology, Srinagar","Information Technology (4 Years, Bachelor of Technology)",OS,EWS,Gender-Neutral,42145,4
"National Institute of Technology, Srinagar","Information Technology (4 Years, Bachelor of Technology)",OS,OBC- NCL,Gender-Neutral,44873,4
"National Institute of Technology, Srinagar","Information Technology (4 Years, Bachelor of Technology)",OS,OBC- NCL,Female-only (including Supernumerary),81860,8
"National Institute of Technology, Srinagar","Information Technology (4 Years, Bachelor of Technology)",OS,SC,Gender-Neutral,155531,1
"National Institute of Technology, Srinagar","Information Technology (4 Years, Bachelor of Technology)",OS,ST,Female-only (including Supernumerary),369480,3
"National Institute of Technology, Srinagar","Mechanical Engineering (4 Years, Bachelor of Technology)",AI,EWS,Gender-Neutral,62633,6
"National Institute of Technology, Srinagar","Mechanical Engineering (4 Years, Bachelor of Technology)",AI,EWS,Female-only (including Supernumerary),102215,1
"National Institute of Technology, Srinagar","Mechanical Engineering (4 Years, Bachelor of Technology)",AI,OBC- NCL,Gender-Neutral,60927,6
"National Institute of Technology, Srinagar","Mechanical Engineering (4 Years, Bachelor of Technology)",AI,OBC- NCL,Female-only (including Supernumerary),111102,1
"National Institute of Technology, Srinagar","Mechanical Engineering (4 Years, Bachelor of Technology)",JK,OPEN,Gender-Neutral,119629,1
"National Institute of Technology, Srinagar","Mechanical Engineering (4 Years, Bachelor of Technology)",JK,OPEN,Female-only (including Supernumerary),207576,2
"National Institute of Technology, Srinagar","Mechanical Engineering (4 Years, Bachelor of Technology)",OS,OPEN,Gender-Neutral,57895,5
"National Institute of Technology, Srinagar","Mechanical Engineering (4 Years, Bachelor of Technology)",OS,OPEN,Female-only (including Supernumerary),90797,1
"National Institute of Technology, Srinagar","Mechanical Engineering (4 Years, Bachelor of Technology)",OS,EWS,Gender-Neutral,65965,6
"National Institute of Technology, Srinagar","Mechanical Engineering (4 Years, Bachelor of Technology)",OS,EWS,Female-only (including Supernumerary),109403,1
"National Institute of Technology, Srinagar","Mechanical Engineering (4 Years, Bachelor of Technology)",OS,OBC- NCL,Gender-Neutral,64930,6
"National Institute of Technology, Srinagar","Mechanical Engineering (4 Years, Bachelor of Technology)",OS,OBC- NCL,Female-only (including Supernumerary),121825,1
"National Institute of Technology, Srinagar","Mechanical Engineering (4 Years, Bachelor of Technology)",OS,SC,Gender-Neutral,190960,1
"National Institute of Technology, Srinagar","Mechanical Engineering (4 Years, Bachelor of Technology)",OS,ST,Gender-Neutral,264028,2
"National Institute of Technology, Srinagar","Mechanical Engineering (4 Years, Bachelor of Technology)",OS,ST,Female-only (including Supernumerary),359964,3
"National Institute of Technology, Srinagar","Metallurgical and Materials Engineering (4 Years, Bachelor of Technology)",AI,EWS,Gender-Neutral,93775,9
"National Institute of Technology, Srinagar","Metallurgical and Materials Engineering (4 Years, Bachelor of Technology)",AI,EWS,Female-only (including Supernumerary),135690,1
"National Institute of Technology, Srinagar","Metallurgical and Materials Engineering (4 Years, Bachelor of Technology)",AI,OBC- NCL,Gender-Neutral,88276,9
"National Institute of Technology, Srinagar","Metallurgical and Materials Engineering (4 Years, Bachelor of Technology)",AI,OBC- NCL,Female-only (including Supernumerary),156031,1
"National Institute of Technology, Srinagar","Metallurgical and Materials Engineering (4 Years, Bachelor of Technology)",JK,OPEN,Gender-Neutral,179621,1
"National Institute of Technology, Srinagar","Metallurgical and Materials Engineering (4 Years, Bachelor of Technology)",JK,OPEN,Female-only (including Supernumerary),242866,4
"National Institute of Technology, Srinagar","Metallurgical and Materials Engineering (4 Years, Bachelor of Technology)",JK,ST,Gender-Neutral,374942,3
"National Institute of Technology, Srinagar","Metallurgical and Materials Engineering (4 Years, Bachelor of Technology)",LA,OPEN,Gender-Neutral,593306,5
"National Institute of Technology, Srinagar","Metallurgical and Materials Engineering (4 Years, Bachelor of Technology)",OS,OPEN,Gender-Neutral,79307,8
"National Institute of Technology, Srinagar","Metallurgical and Materials Engineering (4 Years, Bachelor of Technology)",OS,OPEN,Female-only (including Supernumerary),127862,1
"National Institute of Technology, Srinagar","Metallurgical and Materials Engineering (4 Years, Bachelor of Technology)",OS,EWS,Gender-Neutral,94173,9
"National Institute of Technology, Srinagar","Metallurgical and Materials Engineering (4 Years, Bachelor of Technology)",OS,EWS,Female-only (including Supernumerary),141373,1
"National Institute of Technology, Srinagar","Metallurgical and Materials Engineering (4 Years, Bachelor of Technology)",OS,OBC- NCL,Gender-Neutral,92232,9
"National Institute of Technology, Srinagar","Metallurgical and Materials Engineering (4 Years, Bachelor of Technology)",OS,OBC- NCL,Female-only (including Supernumerary),160538,1
"National Institute of Technology, Srinagar","Metallurgical and Materials Engineering (4 Years, Bachelor of Technology)",OS,SC,Gender-Neutral,215570,2
"National Institute of Technology, Srinagar","Metallurgical and Materials Engineering (4 Years, Bachelor of Technology)",OS,SC,Female-only (including Supernumerary),249985,2
"National Institute of Technology, Srinagar","Metallurgical and Materials Engineering (4 Years, Bachelor of Technology)",OS,ST,Gender-Neutral,315890,3
"National Institute of Technology, Srinagar","Metallurgical and Materials Engineering (4 Years, Bachelor of Technology)",OS,ST,Female-only (including Supernumerary),431908,4
"National Institute of Technology, Tiruchirappalli","Architecture (5 Years, Bachelor of Architecture)",AI,EWS,Gender-Neutral,1769,1
"National Institute of Technology, Tiruchirappalli","Architecture (5 Years, Bachelor of Architecture)",OS,OPEN,Gender-Neutral,310,3
"National Institute of Technology, Tiruchirappalli","Architecture (5 Years, Bachelor of Architecture)",OS,EWS,Gender-Neutral,4992,4
"National Institute of Technology, Tiruchirappalli","Architecture for DASA-Non CIWG (5 Years, Bachelor of Architecture)",AD,OPEN,Gender-Neutral,21988,2
"National Institute of Technology, Tiruchirappalli","Civil Engineering (4 Years, Bachelor of Technology)",AI,EWS,Gender-Neutral,23949,2
"National Institute of Technology, Tiruchirappalli","Civil Engineering (4 Years, Bachelor of Technology)",HS,OPEN,Gender-Neutral,32926,3
"National Institute of Technology, Tiruchirappalli","Civil Engineering (4 Years, Bachelor of Technology)",HS,OBC- NCL,Gender-Neutral,38046,3
"National Institute of Technology, Tiruchirappalli","Civil Engineering (4 Years, Bachelor of Technology)",OS,OPEN,Gender-Neutral,21690,2
"National Institute of Technology, Tiruchirappalli","Civil Engineering (4 Years, Bachelor of Technology)",OS,EWS,Gender-Neutral,29305,2
"National Institute of Technology, Tiruchirappalli","Civil Engineering (4 Years, Bachelor of Technology)",OS,OBC- NCL,Gender-Neutral,29379,2
"National Institute of Technology, Tiruchirappalli","Civil Engineering (4 Years, Bachelor of Technology)",OS,OBC- NCL (PwD),Gender-Neutral,555570,5
"National Institute of Technology, Tiruchirappalli","Computer Science and Engineering for DASA-CIWG (4 Years, Bachelor of Technology)",DC,OPEN,Gender-Neutral,16522,1
"National Institute of Technology, Tiruchirappalli","Computer Science and Engineering for DASA-Non CIWG (4 Years, Bachelor of Technology)",AD,OPEN,Gender-Neutral,17478,1
"National Institute of Technology, Tiruchirappalli","Electrical and Electronics Engineering (4 Years, Bachelor of Technology)",OS,SC,Gender-Neutral,58531,5
"National Institute of Technology, Tiruchirappalli","Electronics and Communication Engineering (4 Years, Bachelor of Technology)",HS,OBC- NCL,Gender-Neutral,9604,9
"National Institute of Technology, Tiruchirappalli","Electronics and Communication Engineering (4 Years, Bachelor of Technology)",OS,OBC- NCL,Gender-Neutral,5941,5
"National Institute of Technology, Tiruchirappalli","Instrumentation and Control Engineering (4 Years, Bachelor of Technology)",HS,OPEN,Gender-Neutral,13704,1
"National Institute of Technology, Tiruchirappalli","Instrumentation and Control Engineering (4 Years, Bachelor of Technology)",HS,OBC- NCL,Gender-Neutral,16789,1
"National Institute of Technology, Tiruchirappalli","Instrumentation and Control Engineering for DASA-Non CIWG (4 Years, Bachelor of Technology)",AD,OPEN,Gender-Neutral,220410,2
"National Institute of Technology, Tiruchirappalli","Mechanical Engineering (4 Years, Bachelor of Technology)",HS,OBC- NCL,Gender-Neutral,18458,1
"National Institute of Technology, Tiruchirappalli","Mechanical Engineering (4 Years, Bachelor of Technology)",OS,OPEN,Female-only (including Supernumerary),22672,2
"National Institute of Technology, Tiruchirappalli","Metallurgical and Materials Engineering (4 Years, Bachelor of Technology)",HS,OPEN,Gender-Neutral,27753,2
"National Institute of Technology, Tiruchirappalli","Metallurgical and Materials Engineering (4 Years, Bachelor of Technology)",HS,OPEN,Female-only (including Supernumerary),45761,4
"National Institute of Technology, Tiruchirappalli","Metallurgical and Materials Engineering (4 Years, Bachelor of Technology)",HS,EWS,Gender-Neutral,551598,5
"National Institute of Technology, Tiruchirappalli","Metallurgical and Materials Engineering (4 Years, Bachelor of Technology)",HS,OBC- NCL,Gender-Neutral,32520,3
"National Institute of Technology, Tiruchirappalli","Metallurgical and Materials Engineering (4 Years, Bachelor of Technology)",HS,OBC- NCL,Female-only (including Supernumerary),50053,5
"National Institute of Technology, Tiruchirappalli","Metallurgical and Materials Engineering (4 Years, Bachelor of Technology)",OS,EWS,Gender-Neutral,29801,2
"National Institute of Technology, Tiruchirappalli","Metallurgical and Materials Engineering (4 Years, Bachelor of Technology)",OS,EWS,Female-only (including Supernumerary),54637,5
"National Institute of Technology, Tiruchirappalli","Production Engineering (4 Years, Bachelor of Technology)",AI,EWS,Gender-Neutral,24254,2
"National Institute of Technology, Tiruchirappalli","Production Engineering (4 Years, Bachelor of Technology)",HS,OPEN,Female-only (including Supernumerary),41335,4
"National Institute of Technology, Tiruchirappalli","Production Engineering (4 Years, Bachelor of Technology)",HS,OBC- NCL,Gender-Neutral,27492,2
"National Institute of Technology, Tiruchirappalli","Production Engineering (4 Years, Bachelor of Technology)",HS,OBC- NCL,Female-only (including Supernumerary),43372,4
"National Institute of Technology, Tiruchirappalli","Production Engineering (4 Years, Bachelor of Technology)",OS,EWS,Gender-Neutral,28373,2
"National Institute of Technology, Tiruchirappalli","Production Engineering (4 Years, Bachelor of Technology)",OS,EWS,Female-only (including Supernumerary),42014,4
"National Institute of Technology, Tiruchirappalli","Production Engineering (4 Years, Bachelor of Technology)",OS,OBC- NCL,Female-only (including Supernumerary),50261,5
"National Institute of Technology, Tiruchirappalli","Production Engineering (4 Years, Bachelor of Technology)",OS,SC,Gender-Neutral,119057,1
"National Institute of Technology, Tiruchirappalli","Production Engineering for DASA-CIWG (4 Years, Bachelor of Technology)",DC,OPEN,Gender-Neutral,250166,2
"National Institute of Technology, Tiruchirappalli","Production Engineering for DASA-Non CIWG (4 Years, Bachelor of Technology)",AD,OPEN,Gender-Neutral,474054,4
"National Institute of Technology, Uttarakhand","Civil Engineering (4 Years, Bachelor of Technology)",HS,OPEN,Gender-Neutral,90757,9
"National Institute of Technology, Uttarakhand","Civil Engineering (4 Years, Bachelor of Technology)",HS,SC,Gender-Neutral,232343,2
"National Institute of Technology, Uttarakhand","Civil Engineering (4 Years, Bachelor of Technology)",HS,ST,Gender-Neutral,464419,7
"National Institute of Technology, Uttarakhand","Civil Engineering (4 Years, Bachelor of Technology)",OS,OPEN,Gender-Neutral,60905,6
"National Institute of Technology, Uttarakhand","Civil Engineering (4 Years, Bachelor of Technology)",OS,OPEN,Female-only (including Supernumerary),90560,9
"National Institute of Technology, Uttarakhand","Civil Engineering (4 Years, Bachelor of Technology)",OS,EWS,Gender-Neutral,66605,6
"National Institute of Technology, Uttarakhand","Civil Engineering (4 Years, Bachelor of Technology)",OS,OBC- NCL,Gender-Neutral,65698,6
"National Institute of Technology, Uttarakhand","Civil Engineering (4 Years, Bachelor of Technology)",OS,OBC- NCL,Female-only (including Supernumerary),110628,1
"National Institute of Technology, Uttarakhand","Computer Science and Engineering (4 Years, Bachelor of Technology)",HS,OPEN,Gender-Neutral,33340,3
"National Institute of Technology, Uttarakhand","Computer Science and Engineering (4 Years, Bachelor of Technology)",HS,EWS,Gender-Neutral,45050,4
"National Institute of Technology, Uttarakhand","Computer Science and Engineering (4 Years, Bachelor of Technology)",HS,OBC- NCL,Gender-Neutral,61178,6
"National Institute of Technology, Uttarakhand","Computer Science and Engineering (4 Years, Bachelor of Technology)",OS,OBC- NCL,Gender-Neutral,30344,3
"National Institute of Technology, Uttarakhand","Computer Science and Engineering (4 Years, Bachelor of Technology)",OS,ST,Gender-Neutral,205312,2
"National Institute of Technology, Uttarakhand","Electrical and Electronics Engineering (4 Years, Bachelor of Technology)",HS,OPEN,Gender-Neutral,58642,5
"National Institute of Technology, Uttarakhand","Electrical and Electronics Engineering (4 Years, Bachelor of Technology)",HS,EWS,Gender-Neutral,85416,8
"National Institute of Technology, Uttarakhand","Electrical and Electronics Engineering (4 Years, Bachelor of Technology)",HS,OBC- NCL,Female-only (including Supernumerary),151398,1
"National Institute of Technology, Uttarakhand","Electrical and Electronics Engineering (4 Years, Bachelor of Technology)",HS,SC,Gender-Neutral,205210,2
"National Institute of Technology, Uttarakhand","Electrical and Electronics Engineering (4 Years, Bachelor of Technology)",OS,OPEN,Gender-Neutral,41918,4
"National Institute of Technology, Uttarakhand","Electrical and Electronics Engineering (4 Years, Bachelor of Technology)",OS,OPEN,Female-only (including Supernumerary),60682,6
"National Institute of Technology, Uttarakhand","Electrical and Electronics Engineering (4 Years, Bachelor of Technology)",OS,EWS,Gender-Neutral,46793,4
"National Institute of Technology, Uttarakhand","Electrical and Electronics Engineering (4 Years, Bachelor of Technology)",OS,OBC- NCL,Female-only (including Supernumerary),76192,7
"National Institute of Technology, Uttarakhand","Electronics and Communication Engineering (4 Years, Bachelor of Technology)",AI,ST,Female-only (including Supernumerary),309575,3
"National Institute of Technology, Uttarakhand","Electronics and Communication Engineering (4 Years, Bachelor of Technology)",HS,OBC- NCL,Female-only (including Supernumerary),109025,1
"National Institute of Technology, Uttarakhand","Electronics and Communication Engineering (4 Years, Bachelor of Technology)",HS,SC,Female-only (including Supernumerary),256981,2
"National Institute of Technology, Uttarakhand","Electronics and Communication Engineering (4 Years, Bachelor of Technology)",OS,OPEN,Gender-Neutral,33681,3
"National Institute of Technology, Uttarakhand","Electronics and Communication Engineering (4 Years, Bachelor of Technology)",OS,EWS,Gender-Neutral,38031,3
"National Institute of Technology, Uttarakhand","Electronics and Communication Engineering (4 Years, Bachelor of Technology)",OS,OBC- NCL,Gender-Neutral,37405,3
"National Institute of Technology, Uttarakhand","Mechanical Engineering (4 Years, Bachelor of Technology)",AI,EWS,Female-only (including Supernumerary),86861,8
"National Institute of Technology, Uttarakhand","Mechanical Engineering (4 Years, Bachelor of Technology)",HS,OBC- NCL,Gender-Neutral,112318,1
"National Institute of Technology, Uttarakhand","Mechanical Engineering (4 Years, Bachelor of Technology)",OS,OPEN,Gender-Neutral,52164,5
"National Institute of Technology, Uttarakhand","Mechanical Engineering (4 Years, Bachelor of Technology)",OS,OPEN,Female-only (including Supernumerary),81427,8
"National Institute of Technology, Uttarakhand","Mechanical Engineering (4 Years, Bachelor of Technology)",OS,EWS,Gender-Neutral,54056,5
"National Institute of Technology, Uttarakhand","Mechanical Engineering (4 Years, Bachelor of Technology)",OS,EWS,Female-only (including Supernumerary),90807,9
"National Institute of Technology, Uttarakhand","Mechanical Engineering (4 Years, Bachelor of Technology)",OS,OBC- NCL,Gender-Neutral,57399,5
"National Institute of Technology, Uttarakhand","Mechanical Engineering (4 Years, Bachelor of Technology)",OS,ST,Female-only (including Supernumerary),352889,3
"National Institute of Technology, Warangal","Bio Technology (4 Years, Bachelor of Technology)",HS,OPEN,Gender-Neutral,44202,4
"National Institute of Technology, Warangal","Bio Technology (4 Years, Bachelor of Technology)",HS,OPEN (PwD),Gender-Neutral,680454,6
"National Institute of Technology, Warangal","Bio Technology (4 Years, Bachelor of Technology)",HS,EWS,Gender-Neutral,56042,5
"National Institute of Technology, Warangal","Bio Technology (4 Years, Bachelor of Technology)",HS,OBC- NCL,Gender-Neutral,61277,6
"National Institute of Technology, Warangal","Bio Technology (4 Years, Bachelor of Technology)",OS,OPEN,Gender-Neutral,35807,3
"National Institute of Technology, Warangal","Bio Technology (4 Years, Bachelor of Technology)",OS,EWS,Gender-Neutral,44372,4
"National Institute of Technology, Warangal","Bio Technology (4 Years, Bachelor of Technology)",OS,OBC- NCL,Gender-Neutral,45607,4
"National Institute of Technology, Warangal","Bio Technology (4 Years, Bachelor of Technology)",OS,OBC- NCL,Female-only (including Supernumerary),71500,7
"National Institute of Technology, Warangal","Chemical Engineering (4 Years, Bachelor of Technology)",HS,OBC- NCL,Gender-Neutral,28674,3
"National Institute of Technology, Warangal","Chemical Engineering (4 Years, Bachelor of Technology)",HS,SC,Gender-Neutral,124216,1
"National Institute of Technology, Warangal","Chemical Engineering (4 Years, Bachelor of Technology)",OS,EWS,Gender-Neutral,25636,2
"National Institute of Technology, Warangal","Chemical Engineering (4 Years, Bachelor of Technology)",OS,OBC- NCL,Gender-Neutral,27018,2
"National Institute of Technology, Warangal","Chemical Engineering (4 Years, Bachelor of Technology)",OS,SC,Gender-Neutral,106680,1
"National Institute of Technology, Warangal","Chemical Engineering (5 Years, Bachelor and Master of Technology (Dual Degree))",OS,OPEN,Gender-Neutral,26182,2
"National Institute of Technology, Warangal","Chemical Engineering for DASA-Non CIWG (4 Years, Bachelor of Technology)",AD,OPEN,Gender-Neutral,603129,6
"National Institute of Technology, Warangal","Chemistry (5 Years, Integrated Master of Science)",HS,OPEN,Gender-Neutral,77806,7
"National Institute of Technology, Warangal","Chemistry (5 Years, Integrated Master of Science)",HS,OPEN,Female-only (including Supernumerary),92860,9
"National Institute of Technology, Warangal","Chemistry (5 Years, Integrated Master of Science)",HS,EWS,Gender-Neutral,108699,1
"National Institute of Technology, Warangal","Chemistry (5 Years, Integrated Master of Science)",HS,OBC- NCL,Gender-Neutral,89997,8
"National Institute of Technology, Warangal","Chemistry (5 Years, Integrated Master of Science)",HS,OBC- NCL,Female-only (including Supernumerary),127368,1
"National Institute of Technology, Warangal","Chemistry (5 Years, Integrated Master of Science)",OS,OPEN,Gender-Neutral,56078,5
"National Institute of Technology, Warangal","Civil Engineering (4 Years, Bachelor of Technology)",HS,OPEN,Gender-Neutral,31618,3
"National Institute of Technology, Warangal","Civil Engineering (4 Years, Bachelor of Technology)",HS,OBC- NCL,Gender-Neutral,38594,3
"National Institute of Technology, Warangal","Civil Engineering (4 Years, Bachelor of Technology)",OS,OPEN,Gender-Neutral,28289,2
"National Institute of Technology, Warangal","Civil Engineering (4 Years, Bachelor of Technology)",OS,EWS,Gender-Neutral,30364,3
"National Institute of Technology, Warangal","Civil Engineering (4 Years, Bachelor of Technology)",OS,OBC- NCL,Gender-Neutral,33925,3
"National Institute of Technology, Warangal","Civil Engineering for DASA-CIWG (4 Years, Bachelor of Technology)",DC,OPEN,Gender-Neutral,576584,5
"National Institute of Technology, Warangal","Computer Science and Engineering ( Artificial Intelligence & Data Science) for DASA- CIWG (4 Years, Bachelor of Technology)",DC,OPEN,Gender-Neutral,47457,4
"National Institute of Technology, Warangal","Computer Science and Engineering ( Artificial Intelligence & Data Science) for DASA- Non CIWG (4 Years, Bachelor of Technology)",AD,OPEN,Gender-Neutral,96857,9
"National Institute of Technology, Warangal","Computer Science and Engineering for DASA-Non CIWG (4 Years, Bachelor of Technology)",AD,OPEN,Gender-Neutral,83567,8
"National Institute of Technology, Warangal","Electrical and Electronics Engineering (4 Years, Bachelor of Technology)",HS,OPEN,Gender-Neutral,12550,1
"National Institute of Technology, Warangal","Electrical and Electronics Engineering (4 Years, Bachelor of Technology)",OS,OPEN,Gender-Neutral,9611,9
"National Institute of Technology, Warangal","Electrical and Electronics Engineering (4 Years, Bachelor of Technology)",OS,EWS,Gender-Neutral,14042,1
"National Institute of Technology, Warangal","Electrical and Electronics Engineering for DASA-CIWG (4 Years, Bachelor of Technology)",DC,OPEN,Gender-Neutral,156706,1
"National Institute of Technology, Warangal","Electrical and Electronics Engineering for DASA-Non CIWG (4 Years, Bachelor of Technology)",AD,OPEN,Gender-Neutral,257304,2
"National Institute of Technology, Warangal","Electronics and Communication Engineering (VLSI Design and Technology) (4 Years, Bachelor of Technology)",OS,SC,Gender-Neutral,53819,5
"National Institute of Technology, Warangal","Electronics and Communication Engineering for DASA-CIWG (4 Years, Bachelor of Technology)",DC,OPEN,Gender-Neutral,90245,9
"National Institute of Technology, Warangal","Mathematics (5 Years, Integrated Master of Science)",HS,OPEN,Gender-Neutral,53147,5
"National Institute of Technology, Warangal","Mathematics (5 Years, Integrated Master of Science)",HS,EWS,Gender-Neutral,99260,9
"National Institute of Technology, Warangal","Mathematics (5 Years, Integrated Master of Science)",HS,OBC- NCL,Gender-Neutral,67886,6
"National Institute of Technology, Warangal","Mathematics (5 Years, Integrated Master of Science)",OS,OPEN,Gender-Neutral,26380,2
"National Institute of Technology, Warangal","Mathematics (5 Years, Integrated Master of Science)",OS,OBC- NCL,Gender-Neutral,39662,3
"National Institute of Technology, Warangal","Mathematics (5 Years, Integrated Master of Science)",OS,OBC- NCL,Female-only (including Supernumerary),83187,8
"National Institute of Technology, Warangal","Mathematics and Computing (4 Years, Bachelor of Technology)",OS,OBC- NCL,Gender-Neutral,7190,7
"National Institute of Technology, Warangal","Mathematics and Computing for DASA-Non CIWG (4 Years, Bachelor of Technology)",AD,OPEN,Gender-Neutral,187769,1
"National Institute of Technology, Warangal","Mechanical Engineering (4 Years, Bachelor of Technology)",HS,OPEN,Gender-Neutral,18962,1
"National Institute of Technology, Warangal","Mechanical Engineering (4 Years, Bachelor of Technology)",HS,EWS,Gender-Neutral,21708,2
"National Institute of Technology, Warangal","Mechanical Engineering (4 Years, Bachelor of Technology)",HS,OBC- NCL,Gender-Neutral,21702,2
"National Institute of Technology, Warangal","Mechanical Engineering (4 Years, Bachelor of Technology)",OS,OPEN,Gender-Neutral,15833,1
"National Institute of Technology, Warangal","Mechanical Engineering (4 Years, Bachelor of Technology)",OS,OPEN,Female-only (including Supernumerary),29327,2
"National Institute of Technology, Warangal","Mechanical Engineering (4 Years, Bachelor of Technology)",OS,EWS,Gender-Neutral,20673,2
"National Institute of Technology, Warangal","Mechanical Engineering (4 Years, Bachelor of Technology)",OS,EWS,Female-only (including Supernumerary),30688,3
"National Institute of Technology, Warangal","Metallurgical and Materials Engineering (4 Years, Bachelor of Technology)",HS,OPEN,Gender-Neutral,38499,3
"National Institute of Technology, Warangal","Metallurgical and Materials Engineering (4 Years, Bachelor of Technology)",HS,EWS,Gender-Neutral,44479,4
"National Institute of Technology, Warangal","Metallurgical and Materials Engineering (4 Years, Bachelor of Technology)",OS,EWS,Gender-Neutral,36490,3
"National Institute of Technology, Warangal","Metallurgical and Materials Engineering (4 Years, Bachelor of Technology)",OS,SC,Gender-Neutral,124096,1
"National Institute of Technology, Warangal","Metallurgical and Materials Engineering (5 Years, Bachelor and Master of Technology (Dual Degree))",HS,OPEN (PwD),Female-only (including Supernumerary),928835,9
"National Institute of Technology, Warangal","Metallurgical and Materials Engineering (5 Years, Bachelor and Master of Technology (Dual Degree))",OS,OPEN,Gender-Neutral,31748,3
"National Institute of Technology, Warangal","Metallurgical and Materials Engineering (5 Years, Bachelor and Master of Technology (Dual Degree))",OS,SC,Gender-Neutral,149309,1
"National Institute of Technology, Warangal","Physics (5 Years, Integrated Master of Science)",HS,OPEN,Gender-Neutral,60607,6
"National Institute of Technology, Warangal","Physics (5 Years, Integrated Master of Science)",OS,OPEN,Gender-Neutral,28867,2
"National Institute of Technology, Warangal","Physics (5 Years, Integrated Master of Science)",OS,OPEN,Female-only (including Supernumerary),54408,5
"National Institute of Technology, Warangal","Physics (5 Years, Integrated Master of Science)",OS,OBC- NCL,Female-only (including Supernumerary),66445,6
"Sardar Vallabhbhai National Institute of Technology, Surat","Artificial Intelligence (4 Years, Bachelor of Technology)",HS,OPEN,Gender-Neutral,17136,1
"Sardar Vallabhbhai National Institute of Technology, Surat","Artificial Intelligence (4 Years, Bachelor of Technology)",HS,OBC- NCL,Gender-Neutral,27047,2
"Sardar Vallabhbhai National Institute of Technology, Surat","Artificial Intelligence (4 Years, Bachelor of Technology)",OS,OPEN,Female-only (including Supernumerary),18833,1
"Sardar Vallabhbhai National Institute of Technology, Surat","Artificial Intelligence (4 Years, Bachelor of Technology)",OS,OBC- NCL,Gender-Neutral,16471,1
"Sardar Vallabhbhai National Institute of Technology, Surat","Artificial Intelligence (4 Years, Bachelor of Technology)",OS,SC,Gender-Neutral,72694,7
"Sardar Vallabhbhai National Institute of Technology, Surat","Artificial Intelligence (5 Years, Integrated B. Tech. and M. Tech.)",HS,OPEN,Gender-Neutral,23396,2
"Sardar Vallabhbhai National Institute of Technology, Surat","Artificial Intelligence (5 Years, Integrated B. Tech. and M. Tech.)",HS,EWS,Gender-Neutral,27772,2
"Sardar Vallabhbhai National Institute of Technology, Surat","Artificial Intelligence (5 Years, Integrated B. Tech. and M. Tech.)",HS,OBC- NCL,Gender-Neutral,28885,4
"Sardar Vallabhbhai National Institute of Technology, Surat","Artificial Intelligence (5 Years, Integrated B. Tech. and M. Tech.)",OS,OPEN,Gender-Neutral,15858,1
"Sardar Vallabhbhai National Institute of Technology, Surat","Artificial Intelligence (5 Years, Integrated B. Tech. and M. Tech.)",OS,OBC- NCL,Gender-Neutral,22665,2
"Sardar Vallabhbhai National Institute of Technology, Surat","Chemical Engineering (4 Years, Bachelor of Technology)",HS,OPEN,Gender-Neutral,51269,5
"Sardar Vallabhbhai National Institute of Technology, Surat","Chemical Engineering (4 Years, Bachelor of Technology)",HS,EWS,Gender-Neutral,61930,6
"Sardar Vallabhbhai National Institute of Technology, Surat","Chemical Engineering (4 Years, Bachelor of Technology)",HS,OBC- NCL,Gender-Neutral,78101,7
"Sardar Vallabhbhai National Institute of Technology, Surat","Chemical Engineering (4 Years, Bachelor of Technology)",OS,OPEN,Gender-Neutral,39394,3
"Sardar Vallabhbhai National Institute of Technology, Surat","Chemical Engineering (4 Years, Bachelor of Technology)",OS,EWS,Gender-Neutral,43810,4
"Sardar Vallabhbhai National Institute of Technology, Surat","Chemical Engineering (4 Years, Bachelor of Technology)",OS,OBC- NCL,Gender-Neutral,44806,4
"Sardar Vallabhbhai National Institute of Technology, Surat","Chemical Engineering (4 Years, Bachelor of Technology)",OS,OBC- NCL,Female-only (including Supernumerary),66578,6
"Sardar Vallabhbhai National Institute of Technology, Surat","Chemical Engineering (4 Years, Bachelor of Technology)",OS,SC,Gender-Neutral,147635,1
"Sardar Vallabhbhai National Institute of Technology, Surat","Chemistry (5 Years, Integrated Master of Science)",AI,EWS,Gender-Neutral,91893,9
"Sardar Vallabhbhai National Institute of Technology, Surat","Chemistry (5 Years, Integrated Master of Science)",AI,OBC- NCL,Gender-Neutral,86364,9
"Sardar Vallabhbhai National Institute of Technology, Surat","Chemistry (5 Years, Integrated Master of Science)",AI,SC,Gender-Neutral,222920,2
"Sardar Vallabhbhai National Institute of Technology, Surat","Chemistry (5 Years, Integrated Master of Science)",HS,OPEN,Gender-Neutral,104959,2
"Sardar Vallabhbhai National Institute of Technology, Surat","Chemistry (5 Years, Integrated Master of Science)",OS,OPEN,Gender-Neutral,77647,8
"Sardar Vallabhbhai National Institute of Technology, Surat","Chemistry (5 Years, Integrated Master of Science)",OS,EWS,Gender-Neutral,93991,1
"Sardar Vallabhbhai National Institute of Technology, Surat","Chemistry (5 Years, Integrated Master of Science)",OS,OBC- NCL,Gender-Neutral,90421,9
"Sardar Vallabhbhai National Institute of Technology, Surat","Chemistry (5 Years, Integrated Master of Science)",OS,SC,Gender-Neutral,229928,2
"Sardar Vallabhbhai National Institute of Technology, Surat","Civil Engineering (4 Years, Bachelor of Technology)",HS,OPEN,Gender-Neutral,74923,8
"Sardar Vallabhbhai National Institute of Technology, Surat","Civil Engineering (4 Years, Bachelor of Technology)",HS,OPEN,Female-only (including Supernumerary),87775,9
"Sardar Vallabhbhai National Institute of Technology, Surat","Civil Engineering (4 Years, Bachelor of Technology)",HS,EWS,Gender-Neutral,100917,1
"Sardar Vallabhbhai National Institute of Technology, Surat","Civil Engineering (4 Years, Bachelor of Technology)",HS,EWS,Female-only (including Supernumerary),121333,1
"Sardar Vallabhbhai National Institute of Technology, Surat","Civil Engineering (4 Years, Bachelor of Technology)",HS,OBC- NCL,Gender-Neutral,111929,1
"Sardar Vallabhbhai National Institute of Technology, Surat","Civil Engineering (4 Years, Bachelor of Technology)",HS,OBC- NCL,Female-only (including Supernumerary),161869,1
"Sardar Vallabhbhai National Institute of Technology, Surat","Civil Engineering (4 Years, Bachelor of Technology)",HS,SC,Gender-Neutral,292378,2
"Sardar Vallabhbhai National Institute of Technology, Surat","Civil Engineering (4 Years, Bachelor of Technology)",OS,OPEN,Gender-Neutral,45601,4
"Sardar Vallabhbhai National Institute of Technology, Surat","Civil Engineering (4 Years, Bachelor of Technology)",OS,OPEN,Female-only (including Supernumerary),69165,6
"Sardar Vallabhbhai National Institute of Technology, Surat","Civil Engineering (4 Years, Bachelor of Technology)",OS,EWS,Gender-Neutral,48587,4
"Sardar Vallabhbhai National Institute of Technology, Surat","Civil Engineering (4 Years, Bachelor of Technology)",OS,OBC- NCL,Gender-Neutral,53516,5
"Sardar Vallabhbhai National Institute of Technology, Surat","Civil Engineering (4 Years, Bachelor of Technology)",OS,OBC- NCL,Female-only (including Supernumerary),84225,8
"Sardar Vallabhbhai National Institute of Technology, Surat","Computer Science and Engineering (4 Years, Bachelor of Technology)",OS,OPEN,Gender-Neutral,10232,1
"Sardar Vallabhbhai National Institute of Technology, Surat","Computer Science and Engineering (4 Years, Bachelor of Technology)",OS,OPEN,Female-only (including Supernumerary),15942,1
"Sardar Vallabhbhai National Institute of Technology, Surat","Computer Science and Engineering (4 Years, Bachelor of Technology)",OS,OBC- NCL,Gender-Neutral,14752,1
"Sardar Vallabhbhai National Institute of Technology, Surat","Computer Science and Engineering for DASA-CIWG (4 Years, Bachelor of Technology)",DC,OPEN,Gender-Neutral,265144,2
"Sardar Vallabhbhai National Institute of Technology, Surat","Electrical Engineering (4 Years, Bachelor of Technology)",HS,OPEN,Gender-Neutral,31503,3
"Sardar Vallabhbhai National Institute of Technology, Surat","Electrical Engineering (4 Years, Bachelor of Technology)",HS,OPEN,Female-only (including Supernumerary),38217,3
"Sardar Vallabhbhai National Institute of Technology, Surat","Electrical Engineering (4 Years, Bachelor of Technology)",HS,EWS,Gender-Neutral,44396,4
"Sardar Vallabhbhai National Institute of Technology, Surat","Electrical Engineering (4 Years, Bachelor of Technology)",HS,EWS,Female-only (including Supernumerary),76221,7
"Sardar Vallabhbhai National Institute of Technology, Surat","Electrical Engineering (4 Years, Bachelor of Technology)",HS,OBC- NCL,Gender-Neutral,51266,5
"Sardar Vallabhbhai National Institute of Technology, Surat","Electrical Engineering (4 Years, Bachelor of Technology)",HS,ST,Gender-Neutral,249704,2
"Sardar Vallabhbhai National Institute of Technology, Surat","Electrical Engineering (4 Years, Bachelor of Technology)",OS,OPEN,Gender-Neutral,23730,2
"Sardar Vallabhbhai National Institute of Technology, Surat","Electrical Engineering (4 Years, Bachelor of Technology)",OS,OPEN,Female-only (including Supernumerary),35777,3
"Sardar Vallabhbhai National Institute of Technology, Surat","Electrical Engineering (4 Years, Bachelor of Technology)",OS,EWS,Gender-Neutral,27309,2
"Sardar Vallabhbhai National Institute of Technology, Surat","Electrical Engineering (4 Years, Bachelor of Technology)",OS,OBC- NCL,Gender-Neutral,27269,2
"Sardar Vallabhbhai National Institute of Technology, Surat","Electronics and Communication Engineering (4 Years, Bachelor of Technology)",HS,OPEN,Gender-Neutral,18532,1
"Sardar Vallabhbhai National Institute of Technology, Surat","Electronics and Communication Engineering (4 Years, Bachelor of Technology)",HS,OBC- NCL,Gender-Neutral,32647,3
"Sardar Vallabhbhai National Institute of Technology, Surat","Electronics and Communication Engineering (4 Years, Bachelor of Technology)",HS,ST,Gender-Neutral,228027,2
"Sardar Vallabhbhai National Institute of Technology, Surat","Electronics and Communication Engineering (4 Years, Bachelor of Technology)",OS,OPEN,Gender-Neutral,16774,1
"Sardar Vallabhbhai National Institute of Technology, Surat","Electronics and Communication Engineering (4 Years, Bachelor of Technology)",OS,OPEN,Female-only (including Supernumerary),21833,2
"Sardar Vallabhbhai National Institute of Technology, Surat","Electronics and Communication Engineering (4 Years, Bachelor of Technology)",OS,SC,Gender-Neutral,86164,8
"Sardar Vallabhbhai National Institute of Technology, Surat","Electronics and VLSI Engineering (4 Years, Bachelor of Technology)",HS,OPEN,Gender-Neutral,23785,2
"Sardar Vallabhbhai National Institute of Technology, Surat","Electronics and VLSI Engineering (4 Years, Bachelor of Technology)",HS,OBC- NCL,Gender-Neutral,42968,4
"Sardar Vallabhbhai National Institute of Technology, Surat","Electronics and VLSI Engineering (4 Years, Bachelor of Technology)",OS,OPEN,Gender-Neutral,17293,1
"Sardar Vallabhbhai National Institute of Technology, Surat","Engineering Physics (4 Years, Bachelor of Technology)",HS,OPEN,Gender-Neutral,59735,5
"Sardar Vallabhbhai National Institute of Technology, Surat","Engineering Physics (4 Years, Bachelor of Technology)",HS,OBC- NCL,Gender-Neutral,95822,9
"Sardar Vallabhbhai National Institute of Technology, Surat","Engineering Physics (4 Years, Bachelor of Technology)",HS,SC,Gender-Neutral,275516,2
"Sardar Vallabhbhai National Institute of Technology, Surat","Engineering Physics (4 Years, Bachelor of Technology)",OS,OPEN,Gender-Neutral,35480,3
"Sardar Vallabhbhai National Institute of Technology, Surat","Engineering Physics (4 Years, Bachelor of Technology)",OS,OBC- NCL,Gender-Neutral,44230,4
"Sardar Vallabhbhai National Institute of Technology, Surat","Industrial Chemistry (4 Years, Bachelor of Technology)",AI,OBC- NCL,Female-only (including Supernumerary),94772,9
"Sardar Vallabhbhai National Institute of Technology, Surat","Industrial Chemistry (4 Years, Bachelor of Technology)",HS,OPEN,Gender-Neutral,85532,8
"Sardar Vallabhbhai National Institute of Technology, Surat","Industrial Chemistry (4 Years, Bachelor of Technology)",HS,EWS,Gender-Neutral,122516,1
"Sardar Vallabhbhai National Institute of Technology, Surat","Industrial Chemistry (4 Years, Bachelor of Technology)",OS,OPEN,Gender-Neutral,51821,5
"Sardar Vallabhbhai National Institute of Technology, Surat","Industrial Chemistry (4 Years, Bachelor of Technology)",OS,EWS,Gender-Neutral,55373,5
"Sardar Vallabhbhai National Institute of Technology, Surat","Industrial Chemistry (4 Years, Bachelor of Technology)",OS,OBC- NCL,Gender-Neutral,61680,6
"Sardar Vallabhbhai National Institute of Technology, Surat","Industrial Chemistry (4 Years, Bachelor of Technology)",OS,OBC- NCL,Female-only (including Supernumerary),95561,9
"Sardar Vallabhbhai National Institute of Technology, Surat","Mathematics (5 Years, Integrated Master of Science)",AI,SC,Gender-Neutral,173791,2
"Sardar Vallabhbhai National Institute of Technology, Surat","Mathematics (5 Years, Integrated Master of Science)",HS,OPEN,Gender-Neutral,118610,1
"Sardar Vallabhbhai National Institute of Technology, Surat","Mathematics (5 Years, Integrated Master of Science)",HS,EWS,Gender-Neutral,173584,1
"Sardar Vallabhbhai National Institute of Technology, Surat","Mathematics (5 Years, Integrated Master of Science)",HS,OBC- NCL,Gender-Neutral,311154,3
"Sardar Vallabhbhai National Institute of Technology, Surat","Mathematics (5 Years, Integrated Master of Science)",OS,OPEN,Gender-Neutral,58300,5
"Sardar Vallabhbhai National Institute of Technology, Surat","Mathematics (5 Years, Integrated Master of Science)",OS,EWS,Gender-Neutral,76309,7
"Sardar Vallabhbhai National Institute of Technology, Surat","Mathematics (5 Years, Integrated Master of Science)",OS,OBC- NCL,Gender-Neutral,80604,8
"Sardar Vallabhbhai National Institute of Technology, Surat","Mathematics (5 Years, Integrated Master of Science)",OS,SC,Gender-Neutral,211568,2
"Sardar Vallabhbhai National Institute of Technology, Surat","Mathematics and Computing (4 Years, Bachelor of Technology)",HS,OPEN,Gender-Neutral,15453,1
"Sardar Vallabhbhai National Institute of Technology, Surat","Mechanical Engineering (4 Years, Bachelor of Technology)",HS,OPEN,Gender-Neutral,39499,3
"Sardar Vallabhbhai National Institute of Technology, Surat","Mechanical Engineering (4 Years, Bachelor of Technology)",HS,OPEN,Female-only (including Supernumerary),57944,6
"Sardar Vallabhbhai National Institute of Technology, Surat","Mechanical Engineering (4 Years, Bachelor of Technology)",HS,EWS,Gender-Neutral,50289,5
"Sardar Vallabhbhai National Institute of Technology, Surat","Mechanical Engineering (4 Years, Bachelor of Technology)",HS,EWS,Female-only (including Supernumerary),90673,9
"Sardar Vallabhbhai National Institute of Technology, Surat","Mechanical Engineering (4 Years, Bachelor of Technology)",HS,OBC- NCL,Gender-Neutral,66681,6
"Sardar Vallabhbhai National Institute of Technology, Surat","Mechanical Engineering (4 Years, Bachelor of Technology)",HS,ST,Gender-Neutral,284520,2
"Sardar Vallabhbhai National Institute of Technology, Surat","Mechanical Engineering (4 Years, Bachelor of Technology)",OS,OPEN,Gender-Neutral,30409,3
"Sardar Vallabhbhai National Institute of Technology, Surat","Mechanical Engineering (4 Years, Bachelor of Technology)",OS,OPEN,Female-only (including Supernumerary),54088,5
"Sardar Vallabhbhai National Institute of Technology, Surat","Mechanical Engineering (4 Years, Bachelor of Technology)",OS,EWS,Gender-Neutral,35904,3
"Sardar Vallabhbhai National Institute of Technology, Surat","Mechanical Engineering (4 Years, Bachelor of Technology)",OS,OBC- NCL,Gender-Neutral,39011,3
"Sardar Vallabhbhai National Institute of Technology, Surat","Mechanical Engineering (4 Years, Bachelor of Technology)",OS,OBC- NCL,Female-only (including Supernumerary),64753,6
"Sardar Vallabhbhai National Institute of Technology, Surat","Mechanical Engineering (4 Years, Bachelor of Technology)",OS,OBC- NCL (PwD),Female-only (including Supernumerary),1203525,1
"Sardar Vallabhbhai National Institute of Technology, Surat","Mechanical Engineering (4 Years, Bachelor of Technology)",OS,SC,Gender-Neutral,134697,1
"Sardar Vallabhbhai National Institute of Technology, Surat","Mechanical Engineering for DASA-CIWG (4 Years, Bachelor of Technology)",DC,OPEN,Gender-Neutral,575947,5
"Sardar Vallabhbhai National Institute of Technology, Surat","Physics (5 Years, Integrated Master of Science)",AI,EWS,Gender-Neutral,71340,7
"Sardar Vallabhbhai National Institute of Technology, Surat","Physics (5 Years, Integrated Master of Science)",AI,SC,Gender-Neutral,178862,1
"Sardar Vallabhbhai National Institute of Technology, Surat","Physics (5 Years, Integrated Master of Science)",HS,OPEN,Gender-Neutral,100514,1
"Sardar Vallabhbhai National Institute of Technology, Surat","Physics (5 Years, Integrated Master of Science)",HS,OBC- NCL,Gender-Neutral,170209,3
"Sardar Vallabhbhai National Institute of Technology, Surat","Physics (5 Years, Integrated Master of Science)",OS,OPEN,Gender-Neutral,60070,6
"Sardar Vallabhbhai National Institute of Technology, Surat","Physics (5 Years, Integrated Master of Science)",OS,EWS,Gender-Neutral,77644,8
"Sardar Vallabhbhai National Institute of Technology, Surat","Physics (5 Years, Integrated Master of Science)",OS,OBC- NCL,Gender-Neutral,78597,8
"Sardar Vallabhbhai National Institute of Technology, Surat","Physics (5 Years, Integrated Master of Science)",OS,SC,Gender-Neutral,215305,2
"Visvesvaraya National Institute of Technology, Nagpur","Architecture (5 Years, Bachelor of Architecture)",AI,EWS,Gender-Neutral,1731,3
"Visvesvaraya National Institute of Technology, Nagpur","Architecture (5 Years, Bachelor of Architecture)",HS,OPEN,Gender-Neutral,892,8
"Visvesvaraya National Institute of Technology, Nagpur","Architecture (5 Years, Bachelor of Architecture)",HS,EWS,Female-only (including Supernumerary),3992,3
"Visvesvaraya National Institute of Technology, Nagpur","Architecture (5 Years, Bachelor of Architecture)",HS,OBC- NCL,Gender-Neutral,3721,3
"Visvesvaraya National Institute of Technology, Nagpur","Architecture (5 Years, Bachelor of Architecture)",OS,OPEN,Gender-Neutral,987,1
"Visvesvaraya National Institute of Technology, Nagpur","Architecture (5 Years, Bachelor of Architecture)",OS,EWS,Gender-Neutral,5221,5
"Visvesvaraya National Institute of Technology, Nagpur","Chemical Engineering (4 Years, Bachelor of Technology)",HS,OPEN,Gender-Neutral,34479,3
"Visvesvaraya National Institute of Technology, Nagpur","Chemical Engineering (4 Years, Bachelor of Technology)",HS,EWS,Gender-Neutral,45281,4
"Visvesvaraya National Institute of Technology, Nagpur","Chemical Engineering (4 Years, Bachelor of Technology)",HS,OBC- NCL,Gender-Neutral,44113,4
"Visvesvaraya National Institute of Technology, Nagpur","Chemical Engineering (4 Years, Bachelor of Technology)",OS,OPEN,Gender-Neutral,34830,3
"Visvesvaraya National Institute of Technology, Nagpur","Chemical Engineering (4 Years, Bachelor of Technology)",OS,EWS,Gender-Neutral,39914,4
"Visvesvaraya National Institute of Technology, Nagpur","Chemical Engineering (4 Years, Bachelor of Technology)",OS,EWS (PwD),Gender-Neutral,941766,9
"Visvesvaraya National Institute of Technology, Nagpur","Chemical Engineering (4 Years, Bachelor of Technology)",OS,OBC- NCL,Gender-Neutral,39795,4
"Visvesvaraya National Institute of Technology, Nagpur","Chemical Engineering (4 Years, Bachelor of Technology)",OS,OBC- NCL,Female-only (including Supernumerary),65538,6
"Visvesvaraya National Institute of Technology, Nagpur","Civil Engineering (4 Years, Bachelor of Technology)",HS,OPEN,Gender-Neutral,48206,4
"Visvesvaraya National Institute of Technology, Nagpur","Civil Engineering (4 Years, Bachelor of Technology)",HS,OPEN,Female-only (including Supernumerary),58235,5
"Visvesvaraya National Institute of Technology, Nagpur","Civil Engineering (4 Years, Bachelor of Technology)",HS,EWS,Gender-Neutral,62430,6
"Visvesvaraya National Institute of Technology, Nagpur","Civil Engineering (4 Years, Bachelor of Technology)",HS,OBC- NCL,Gender-Neutral,56978,6
"Visvesvaraya National Institute of Technology, Nagpur","Civil Engineering (4 Years, Bachelor of Technology)",HS,OBC- NCL,Female-only (including Supernumerary),77875,7
"Visvesvaraya National Institute of Technology, Nagpur","Civil Engineering (4 Years, Bachelor of Technology)",HS,OBC- NCL (PwD),Gender-Neutral,1114908,1
"Visvesvaraya National Institute of Technology, Nagpur","Civil Engineering (4 Years, Bachelor of Technology)",HS,ST,Gender-Neutral,279461,2
"Visvesvaraya National Institute of Technology, Nagpur","Civil Engineering (4 Years, Bachelor of Technology)",OS,OPEN,Gender-Neutral,40600,4
"Visvesvaraya National Institute of Technology, Nagpur","Civil Engineering (4 Years, Bachelor of Technology)",OS,OPEN,Female-only (including Supernumerary),56795,5
"Visvesvaraya National Institute of Technology, Nagpur","Civil Engineering (4 Years, Bachelor of Technology)",OS,EWS,Gender-Neutral,45932,4
"Visvesvaraya National Institute of Technology, Nagpur","Civil Engineering (4 Years, Bachelor of Technology)",OS,OBC- NCL,Gender-Neutral,47099,4
"Visvesvaraya National Institute of Technology, Nagpur","Civil Engineering (4 Years, Bachelor of Technology)",OS,OBC- NCL,Female-only (including Supernumerary),64723,6
"Visvesvaraya National Institute of Technology, Nagpur","Civil Engineering (4 Years, Bachelor of Technology)",OS,SC,Gender-Neutral,147508,1
"Visvesvaraya National Institute of Technology, Nagpur","Computer Science and Engineering (4 Years, Bachelor of Technology)",HS,OPEN,Female-only (including Supernumerary),14134,1
"Visvesvaraya National Institute of Technology, Nagpur","Computer Science and Engineering (4 Years, Bachelor of Technology)",HS,EWS,Female-only (including Supernumerary),23501,2
"Visvesvaraya National Institute of Technology, Nagpur","Computer Science and Engineering (4 Years, Bachelor of Technology)",OS,OPEN,Gender-Neutral,7694,7
"Visvesvaraya National Institute of Technology, Nagpur","Computer Science and Engineering (4 Years, Bachelor of Technology)",OS,OBC- NCL,Gender-Neutral,11008,1
"Visvesvaraya National Institute of Technology, Nagpur","Computer Science and Engineering for DASA-Non CIWG (4 Years, Bachelor of Technology)",AD,OPEN,Gender-Neutral,280185,2
"Visvesvaraya National Institute of Technology, Nagpur","Electrical and Electronics Engineering (4 Years, Bachelor of Technology)",HS,OPEN,Gender-Neutral,17779,1
"Visvesvaraya National Institute of Technology, Nagpur","Electrical and Electronics Engineering (4 Years, Bachelor of Technology)",HS,EWS,Gender-Neutral,23046,2
"Visvesvaraya National Institute of Technology, Nagpur","Electrical and Electronics Engineering (4 Years, Bachelor of Technology)",HS,OBC- NCL,Gender-Neutral,24371,2
"Visvesvaraya National Institute of Technology, Nagpur","Electrical and Electronics Engineering (4 Years, Bachelor of Technology)",OS,OPEN,Female-only (including Supernumerary),28654,3
"Visvesvaraya National Institute of Technology, Nagpur","Electrical and Electronics Engineering (4 Years, Bachelor of Technology)",OS,EWS,Gender-Neutral,21069,2
"Visvesvaraya National Institute of Technology, Nagpur","Electrical and Electronics Engineering (4 Years, Bachelor of Technology)",OS,OBC- NCL,Gender-Neutral,24219,2
"Visvesvaraya National Institute of Technology, Nagpur","Electrical and Electronics Engineering (4 Years, Bachelor of Technology)",OS,OBC- NCL,Female-only (including Supernumerary),41654,4
"Visvesvaraya National Institute of Technology, Nagpur","Electrical and Electronics Engineering (4 Years, Bachelor of Technology)",OS,SC,Gender-Neutral,89305,8
"Visvesvaraya National Institute of Technology, Nagpur","Electrical and Electronics Engineering for DASA-CIWG (4 Years, Bachelor of Technology)",DC,OPEN,Gender-Neutral,403960,4
"Visvesvaraya National Institute of Technology, Nagpur","Electronics and Communication Engineering (4 Years, Bachelor of Technology)",HS,OPEN,Gender-Neutral,12375,1
"Visvesvaraya National Institute of Technology, Nagpur","Electronics and Communication Engineering (4 Years, Bachelor of Technology)",HS,OPEN,Female-only (including Supernumerary),22241,2
"Visvesvaraya National Institute of Technology, Nagpur","Electronics and Communication Engineering (4 Years, Bachelor of Technology)",HS,EWS,Gender-Neutral,19816,1
"Visvesvaraya National Institute of Technology, Nagpur","Electronics and Communication Engineering (4 Years, Bachelor of Technology)",OS,OPEN,Female-only (including Supernumerary),18213,1
"Visvesvaraya National Institute of Technology, Nagpur","Electronics and Communication Engineering (4 Years, Bachelor of Technology)",OS,EWS,Gender-Neutral,14064,1
"Visvesvaraya National Institute of Technology, Nagpur","Electronics and Communication Engineering for DASA-Non CIWG (4 Years, Bachelor of Technology)",AD,OPEN,Gender-Neutral,485153,4
"Visvesvaraya National Institute of Technology, Nagpur","Mechanical Engineering (4 Years, Bachelor of Technology)",HS,OPEN,Gender-Neutral,25014,2
"Visvesvaraya National Institute of Technology, Nagpur","Mechanical Engineering (4 Years, Bachelor of Technology)",HS,OPEN,Female-only (including Supernumerary),40377,4
"Visvesvaraya National Institute of Technology, Nagpur","Mechanical Engineering (4 Years, Bachelor of Technology)",HS,EWS,Gender-Neutral,29700,2
"Visvesvaraya National Institute of Technology, Nagpur","Mechanical Engineering (4 Years, Bachelor of Technology)",HS,OBC- NCL,Gender-Neutral,30701,3
"Visvesvaraya National Institute of Technology, Nagpur","Mechanical Engineering (4 Years, Bachelor of Technology)",OS,OPEN,Gender-Neutral,24957,2
"Visvesvaraya National Institute of Technology, Nagpur","Mechanical Engineering (4 Years, Bachelor of Technology)",OS,OPEN,Female-only (including Supernumerary),43871,4
"Visvesvaraya National Institute of Technology, Nagpur","Mechanical Engineering (4 Years, Bachelor of Technology)",OS,EWS,Gender-Neutral,29703,2
"Visvesvaraya National Institute of Technology, Nagpur","Mechanical Engineering (4 Years, Bachelor of Technology)",OS,OBC- NCL,Gender-Neutral,30590,3
"Visvesvaraya National Institute of Technology, Nagpur","Metallurgical and Materials Engineering (4 Years, Bachelor of Technology)",HS,OPEN,Gender-Neutral,49952,5
"Visvesvaraya National Institute of Technology, Nagpur","Metallurgical and Materials Engineering (4 Years, Bachelor of Technology)",HS,OPEN,Female-only (including Supernumerary),65274,6
"Visvesvaraya National Institute of Technology, Nagpur","Metallurgical and Materials Engineering (4 Years, Bachelor of Technology)",HS,EWS,Gender-Neutral,77148,7
"Visvesvaraya National Institute of Technology, Nagpur","Metallurgical and Materials Engineering (4 Years, Bachelor of Technology)",HS,EWS,Female-only (including Supernumerary),76620,7
"Visvesvaraya National Institute of Technology, Nagpur","Metallurgical and Materials Engineering (4 Years, Bachelor of Technology)",HS,OBC- NCL,Gender-Neutral,65283,6
"Visvesvaraya National Institute of Technology, Nagpur","Metallurgical and Materials Engineering (4 Years, Bachelor of Technology)",HS,OBC- NCL,Female-only (including Supernumerary),89551,1
"Visvesvaraya National Institute of Technology, Nagpur","Metallurgical and Materials Engineering (4 Years, Bachelor of Technology)",HS,ST,Gender-Neutral,322987,3
"Visvesvaraya National Institute of Technology, Nagpur","Metallurgical and Materials Engineering (4 Years, Bachelor of Technology)",OS,OPEN,Gender-Neutral,45491,4
"Visvesvaraya National Institute of Technology, Nagpur","Metallurgical and Materials Engineering (4 Years, Bachelor of Technology)",OS,EWS,Female-only (including Supernumerary),81940,8
"Visvesvaraya National Institute of Technology, Nagpur","Metallurgical and Materials Engineering (4 Years, Bachelor of Technology)",OS,OBC- NCL,Gender-Neutral,53570,5
"Visvesvaraya National Institute of Technology, Nagpur","Metallurgical and Materials Engineering (4 Years, Bachelor of Technology)",OS,SC,Gender-Neutral,173042,1
"Visvesvaraya National Institute of Technology, Nagpur","Metallurgical and Materials Engineering (4 Years, Bachelor of Technology)",OS,SC,Female-only (including Supernumerary),169434,1
"Visvesvaraya National Institute of Technology, Nagpur","Mining Engineering (4 Years, Bachelor of Technology)",HS,OPEN,Gender-Neutral,65595,6
"Visvesvaraya National Institute of Technology, Nagpur","Mining Engineering (4 Years, Bachelor of Technology)",HS,OPEN,Female-only (including Supernumerary),73872,7
"Visvesvaraya National Institute of Technology, Nagpur","Mining Engineering (4 Years, Bachelor of Technology)",HS,EWS,Gender-Neutral,79792,8
"Visvesvaraya National Institute of Technology, Nagpur","Mining Engineering (4 Years, Bachelor of Technology)",HS,OBC- NCL,Gender-Neutral,70938,7
"Visvesvaraya National Institute of Technology, Nagpur","Mining Engineering (4 Years, Bachelor of Technology)",HS,OBC- NCL,Female-only (including Supernumerary),118292,1
"Visvesvaraya National Institute of Technology, Nagpur","Mining Engineering (4 Years, Bachelor of Technology)",HS,ST,Gender-Neutral,351480,3
"Visvesvaraya National Institute of Technology, Nagpur","Mining Engineering (4 Years, Bachelor of Technology)",OS,OPEN,Gender-Neutral,50304,5
"Visvesvaraya National Institute of Technology, Nagpur","Mining Engineering (4 Years, Bachelor of Technology)",OS,OPEN,Female-only (including Supernumerary),80172,8
"Visvesvaraya National Institute of Technology, Nagpur","Mining Engineering (4 Years, Bachelor of Technology)",OS,EWS,Gender-Neutral,52313,5
"Visvesvaraya National Institute of Technology, Nagpur","Mining Engineering (4 Years, Bachelor of Technology)",OS,OBC- NCL,Gender-Neutral,58973,5
"Visvesvaraya National Institute of Technology, Nagpur","Mining Engineering (4 Years, Bachelor of Technology)",OS,OBC- NCL,Female-only (including Supernumerary),93357,9
"Visvesvaraya National Institute of Technology, Nagpur","Mining Engineering (4 Years, Bachelor of Technology)",OS,SC,Gender-Neutral,181941,1
"National Institute of Technology, Andhra Pradesh","Bio Technology (4 Years, Bachelor of Technology)",HS,OPEN,Gender-Neutral,86160,8
"National Institute of Technology, Andhra Pradesh","Bio Technology (4 Years, Bachelor of Technology)",HS,EWS,Gender-Neutral,93485,9
"National Institute of Technology, Andhra Pradesh","Bio Technology (4 Years, Bachelor of Technology)",HS,OBC- NCL,Gender-Neutral,91219,9
"National Institute of Technology, Andhra Pradesh","Bio Technology (4 Years, Bachelor of Technology)",HS,OBC- NCL,Female-only (including Supernumerary),110742,1
"National Institute of Technology, Andhra Pradesh","Bio Technology (4 Years, Bachelor of Technology)",OS,OPEN,Gender-Neutral,74146,7
"National Institute of Technology, Andhra Pradesh","Bio Technology (4 Years, Bachelor of Technology)",OS,OPEN,Female-only (including Supernumerary),102262,1
"National Institute of Technology, Andhra Pradesh","Bio Technology (4 Years, Bachelor of Technology)",OS,EWS,Gender-Neutral,81341,8
"National Institute of Technology, Andhra Pradesh","Bio Technology (4 Years, Bachelor of Technology)",OS,EWS,Female-only (including Supernumerary),111293,1
"National Institute of Technology, Andhra Pradesh","Bio Technology (4 Years, Bachelor of Technology)",OS,OBC- NCL,Gender-Neutral,80585,8
"National Institute of Technology, Andhra Pradesh","Bio Technology (4 Years, Bachelor of Technology)",OS,OBC- NCL,Female-only (including Supernumerary),122214,1
"National Institute of Technology, Andhra Pradesh","Bio Technology (4 Years, Bachelor of Technology)",OS,ST,Gender-Neutral,268239,2
"National Institute of Technology, Andhra Pradesh","Chemical Engineering (4 Years, Bachelor of Technology)",HS,OPEN,Gender-Neutral,58841,5
"National Institute of Technology, Andhra Pradesh","Chemical Engineering (4 Years, Bachelor of Technology)",HS,SC,Gender-Neutral,203811,2
"National Institute of Technology, Andhra Pradesh","Chemical Engineering (4 Years, Bachelor of Technology)",OS,OPEN,Gender-Neutral,57385,5
"National Institute of Technology, Andhra Pradesh","Chemical Engineering (4 Years, Bachelor of Technology)",OS,OPEN,Female-only (including Supernumerary),73464,7
"National Institute of Technology, Andhra Pradesh","Chemical Engineering (4 Years, Bachelor of Technology)",OS,EWS,Gender-Neutral,70223,7
"National Institute of Technology, Andhra Pradesh","Chemical Engineering (4 Years, Bachelor of Technology)",OS,OBC- NCL,Gender-Neutral,67515,6
"National Institute of Technology, Andhra Pradesh","Chemical Engineering (4 Years, Bachelor of Technology)",OS,OBC- NCL,Female-only (including Supernumerary),89004,8
"National Institute of Technology, Andhra Pradesh","Chemical Engineering (4 Years, Bachelor of Technology)",OS,ST,Gender-Neutral,264033,2
"National Institute of Technology, Andhra Pradesh","Civil Engineering (4 Years, Bachelor of Technology)",HS,OPEN,Gender-Neutral,69766,6
"National Institute of Technology, Andhra Pradesh","Civil Engineering (4 Years, Bachelor of Technology)",HS,EWS,Gender-Neutral,73140,7
"National Institute of Technology, Andhra Pradesh","Civil Engineering (4 Years, Bachelor of Technology)",HS,OBC- NCL,Gender-Neutral,77880,8
"National Institute of Technology, Andhra Pradesh","Civil Engineering (4 Years, Bachelor of Technology)",HS,ST,Gender-Neutral,281267,2
"National Institute of Technology, Andhra Pradesh","Civil Engineering (4 Years, Bachelor of Technology)",OS,OPEN,Gender-Neutral,66190,6
"National Institute of Technology, Andhra Pradesh","Civil Engineering (4 Years, Bachelor of Technology)",OS,OPEN,Female-only (including Supernumerary),96084,9
"National Institute of Technology, Andhra Pradesh","Civil Engineering (4 Years, Bachelor of Technology)",OS,EWS,Gender-Neutral,73276,7
"National Institute of Technology, Andhra Pradesh","Civil Engineering (4 Years, Bachelor of Technology)",OS,EWS,Female-only (including Supernumerary),121200,1
"National Institute of Technology, Andhra Pradesh","Civil Engineering (4 Years, Bachelor of Technology)",OS,OBC- NCL,Gender-Neutral,69612,7
"National Institute of Technology, Andhra Pradesh","Civil Engineering (4 Years, Bachelor of Technology)",OS,OBC- NCL,Female-only (including Supernumerary),97782,9
"National Institute of Technology, Andhra Pradesh","Computer Science and Engineering (4 Years, Bachelor of Technology)",OS,OBC- NCL,Gender-Neutral,29460,2
"National Institute of Technology, Andhra Pradesh","Electrical and Electronics Engineering (4 Years, Bachelor of Technology)",HS,OPEN,Gender-Neutral,41193,4
"National Institute of Technology, Andhra Pradesh","Electrical and Electronics Engineering (4 Years, Bachelor of Technology)",HS,EWS,Gender-Neutral,48052,4
"National Institute of Technology, Andhra Pradesh","Electrical and Electronics Engineering (4 Years, Bachelor of Technology)",HS,OBC- NCL,Gender-Neutral,50654,5
"National Institute of Technology, Andhra Pradesh","Electrical and Electronics Engineering (4 Years, Bachelor of Technology)",HS,OBC- NCL,Female-only (including Supernumerary),73889,7
"National Institute of Technology, Andhra Pradesh","Electrical and Electronics Engineering (4 Years, Bachelor of Technology)",OS,OPEN,Gender-Neutral,38227,3
"National Institute of Technology, Andhra Pradesh","Electrical and Electronics Engineering (4 Years, Bachelor of Technology)",OS,OPEN,Female-only (including Supernumerary),60461,6
"National Institute of Technology, Andhra Pradesh","Electrical and Electronics Engineering (4 Years, Bachelor of Technology)",OS,EWS,Gender-Neutral,46896,4
"National Institute of Technology, Andhra Pradesh","Electrical and Electronics Engineering (4 Years, Bachelor of Technology)",OS,EWS,Female-only (including Supernumerary),64454,6
"National Institute of Technology, Andhra Pradesh","Electrical and Electronics Engineering (4 Years, Bachelor of Technology)",OS,OBC- NCL,Gender-Neutral,48835,4
"National Institute of Technology, Andhra Pradesh","Electrical and Electronics Engineering (4 Years, Bachelor of Technology)",OS,OBC- NCL,Female-only (including Supernumerary),70658,7
"National Institute of Technology, Andhra Pradesh","Electronics and Communication Engineering (4 Years, Bachelor of Technology)",HS,EWS,Gender-Neutral,31019,3
"National Institute of Technology, Andhra Pradesh","Electronics and Communication Engineering (4 Years, Bachelor of Technology)",OS,OBC- NCL,Gender-Neutral,39403,3
"National Institute of Technology, Andhra Pradesh","Electronics and Communication Engineering (4 Years, Bachelor of Technology)",OS,OBC- NCL,Female-only (including Supernumerary),62723,6
"National Institute of Technology, Andhra Pradesh","Mechanical Engineering (4 Years, Bachelor of Technology)",HS,OPEN,Gender-Neutral,49083,4
"National Institute of Technology, Andhra Pradesh","Mechanical Engineering (4 Years, Bachelor of Technology)",HS,OPEN,Female-only (including Supernumerary),75742,7
"National Institute of Technology, Andhra Pradesh","Mechanical Engineering (4 Years, Bachelor of Technology)",HS,EWS,Gender-Neutral,50671,5
"National Institute of Technology, Andhra Pradesh","Mechanical Engineering (4 Years, Bachelor of Technology)",HS,EWS,Female-only (including Supernumerary),76915,7
"National Institute of Technology, Andhra Pradesh","Mechanical Engineering (4 Years, Bachelor of Technology)",HS,OBC- NCL,Gender-Neutral,56388,5
"National Institute of Technology, Andhra Pradesh","Mechanical Engineering (4 Years, Bachelor of Technology)",HS,OBC- NCL,Female-only (including Supernumerary),92066,9
"National Institute of Technology, Andhra Pradesh","Mechanical Engineering (4 Years, Bachelor of Technology)",OS,OPEN,Gender-Neutral,53099,5
"National Institute of Technology, Andhra Pradesh","Mechanical Engineering (4 Years, Bachelor of Technology)",OS,OPEN,Female-only (including Supernumerary),82489,8
"National Institute of Technology, Andhra Pradesh","Mechanical Engineering (4 Years, Bachelor of Technology)",OS,EWS,Gender-Neutral,55537,5
"National Institute of Technology, Andhra Pradesh","Mechanical Engineering (4 Years, Bachelor of Technology)",OS,EWS,Female-only (including Supernumerary),97320,9
"National Institute of Technology, Andhra Pradesh","Mechanical Engineering (4 Years, Bachelor of Technology)",OS,OBC- NCL,Gender-Neutral,60866,6
"National Institute of Technology, Andhra Pradesh","Mechanical Engineering (4 Years, Bachelor of Technology)",OS,OBC- NCL,Female-only (including Supernumerary),89085,8
"National Institute of Technology, Andhra Pradesh","Mechanical Engineering (4 Years, Bachelor of Technology)",OS,SC,Female-only (including Supernumerary),208331,2
"National Institute of Technology, Andhra Pradesh","Metallurgical and Materials Engineering (4 Years, Bachelor of Technology)",HS,OPEN,Gender-Neutral,79045,8
"National Institute of Technology, Andhra Pradesh","Metallurgical and Materials Engineering (4 Years, Bachelor of Technology)",HS,EWS,Gender-Neutral,85399,8
"National Institute of Technology, Andhra Pradesh","Metallurgical and Materials Engineering (4 Years, Bachelor of Technology)",HS,EWS,Female-only (including Supernumerary),102073,1
"National Institute of Technology, Andhra Pradesh","Metallurgical and Materials Engineering (4 Years, Bachelor of Technology)",OS,OPEN,Gender-Neutral,65861,7
"National Institute of Technology, Andhra Pradesh","Metallurgical and Materials Engineering (4 Years, Bachelor of Technology)",OS,EWS,Gender-Neutral,79091,7
"National Institute of Technology, Andhra Pradesh","Metallurgical and Materials Engineering (4 Years, Bachelor of Technology)",OS,OBC- NCL,Gender-Neutral,80227,8
"National Institute of Technology, Andhra Pradesh","Metallurgical and Materials Engineering (4 Years, Bachelor of Technology)",OS,OBC- NCL,Female-only (including Supernumerary),100485,1
"National Institute of Technology, Andhra Pradesh","Metallurgical and Materials Engineering (4 Years, Bachelor of Technology)",OS,SC,Female-only (including Supernumerary),250692,2
"Indian Institute of Engineering Science and Technology, Shibpur","Aerospace Engineering (4 Years, Bachelor of Technology)",HS,OBC- NCL,Gender-Neutral,106053,1
"Indian Institute of Engineering Science and Technology, Shibpur","Aerospace Engineering (4 Years, Bachelor of Technology)",OS,OPEN,Gender-Neutral,33354,3
"Indian Institute of Engineering Science and Technology, Shibpur","Aerospace Engineering (4 Years, Bachelor of Technology)",OS,OPEN,Female-only (including Supernumerary),63463,6
"Indian Institute of Engineering Science and Technology, Shibpur","Aerospace Engineering (4 Years, Bachelor of Technology)",OS,EWS,Gender-Neutral,42417,4
"Indian Institute of Engineering Science and Technology, Shibpur","Aerospace Engineering (4 Years, Bachelor of Technology)",OS,OBC- NCL,Gender-Neutral,43018,4
"Indian Institute of Engineering Science and Technology, Shibpur","Aerospace Engineering (4 Years, Bachelor of Technology)",OS,SC,Female-only (including Supernumerary),208539,2
"Indian Institute of Engineering Science and Technology, Shibpur","Architecture (5 Years, Bachelor of Architecture)",HS,ST,Gender-Neutral,26768,2
"Indian Institute of Engineering Science and Technology, Shibpur","Architecture (5 Years, Bachelor of Architecture)",OS,OBC- NCL,Gender-Neutral,3536,3
"Indian Institute of Engineering Science and Technology, Shibpur","Civil Engineering (4 Years, Bachelor of Technology)",HS,OPEN,Gender-Neutral,55670,5
"Indian Institute of Engineering Science and Technology, Shibpur","Civil Engineering (4 Years, Bachelor of Technology)",HS,OPEN,Female-only (including Supernumerary),76623,7
"Indian Institute of Engineering Science and Technology, Shibpur","Civil Engineering (4 Years, Bachelor of Technology)",HS,OBC- NCL,Gender-Neutral,120766,1
"Indian Institute of Engineering Science and Technology, Shibpur","Civil Engineering (4 Years, Bachelor of Technology)",HS,ST,Gender-Neutral,632849,6
"Indian Institute of Engineering Science and Technology, Shibpur","Civil Engineering (4 Years, Bachelor of Technology)",OS,OPEN,Gender-Neutral,64413,6
"Indian Institute of Engineering Science and Technology, Shibpur","Civil Engineering (4 Years, Bachelor of Technology)",OS,OPEN,Female-only (including Supernumerary),73168,9
"Indian Institute of Engineering Science and Technology, Shibpur","Civil Engineering (4 Years, Bachelor of Technology)",OS,EWS,Gender-Neutral,70759,7
"Indian Institute of Engineering Science and Technology, Shibpur","Civil Engineering (4 Years, Bachelor of Technology)",OS,EWS,Female-only (including Supernumerary),106046,1
"Indian Institute of Engineering Science and Technology, Shibpur","Civil Engineering (4 Years, Bachelor of Technology)",OS,OBC- NCL,Gender-Neutral,71292,7
"Indian Institute of Engineering Science and Technology, Shibpur","Civil Engineering (4 Years, Bachelor of Technology)",OS,OBC- NCL,Female-only (including Supernumerary),106581,1
"Indian Institute of Engineering Science and Technology, Shibpur","Civil Engineering (4 Years, Bachelor of Technology)",OS,SC,Gender-Neutral,188859,1
"Indian Institute of Engineering Science and Technology, Shibpur","Computer Science and Engineering (4 Years, Bachelor of Technology)",OS,OPEN,Gender-Neutral,20624,2
"Indian Institute of Engineering Science and Technology, Shibpur","Computer Science and Engineering (4 Years, Bachelor of Technology)",OS,OPEN,Female-only (including Supernumerary),31763,3
"Indian Institute of Engineering Science and Technology, Shibpur","Computer Science and Engineering (4 Years, Bachelor of Technology)",OS,SC,Female-only (including Supernumerary),152087,1
"Indian Institute of Engineering Science and Technology, Shibpur","Electrical Engineering (4 Years, Bachelor of Technology)",HS,OPEN,Gender-Neutral,27707,2
"Indian Institute of Engineering Science and Technology, Shibpur","Electrical Engineering (4 Years, Bachelor of Technology)",OS,OPEN,Gender-Neutral,36082,3
"Indian Institute of Engineering Science and Technology, Shibpur","Electrical Engineering (4 Years, Bachelor of Technology)",OS,OPEN,Female-only (including Supernumerary),61185,6
"Indian Institute of Engineering Science and Technology, Shibpur","Electrical Engineering (4 Years, Bachelor of Technology)",OS,EWS,Gender-Neutral,39094,4
"Indian Institute of Engineering Science and Technology, Shibpur","Electrical Engineering (4 Years, Bachelor of Technology)",OS,EWS,Female-only (including Supernumerary),66088,6
"Indian Institute of Engineering Science and Technology, Shibpur","Electrical Engineering (4 Years, Bachelor of Technology)",OS,OBC- NCL,Gender-Neutral,41485,4
"Indian Institute of Engineering Science and Technology, Shibpur","Electrical Engineering (4 Years, Bachelor of Technology)",OS,OBC- NCL,Female-only (including Supernumerary),79135,7
"Indian Institute of Engineering Science and Technology, Shibpur","Electrical Engineering (4 Years, Bachelor of Technology)",OS,SC,Gender-Neutral,148512,1
"Indian Institute of Engineering Science and Technology, Shibpur","Electrical Engineering (4 Years, Bachelor of Technology)",OS,SC,Female-only (including Supernumerary),196216,1
"Indian Institute of Engineering Science and Technology, Shibpur","Electrical Engineering (4 Years, Bachelor of Technology)",OS,ST,Female-only (including Supernumerary),265246,2
"Indian Institute of Engineering Science and Technology, Shibpur","Electronics and Telecommunication Engineering (4 Years, Bachelor of Technology)",OS,OPEN,Gender-Neutral,29749,3
"Indian Institute of Engineering Science and Technology, Shibpur","Electronics and Telecommunication Engineering (4 Years, Bachelor of Technology)",OS,OPEN,Female-only (including Supernumerary),47908,4
"Indian Institute of Engineering Science and Technology, Shibpur","Electronics and Telecommunication Engineering (4 Years, Bachelor of Technology)",OS,EWS,Female-only (including Supernumerary),50465,5
"Indian Institute of Engineering Science and Technology, Shibpur","Electronics and Telecommunication Engineering (4 Years, Bachelor of Technology)",OS,OBC- NCL,Gender-Neutral,34311,3
"Indian Institute of Engineering Science and Technology, Shibpur","Electronics and Telecommunication Engineering (4 Years, Bachelor of Technology)",OS,SC,Gender-Neutral,134049,1
"Indian Institute of Engineering Science and Technology, Shibpur","Information Technology (4 Years, Bachelor of Technology)",OS,OPEN,Gender-Neutral,26079,2
"Indian Institute of Engineering Science and Technology, Shibpur","Information Technology (4 Years, Bachelor of Technology)",OS,OPEN,Female-only (including Supernumerary),40736,4
"Indian Institute of Engineering Science and Technology, Shibpur","Information Technology (4 Years, Bachelor of Technology)",OS,EWS,Gender-Neutral,27063,2
"Indian Institute of Engineering Science and Technology, Shibpur","Information Technology (4 Years, Bachelor of Technology)",OS,OBC- NCL,Gender-Neutral,30310,3
"Indian Institute of Engineering Science and Technology, Shibpur","Information Technology (4 Years, Bachelor of Technology)",OS,OBC- NCL,Female-only (including Supernumerary),45420,4
"Indian Institute of Engineering Science and Technology, Shibpur","Information Technology (4 Years, Bachelor of Technology)",OS,ST,Female-only (including Supernumerary),288702,2
"Indian Institute of Engineering Science and Technology, Shibpur","Mechanical Engineering (4 Years, Bachelor of Technology)",HS,OPEN,Gender-Neutral,38614,3
"Indian Institute of Engineering Science and Technology, Shibpur","Mechanical Engineering (4 Years, Bachelor of Technology)",HS,OBC- NCL,Female-only (including Supernumerary),109754,1
"Indian Institute of Engineering Science and Technology, Shibpur","Mechanical Engineering (4 Years, Bachelor of Technology)",HS,ST,Gender-Neutral,413922,4
"Indian Institute of Engineering Science and Technology, Shibpur","Mechanical Engineering (4 Years, Bachelor of Technology)",OS,OPEN,Gender-Neutral,43137,4
"Indian Institute of Engineering Science and Technology, Shibpur","Mechanical Engineering (4 Years, Bachelor of Technology)",OS,OPEN,Female-only (including Supernumerary),80096,8
"Indian Institute of Engineering Science and Technology, Shibpur","Mechanical Engineering (4 Years, Bachelor of Technology)",OS,EWS,Gender-Neutral,55198,5
"Indian Institute of Engineering Science and Technology, Shibpur","Mechanical Engineering (4 Years, Bachelor of Technology)",OS,EWS,Female-only (including Supernumerary),85176,8
"Indian Institute of Engineering Science and Technology, Shibpur","Mechanical Engineering (4 Years, Bachelor of Technology)",OS,OBC- NCL,Gender-Neutral,52656,5
"Indian Institute of Engineering Science and Technology, Shibpur","Mechanical Engineering (4 Years, Bachelor of Technology)",OS,OBC- NCL,Female-only (including Supernumerary),85922,9
"Indian Institute of Engineering Science and Technology, Shibpur","Mechanical Engineering (4 Years, Bachelor of Technology)",OS,SC,Gender-Neutral,162881,1
"Indian Institute of Engineering Science and Technology, Shibpur","Mechanical Engineering (4 Years, Bachelor of Technology)",OS,SC,Female-only (including Supernumerary),220396,2
"Indian Institute of Engineering Science and Technology, Shibpur","Metallurgy and Materials Engineering (4 Years, Bachelor of Technology)",HS,OBC- NCL,Gender-Neutral,118793,1
"Indian Institute of Engineering Science and Technology, Shibpur","Metallurgy and Materials Engineering (4 Years, Bachelor of Technology)",OS,OPEN,Gender-Neutral,62997,6
"Indian Institute of Engineering Science and Technology, Shibpur","Metallurgy and Materials Engineering (4 Years, Bachelor of Technology)",OS,OPEN,Female-only (including Supernumerary),105650,1
"Indian Institute of Engineering Science and Technology, Shibpur","Metallurgy and Materials Engineering (4 Years, Bachelor of Technology)",OS,EWS,Gender-Neutral,75772,7
"Indian Institute of Engineering Science and Technology, Shibpur","Metallurgy and Materials Engineering (4 Years, Bachelor of Technology)",OS,OBC- NCL,Gender-Neutral,71366,7
"Indian Institute of Engineering Science and Technology, Shibpur","Metallurgy and Materials Engineering (4 Years, Bachelor of Technology)",OS,OBC- NCL,Female-only (including Supernumerary),113306,1
"Indian Institute of Engineering Science and Technology, Shibpur","Metallurgy and Materials Engineering (4 Years, Bachelor of Technology)",OS,SC,Gender-Neutral,208843,2
"Indian Institute of Engineering Science and Technology, Shibpur","Metallurgy and Materials Engineering (4 Years, Bachelor of Technology)",OS,SC,Female-only (including Supernumerary),243688,2
"Indian Institute of Engineering Science and Technology, Shibpur","Mining Engineering (4 Years, Bachelor of Technology)",HS,OPEN,Gender-Neutral,67329,7
"Indian Institute of Engineering Science and Technology, Shibpur","Mining Engineering (4 Years, Bachelor of Technology)",HS,OPEN,Female-only (including Supernumerary),90785,9
"Indian Institute of Engineering Science and Technology, Shibpur","Mining Engineering (4 Years, Bachelor of Technology)",HS,OBC- NCL,Gender-Neutral,127195,1
"Indian Institute of Engineering Science and Technology, Shibpur","Mining Engineering (4 Years, Bachelor of Technology)",HS,ST,Gender-Neutral,649087,6
"Indian Institute of Engineering Science and Technology, Shibpur","Mining Engineering (4 Years, Bachelor of Technology)",OS,OPEN,Gender-Neutral,72350,7
"Indian Institute of Engineering Science and Technology, Shibpur","Mining Engineering (4 Years, Bachelor of Technology)",OS,OPEN,Female-only (including Supernumerary),105682,1
"Indian Institute of Engineering Science and Technology, Shibpur","Mining Engineering (4 Years, Bachelor of Technology)",OS,EWS,Gender-Neutral,75663,7
"Indian Institute of Engineering Science and Technology, Shibpur","Mining Engineering (4 Years, Bachelor of Technology)",OS,OBC- NCL,Gender-Neutral,75381,7
"Indian Institute of Engineering Science and Technology, Shibpur","Mining Engineering (4 Years, Bachelor of Technology)",OS,OBC- NCL,Female-only (including Supernumerary),120428,1
"Indian Institute of Engineering Science and Technology, Shibpur","Mining Engineering (4 Years, Bachelor of Technology)",OS,SC,Gender-Neutral,216053,2
"Indian Institute of Engineering Science and Technology, Shibpur","Mining Engineering (4 Years, Bachelor of Technology)",OS,ST,Gender-Neutral,303778,3
Atal Bihari Vajpayee Indian Institute of Information Technology & Management Gwalior,"Computer Science and Engineering (4 Years, Bachelor of Technology)",AI,OPEN,Gender-Neutral,11050,1
Atal Bihari Vajpayee Indian Institute of Information Technology & Management Gwalior,"Computer Science and Engineering (4 Years, Bachelor of Technology)",AI,OPEN,Female-only (including Supernumerary),17703,1
Atal Bihari Vajpayee Indian Institute of Information Technology & Management Gwalior,"Computer Science and Engineering for DASA-CIWG (4 Years, Bachelor of Technology)",DC,OPEN,Gender-Neutral,341191,3
Atal Bihari Vajpayee Indian Institute of Information Technology & Management Gwalior,"Electrical and Electronics Engineering (4 Years, Bachelor of Technology)",AI,OPEN,Gender-Neutral,21430,2
Atal Bihari Vajpayee Indian Institute of Information Technology & Management Gwalior,"Electrical and Electronics Engineering (4 Years, Bachelor of Technology)",AI,OPEN,Female-only (including Supernumerary),33620,3
Atal Bihari Vajpayee Indian Institute of Information Technology & Management Gwalior,"Electrical and Electronics Engineering (4 Years, Bachelor of Technology)",AI,EWS,Gender-Neutral,22397,2
Atal Bihari Vajpayee Indian Institute of Information Technology & Management Gwalior,"Electrical and Electronics Engineering (4 Years, Bachelor of Technology)",AI,OBC- NCL,Gender-Neutral,27918,2
Atal Bihari Vajpayee Indian Institute of Information Technology & Management Gwalior,"Integrated B. Tech. (IT) and M. Tech (IT) (5 Years, Integrated B. Tech. and M. Tech.)",AI,OPEN,Gender-Neutral,14457,1
Atal Bihari Vajpayee Indian Institute of Information Technology & Management Gwalior,"Integrated B. Tech. (IT) and M. Tech (IT) (5 Years, Integrated B. Tech. and M. Tech.)",AI,OPEN,Female-only (including Supernumerary),22684,2
Atal Bihari Vajpayee Indian Institute of Information Technology & Management Gwalior,"Integrated B. Tech. (IT) and MBA (5 Years, Integrated B. Tech. and MBA)",AI,OPEN,Gender-Neutral,16759,1
Atal Bihari Vajpayee Indian Institute of Information Technology & Management Gwalior,"Integrated B. Tech. (IT) and MBA (5 Years, Integrated B. Tech. and MBA)",AI,OPEN,Female-only (including Supernumerary),25152,2
Atal Bihari Vajpayee Indian Institute of Information Technology & Management Gwalior,"Integrated B. Tech. (IT) and MBA (5 Years, Integrated B. Tech. and MBA)",AI,OBC- NCL,Gender-Neutral,21002,2
Atal Bihari Vajpayee Indian Institute of Information Technology & Management Gwalior,"Mathematics and Scientific Computing (4 Years, Bachelor of Technology)",AI,OPEN,Gender-Neutral,13877,1
Atal Bihari Vajpayee Indian Institute of Information Technology & Management Gwalior,"Mathematics and Scientific Computing (4 Years, Bachelor of Technology)",AI,OBC- NCL,Gender-Neutral,21151,2
Atal Bihari Vajpayee Indian Institute of Information Technology & Management Gwalior,"Mathematics and Scientific Computing (4 Years, Bachelor of Technology)",AI,OBC- NCL,Female-only (including Supernumerary),37166,3
Atal Bihari Vajpayee Indian Institute of Information Technology & Management Gwalior,"Mathematics and Scientific Computing (4 Years, Bachelor of Technology)",AI,SC,Gender-Neutral,101397,1
"Indian Institute of Information Technology (IIIT)Kota, Rajasthan","Artificial Intelligence and Data Engineering (4 Years, Bachelor of Technology)",AI,OPEN,Gender-Neutral,36737,3
"Indian Institute of Information Technology (IIIT)Kota, Rajasthan","Artificial Intelligence and Data Engineering (4 Years, Bachelor of Technology)",AI,OPEN,Female-only (including Supernumerary),49644,5
"Indian Institute of Information Technology (IIIT)Kota, Rajasthan","Artificial Intelligence and Data Engineering (4 Years, Bachelor of Technology)",AI,OPEN (PwD),Gender-Neutral,914975,9
"Indian Institute of Information Technology (IIIT)Kota, Rajasthan","Artificial Intelligence and Data Engineering (4 Years, Bachelor of Technology)",AI,EWS,Gender-Neutral,42281,4
"Indian Institute of Information Technology (IIIT)Kota, Rajasthan","Artificial Intelligence and Data Engineering (4 Years, Bachelor of Technology)",AI,EWS,Female-only (including Supernumerary),61317,6
"Indian Institute of Information Technology (IIIT)Kota, Rajasthan","Artificial Intelligence and Data Engineering (4 Years, Bachelor of Technology)",AI,OBC- NCL,Gender-Neutral,44020,4
"Indian Institute of Information Technology (IIIT)Kota, Rajasthan","Artificial Intelligence and Data Engineering (4 Years, Bachelor of Technology)",AI,SC,Gender-Neutral,180912,1
"Indian Institute of Information Technology (IIIT)Kota, Rajasthan","Computer Science and Engineering (4 Years, Bachelor of Technology)",AI,OPEN,Gender-Neutral,33086,3
"Indian Institute of Information Technology (IIIT)Kota, Rajasthan","Computer Science and Engineering (4 Years, Bachelor of Technology)",AI,OPEN,Female-only (including Supernumerary),43235,4
"Indian Institute of Information Technology (IIIT)Kota, Rajasthan","Computer Science and Engineering (4 Years, Bachelor of Technology)",AI,OPEN (PwD),Gender-Neutral,900530,9
"Indian Institute of Information Technology (IIIT)Kota, Rajasthan","Computer Science and Engineering (4 Years, Bachelor of Technology)",AI,EWS,Gender-Neutral,41054,4
"Indian Institute of Information Technology (IIIT)Kota, Rajasthan","Computer Science and Engineering (4 Years, Bachelor of Technology)",AI,EWS,Female-only (including Supernumerary),56871,5
"Indian Institute of Information Technology (IIIT)Kota, Rajasthan","Computer Science and Engineering (4 Years, Bachelor of Technology)",AI,OBC- NCL,Gender-Neutral,42205,4
"Indian Institute of Information Technology (IIIT)Kota, Rajasthan","Computer Science and Engineering (4 Years, Bachelor of Technology)",AI,OBC- NCL,Female-only (including Supernumerary),64363,6
"Indian Institute of Information Technology (IIIT)Kota, Rajasthan","Computer Science and Engineering (4 Years, Bachelor of Technology)",AI,SC,Gender-Neutral,167990,1
"Indian Institute of Information Technology (IIIT)Kota, Rajasthan","Electronics and Communication Engineering (4 Years, Bachelor of Technology)",AI,OPEN,Gender-Neutral,44105,4
"Indian Institute of Information Technology (IIIT)Kota, Rajasthan","Electronics and Communication Engineering (4 Years, Bachelor of Technology)",AI,OPEN,Female-only (including Supernumerary),57560,5
"Indian Institute of Information Technology (IIIT)Kota, Rajasthan","Electronics and Communication Engineering (4 Years, Bachelor of Technology)",AI,EWS,Gender-Neutral,53426,5
"Indian Institute of Information Technology (IIIT)Kota, Rajasthan","Electronics and Communication Engineering (4 Years, Bachelor of Technology)",AI,EWS,Female-only (including Supernumerary),66123,6
"Indian Institute of Information Technology (IIIT)Kota, Rajasthan","Electronics and Communication Engineering (4 Years, Bachelor of Technology)",AI,OBC- NCL,Gender-Neutral,57761,6
"Indian Institute of Information Technology (IIIT)Kota, Rajasthan","Electronics and Communication Engineering (4 Years, Bachelor of Technology)",AI,OBC- NCL,Female-only (including Supernumerary),78840,8
"Indian Institute of Information Technology (IIIT)Kota, Rajasthan","Electronics and Communication Engineering (4 Years, Bachelor of Technology)",AI,SC,Gender-Neutral,202233,2
Indian Institute of Information Technology Guwahati,"Computer Science and Engineering (4 Years, Bachelor of Technology)",AI,OPEN,Gender-Neutral,27547,2
Indian Institute of Information Technology Guwahati,"Computer Science and Engineering (4 Years, Bachelor of Technology)",AI,OPEN,Female-only (including Supernumerary),40341,4
Indian Institute of Information Technology Guwahati,"Computer Science and Engineering (4 Years, Bachelor of Technology)",AI,OPEN (PwD),Gender-Neutral,776254,7
Indian Institute of Information Technology Guwahati,"Computer Science and Engineering (4 Years, Bachelor of Technology)",AI,EWS,Female-only (including Supernumerary),61004,6
Indian Institute of Information Technology Guwahati,"Computer Science and Engineering (4 Years, Bachelor of Technology)",AI,OBC- NCL,Gender-Neutral,37768,3
Indian Institute of Information Technology Guwahati,"Computer Science and Engineering (4 Years, Bachelor of Technology)",AI,OBC- NCL (PwD),Gender-Neutral,1147394,1
Indian Institute of Information Technology Guwahati,"Computer Science and Engineering (4 Years, Bachelor of Technology)",AI,SC,Gender-Neutral,158037,1
Indian Institute of Information Technology Guwahati,"Computer Science and Engineering (4 Years, Bachelor of Technology)",AI,SC,Female-only (including Supernumerary),188738,1
Indian Institute of Information Technology Guwahati,"Electronics and Communication Engineering (4 Years, Bachelor of Technology)",AI,OPEN,Gender-Neutral,41775,4
Indian Institute of Information Technology Guwahati,"Electronics and Communication Engineering (4 Years, Bachelor of Technology)",AI,OPEN,Female-only (including Supernumerary),54422,6
Indian Institute of Information Technology Guwahati,"Electronics and Communication Engineering (4 Years, Bachelor of Technology)",AI,EWS,Gender-Neutral,49028,5
Indian Institute of Information Technology Guwahati,"Electronics and Communication Engineering (4 Years, Bachelor of Technology)",AI,EWS,Female-only (including Supernumerary),74066,7
Indian Institute of Information Technology Guwahati,"Electronics and Communication Engineering (4 Years, Bachelor of Technology)",AI,OBC- NCL,Gender-Neutral,51697,5
Indian Institute of Information Technology Guwahati,"Electronics and Communication Engineering (4 Years, Bachelor of Technology)",AI,OBC- NCL,Female-only (including Supernumerary),81016,8
Indian Institute of Information Technology Guwahati,"Electronics and Communication Engineering (4 Years, Bachelor of Technology)",AI,SC,Gender-Neutral,197329,1
Indian Institute of Information Technology Guwahati,"Electronics and Communication Engineering (4 Years, Bachelor of Technology)",AI,SC,Female-only (including Supernumerary),234359,2
Indian Institute of Information Technology Guwahati,"Electronics and Communication Engineering (4 Years, Bachelor of Technology)",AI,ST,Gender-Neutral,304134,3
"Indian Institute of Information Technology(IIIT) Kalyani, West Bengal","Computer Science and Engineering ( Artificial Intelligence & Data Science) (4 Years, Bachelor of Technology)",AI,EWS,Gender-Neutral,65583,6
"Indian Institute of Information Technology(IIIT) Kalyani, West Bengal","Computer Science and Engineering ( Artificial Intelligence & Data Science) (4 Years, Bachelor of Technology)",AI,SC,Gender-Neutral,164062,1
"Indian Institute of Information Technology(IIIT) Kalyani, West Bengal","Computer Science and Engineering (4 Years, Bachelor of Technology)",AI,OPEN,Gender-Neutral,57088,5
"Indian Institute of Information Technology(IIIT) Kalyani, West Bengal","Computer Science and Engineering (4 Years, Bachelor of Technology)",AI,EWS,Gender-Neutral,66725,7
"Indian Institute of Information Technology(IIIT) Kalyani, West Bengal","Computer Science and Engineering (4 Years, Bachelor of Technology)",AI,EWS,Female-only (including Supernumerary),78884,7
"Indian Institute of Information Technology(IIIT) Kalyani, West Bengal","Computer Science and Engineering (4 Years, Bachelor of Technology)",AI,OBC- NCL,Gender-Neutral,70482,7
"Indian Institute of Information Technology(IIIT) Kalyani, West Bengal","Computer Science and Engineering (4 Years, Bachelor of Technology)",AI,SC,Gender-Neutral,207219,2
"Indian Institute of Information Technology(IIIT) Kalyani, West Bengal","Computer Science and Engineering (4 Years, Bachelor of Technology)",AI,ST,Gender-Neutral,401579,4
"Indian Institute of Information Technology(IIIT) Kalyani, West Bengal","Computer Science and Engineering (Cyber Security) (4 Years, Bachelor of Technology)",AI,OPEN,Gender-Neutral,58514,5
"Indian Institute of Information Technology(IIIT) Kalyani, West Bengal","Computer Science and Engineering (Cyber Security) (4 Years, Bachelor of Technology)",AI,EWS,Gender-Neutral,69777,7
"Indian Institute of Information Technology(IIIT) Kalyani, West Bengal","Computer Science and Engineering (Cyber Security) (4 Years, Bachelor of Technology)",AI,OBC- NCL,Gender-Neutral,75145,7
"Indian Institute of Information Technology(IIIT) Kalyani, West Bengal","Computer Science and Engineering (Cyber Security) (4 Years, Bachelor of Technology)",AI,OBC- NCL,Female-only (including Supernumerary),90526,9
"Indian Institute of Information Technology(IIIT) Kalyani, West Bengal","Computer Science and Engineering (Cyber Security) (4 Years, Bachelor of Technology)",AI,SC,Gender-Neutral,214916,2
"Indian Institute of Information Technology(IIIT) Kalyani, West Bengal","Computer Science and Engineering (Cyber Security) (4 Years, Bachelor of Technology)",AI,ST,Gender-Neutral,417425,4
"Indian Institute of Information Technology(IIIT) Kalyani, West Bengal","Electronics and Communication Engineering (4 Years, Bachelor of Technology)",AI,OPEN,Gender-Neutral,63084,6
"Indian Institute of Information Technology(IIIT) Kalyani, West Bengal","Electronics and Communication Engineering (4 Years, Bachelor of Technology)",AI,OPEN,Female-only (including Supernumerary),70394,7
"Indian Institute of Information Technology(IIIT) Kalyani, West Bengal","Electronics and Communication Engineering (4 Years, Bachelor of Technology)",AI,EWS,Gender-Neutral,72504,8
"Indian Institute of Information Technology(IIIT) Kalyani, West Bengal","Electronics and Communication Engineering (4 Years, Bachelor of Technology)",AI,EWS,Female-only (including Supernumerary),96947,9
"Indian Institute of Information Technology(IIIT) Kalyani, West Bengal","Electronics and Communication Engineering (4 Years, Bachelor of Technology)",AI,OBC- NCL,Gender-Neutral,75771,8
"Indian Institute of Information Technology(IIIT) Kalyani, West Bengal","Electronics and Communication Engineering (4 Years, Bachelor of Technology)",AI,OBC- NCL,Female-only (including Supernumerary),90195,9
"Indian Institute of Information Technology(IIIT) Kalyani, West Bengal","Electronics and Communication Engineering (4 Years, Bachelor of Technology)",AI,SC,Gender-Neutral,230040,2
"Indian Institute of Information Technology(IIIT) Kalyani, West Bengal","Electronics and Communication Engineering (4 Years, Bachelor of Technology)",AI,SC,Female-only (including Supernumerary),239170,2
"Indian Institute of Information Technology(IIIT) Kalyani, West Bengal","Electronics and Communication Engineering (4 Years, Bachelor of Technology)",AI,ST,Gender-Neutral,406098,4
"Indian Institute of Information Technology(IIIT) Kilohrad, Sonepat, Haryana","Computer Science and Engineering (4 Years, Bachelor of Technology)",AI,OPEN,Gender-Neutral,39530,3
"Indian Institute of Information Technology(IIIT) Kilohrad, Sonepat, Haryana","Computer Science and Engineering (4 Years, Bachelor of Technology)",AI,OPEN (PwD),Gender-Neutral,1209144,1
"Indian Institute of Information Technology(IIIT) Kilohrad, Sonepat, Haryana","Computer Science and Engineering (4 Years, Bachelor of Technology)",AI,EWS,Gender-Neutral,49471,5
"Indian Institute of Information Technology(IIIT) Kilohrad, Sonepat, Haryana","Computer Science and Engineering (4 Years, Bachelor of Technology)",AI,OBC- NCL,Gender-Neutral,55550,5
"Indian Institute of Information Technology(IIIT) Kilohrad, Sonepat, Haryana","Computer Science and Engineering (4 Years, Bachelor of Technology)",AI,SC,Gender-Neutral,192485,1
"Indian Institute of Information Technology(IIIT) Kilohrad, Sonepat, Haryana","Computer Science and Engineering (4 Years, Bachelor of Technology)",AI,ST,Gender-Neutral,402577,4
"Indian Institute of Information Technology(IIIT) Kilohrad, Sonepat, Haryana","CSE ( Data Science & Analytics) (4 Years, Bachelor of Technology)",AI,OPEN,Gender-Neutral,46747,4
"Indian Institute of Information Technology(IIIT) Kilohrad, Sonepat, Haryana","CSE ( Data Science & Analytics) (4 Years, Bachelor of Technology)",AI,EWS,Gender-Neutral,52971,5
"Indian Institute of Information Technology(IIIT) Kilohrad, Sonepat, Haryana","CSE ( Data Science & Analytics) (4 Years, Bachelor of Technology)",AI,OBC- NCL,Gender-Neutral,59138,6
"Indian Institute of Information Technology(IIIT) Kilohrad, Sonepat, Haryana","CSE ( Data Science & Analytics) (4 Years, Bachelor of Technology)",AI,SC,Gender-Neutral,201831,2
"Indian Institute of Information Technology(IIIT) Kilohrad, Sonepat, Haryana","CSE ( Data Science & Analytics) (4 Years, Bachelor of Technology)",AI,ST,Gender-Neutral,389761,3
"Indian Institute of Information Technology(IIIT) Kilohrad, Sonepat, Haryana","Information Technology (4 Years, Bachelor of Technology)",AI,OPEN,Gender-Neutral,48511,5
"Indian Institute of Information Technology(IIIT) Kilohrad, Sonepat, Haryana","Information Technology (4 Years, Bachelor of Technology)",AI,EWS,Gender-Neutral,54257,5
"Indian Institute of Information Technology(IIIT) Kilohrad, Sonepat, Haryana","Information Technology (4 Years, Bachelor of Technology)",AI,OBC- NCL,Gender-Neutral,61565,6
"Indian Institute of Information Technology(IIIT) Kilohrad, Sonepat, Haryana","Information Technology (4 Years, Bachelor of Technology)",AI,SC,Gender-Neutral,209791,2
"Indian Institute of Information Technology(IIIT) Kilohrad, Sonepat, Haryana","Information Technology (4 Years, Bachelor of Technology)",AI,ST,Gender-Neutral,407502,4
"Indian Institute of Information Technology(IIIT) Una, Himachal Pradesh","Computer Science and Engineering (4 Years, Bachelor of Technology)",AI,OPEN,Gender-Neutral,40909,4
"Indian Institute of Information Technology(IIIT) Una, Himachal Pradesh","Computer Science and Engineering (4 Years, Bachelor of Technology)",AI,EWS,Gender-Neutral,51564,5
"Indian Institute of Information Technology(IIIT) Una, Himachal Pradesh","Computer Science and Engineering (4 Years, Bachelor of Technology)",AI,OBC- NCL,Gender-Neutral,54566,5
"Indian Institute of Information Technology(IIIT) Una, Himachal Pradesh","Computer Science and Engineering (4 Years, Bachelor of Technology)",AI,OBC- NCL,Female-only (including Supernumerary),69316,6
"Indian Institute of Information Technology(IIIT) Una, Himachal Pradesh","Computer Science and Engineering (4 Years, Bachelor of Technology)",AI,SC,Gender-Neutral,198435,1
"Indian Institute of Information Technology(IIIT) Una, Himachal Pradesh","Computer Science and Engineering (4 Years, Bachelor of Technology)",AI,ST,Gender-Neutral,368381,3
"Indian Institute of Information Technology(IIIT) Una, Himachal Pradesh","Computer Science and Engineering (Cyber Security) (4 Years, Bachelor of Technology)",AI,OPEN,Gender-Neutral,44428,4
"Indian Institute of Information Technology(IIIT) Una, Himachal Pradesh","Computer Science and Engineering (Cyber Security) (4 Years, Bachelor of Technology)",AI,OPEN (PwD),Gender-Neutral,1296716,1
"Indian Institute of Information Technology(IIIT) Una, Himachal Pradesh","Computer Science and Engineering (Cyber Security) (4 Years, Bachelor of Technology)",AI,EWS,Gender-Neutral,52570,5
"Indian Institute of Information Technology(IIIT) Una, Himachal Pradesh","Computer Science and Engineering (Cyber Security) (4 Years, Bachelor of Technology)",AI,OBC- NCL,Gender-Neutral,57939,5
"Indian Institute of Information Technology(IIIT) Una, Himachal Pradesh","Computer Science and Engineering (Cyber Security) (4 Years, Bachelor of Technology)",AI,SC,Gender-Neutral,192210,1
"Indian Institute of Information Technology(IIIT) Una, Himachal Pradesh","Computer Science and Engineering (Cyber Security) (4 Years, Bachelor of Technology)",AI,ST,Gender-Neutral,415932,4
"Indian Institute of Information Technology(IIIT) Una, Himachal Pradesh","Computer Science and Engineering (Data Science) (4 Years, Bachelor of Technology)",AI,OPEN,Gender-Neutral,42357,4
"Indian Institute of Information Technology(IIIT) Una, Himachal Pradesh","Computer Science and Engineering (Data Science) (4 Years, Bachelor of Technology)",AI,EWS,Gender-Neutral,52242,5
"Indian Institute of Information Technology(IIIT) Una, Himachal Pradesh","Computer Science and Engineering (Data Science) (4 Years, Bachelor of Technology)",AI,OBC- NCL,Gender-Neutral,56284,5
"Indian Institute of Information Technology(IIIT) Una, Himachal Pradesh","Computer Science and Engineering (Data Science) (4 Years, Bachelor of Technology)",AI,ST,Gender-Neutral,390461,3
"Indian Institute of Information Technology(IIIT) Una, Himachal Pradesh","Electronics and Communication Engineering (4 Years, Bachelor of Technology)",AI,OPEN,Gender-Neutral,52335,5
"Indian Institute of Information Technology(IIIT) Una, Himachal Pradesh","Electronics and Communication Engineering (4 Years, Bachelor of Technology)",AI,OPEN,Female-only (including Supernumerary),51663,5
"Indian Institute of Information Technology(IIIT) Una, Himachal Pradesh","Electronics and Communication Engineering (4 Years, Bachelor of Technology)",AI,EWS,Gender-Neutral,58868,6
"Indian Institute of Information Technology(IIIT) Una, Himachal Pradesh","Electronics and Communication Engineering (4 Years, Bachelor of Technology)",AI,OBC- NCL,Gender-Neutral,67001,7
"Indian Institute of Information Technology(IIIT) Una, Himachal Pradesh","Electronics and Communication Engineering (4 Years, Bachelor of Technology)",AI,OBC- NCL,Female-only (including Supernumerary),82122,8
"Indian Institute of Information Technology(IIIT) Una, Himachal Pradesh","Electronics and Communication Engineering (4 Years, Bachelor of Technology)",AI,SC,Gender-Neutral,220895,2
"Indian Institute of Information Technology(IIIT) Una, Himachal Pradesh","Electronics and Communication Engineering (4 Years, Bachelor of Technology)",AI,ST,Gender-Neutral,442523,4
"Indian Institute of Information Technology (IIIT), Sri City, Chittoor","Artificial Intelligence and Data Science (4 Years, Bachelor of Technology)",AI,OPEN,Gender-Neutral,29770,3
"Indian Institute of Information Technology (IIIT), Sri City, Chittoor","Artificial Intelligence and Data Science (4 Years, Bachelor of Technology)",AI,OPEN,Female-only (including Supernumerary),39457,4
"Indian Institute of Information Technology (IIIT), Sri City, Chittoor","Artificial Intelligence and Data Science (4 Years, Bachelor of Technology)",AI,EWS,Gender-Neutral,34853,3
"Indian Institute of Information Technology (IIIT), Sri City, Chittoor","Artificial Intelligence and Data Science (4 Years, Bachelor of Technology)",AI,EWS,Female-only (including Supernumerary),44331,4
"Indian Institute of Information Technology (IIIT), Sri City, Chittoor","Artificial Intelligence and Data Science (4 Years, Bachelor of Technology)",AI,OBC- NCL,Gender-Neutral,40085,4
"Indian Institute of Information Technology (IIIT), Sri City, Chittoor","Artificial Intelligence and Data Science (4 Years, Bachelor of Technology)",AI,SC,Gender-Neutral,170462,1
"Indian Institute of Information Technology (IIIT), Sri City, Chittoor","Computer Science and Engineering (4 Years, Bachelor of Technology)",AI,OPEN,Gender-Neutral,28065,2
"Indian Institute of Information Technology (IIIT), Sri City, Chittoor","Computer Science and Engineering (4 Years, Bachelor of Technology)",AI,OPEN,Female-only (including Supernumerary),36781,3
"Indian Institute of Information Technology (IIIT), Sri City, Chittoor","Computer Science and Engineering (4 Years, Bachelor of Technology)",AI,OPEN (PwD),Gender-Neutral,795463,7
"Indian Institute of Information Technology (IIIT), Sri City, Chittoor","Computer Science and Engineering (4 Years, Bachelor of Technology)",AI,OPEN (PwD),Female-only (including Supernumerary),937992,9
"Indian Institute of Information Technology (IIIT), Sri City, Chittoor","Computer Science and Engineering (4 Years, Bachelor of Technology)",AI,EWS,Gender-Neutral,32809,3
"Indian Institute of Information Technology (IIIT), Sri City, Chittoor","Computer Science and Engineering (4 Years, Bachelor of Technology)",AI,EWS,Female-only (including Supernumerary),42410,4
"Indian Institute of Information Technology (IIIT), Sri City, Chittoor","Computer Science and Engineering (4 Years, Bachelor of Technology)",AI,EWS (PwD),Gender-Neutral,947945,9
"Indian Institute of Information Technology (IIIT), Sri City, Chittoor","Computer Science and Engineering (4 Years, Bachelor of Technology)",AI,OBC- NCL,Gender-Neutral,39416,3
"Indian Institute of Information Technology (IIIT), Sri City, Chittoor","Computer Science and Engineering (4 Years, Bachelor of Technology)",AI,OBC- NCL,Female-only (including Supernumerary),51952,5
"Indian Institute of Information Technology (IIIT), Sri City, Chittoor","Computer Science and Engineering (4 Years, Bachelor of Technology)",AI,SC,Gender-Neutral,170275,1
"Indian Institute of Information Technology (IIIT), Sri City, Chittoor","Computer Science and Engineering (4 Years, Bachelor of Technology)",AI,ST,Gender-Neutral,272235,2
"Indian Institute of Information Technology (IIIT), Sri City, Chittoor","Electronics and Communication Engineering (4 Years, Bachelor of Technology)",AI,OPEN,Gender-Neutral,36558,3
"Indian Institute of Information Technology (IIIT), Sri City, Chittoor","Electronics and Communication Engineering (4 Years, Bachelor of Technology)",AI,OPEN,Female-only (including Supernumerary),48719,4
"Indian Institute of Information Technology (IIIT), Sri City, Chittoor","Electronics and Communication Engineering (4 Years, Bachelor of Technology)",AI,OPEN (PwD),Gender-Neutral,1193162,1
"Indian Institute of Information Technology (IIIT), Sri City, Chittoor","Electronics and Communication Engineering (4 Years, Bachelor of Technology)",AI,OBC- NCL,Gender-Neutral,47284,4
"Indian Institute of Information Technology (IIIT), Sri City, Chittoor","Electronics and Communication Engineering (4 Years, Bachelor of Technology)",AI,OBC- NCL (PwD),Gender-Neutral,1297663,1
"Indian Institute of Information Technology (IIIT), Sri City, Chittoor","Electronics and Communication Engineering (4 Years, Bachelor of Technology)",AI,SC,Gender-Neutral,190118,1
"Indian Institute of Information Technology(IIIT), Vadodara, Gujrat","Artificial Intelligence (4 Years, Bachelor of Technology)",AI,OPEN,Gender-Neutral,38445,3
"Indian Institute of Information Technology(IIIT), Vadodara, Gujrat","Artificial Intelligence (4 Years, Bachelor of Technology)",AI,OPEN,Female-only (including Supernumerary),54402,5
"Indian Institute of Information Technology(IIIT), Vadodara, Gujrat","Artificial Intelligence (4 Years, Bachelor of Technology)",AI,EWS,Gender-Neutral,44247,4
"Indian Institute of Information Technology(IIIT), Vadodara, Gujrat","Artificial Intelligence (4 Years, Bachelor of Technology)",AI,OBC- NCL,Gender-Neutral,50931,5
"Indian Institute of Information Technology(IIIT), Vadodara, Gujrat","Artificial Intelligence (4 Years, Bachelor of Technology)",AI,OBC- NCL,Female-only (including Supernumerary),75699,7
"Indian Institute of Information Technology(IIIT), Vadodara, Gujrat","Artificial Intelligence (4 Years, Bachelor of Technology)",AI,SC,Gender-Neutral,203822,2
"Indian Institute of Information Technology(IIIT), Vadodara, Gujrat","Artificial Intelligence (4 Years, Bachelor of Technology)",AI,ST,Gender-Neutral,363285,3
"Indian Institute of Information Technology(IIIT), Vadodara, Gujrat","Computer Science and Engineering (4 Years, Bachelor of Technology)",AI,OPEN,Gender-Neutral,33382,3
"Indian Institute of Information Technology(IIIT), Vadodara, Gujrat","Computer Science and Engineering (4 Years, Bachelor of Technology)",AI,OPEN,Female-only (including Supernumerary),44892,4
"Indian Institute of Information Technology(IIIT), Vadodara, Gujrat","Computer Science and Engineering (4 Years, Bachelor of Technology)",AI,EWS,Gender-Neutral,42314,4
"Indian Institute of Information Technology(IIIT), Vadodara, Gujrat","Computer Science and Engineering (4 Years, Bachelor of Technology)",AI,EWS,Female-only (including Supernumerary),62621,6
"Indian Institute of Information Technology(IIIT), Vadodara, Gujrat","Computer Science and Engineering (4 Years, Bachelor of Technology)",AI,OBC- NCL,Gender-Neutral,49436,4
"Indian Institute of Information Technology(IIIT), Vadodara, Gujrat","Computer Science and Engineering (4 Years, Bachelor of Technology)",AI,OBC- NCL,Female-only (including Supernumerary),69830,7
"Indian Institute of Information Technology(IIIT), Vadodara, Gujrat","Computer Science and Engineering (4 Years, Bachelor of Technology)",AI,SC,Gender-Neutral,196657,1
"Indian Institute of Information Technology(IIIT), Vadodara, Gujrat","Computer Science and Engineering (4 Years, Bachelor of Technology)",AI,ST,Gender-Neutral,329374,3
"Indian Institute of Information Technology(IIIT), Vadodara, Gujrat","Computer Science and Engineering (4 Years, Bachelor of Technology)",AI,ST,Female-only (including Supernumerary),379973,3
"Indian Institute of Information Technology(IIIT), Vadodara, Gujrat","Electronics and Communication Engineering (4 Years, Bachelor of Technology)",AI,OPEN,Gender-Neutral,50358,5
"Indian Institute of Information Technology(IIIT), Vadodara, Gujrat","Electronics and Communication Engineering (4 Years, Bachelor of Technology)",AI,OPEN,Female-only (including Supernumerary),64104,6
"Indian Institute of Information Technology(IIIT), Vadodara, Gujrat","Electronics and Communication Engineering (4 Years, Bachelor of Technology)",AI,EWS,Gender-Neutral,59660,6
"Indian Institute of Information Technology(IIIT), Vadodara, Gujrat","Electronics and Communication Engineering (4 Years, Bachelor of Technology)",AI,EWS,Female-only (including Supernumerary),76958,8
"Indian Institute of Information Technology(IIIT), Vadodara, Gujrat","Electronics and Communication Engineering (4 Years, Bachelor of Technology)",AI,OBC- NCL,Gender-Neutral,64450,6
"Indian Institute of Information Technology(IIIT), Vadodara, Gujrat","Electronics and Communication Engineering (4 Years, Bachelor of Technology)",AI,OBC- NCL,Female-only (including Supernumerary),84827,8
"Indian Institute of Information Technology(IIIT), Vadodara, Gujrat","Electronics and Communication Engineering (4 Years, Bachelor of Technology)",AI,SC,Gender-Neutral,223135,2
"Indian Institute of Information Technology(IIIT), Vadodara, Gujrat","Electronics and Communication Engineering (4 Years, Bachelor of Technology)",AI,SC,Female-only (including Supernumerary),247655,2
"Indian Institute of Information Technology(IIIT), Vadodara, Gujrat","Electronics and Communication Engineering (4 Years, Bachelor of Technology)",AI,ST,Gender-Neutral,395710,4
"Indian Institute of Information Technology(IIIT), Vadodara, Gujrat","Electronics and Communication Engineering (4 Years, Bachelor of Technology)",AI,ST,Female-only (including Supernumerary),435824,4
"Indian Institute of Information Technology(IIIT), Vadodara, Gujrat","Information Technology (4 Years, Bachelor of Technology)",AI,OPEN,Gender-Neutral,39798,4
"Indian Institute of Information Technology(IIIT), Vadodara, Gujrat","Information Technology (4 Years, Bachelor of Technology)",AI,OPEN,Female-only (including Supernumerary),55871,5
"Indian Institute of Information Technology(IIIT), Vadodara, Gujrat","Information Technology (4 Years, Bachelor of Technology)",AI,EWS,Gender-Neutral,44546,4
"Indian Institute of Information Technology(IIIT), Vadodara, Gujrat","Information Technology (4 Years, Bachelor of Technology)",AI,EWS,Female-only (including Supernumerary),67463,6
"Indian Institute of Information Technology(IIIT), Vadodara, Gujrat","Information Technology (4 Years, Bachelor of Technology)",AI,OBC- NCL,Gender-Neutral,51344,5
"Indian Institute of Information Technology(IIIT), Vadodara, Gujrat","Information Technology (4 Years, Bachelor of Technology)",AI,OBC- NCL,Female-only (including Supernumerary),74205,7
"Indian Institute of Information Technology(IIIT), Vadodara, Gujrat","Information Technology (4 Years, Bachelor of Technology)",AI,SC,Gender-Neutral,209285,2
"Indian Institute of Information Technology(IIIT), Vadodara, Gujrat","Information Technology (4 Years, Bachelor of Technology)",AI,ST,Female-only (including Supernumerary),409046,4
"Indian Institute of Information Technology, Allahabad","Electronics and Communication Engineering (4 Years, Bachelor of Technology)",AI,OPEN,Gender-Neutral,9251,9
"Indian Institute of Information Technology, Allahabad","Electronics and Communication Engineering (4 Years, Bachelor of Technology)",AI,OPEN,Female-only (including Supernumerary),15486,1
"Indian Institute of Information Technology, Allahabad","Electronics and Communication Engineering (4 Years, Bachelor of Technology)",AI,EWS,Gender-Neutral,10995,1
"Indian Institute of Information Technology, Allahabad","Electronics and Communication Engineering (4 Years, Bachelor of Technology)",AI,OBC- NCL,Female-only (including Supernumerary),31095,3
"Indian Institute of Information Technology, Allahabad","Information Technology (4 Years, Bachelor of Technology)",AI,OPEN,Gender-Neutral,6804,6
"Indian Institute of Information Technology, Allahabad","Information Technology (4 Years, Bachelor of Technology)",AI,OPEN,Female-only (including Supernumerary),12190,1
"Indian Institute of Information Technology, Allahabad","Information Technology (4 Years, Bachelor of Technology)",AI,EWS,Gender-Neutral,8685,8
"Indian Institute of Information Technology, Allahabad","Information Technology (4 Years, Bachelor of Technology)",AI,OBC- NCL,Gender-Neutral,8539,8
"Indian Institute of Information Technology, Allahabad","Information Technology for DASA-CIWG (4 Years, Bachelor of Technology)",DC,OPEN,Gender-Neutral,205732,2
"Indian Institute of Information Technology, Allahabad","Information Technology- Business Informatics (4 Years, Bachelor of Technology)",AI,OPEN,Female-only (including Supernumerary),12382,1
"Indian Institute of Information Technology, Design & Manufacturing, Kancheepuram","B.Tech in Mechanical Engineering and M.Tech in AI and Robotics (5 Years, B.Tech. + M.Tech./MS (Dual Degree))",AI,OPEN,Gender-Neutral,42256,4
"Indian Institute of Information Technology, Design & Manufacturing, Kancheepuram","B.Tech in Mechanical Engineering and M.Tech in AI and Robotics (5 Years, B.Tech. + M.Tech./MS (Dual Degree))",AI,OPEN,Female-only (including Supernumerary),82763,8
"Indian Institute of Information Technology, Design & Manufacturing, Kancheepuram","B.Tech in Mechanical Engineering and M.Tech in AI and Robotics (5 Years, B.Tech. + M.Tech./MS (Dual Degree))",AI,OPEN (PwD),Gender-Neutral,783380,7
"Indian Institute of Information Technology, Design & Manufacturing, Kancheepuram","B.Tech in Mechanical Engineering and M.Tech in AI and Robotics (5 Years, B.Tech. + M.Tech./MS (Dual Degree))",AI,EWS,Gender-Neutral,71786,7
"Indian Institute of Information Technology, Design & Manufacturing, Kancheepuram","B.Tech in Mechanical Engineering and M.Tech in AI and Robotics (5 Years, B.Tech. + M.Tech./MS (Dual Degree))",AI,EWS,Female-only (including Supernumerary),102779,1
"Indian Institute of Information Technology, Design & Manufacturing, Kancheepuram","B.Tech in Mechanical Engineering and M.Tech in AI and Robotics (5 Years, B.Tech. + M.Tech./MS (Dual Degree))",AI,OBC- NCL,Gender-Neutral,57840,5
"Indian Institute of Information Technology, Design & Manufacturing, Kancheepuram","B.Tech in Mechanical Engineering and M.Tech in AI and Robotics (5 Years, B.Tech. + M.Tech./MS (Dual Degree))",AI,OBC- NCL,Female-only (including Supernumerary),96244,9
"Indian Institute of Information Technology, Design & Manufacturing, Kancheepuram","B.Tech. in Electronics and Communication Engineering and M.Tech. in Communication Systems (5 Years, Bachelor and Master of Technology (Dual Degree))",AI,OPEN,Female-only (including Supernumerary),51146,5
"Indian Institute of Information Technology, Design & Manufacturing, Kancheepuram","B.Tech. in Electronics and Communication Engineering and M.Tech. in Communication Systems (5 Years, Bachelor and Master of Technology (Dual Degree))",AI,OBC- NCL,Gender-Neutral,38717,3
"Indian Institute of Information Technology, Design & Manufacturing, Kancheepuram","B.Tech. in Electronics and Communication Engineering and M.Tech. in Microelectronics and VLSI Systems (5 Years, Bachelor and Master of Technology (Dual Degree))",AI,OBC- NCL,Female-only (including Supernumerary),68093,6
"Indian Institute of Information Technology, Design & Manufacturing, Kancheepuram","B.Tech. in Electronics and Communication Engineering and M.Tech. in Microelectronics and VLSI Systems (5 Years, Bachelor and Master of Technology (Dual Degree))",AI,SC,Gender-Neutral,127449,1
"Indian Institute of Information Technology, Design & Manufacturing, Kancheepuram","Computer Science and Engineering (4 Years, Bachelor of Technology)",AI,OPEN,Gender-Neutral,21245,2
"Indian Institute of Information Technology, Design & Manufacturing, Kancheepuram","Computer Science and Engineering (4 Years, Bachelor of Technology)",AI,OBC- NCL,Gender-Neutral,27658,2
"Indian Institute of Information Technology, Design & Manufacturing, Kancheepuram","Computer Science and Engineering (4 Years, Bachelor of Technology)",AI,OBC- NCL,Female-only (including Supernumerary),32547,3
"Indian Institute of Information Technology, Design & Manufacturing, Kancheepuram","Computer Science and Engineering (5 Years, Bachelor and Master of Technology (Dual Degree))",AI,OPEN,Gender-Neutral,28147,2
"Indian Institute of Information Technology, Design & Manufacturing, Kancheepuram","Computer Science and Engineering (5 Years, Bachelor and Master of Technology (Dual Degree))",AI,EWS,Gender-Neutral,34166,3
"Indian Institute of Information Technology, Design & Manufacturing, Kancheepuram","Computer Science and Engineering (5 Years, Bachelor and Master of Technology (Dual Degree))",AI,EWS,Female-only (including Supernumerary),52418,5
"Indian Institute of Information Technology, Design & Manufacturing, Kancheepuram","Computer Science and Engineering (5 Years, Bachelor and Master of Technology (Dual Degree))",AI,OBC- NCL,Gender-Neutral,35473,3
"Indian Institute of Information Technology, Design & Manufacturing, Kancheepuram","Computer Science and Engineering (5 Years, Bachelor and Master of Technology (Dual Degree))",AI,SC,Gender-Neutral,121382,1
"Indian Institute of Information Technology, Design & Manufacturing, Kancheepuram","Computer Science and Engineering for DASA-CIWG (5 Years, Bachelor and Master of Technology (Dual Degree))",DC,OPEN,Gender-Neutral,293810,2
"Indian Institute of Information Technology, Design & Manufacturing, Kancheepuram","Computer Science and Engineering with Major in Artificial Intelligence (4 Years, Bachelor of Technology)",AI,OBC- NCL,Gender-Neutral,27958,2
"Indian Institute of Information Technology, Design & Manufacturing, Kancheepuram","Computer Science and Engineering with Major in Artificial Intelligence for DASA-CIWG (4 Years, Bachelor of Technology)",DC,OPEN,Gender-Neutral,282946,2
"Indian Institute of Information Technology, Design & Manufacturing, Kancheepuram","Design Engineering (4 Years, Bachelor of Technology)",AI,OPEN,Gender-Neutral,70265,7
"Indian Institute of Information Technology, Design & Manufacturing, Kancheepuram","Design Engineering (4 Years, Bachelor of Technology)",AI,EWS,Gender-Neutral,90209,9
"Indian Institute of Information Technology, Design & Manufacturing, Kancheepuram","Design Engineering (4 Years, Bachelor of Technology)",AI,OBC- NCL,Gender-Neutral,79852,8
"Indian Institute of Information Technology, Design & Manufacturing, Kancheepuram","Design Engineering (4 Years, Bachelor of Technology)",AI,ST,Gender-Neutral,343971,3
"Indian Institute of Information Technology, Design & Manufacturing, Kancheepuram","Electronics and Communication Engineering (4 Years, Bachelor of Technology)",AI,OPEN,Gender-Neutral,29419,2
"Indian Institute of Information Technology, Design & Manufacturing, Kancheepuram","Electronics and Communication Engineering (4 Years, Bachelor of Technology)",AI,OPEN,Female-only (including Supernumerary),39460,3
"Indian Institute of Information Technology, Design & Manufacturing, Kancheepuram","Electronics and Communication Engineering (4 Years, Bachelor of Technology)",AI,OPEN (PwD),Gender-Neutral,520057,5
"Indian Institute of Information Technology, Design & Manufacturing, Kancheepuram","Electronics and Communication Engineering (4 Years, Bachelor of Technology)",AI,OPEN (PwD),Female-only (including Supernumerary),424217,4
"Indian Institute of Information Technology, Design & Manufacturing, Kancheepuram","Electronics and Communication Engineering (4 Years, Bachelor of Technology)",AI,EWS,Gender-Neutral,38041,3
"Indian Institute of Information Technology, Design & Manufacturing, Kancheepuram","Electronics and Communication Engineering (4 Years, Bachelor of Technology)",AI,OBC- NCL,Gender-Neutral,37275,3
"Indian Institute of Information Technology, Design & Manufacturing, Kancheepuram","Electronics and Communication Engineering (4 Years, Bachelor of Technology)",AI,OBC- NCL,Female-only (including Supernumerary),50684,5
"Indian Institute of Information Technology, Design & Manufacturing, Kancheepuram","Electronics and Communication Engineering (4 Years, Bachelor of Technology)",AI,SC,Gender-Neutral,127031,1
"Indian Institute of Information Technology, Design & Manufacturing, Kancheepuram","Engineering Physics (4 Years, Bachelor of Technology)",AI,OPEN,Gender-Neutral,54927,5
"Indian Institute of Information Technology, Design & Manufacturing, Kancheepuram","Engineering Physics (4 Years, Bachelor of Technology)",AI,EWS,Gender-Neutral,87810,8
"Indian Institute of Information Technology, Design & Manufacturing, Kancheepuram","Engineering Physics (4 Years, Bachelor of Technology)",AI,OBC- NCL,Gender-Neutral,64921,6
"Indian Institute of Information Technology, Design & Manufacturing, Kancheepuram","Engineering Physics (4 Years, Bachelor of Technology)",AI,SC,Gender-Neutral,187442,1
"Indian Institute of Information Technology, Design & Manufacturing, Kancheepuram","Mechanical Engineering (4 Years, Bachelor of Technology)",AI,OPEN,Gender-Neutral,51024,5
"Indian Institute of Information Technology, Design & Manufacturing, Kancheepuram","Mechanical Engineering (4 Years, Bachelor of Technology)",AI,OPEN,Female-only (including Supernumerary),80035,8
"Indian Institute of Information Technology, Design & Manufacturing, Kancheepuram","Mechanical Engineering (4 Years, Bachelor of Technology)",AI,EWS,Gender-Neutral,70094,7
"Indian Institute of Information Technology, Design & Manufacturing, Kancheepuram","Mechanical Engineering (4 Years, Bachelor of Technology)",AI,EWS,Female-only (including Supernumerary),93268,9
"Indian Institute of Information Technology, Design & Manufacturing, Kancheepuram","Mechanical Engineering (4 Years, Bachelor of Technology)",AI,OBC- NCL,Gender-Neutral,65640,6
"Indian Institute of Information Technology, Design & Manufacturing, Kancheepuram","Mechanical Engineering (4 Years, Bachelor of Technology)",AI,OBC- NCL,Female-only (including Supernumerary),96388,9
"Indian Institute of Information Technology, Design & Manufacturing, Kancheepuram","Mechanical Engineering (4 Years, Bachelor of Technology)",AI,SC,Gender-Neutral,176463,1
"Indian Institute of Information Technology, Design & Manufacturing, Kancheepuram","Smart Manufacturing (4 Years, Bachelor of Technology)",AI,OPEN,Gender-Neutral,64939,6
"Indian Institute of Information Technology, Design & Manufacturing, Kancheepuram","Smart Manufacturing (4 Years, Bachelor of Technology)",AI,EWS,Gender-Neutral,81705,8
"Indian Institute of Information Technology, Design & Manufacturing, Kancheepuram","Smart Manufacturing (4 Years, Bachelor of Technology)",AI,OBC- NCL,Gender-Neutral,73060,8
"Indian Institute of Information Technology, Design & Manufacturing, Kancheepuram","Smart Manufacturing (4 Years, Bachelor of Technology)",AI,OBC- NCL,Female-only (including Supernumerary),99639,9
"Indian Institute of Information Technology, Design & Manufacturing, Kancheepuram","Smart Manufacturing (4 Years, Bachelor of Technology)",AI,SC,Gender-Neutral,203844,2
"Indian Institute of Information Technology, Design & Manufacturing, Kancheepuram","Smart Manufacturing (4 Years, Bachelor of Technology)",AI,SC,Female-only (including Supernumerary),203661,2
"Indian Institute of Information Technology, Design & Manufacturing, Kancheepuram","Smart Manufacturing (4 Years, Bachelor of Technology)",AI,ST,Gender-Neutral,304683,3
"Pt. Dwarka Prasad Mishra Indian Institute of Information Technology, Design & Manufacture Jabalpur","Computer Science and Engineering (4 Years, Bachelor of Technology)",AI,OPEN,Gender-Neutral,16035,1
"Pt. Dwarka Prasad Mishra Indian Institute of Information Technology, Design & Manufacture Jabalpur","Computer Science and Engineering (4 Years, Bachelor of Technology)",AI,OPEN,Female-only (including Supernumerary),25629,2
"Pt. Dwarka Prasad Mishra Indian Institute of Information Technology, Design & Manufacture Jabalpur","Computer Science and Engineering (4 Years, Bachelor of Technology)",AI,EWS,Gender-Neutral,18220,1
"Pt. Dwarka Prasad Mishra Indian Institute of Information Technology, Design & Manufacture Jabalpur","Computer Science and Engineering (4 Years, Bachelor of Technology)",AI,EWS,Female-only (including Supernumerary),33057,3
"Pt. Dwarka Prasad Mishra Indian Institute of Information Technology, Design & Manufacture Jabalpur","Computer Science and Engineering (4 Years, Bachelor of Technology)",AI,OBC- NCL,Gender-Neutral,22212,2
"Pt. Dwarka Prasad Mishra Indian Institute of Information Technology, Design & Manufacture Jabalpur","Computer Science and Engineering (4 Years, Bachelor of Technology)",AI,OBC- NCL,Female-only (including Supernumerary),39029,3
"Pt. Dwarka Prasad Mishra Indian Institute of Information Technology, Design & Manufacture Jabalpur","Electronics and Communication Engineering (4 Years, Bachelor of Technology)",AI,OPEN,Gender-Neutral,20493,2
"Pt. Dwarka Prasad Mishra Indian Institute of Information Technology, Design & Manufacture Jabalpur","Electronics and Communication Engineering (4 Years, Bachelor of Technology)",AI,OPEN,Female-only (including Supernumerary),33812,3
"Pt. Dwarka Prasad Mishra Indian Institute of Information Technology, Design & Manufacture Jabalpur","Electronics and Communication Engineering (4 Years, Bachelor of Technology)",AI,EWS,Gender-Neutral,23725,2
"Pt. Dwarka Prasad Mishra Indian Institute of Information Technology, Design & Manufacture Jabalpur","Electronics and Communication Engineering (4 Years, Bachelor of Technology)",AI,EWS,Female-only (including Supernumerary),39228,3
"Pt. Dwarka Prasad Mishra Indian Institute of Information Technology, Design & Manufacture Jabalpur","Electronics and Communication Engineering (4 Years, Bachelor of Technology)",AI,OBC- NCL,Gender-Neutral,27259,2
"Pt. Dwarka Prasad Mishra Indian Institute of Information Technology, Design & Manufacture Jabalpur","Electronics and Communication Engineering (4 Years, Bachelor of Technology)",AI,OBC- NCL,Female-only (including Supernumerary),49985,5
"Pt. Dwarka Prasad Mishra Indian Institute of Information Technology, Design & Manufacture Jabalpur","Electronics and Communication Engineering (4 Years, Bachelor of Technology)",AI,SC,Gender-Neutral,112718,1
"Pt. Dwarka Prasad Mishra Indian Institute of Information Technology, Design & Manufacture Jabalpur","Mechanical Engineering (4 Years, Bachelor of Technology)",AI,OPEN,Gender-Neutral,48355,4
"Pt. Dwarka Prasad Mishra Indian Institute of Information Technology, Design & Manufacture Jabalpur","Mechanical Engineering (4 Years, Bachelor of Technology)",AI,OPEN,Female-only (including Supernumerary),72493,7
"Pt. Dwarka Prasad Mishra Indian Institute of Information Technology, Design & Manufacture Jabalpur","Mechanical Engineering (4 Years, Bachelor of Technology)",AI,EWS,Gender-Neutral,59977,6
"Pt. Dwarka Prasad Mishra Indian Institute of Information Technology, Design & Manufacture Jabalpur","Mechanical Engineering (4 Years, Bachelor of Technology)",AI,OBC- NCL,Gender-Neutral,61513,6
"Pt. Dwarka Prasad Mishra Indian Institute of Information Technology, Design & Manufacture Jabalpur","Mechanical Engineering (4 Years, Bachelor of Technology)",AI,OBC- NCL,Female-only (including Supernumerary),92785,9
"Pt. Dwarka Prasad Mishra Indian Institute of Information Technology, Design & Manufacture Jabalpur","Mechanical Engineering (4 Years, Bachelor of Technology)",AI,SC,Gender-Neutral,173452,1
"Pt. Dwarka Prasad Mishra Indian Institute of Information Technology, Design & Manufacture Jabalpur","Mechanical Engineering (4 Years, Bachelor of Technology)",AI,SC,Female-only (including Supernumerary),224339,2
"Pt. Dwarka Prasad Mishra Indian Institute of Information Technology, Design & Manufacture Jabalpur","Mechanical Engineering (4 Years, Bachelor of Technology)",AI,ST,Gender-Neutral,244449,2
"Pt. Dwarka Prasad Mishra Indian Institute of Information Technology, Design & Manufacture Jabalpur","Smart Manufacturing (4 Years, Bachelor of Technology)",AI,OPEN,Gender-Neutral,59492,6
"Pt. Dwarka Prasad Mishra Indian Institute of Information Technology, Design & Manufacture Jabalpur","Smart Manufacturing (4 Years, Bachelor of Technology)",AI,OPEN,Female-only (including Supernumerary),84706,8
"Pt. Dwarka Prasad Mishra Indian Institute of Information Technology, Design & Manufacture Jabalpur","Smart Manufacturing (4 Years, Bachelor of Technology)",AI,EWS,Gender-Neutral,73485,7
"Pt. Dwarka Prasad Mishra Indian Institute of Information Technology, Design & Manufacture Jabalpur","Smart Manufacturing (4 Years, Bachelor of Technology)",AI,OBC- NCL,Gender-Neutral,74614,7
"Pt. Dwarka Prasad Mishra Indian Institute of Information Technology, Design & Manufacture Jabalpur","Smart Manufacturing (4 Years, Bachelor of Technology)",AI,OBC- NCL,Female-only (including Supernumerary),99007,1
"Pt. Dwarka Prasad Mishra Indian Institute of Information Technology, Design & Manufacture Jabalpur","Smart Manufacturing (4 Years, Bachelor of Technology)",AI,SC,Gender-Neutral,189115,1
"Pt. Dwarka Prasad Mishra Indian Institute of Information Technology, Design & Manufacture Jabalpur","Smart Manufacturing (4 Years, Bachelor of Technology)",AI,SC,Female-only (including Supernumerary),232021,2
"Pt. Dwarka Prasad Mishra Indian Institute of Information Technology, Design & Manufacture Jabalpur","Smart Manufacturing (4 Years, Bachelor of Technology)",AI,ST,Gender-Neutral,272639,2
INDIAN INSTITUTE OF INFORMATION TECHNOLOGY SENAPATI MANIPUR,"Computer Science and Engineering (4 Years, Bachelor of Technology)",AI,OPEN,Gender-Neutral,85604,9
INDIAN INSTITUTE OF INFORMATION TECHNOLOGY SENAPATI MANIPUR,"Computer Science and Engineering (4 Years, Bachelor of Technology)",AI,OPEN,Female-only (including Supernumerary),109390,1
INDIAN INSTITUTE OF INFORMATION TECHNOLOGY SENAPATI MANIPUR,"Computer Science and Engineering (4 Years, Bachelor of Technology)",AI,EWS,Gender-Neutral,102227,1
INDIAN INSTITUTE OF INFORMATION TECHNOLOGY SENAPATI MANIPUR,"Computer Science and Engineering (4 Years, Bachelor of Technology)",AI,EWS,Female-only (including Supernumerary),134977,1
INDIAN INSTITUTE OF INFORMATION TECHNOLOGY SENAPATI MANIPUR,"Computer Science and Engineering (4 Years, Bachelor of Technology)",AI,OBC- NCL,Gender-Neutral,102388,1
INDIAN INSTITUTE OF INFORMATION TECHNOLOGY SENAPATI MANIPUR,"Computer Science and Engineering (4 Years, Bachelor of Technology)",AI,OBC- NCL,Female-only (including Supernumerary),158254,1
INDIAN INSTITUTE OF INFORMATION TECHNOLOGY SENAPATI MANIPUR,"Computer Science and Engineering (4 Years, Bachelor of Technology)",AI,SC,Gender-Neutral,254702,2
INDIAN INSTITUTE OF INFORMATION TECHNOLOGY SENAPATI MANIPUR,"Computer Science and Engineering (4 Years, Bachelor of Technology)",AI,SC,Female-only (including Supernumerary),285654,2
INDIAN INSTITUTE OF INFORMATION TECHNOLOGY SENAPATI MANIPUR,"Computer Science and Engineering (4 Years, Bachelor of Technology)",AI,ST,Gender-Neutral,460668,5
INDIAN INSTITUTE OF INFORMATION TECHNOLOGY SENAPATI MANIPUR,"Computer Science and Engineering (4 Years, Bachelor of Technology)",AI,ST,Female-only (including Supernumerary),584807,6
INDIAN INSTITUTE OF INFORMATION TECHNOLOGY SENAPATI MANIPUR,"Computer Science and Engineering with specialization in Artificial Intelligence and Data Science (4 Years, Bachelor of Technology)",AI,OPEN,Gender-Neutral,88725,9
INDIAN INSTITUTE OF INFORMATION TECHNOLOGY SENAPATI MANIPUR,"Computer Science and Engineering with specialization in Artificial Intelligence and Data Science (4 Years, Bachelor of Technology)",AI,OPEN,Female-only (including Supernumerary),107705,1
INDIAN INSTITUTE OF INFORMATION TECHNOLOGY SENAPATI MANIPUR,"Computer Science and Engineering with specialization in Artificial Intelligence and Data Science (4 Years, Bachelor of Technology)",AI,EWS,Gender-Neutral,101610,1
INDIAN INSTITUTE OF INFORMATION TECHNOLOGY SENAPATI MANIPUR,"Computer Science and Engineering with specialization in Artificial Intelligence and Data Science (4 Years, Bachelor of Technology)",AI,EWS,Female-only (including Supernumerary),147862,1
INDIAN INSTITUTE OF INFORMATION TECHNOLOGY SENAPATI MANIPUR,"Computer Science and Engineering with specialization in Artificial Intelligence and Data Science (4 Years, Bachelor of Technology)",AI,OBC- NCL,Gender-Neutral,101032,1
INDIAN INSTITUTE OF INFORMATION TECHNOLOGY SENAPATI MANIPUR,"Computer Science and Engineering with specialization in Artificial Intelligence and Data Science (4 Years, Bachelor of Technology)",AI,OBC- NCL,Female-only (including Supernumerary),162656,1
INDIAN INSTITUTE OF INFORMATION TECHNOLOGY SENAPATI MANIPUR,"Computer Science and Engineering with specialization in Artificial Intelligence and Data Science (4 Years, Bachelor of Technology)",AI,SC,Gender-Neutral,257425,2
INDIAN INSTITUTE OF INFORMATION TECHNOLOGY SENAPATI MANIPUR,"Computer Science and Engineering with specialization in Artificial Intelligence and Data Science (4 Years, Bachelor of Technology)",AI,SC,Female-only (including Supernumerary),289327,2
INDIAN INSTITUTE OF INFORMATION TECHNOLOGY SENAPATI MANIPUR,"Computer Science and Engineering with specialization in Artificial Intelligence and Data Science (4 Years, Bachelor of Technology)",AI,ST,Gender-Neutral,461616,5
INDIAN INSTITUTE OF INFORMATION TECHNOLOGY SENAPATI MANIPUR,"Computer Science and Engineering with specialization in Artificial Intelligence and Data Science (4 Years, Bachelor of Technology)",AI,ST,Female-only (including Supernumerary),691884,7
INDIAN INSTITUTE OF INFORMATION TECHNOLOGY SENAPATI MANIPUR,"Computer Science and Engineering with specialization in Cyber Security (4 Years, Bachelor of Technology)",AI,OPEN,Gender-Neutral,98351,1
INDIAN INSTITUTE OF INFORMATION TECHNOLOGY SENAPATI MANIPUR,"Computer Science and Engineering with specialization in Cyber Security (4 Years, Bachelor of Technology)",AI,OPEN,Female-only (including Supernumerary),138552,1
INDIAN INSTITUTE OF INFORMATION TECHNOLOGY SENAPATI MANIPUR,"Computer Science and Engineering with specialization in Cyber Security (4 Years, Bachelor of Technology)",AI,EWS,Gender-Neutral,112210,1
INDIAN INSTITUTE OF INFORMATION TECHNOLOGY SENAPATI MANIPUR,"Computer Science and Engineering with specialization in Cyber Security (4 Years, Bachelor of Technology)",AI,EWS,Female-only (including Supernumerary),159819,1
INDIAN INSTITUTE OF INFORMATION TECHNOLOGY SENAPATI MANIPUR,"Computer Science and Engineering with specialization in Cyber Security (4 Years, Bachelor of Technology)",AI,OBC- NCL,Gender-Neutral,111848,1
INDIAN INSTITUTE OF INFORMATION TECHNOLOGY SENAPATI MANIPUR,"Computer Science and Engineering with specialization in Cyber Security (4 Years, Bachelor of Technology)",AI,OBC- NCL,Female-only (including Supernumerary),172156,1
INDIAN INSTITUTE OF INFORMATION TECHNOLOGY SENAPATI MANIPUR,"Computer Science and Engineering with specialization in Cyber Security (4 Years, Bachelor of Technology)",AI,SC,Gender-Neutral,273918,2
INDIAN INSTITUTE OF INFORMATION TECHNOLOGY SENAPATI MANIPUR,"Computer Science and Engineering with specialization in Cyber Security (4 Years, Bachelor of Technology)",AI,SC,Female-only (including Supernumerary),314867,3
INDIAN INSTITUTE OF INFORMATION TECHNOLOGY SENAPATI MANIPUR,"Computer Science and Engineering with specialization in Cyber Security (4 Years, Bachelor of Technology)",AI,ST,Gender-Neutral,482912,5
INDIAN INSTITUTE OF INFORMATION TECHNOLOGY SENAPATI MANIPUR,"Computer Science and Engineering with specialization in Quantum Technologies (4 Years, Bachelor of Technology)",AI,OPEN,Gender-Neutral,86939,1
INDIAN INSTITUTE OF INFORMATION TECHNOLOGY SENAPATI MANIPUR,"Computer Science and Engineering with specialization in Quantum Technologies (4 Years, Bachelor of Technology)",AI,OPEN,Female-only (including Supernumerary),144166,1
INDIAN INSTITUTE OF INFORMATION TECHNOLOGY SENAPATI MANIPUR,"Computer Science and Engineering with specialization in Quantum Technologies (4 Years, Bachelor of Technology)",AI,EWS,Gender-Neutral,102313,1
INDIAN INSTITUTE OF INFORMATION TECHNOLOGY SENAPATI MANIPUR,"Computer Science and Engineering with specialization in Quantum Technologies (4 Years, Bachelor of Technology)",AI,EWS,Female-only (including Supernumerary),163110,1
INDIAN INSTITUTE OF INFORMATION TECHNOLOGY SENAPATI MANIPUR,"Computer Science and Engineering with specialization in Quantum Technologies (4 Years, Bachelor of Technology)",AI,OBC- NCL,Gender-Neutral,101638,1
INDIAN INSTITUTE OF INFORMATION TECHNOLOGY SENAPATI MANIPUR,"Computer Science and Engineering with specialization in Quantum Technologies (4 Years, Bachelor of Technology)",AI,OBC- NCL,Female-only (including Supernumerary),173871,1
INDIAN INSTITUTE OF INFORMATION TECHNOLOGY SENAPATI MANIPUR,"Computer Science and Engineering with specialization in Quantum Technologies (4 Years, Bachelor of Technology)",AI,SC,Gender-Neutral,248879,2
INDIAN INSTITUTE OF INFORMATION TECHNOLOGY SENAPATI MANIPUR,"Computer Science and Engineering with specialization in Quantum Technologies (4 Years, Bachelor of Technology)",AI,ST,Gender-Neutral,495753,4
INDIAN INSTITUTE OF INFORMATION TECHNOLOGY SENAPATI MANIPUR,"Computer Science and Engineering with specialization in Quantum Technologies (4 Years, Bachelor of Technology)",AI,ST,Female-only (including Supernumerary),599469,5
INDIAN INSTITUTE OF INFORMATION TECHNOLOGY SENAPATI MANIPUR,"Electronics and Communication Engineering (4 Years, Bachelor of Technology)",AI,OPEN,Gender-Neutral,107909,1
INDIAN INSTITUTE OF INFORMATION TECHNOLOGY SENAPATI MANIPUR,"Electronics and Communication Engineering (4 Years, Bachelor of Technology)",AI,OPEN,Female-only (including Supernumerary),150347,1
INDIAN INSTITUTE OF INFORMATION TECHNOLOGY SENAPATI MANIPUR,"Electronics and Communication Engineering (4 Years, Bachelor of Technology)",AI,EWS,Gender-Neutral,123856,1
INDIAN INSTITUTE OF INFORMATION TECHNOLOGY SENAPATI MANIPUR,"Electronics and Communication Engineering (4 Years, Bachelor of Technology)",AI,EWS,Female-only (including Supernumerary),182530,1
INDIAN INSTITUTE OF INFORMATION TECHNOLOGY SENAPATI MANIPUR,"Electronics and Communication Engineering (4 Years, Bachelor of Technology)",AI,OBC- NCL,Gender-Neutral,124447,1
INDIAN INSTITUTE OF INFORMATION TECHNOLOGY SENAPATI MANIPUR,"Electronics and Communication Engineering (4 Years, Bachelor of Technology)",AI,OBC- NCL,Female-only (including Supernumerary),181251,1
INDIAN INSTITUTE OF INFORMATION TECHNOLOGY SENAPATI MANIPUR,"Electronics and Communication Engineering (4 Years, Bachelor of Technology)",AI,SC,Gender-Neutral,276465,3
INDIAN INSTITUTE OF INFORMATION TECHNOLOGY SENAPATI MANIPUR,"Electronics and Communication Engineering (4 Years, Bachelor of Technology)",AI,SC,Female-only (including Supernumerary),326292,3
INDIAN INSTITUTE OF INFORMATION TECHNOLOGY SENAPATI MANIPUR,"Electronics and Communication Engineering (4 Years, Bachelor of Technology)",AI,ST,Gender-Neutral,469206,5
INDIAN INSTITUTE OF INFORMATION TECHNOLOGY SENAPATI MANIPUR,"Electronics and Communication Engineering with specialization in VLSI and Embedded Systems (4 Years, Bachelor of Technology)",AI,OPEN,Gender-Neutral,117786,1
INDIAN INSTITUTE OF INFORMATION TECHNOLOGY SENAPATI MANIPUR,"Electronics and Communication Engineering with specialization in VLSI and Embedded Systems (4 Years, Bachelor of Technology)",AI,OPEN,Female-only (including Supernumerary),171762,1
INDIAN INSTITUTE OF INFORMATION TECHNOLOGY SENAPATI MANIPUR,"Electronics and Communication Engineering with specialization in VLSI and Embedded Systems (4 Years, Bachelor of Technology)",AI,EWS,Gender-Neutral,140665,1
INDIAN INSTITUTE OF INFORMATION TECHNOLOGY SENAPATI MANIPUR,"Electronics and Communication Engineering with specialization in VLSI and Embedded Systems (4 Years, Bachelor of Technology)",AI,EWS,Female-only (including Supernumerary),190932,1
INDIAN INSTITUTE OF INFORMATION TECHNOLOGY SENAPATI MANIPUR,"Electronics and Communication Engineering with specialization in VLSI and Embedded Systems (4 Years, Bachelor of Technology)",AI,OBC- NCL,Gender-Neutral,140461,1
INDIAN INSTITUTE OF INFORMATION TECHNOLOGY SENAPATI MANIPUR,"Electronics and Communication Engineering with specialization in VLSI and Embedded Systems (4 Years, Bachelor of Technology)",AI,OBC- NCL,Female-only (including Supernumerary),191123,2
INDIAN INSTITUTE OF INFORMATION TECHNOLOGY SENAPATI MANIPUR,"Electronics and Communication Engineering with specialization in VLSI and Embedded Systems (4 Years, Bachelor of Technology)",AI,SC,Gender-Neutral,286691,3
INDIAN INSTITUTE OF INFORMATION TECHNOLOGY SENAPATI MANIPUR,"Electronics and Communication Engineering with specialization in VLSI and Embedded Systems (4 Years, Bachelor of Technology)",AI,ST,Gender-Neutral,558016,6
INDIAN INSTITUTE OF INFORMATION TECHNOLOGY SENAPATI MANIPUR,"Electronics and Communication Engineering with specialization in VLSI and Embedded Systems (4 Years, Bachelor of Technology)",AI,ST,Female-only (including Supernumerary),739237,7
Indian Institute of Information Technology Tiruchirappalli,"Computer Science and Engineering ( Artificial Intelligence & Data Science) (4 Years, Bachelor of Technology)",AI,OPEN,Gender-Neutral,38532,4
Indian Institute of Information Technology Tiruchirappalli,"Computer Science and Engineering ( Artificial Intelligence & Data Science) (4 Years, Bachelor of Technology)",AI,OPEN (PwD),Gender-Neutral,667795,6
Indian Institute of Information Technology Tiruchirappalli,"Computer Science and Engineering ( Artificial Intelligence & Data Science) (4 Years, Bachelor of Technology)",AI,EWS,Gender-Neutral,50268,5
Indian Institute of Information Technology Tiruchirappalli,"Computer Science and Engineering ( Artificial Intelligence & Data Science) (4 Years, Bachelor of Technology)",AI,OBC- NCL,Gender-Neutral,49957,5
Indian Institute of Information Technology Tiruchirappalli,"Computer Science and Engineering ( Artificial Intelligence & Data Science) (4 Years, Bachelor of Technology)",AI,OBC- NCL (PwD),Gender-Neutral,999651,9
Indian Institute of Information Technology Tiruchirappalli,"Computer Science and Engineering ( Artificial Intelligence & Data Science) (4 Years, Bachelor of Technology)",AI,ST,Gender-Neutral,229992,2
Indian Institute of Information Technology Tiruchirappalli,"Computer Science and Engineering (4 Years, Bachelor of Technology)",AI,OPEN,Gender-Neutral,36061,3
Indian Institute of Information Technology Tiruchirappalli,"Computer Science and Engineering (4 Years, Bachelor of Technology)",AI,OPEN,Female-only (including Supernumerary),55390,5
Indian Institute of Information Technology Tiruchirappalli,"Computer Science and Engineering (4 Years, Bachelor of Technology)",AI,OPEN (PwD),Gender-Neutral,568587,5
Indian Institute of Information Technology Tiruchirappalli,"Computer Science and Engineering (4 Years, Bachelor of Technology)",AI,EWS,Gender-Neutral,48368,4
Indian Institute of Information Technology Tiruchirappalli,"Computer Science and Engineering (4 Years, Bachelor of Technology)",AI,EWS,Female-only (including Supernumerary),67480,6
Indian Institute of Information Technology Tiruchirappalli,"Computer Science and Engineering (4 Years, Bachelor of Technology)",AI,OBC- NCL,Gender-Neutral,46388,4
Indian Institute of Information Technology Tiruchirappalli,"Computer Science and Engineering (4 Years, Bachelor of Technology)",AI,OBC- NCL,Female-only (including Supernumerary),67718,6
Indian Institute of Information Technology Tiruchirappalli,"Computer Science and Engineering (4 Years, Bachelor of Technology)",AI,SC,Gender-Neutral,142597,1
Indian Institute of Information Technology Tiruchirappalli,"Electronics and Communication Engineering (4 Years, Bachelor of Technology)",AI,OPEN,Gender-Neutral,52150,5
Indian Institute of Information Technology Tiruchirappalli,"Electronics and Communication Engineering (4 Years, Bachelor of Technology)",AI,OPEN,Female-only (including Supernumerary),65129,7
Indian Institute of Information Technology Tiruchirappalli,"Electronics and Communication Engineering (4 Years, Bachelor of Technology)",AI,OPEN (PwD),Female-only (including Supernumerary),1305787,1
Indian Institute of Information Technology Tiruchirappalli,"Electronics and Communication Engineering (4 Years, Bachelor of Technology)",AI,EWS,Gender-Neutral,63178,6
Indian Institute of Information Technology Tiruchirappalli,"Electronics and Communication Engineering (4 Years, Bachelor of Technology)",AI,EWS,Female-only (including Supernumerary),77938,8
Indian Institute of Information Technology Tiruchirappalli,"Electronics and Communication Engineering (4 Years, Bachelor of Technology)",AI,OBC- NCL,Gender-Neutral,64657,6
Indian Institute of Information Technology Tiruchirappalli,"Electronics and Communication Engineering (4 Years, Bachelor of Technology)",AI,OBC- NCL,Female-only (including Supernumerary),82337,8
Indian Institute of Information Technology Tiruchirappalli,"Electronics and Communication Engineering (4 Years, Bachelor of Technology)",AI,SC,Gender-Neutral,177015,1
Indian Institute of Information Technology Tiruchirappalli,"Electronics and Communication Engineering (VLSI Design) (4 Years, Bachelor of Technology)",AI,OPEN,Gender-Neutral,51487,5
Indian Institute of Information Technology Tiruchirappalli,"Electronics and Communication Engineering (VLSI Design) (4 Years, Bachelor of Technology)",AI,EWS,Gender-Neutral,58299,6
Indian Institute of Information Technology Tiruchirappalli,"Electronics and Communication Engineering (VLSI Design) (4 Years, Bachelor of Technology)",AI,OBC- NCL,Gender-Neutral,61860,6
Indian Institute of Information Technology Tiruchirappalli,"Electronics and Communication Engineering (VLSI Design) (4 Years, Bachelor of Technology)",AI,SC,Gender-Neutral,162915,1
Indian Institute of Information Technology Lucknow,"Computer Science (4 Years, Bachelor of Technology)",AI,OPEN,Gender-Neutral,10468,1
Indian Institute of Information Technology Lucknow,"Computer Science (4 Years, Bachelor of Technology)",AI,EWS,Gender-Neutral,12313,1
Indian Institute of Information Technology Lucknow,"Computer Science (4 Years, Bachelor of Technology)",AI,OBC- NCL,Gender-Neutral,14061,1
Indian Institute of Information Technology Lucknow,"Computer Science (4 Years, Bachelor of Technology)",AI,SC,Gender-Neutral,84280,8
Indian Institute of Information Technology Lucknow,"Computer Science (4 Years, Bachelor of Technology)",AI,ST,Gender-Neutral,128393,1
Indian Institute of Information Technology Lucknow,"Computer Science and Artificial Intelligence (4 Years, Bachelor of Technology)",AI,OPEN,Gender-Neutral,9947,9
Indian Institute of Information Technology Lucknow,"Computer Science and Artificial Intelligence (4 Years, Bachelor of Technology)",AI,EWS,Gender-Neutral,11644,1
Indian Institute of Information Technology Lucknow,"Computer Science and Artificial Intelligence (4 Years, Bachelor of Technology)",AI,OBC- NCL,Gender-Neutral,13271,1
Indian Institute of Information Technology Lucknow,"Computer Science and Business (4 Years, Bachelor of Technology)",AI,OPEN,Gender-Neutral,12344,1
Indian Institute of Information Technology Lucknow,"Computer Science and Business (4 Years, Bachelor of Technology)",AI,OPEN,Female-only (including Supernumerary),21162,2
Indian Institute of Information Technology Lucknow,"Computer Science and Business (4 Years, Bachelor of Technology)",AI,EWS,Gender-Neutral,15113,1
Indian Institute of Information Technology Lucknow,"Computer Science and Business (4 Years, Bachelor of Technology)",AI,OBC- NCL,Gender-Neutral,16600,1
Indian Institute of Information Technology Lucknow,"Computer Science and Business (4 Years, Bachelor of Technology)",AI,ST,Gender-Neutral,182727,1
Indian Institute of Information Technology Lucknow,"Information Technology (4 Years, Bachelor of Technology)",AI,OPEN,Gender-Neutral,13097,1
Indian Institute of Information Technology Lucknow,"Information Technology (4 Years, Bachelor of Technology)",AI,OBC- NCL,Gender-Neutral,18102,1
Indian Institute of Information Technology Lucknow,"Information Technology (4 Years, Bachelor of Technology)",AI,SC,Gender-Neutral,101252,1
Indian Institute of Information Technology Lucknow,"Information Technology (4 Years, Bachelor of Technology)",AI,SC,Female-only (including Supernumerary),160410,1
Indian Institute of Information Technology(IIIT) Dharwad,"Computer Science and Engineering (4 Years, Bachelor of Technology)",AI,OPEN,Gender-Neutral,51255,5
Indian Institute of Information Technology(IIIT) Dharwad,"Computer Science and Engineering (4 Years, Bachelor of Technology)",AI,OPEN,Female-only (including Supernumerary),60604,6
Indian Institute of Information Technology(IIIT) Dharwad,"Computer Science and Engineering (4 Years, Bachelor of Technology)",AI,EWS,Gender-Neutral,61885,6
Indian Institute of Information Technology(IIIT) Dharwad,"Computer Science and Engineering (4 Years, Bachelor of Technology)",AI,EWS,Female-only (including Supernumerary),79237,8
Indian Institute of Information Technology(IIIT) Dharwad,"Computer Science and Engineering (4 Years, Bachelor of Technology)",AI,OBC- NCL,Gender-Neutral,67416,7
Indian Institute of Information Technology(IIIT) Dharwad,"Computer Science and Engineering (4 Years, Bachelor of Technology)",AI,OBC- NCL,Female-only (including Supernumerary),82593,8
Indian Institute of Information Technology(IIIT) Dharwad,"Computer Science and Engineering (4 Years, Bachelor of Technology)",AI,OBC- NCL (PwD),Gender-Neutral,1128534,1
Indian Institute of Information Technology(IIIT) Dharwad,"Computer Science and Engineering (4 Years, Bachelor of Technology)",AI,SC,Gender-Neutral,220979,2
Indian Institute of Information Technology(IIIT) Dharwad,"Computer Science and Engineering (4 Years, Bachelor of Technology)",AI,SC,Female-only (including Supernumerary),217733,2
Indian Institute of Information Technology(IIIT) Dharwad,"Computer Science and Engineering (4 Years, Bachelor of Technology)",AI,ST,Gender-Neutral,382467,3
Indian Institute of Information Technology(IIIT) Dharwad,"Data Science and Artificial Intelligence (4 Years, Bachelor of Technology)",AI,OPEN,Gender-Neutral,55222,5
Indian Institute of Information Technology(IIIT) Dharwad,"Data Science and Artificial Intelligence (4 Years, Bachelor of Technology)",AI,OPEN,Female-only (including Supernumerary),63329,6
Indian Institute of Information Technology(IIIT) Dharwad,"Data Science and Artificial Intelligence (4 Years, Bachelor of Technology)",AI,EWS,Gender-Neutral,65478,6
Indian Institute of Information Technology(IIIT) Dharwad,"Data Science and Artificial Intelligence (4 Years, Bachelor of Technology)",AI,EWS,Female-only (including Supernumerary),83908,8
Indian Institute of Information Technology(IIIT) Dharwad,"Data Science and Artificial Intelligence (4 Years, Bachelor of Technology)",AI,OBC- NCL,Gender-Neutral,71296,7
Indian Institute of Information Technology(IIIT) Dharwad,"Data Science and Artificial Intelligence (4 Years, Bachelor of Technology)",AI,OBC- NCL,Female-only (including Supernumerary),87816,9
Indian Institute of Information Technology(IIIT) Dharwad,"Data Science and Artificial Intelligence (4 Years, Bachelor of Technology)",AI,SC,Gender-Neutral,225609,2
Indian Institute of Information Technology(IIIT) Dharwad,"Data Science and Artificial Intelligence (4 Years, Bachelor of Technology)",AI,SC,Female-only (including Supernumerary),234759,2
Indian Institute of Information Technology(IIIT) Dharwad,"Data Science and Artificial Intelligence (4 Years, Bachelor of Technology)",AI,ST,Gender-Neutral,371599,3
Indian Institute of Information Technology(IIIT) Dharwad,"Electronics and Communication Engineering (4 Years, Bachelor of Technology)",AI,OPEN,Gender-Neutral,59079,6
Indian Institute of Information Technology(IIIT) Dharwad,"Electronics and Communication Engineering (4 Years, Bachelor of Technology)",AI,OPEN,Female-only (including Supernumerary),69079,7
Indian Institute of Information Technology(IIIT) Dharwad,"Electronics and Communication Engineering (4 Years, Bachelor of Technology)",AI,EWS,Gender-Neutral,71562,8
Indian Institute of Information Technology(IIIT) Dharwad,"Electronics and Communication Engineering (4 Years, Bachelor of Technology)",AI,EWS,Female-only (including Supernumerary),91807,9
Indian Institute of Information Technology(IIIT) Dharwad,"Electronics and Communication Engineering (4 Years, Bachelor of Technology)",AI,OBC- NCL,Gender-Neutral,74524,7
Indian Institute of Information Technology(IIIT) Dharwad,"Electronics and Communication Engineering (4 Years, Bachelor of Technology)",AI,OBC- NCL,Female-only (including Supernumerary),88772,9
Indian Institute of Information Technology(IIIT) Dharwad,"Electronics and Communication Engineering (4 Years, Bachelor of Technology)",AI,SC,Gender-Neutral,231418,2
Indian Institute of Information Technology(IIIT) Dharwad,"Electronics and Communication Engineering (4 Years, Bachelor of Technology)",AI,SC,Female-only (including Supernumerary),240380,2
Indian Institute of Information Technology(IIIT) Dharwad,"Electronics and Communication Engineering (4 Years, Bachelor of Technology)",AI,ST,Gender-Neutral,370969,3
"Indian Institute of Information Technology Design & Manufacturing Kurnool, Andhra Pradesh","Artificial Intelligence and Data Science (4 Years, Bachelor of Technology)",AI,OPEN,Gender-Neutral,44148,4
"Indian Institute of Information Technology Design & Manufacturing Kurnool, Andhra Pradesh","Artificial Intelligence and Data Science (4 Years, Bachelor of Technology)",AI,OPEN,Female-only (including Supernumerary),49973,4
"Indian Institute of Information Technology Design & Manufacturing Kurnool, Andhra Pradesh","Artificial Intelligence and Data Science (4 Years, Bachelor of Technology)",AI,EWS,Gender-Neutral,51258,5
"Indian Institute of Information Technology Design & Manufacturing Kurnool, Andhra Pradesh","Artificial Intelligence and Data Science (4 Years, Bachelor of Technology)",AI,EWS,Female-only (including Supernumerary),53722,5
"Indian Institute of Information Technology Design & Manufacturing Kurnool, Andhra Pradesh","Artificial Intelligence and Data Science (4 Years, Bachelor of Technology)",AI,OBC- NCL,Gender-Neutral,53541,5
"Indian Institute of Information Technology Design & Manufacturing Kurnool, Andhra Pradesh","Artificial Intelligence and Data Science (4 Years, Bachelor of Technology)",AI,OBC- NCL,Female-only (including Supernumerary),72907,7
"Indian Institute of Information Technology Design & Manufacturing Kurnool, Andhra Pradesh","Artificial Intelligence and Data Science (4 Years, Bachelor of Technology)",AI,SC,Gender-Neutral,141283,1
"Indian Institute of Information Technology Design & Manufacturing Kurnool, Andhra Pradesh","Computer Science and Engineering (4 Years, Bachelor of Technology)",AI,OPEN,Gender-Neutral,38360,3
"Indian Institute of Information Technology Design & Manufacturing Kurnool, Andhra Pradesh","Computer Science and Engineering (4 Years, Bachelor of Technology)",AI,OPEN,Female-only (including Supernumerary),47613,4
"Indian Institute of Information Technology Design & Manufacturing Kurnool, Andhra Pradesh","Computer Science and Engineering (4 Years, Bachelor of Technology)",AI,EWS,Gender-Neutral,49551,4
"Indian Institute of Information Technology Design & Manufacturing Kurnool, Andhra Pradesh","Computer Science and Engineering (4 Years, Bachelor of Technology)",AI,OBC- NCL,Gender-Neutral,47841,4
"Indian Institute of Information Technology Design & Manufacturing Kurnool, Andhra Pradesh","Computer Science and Engineering (4 Years, Bachelor of Technology)",AI,SC,Gender-Neutral,140248,1
"Indian Institute of Information Technology Design & Manufacturing Kurnool, Andhra Pradesh","Computer Science and Engineering (5 Years, Bachelor and Master of Technology (Dual Degree))",AI,OPEN,Gender-Neutral,46927,5
"Indian Institute of Information Technology Design & Manufacturing Kurnool, Andhra Pradesh","Computer Science and Engineering (5 Years, Bachelor and Master of Technology (Dual Degree))",AI,OPEN,Female-only (including Supernumerary),57391,5
"Indian Institute of Information Technology Design & Manufacturing Kurnool, Andhra Pradesh","Computer Science and Engineering (5 Years, Bachelor and Master of Technology (Dual Degree))",AI,EWS,Gender-Neutral,54054,5
"Indian Institute of Information Technology Design & Manufacturing Kurnool, Andhra Pradesh","Computer Science and Engineering (5 Years, Bachelor and Master of Technology (Dual Degree))",AI,OBC- NCL,Gender-Neutral,61114,6
"Indian Institute of Information Technology Design & Manufacturing Kurnool, Andhra Pradesh","Computer Science and Engineering (5 Years, Bachelor and Master of Technology (Dual Degree))",AI,SC,Gender-Neutral,145533,1
"Indian Institute of Information Technology Design & Manufacturing Kurnool, Andhra Pradesh","Computer Science and Engineering (5 Years, Bachelor and Master of Technology (Dual Degree))",AI,SC,Female-only (including Supernumerary),194466,1
"Indian Institute of Information Technology Design & Manufacturing Kurnool, Andhra Pradesh","Electronics and Communication Engineering (5 Years, Bachelor and Master of Technology (Dual Degree))",AI,OPEN,Gender-Neutral,58877,5
"Indian Institute of Information Technology Design & Manufacturing Kurnool, Andhra Pradesh","Electronics and Communication Engineering (5 Years, Bachelor and Master of Technology (Dual Degree))",AI,OPEN,Female-only (including Supernumerary),76877,7
"Indian Institute of Information Technology Design & Manufacturing Kurnool, Andhra Pradesh","Electronics and Communication Engineering (5 Years, Bachelor and Master of Technology (Dual Degree))",AI,EWS,Gender-Neutral,68152,6
"Indian Institute of Information Technology Design & Manufacturing Kurnool, Andhra Pradesh","Electronics and Communication Engineering (5 Years, Bachelor and Master of Technology (Dual Degree))",AI,EWS,Female-only (including Supernumerary),88134,8
"Indian Institute of Information Technology Design & Manufacturing Kurnool, Andhra Pradesh","Electronics and Communication Engineering (5 Years, Bachelor and Master of Technology (Dual Degree))",AI,OBC- NCL,Gender-Neutral,72037,7
"Indian Institute of Information Technology Design & Manufacturing Kurnool, Andhra Pradesh","Electronics and Communication Engineering (5 Years, Bachelor and Master of Technology (Dual Degree))",AI,OBC- NCL,Female-only (including Supernumerary),90465,9
"Indian Institute of Information Technology Design & Manufacturing Kurnool, Andhra Pradesh","Electronics and Communication Engineering (5 Years, Bachelor and Master of Technology (Dual Degree))",AI,SC,Gender-Neutral,183132,1
"Indian Institute of Information Technology Design & Manufacturing Kurnool, Andhra Pradesh","Electronics and Communication Engineering with specialization in Design and Manufacturing (4 Years, Bachelor of Technology)",AI,OPEN,Gender-Neutral,53831,5
"Indian Institute of Information Technology Design & Manufacturing Kurnool, Andhra Pradesh","Electronics and Communication Engineering with specialization in Design and Manufacturing (4 Years, Bachelor of Technology)",AI,OPEN,Female-only (including Supernumerary),69058,6
"Indian Institute of Information Technology Design & Manufacturing Kurnool, Andhra Pradesh","Electronics and Communication Engineering with specialization in Design and Manufacturing (4 Years, Bachelor of Technology)",AI,EWS,Gender-Neutral,63952,6
"Indian Institute of Information Technology Design & Manufacturing Kurnool, Andhra Pradesh","Electronics and Communication Engineering with specialization in Design and Manufacturing (4 Years, Bachelor of Technology)",AI,EWS,Female-only (including Supernumerary),89062,8
"Indian Institute of Information Technology Design & Manufacturing Kurnool, Andhra Pradesh","Electronics and Communication Engineering with specialization in Design and Manufacturing (4 Years, Bachelor of Technology)",AI,OBC- NCL,Gender-Neutral,63776,6
"Indian Institute of Information Technology Design & Manufacturing Kurnool, Andhra Pradesh","Electronics and Communication Engineering with specialization in Design and Manufacturing (4 Years, Bachelor of Technology)",AI,OBC- NCL,Female-only (including Supernumerary),80147,8
"Indian Institute of Information Technology Design & Manufacturing Kurnool, Andhra Pradesh","Electronics and Communication Engineering with specialization in Design and Manufacturing (4 Years, Bachelor of Technology)",AI,SC,Gender-Neutral,165175,1
"Indian Institute of Information Technology Design & Manufacturing Kurnool, Andhra Pradesh","Mechanical Engineering (5 Years, Bachelor and Master of Technology (Dual Degree))",AI,OPEN,Gender-Neutral,78107,8
"Indian Institute of Information Technology Design & Manufacturing Kurnool, Andhra Pradesh","Mechanical Engineering (5 Years, Bachelor and Master of Technology (Dual Degree))",AI,OPEN,Female-only (including Supernumerary),103377,1
"Indian Institute of Information Technology Design & Manufacturing Kurnool, Andhra Pradesh","Mechanical Engineering (5 Years, Bachelor and Master of Technology (Dual Degree))",AI,EWS,Gender-Neutral,84348,8
"Indian Institute of Information Technology Design & Manufacturing Kurnool, Andhra Pradesh","Mechanical Engineering (5 Years, Bachelor and Master of Technology (Dual Degree))",AI,EWS,Female-only (including Supernumerary),116722,1
"Indian Institute of Information Technology Design & Manufacturing Kurnool, Andhra Pradesh","Mechanical Engineering (5 Years, Bachelor and Master of Technology (Dual Degree))",AI,OBC- NCL,Gender-Neutral,89242,8
"Indian Institute of Information Technology Design & Manufacturing Kurnool, Andhra Pradesh","Mechanical Engineering (5 Years, Bachelor and Master of Technology (Dual Degree))",AI,OBC- NCL,Female-only (including Supernumerary),124524,1
"Indian Institute of Information Technology Design & Manufacturing Kurnool, Andhra Pradesh","Mechanical Engineering (5 Years, Bachelor and Master of Technology (Dual Degree))",AI,SC,Gender-Neutral,191960,1
"Indian Institute of Information Technology Design & Manufacturing Kurnool, Andhra Pradesh","Mechanical Engineering with specialization in Design and Manufacturing (4 Years, Bachelor of Technology)",AI,OPEN,Gender-Neutral,74196,7
"Indian Institute of Information Technology Design & Manufacturing Kurnool, Andhra Pradesh","Mechanical Engineering with specialization in Design and Manufacturing (4 Years, Bachelor of Technology)",AI,OPEN,Female-only (including Supernumerary),103435,1
"Indian Institute of Information Technology Design & Manufacturing Kurnool, Andhra Pradesh","Mechanical Engineering with specialization in Design and Manufacturing (4 Years, Bachelor of Technology)",AI,EWS,Gender-Neutral,83273,8
"Indian Institute of Information Technology Design & Manufacturing Kurnool, Andhra Pradesh","Mechanical Engineering with specialization in Design and Manufacturing (4 Years, Bachelor of Technology)",AI,EWS,Female-only (including Supernumerary),115971,1
"Indian Institute of Information Technology Design & Manufacturing Kurnool, Andhra Pradesh","Mechanical Engineering with specialization in Design and Manufacturing (4 Years, Bachelor of Technology)",AI,OBC- NCL,Gender-Neutral,82735,8
"Indian Institute of Information Technology Design & Manufacturing Kurnool, Andhra Pradesh","Mechanical Engineering with specialization in Design and Manufacturing (4 Years, Bachelor of Technology)",AI,OBC- NCL,Female-only (including Supernumerary),117094,1
"Indian Institute of Information Technology Design & Manufacturing Kurnool, Andhra Pradesh","Mechanical Engineering with specialization in Design and Manufacturing (4 Years, Bachelor of Technology)",AI,SC,Gender-Neutral,197633,1
Indian Institute of Information Technology(IIIT) Kottayam,"Computer Science and Engineering (4 Years, Bachelor of Technology)",AI,OPEN,Gender-Neutral,47870,4
Indian Institute of Information Technology(IIIT) Kottayam,"Computer Science and Engineering (4 Years, Bachelor of Technology)",AI,OPEN,Female-only (including Supernumerary),57714,6
Indian Institute of Information Technology(IIIT) Kottayam,"Computer Science and Engineering (4 Years, Bachelor of Technology)",AI,OPEN (PwD),Gender-Neutral,1362524,1
Indian Institute of Information Technology(IIIT) Kottayam,"Computer Science and Engineering (4 Years, Bachelor of Technology)",AI,OPEN (PwD),Female-only (including Supernumerary),915585,9
Indian Institute of Information Technology(IIIT) Kottayam,"Computer Science and Engineering (4 Years, Bachelor of Technology)",AI,EWS,Gender-Neutral,57316,6
Indian Institute of Information Technology(IIIT) Kottayam,"Computer Science and Engineering (4 Years, Bachelor of Technology)",AI,EWS,Female-only (including Supernumerary),77916,8
Indian Institute of Information Technology(IIIT) Kottayam,"Computer Science and Engineering (4 Years, Bachelor of Technology)",AI,OBC- NCL,Gender-Neutral,60152,6
Indian Institute of Information Technology(IIIT) Kottayam,"Computer Science and Engineering (4 Years, Bachelor of Technology)",AI,OBC- NCL,Female-only (including Supernumerary),82972,8
Indian Institute of Information Technology(IIIT) Kottayam,"Computer Science and Engineering (4 Years, Bachelor of Technology)",AI,SC,Gender-Neutral,214567,2
Indian Institute of Information Technology(IIIT) Kottayam,"Computer Science and Engineering (4 Years, Bachelor of Technology)",AI,SC,Female-only (including Supernumerary),229818,2
Indian Institute of Information Technology(IIIT) Kottayam,"Computer Science and Engineering (4 Years, Bachelor of Technology)",AI,ST,Gender-Neutral,353273,3
Indian Institute of Information Technology(IIIT) Kottayam,"Computer Science and Engineering (4 Years, Bachelor of Technology)",AI,ST,Female-only (including Supernumerary),371284,3
Indian Institute of Information Technology(IIIT) Kottayam,"Computer Science and Engineering for DASA-CIWG (4 Years, Bachelor of Technology)",DC,OPEN,Gender-Neutral,305737,3
Indian Institute of Information Technology(IIIT) Kottayam,"Computer Science and Engineering with specialization in Artificial Intelligence and Data Science (4 Years, Bachelor of Technology)",AI,OPEN,Gender-Neutral,39587,3
Indian Institute of Information Technology(IIIT) Kottayam,"Computer Science and Engineering with specialization in Artificial Intelligence and Data Science (4 Years, Bachelor of Technology)",AI,OPEN (PwD),Gender-Neutral,815832,8
Indian Institute of Information Technology(IIIT) Kottayam,"Computer Science and Engineering with specialization in Artificial Intelligence and Data Science (4 Years, Bachelor of Technology)",AI,ST,Gender-Neutral,326296,3
Indian Institute of Information Technology(IIIT) Kottayam,"Computer Science and Engineering with specialization in Cyber Security (4 Years, Bachelor of Technology)",AI,OPEN,Gender-Neutral,50705,5
Indian Institute of Information Technology(IIIT) Kottayam,"Computer Science and Engineering with specialization in Cyber Security (4 Years, Bachelor of Technology)",AI,OPEN,Female-only (including Supernumerary),61540,6
Indian Institute of Information Technology(IIIT) Kottayam,"Computer Science and Engineering with specialization in Cyber Security (4 Years, Bachelor of Technology)",AI,EWS,Gender-Neutral,59230,6
Indian Institute of Information Technology(IIIT) Kottayam,"Computer Science and Engineering with specialization in Cyber Security (4 Years, Bachelor of Technology)",AI,EWS,Female-only (including Supernumerary),87280,8
Indian Institute of Information Technology(IIIT) Kottayam,"Computer Science and Engineering with specialization in Cyber Security (4 Years, Bachelor of Technology)",AI,OBC- NCL,Gender-Neutral,63006,6
Indian Institute of Information Technology(IIIT) Kottayam,"Computer Science and Engineering with specialization in Cyber Security (4 Years, Bachelor of Technology)",AI,OBC- NCL,Female-only (including Supernumerary),81903,8
Indian Institute of Information Technology(IIIT) Kottayam,"Computer Science and Engineering with specialization in Cyber Security (4 Years, Bachelor of Technology)",AI,SC,Gender-Neutral,220942,2
Indian Institute of Information Technology(IIIT) Kottayam,"Computer Science and Engineering with specialization in Cyber Security (4 Years, Bachelor of Technology)",AI,SC,Female-only (including Supernumerary),230313,2
Indian Institute of Information Technology(IIIT) Kottayam,"Computer Science and Engineering with specialization in Cyber Security (4 Years, Bachelor of Technology)",AI,ST,Female-only (including Supernumerary),384619,3
Indian Institute of Information Technology(IIIT) Kottayam,"Computer Science and Engineering with specialization in Cyber Security for DASA-CIWG (4 Years, Bachelor of Technology)",DC,OPEN,Gender-Neutral,313124,3
Indian Institute of Information Technology(IIIT) Kottayam,"Electronics and Communication Engineering (4 Years, Bachelor of Technology)",AI,OPEN,Gender-Neutral,49954,5
Indian Institute of Information Technology(IIIT) Kottayam,"Electronics and Communication Engineering (4 Years, Bachelor of Technology)",AI,OPEN,Female-only (including Supernumerary),56210,5
Indian Institute of Information Technology(IIIT) Kottayam,"Electronics and Communication Engineering (4 Years, Bachelor of Technology)",AI,EWS,Gender-Neutral,67181,6
Indian Institute of Information Technology(IIIT) Kottayam,"Electronics and Communication Engineering (4 Years, Bachelor of Technology)",AI,EWS,Female-only (including Supernumerary),85113,8
Indian Institute of Information Technology(IIIT) Kottayam,"Electronics and Communication Engineering (4 Years, Bachelor of Technology)",AI,OBC- NCL,Gender-Neutral,66109,6
Indian Institute of Information Technology(IIIT) Kottayam,"Electronics and Communication Engineering (4 Years, Bachelor of Technology)",AI,OBC- NCL,Female-only (including Supernumerary),74630,7
Indian Institute of Information Technology(IIIT) Kottayam,"Electronics and Communication Engineering (4 Years, Bachelor of Technology)",AI,SC,Gender-Neutral,222808,2
Indian Institute of Information Technology(IIIT) Kottayam,"Electronics and Communication Engineering (4 Years, Bachelor of Technology)",AI,ST,Gender-Neutral,359466,3
Indian Institute of Information Technology(IIIT) Kottayam,"Electronics and Communication Engineering (4 Years, Bachelor of Technology)",AI,ST,Female-only (including Supernumerary),397960,3
Indian Institute of Information Technology(IIIT) Kottayam,"Electronics and Communication Engineering for DASA-CIWG (4 Years, Bachelor of Technology)",DC,OPEN,Gender-Neutral,359106,3
Indian Institute of Information Technology (IIIT) Ranchi,"B.Tech in Mathematics and Computing (4 Years, Bachelor of Technology)",AI,OPEN,Gender-Neutral,58277,6
Indian Institute of Information Technology (IIIT) Ranchi,"B.Tech in Mathematics and Computing (4 Years, Bachelor of Technology)",AI,EWS,Gender-Neutral,64860,6
Indian Institute of Information Technology (IIIT) Ranchi,"B.Tech in Mathematics and Computing (4 Years, Bachelor of Technology)",AI,OBC- NCL,Gender-Neutral,69852,7
Indian Institute of Information Technology (IIIT) Ranchi,"B.Tech in Mathematics and Computing (4 Years, Bachelor of Technology)",AI,SC,Gender-Neutral,230413,2
Indian Institute of Information Technology (IIIT) Ranchi,"B.Tech in Mathematics and Computing (4 Years, Bachelor of Technology)",AI,ST,Gender-Neutral,442372,4
Indian Institute of Information Technology (IIIT) Ranchi,"Computer Science and Engineering (4 Years, Bachelor of Technology)",AI,OPEN,Gender-Neutral,49788,5
Indian Institute of Information Technology (IIIT) Ranchi,"Computer Science and Engineering (4 Years, Bachelor of Technology)",AI,OPEN (PwD),Gender-Neutral,1081407,1
Indian Institute of Information Technology (IIIT) Ranchi,"Computer Science and Engineering (4 Years, Bachelor of Technology)",AI,EWS,Gender-Neutral,56869,5
Indian Institute of Information Technology (IIIT) Ranchi,"Computer Science and Engineering (4 Years, Bachelor of Technology)",AI,OBC- NCL,Gender-Neutral,62352,6
Indian Institute of Information Technology (IIIT) Ranchi,"Computer Science and Engineering (4 Years, Bachelor of Technology)",AI,SC,Gender-Neutral,213107,2
Indian Institute of Information Technology (IIIT) Ranchi,"Computer Science and Engineering (4 Years, Bachelor of Technology)",AI,ST,Gender-Neutral,370514,3
Indian Institute of Information Technology (IIIT) Ranchi,"Computer Science and Engineering (with Specialization of Data Science and Artificial Intelligence) (4 Years, B. Tech / B. Tech (Hons.))",AI,OPEN,Gender-Neutral,44067,4
Indian Institute of Information Technology (IIIT) Ranchi,"Computer Science and Engineering (with Specialization of Data Science and Artificial Intelligence) (4 Years, B. Tech / B. Tech (Hons.))",AI,ST,Gender-Neutral,371738,3
Indian Institute of Information Technology (IIIT) Ranchi,"Electronics and Communication Engineering (4 Years, Bachelor of Technology)",AI,OPEN,Gender-Neutral,60727,6
Indian Institute of Information Technology (IIIT) Ranchi,"Electronics and Communication Engineering (4 Years, Bachelor of Technology)",AI,EWS,Gender-Neutral,67831,7
Indian Institute of Information Technology (IIIT) Ranchi,"Electronics and Communication Engineering (4 Years, Bachelor of Technology)",AI,OBC- NCL,Gender-Neutral,73396,7
Indian Institute of Information Technology (IIIT) Ranchi,"Electronics and Communication Engineering (4 Years, Bachelor of Technology)",AI,SC,Gender-Neutral,234036,2
Indian Institute of Information Technology (IIIT) Ranchi,"Electronics and Communication Engineering (4 Years, Bachelor of Technology)",AI,ST,Gender-Neutral,412792,4
Indian Institute of Information Technology (IIIT) Ranchi,"Electronics and Communication Engineering (with Specialization of Embedded Systems and Internet of Things) (4 Years, B. Tech / B. Tech (Hons.))",AI,OPEN,Gender-Neutral,59222,6
Indian Institute of Information Technology (IIIT) Ranchi,"Electronics and Communication Engineering (with Specialization of Embedded Systems and Internet of Things) (4 Years, B. Tech / B. Tech (Hons.))",AI,EWS,Gender-Neutral,68685,7
Indian Institute of Information Technology (IIIT) Ranchi,"Electronics and Communication Engineering (with Specialization of Embedded Systems and Internet of Things) (4 Years, B. Tech / B. Tech (Hons.))",AI,OBC- NCL,Gender-Neutral,73235,7
Indian Institute of Information Technology (IIIT) Ranchi,"Electronics and Communication Engineering (with Specialization of Embedded Systems and Internet of Things) (4 Years, B. Tech / B. Tech (Hons.))",AI,SC,Gender-Neutral,235614,2
Indian Institute of Information Technology (IIIT) Nagpur,"Computer Science and Engineering (4 Years, Bachelor of Technology)",AI,OPEN,Gender-Neutral,33706,3
Indian Institute of Information Technology (IIIT) Nagpur,"Computer Science and Engineering (4 Years, Bachelor of Technology)",AI,EWS,Gender-Neutral,38255,3
Indian Institute of Information Technology (IIIT) Nagpur,"Computer Science and Engineering (4 Years, Bachelor of Technology)",AI,OBC- NCL,Gender-Neutral,43175,4
Indian Institute of Information Technology (IIIT) Nagpur,"Computer Science and Engineering (4 Years, Bachelor of Technology)",AI,OBC- NCL (PwD),Gender-Neutral,689106,6
Indian Institute of Information Technology (IIIT) Nagpur,"Computer Science and Engineering (4 Years, Bachelor of Technology)",AI,SC,Gender-Neutral,165147,1
Indian Institute of Information Technology (IIIT) Nagpur,"Computer Science and Engineering (4 Years, Bachelor of Technology)",AI,ST,Gender-Neutral,308901,3
Indian Institute of Information Technology (IIIT) Nagpur,"Computer Science Engineering (Artificial lntelligence and Machine Learning) (4 Years, Bachelor of Technology)",AI,OPEN,Gender-Neutral,29800,2
Indian Institute of Information Technology (IIIT) Nagpur,"Computer Science Engineering (Artificial lntelligence and Machine Learning) (4 Years, Bachelor of Technology)",AI,EWS,Gender-Neutral,35434,3
Indian Institute of Information Technology (IIIT) Nagpur,"Computer Science Engineering (Artificial lntelligence and Machine Learning) (4 Years, Bachelor of Technology)",AI,OBC- NCL,Gender-Neutral,41533,4
Indian Institute of Information Technology (IIIT) Nagpur,"Computer Science Engineering (Artificial lntelligence and Machine Learning) (4 Years, Bachelor of Technology)",AI,ST,Gender-Neutral,284031,2
Indian Institute of Information Technology (IIIT) Nagpur,"Computer Science Engineering (Data Science and Analytics) (4 Years, Bachelor of Technology)",AI,OPEN,Gender-Neutral,35830,3
Indian Institute of Information Technology (IIIT) Nagpur,"Computer Science Engineering (Data Science and Analytics) (4 Years, Bachelor of Technology)",AI,EWS,Gender-Neutral,39664,4
Indian Institute of Information Technology (IIIT) Nagpur,"Computer Science Engineering (Data Science and Analytics) (4 Years, Bachelor of Technology)",AI,OBC- NCL,Gender-Neutral,44972,4
Indian Institute of Information Technology (IIIT) Nagpur,"Computer Science Engineering (Data Science and Analytics) (4 Years, Bachelor of Technology)",AI,SC,Gender-Neutral,178484,1
Indian Institute of Information Technology (IIIT) Nagpur,"Computer Science Engineering (Human Computer lnteraction and Gaming Technology) (4 Years, Bachelor of Technology)",AI,OPEN,Gender-Neutral,40000,4
Indian Institute of Information Technology (IIIT) Nagpur,"Computer Science Engineering (Human Computer lnteraction and Gaming Technology) (4 Years, Bachelor of Technology)",AI,EWS,Gender-Neutral,44790,4
Indian Institute of Information Technology (IIIT) Nagpur,"Computer Science Engineering (Human Computer lnteraction and Gaming Technology) (4 Years, Bachelor of Technology)",AI,OBC- NCL,Gender-Neutral,48924,4
Indian Institute of Information Technology (IIIT) Nagpur,"Computer Science Engineering (Human Computer lnteraction and Gaming Technology) (4 Years, Bachelor of Technology)",AI,SC,Gender-Neutral,188752,1
Indian Institute of Information Technology (IIIT) Nagpur,"Computer Science Engineering (Human Computer lnteraction and Gaming Technology) (4 Years, Bachelor of Technology)",AI,ST,Gender-Neutral,333143,3
Indian Institute of Information Technology (IIIT) Nagpur,"Electronics and Communication Engineering (4 Years, Bachelor of Technology)",AI,OPEN,Gender-Neutral,47861,5
Indian Institute of Information Technology (IIIT) Nagpur,"Electronics and Communication Engineering (4 Years, Bachelor of Technology)",AI,EWS,Gender-Neutral,57693,6
Indian Institute of Information Technology (IIIT) Nagpur,"Electronics and Communication Engineering (4 Years, Bachelor of Technology)",AI,OBC- NCL,Gender-Neutral,60827,6
Indian Institute of Information Technology (IIIT) Nagpur,"Electronics and Communication Engineering (4 Years, Bachelor of Technology)",AI,SC,Gender-Neutral,202841,2
Indian Institute of Information Technology (IIIT) Nagpur,"Electronics and Communication Engineering (4 Years, Bachelor of Technology)",AI,ST,Gender-Neutral,359149,3
Indian Institute of Information Technology (IIIT) Nagpur,"Electronics and Communication Engineering (Internet of Things) (4 Years, Bachelor of Technology)",AI,OPEN,Gender-Neutral,47618,4
Indian Institute of Information Technology (IIIT) Nagpur,"Electronics and Communication Engineering (Internet of Things) (4 Years, Bachelor of Technology)",AI,EWS,Gender-Neutral,57083,5
Indian Institute of Information Technology (IIIT) Nagpur,"Electronics and Communication Engineering (Internet of Things) (4 Years, Bachelor of Technology)",AI,OBC- NCL,Gender-Neutral,56179,5
Indian Institute of Information Technology (IIIT) Nagpur,"Electronics and Communication Engineering (Internet of Things) (4 Years, Bachelor of Technology)",AI,SC,Gender-Neutral,201598,2
Indian Institute of Information Technology (IIIT) Nagpur,"Electronics and Communication Engineering (Internet of Things) (4 Years, Bachelor of Technology)",AI,ST,Gender-Neutral,355557,3
Indian Institute of Information Technology (IIIT) Pune,"Computer Science and Engineering (4 Years, Bachelor of Technology)",AI,OPEN,Gender-Neutral,27007,2
Indian Institute of Information Technology (IIIT) Pune,"Computer Science and Engineering (4 Years, Bachelor of Technology)",AI,OPEN,Female-only (including Supernumerary),39130,4
Indian Institute of Information Technology (IIIT) Pune,"Computer Science and Engineering (4 Years, Bachelor of Technology)",AI,EWS,Gender-Neutral,33969,3
Indian Institute of Information Technology (IIIT) Pune,"Computer Science and Engineering (4 Years, Bachelor of Technology)",AI,EWS,Female-only (including Supernumerary),53112,5
Indian Institute of Information Technology (IIIT) Pune,"Computer Science and Engineering (4 Years, Bachelor of Technology)",AI,OBC- NCL,Gender-Neutral,38657,3
Indian Institute of Information Technology (IIIT) Pune,"Computer Science and Engineering (4 Years, Bachelor of Technology)",AI,OBC- NCL,Female-only (including Supernumerary),61288,6
Indian Institute of Information Technology (IIIT) Pune,"Computer Science and Engineering (4 Years, Bachelor of Technology)",AI,OBC- NCL (PwD),Gender-Neutral,958052,9
Indian Institute of Information Technology (IIIT) Pune,"Computer Science and Engineering (4 Years, Bachelor of Technology)",AI,ST,Gender-Neutral,276867,2
Indian Institute of Information Technology (IIIT) Pune,"Electronics and Communication Engineering (4 Years, Bachelor of Technology)",AI,OPEN,Gender-Neutral,37163,3
Indian Institute of Information Technology (IIIT) Pune,"Electronics and Communication Engineering (4 Years, Bachelor of Technology)",AI,OPEN,Female-only (including Supernumerary),54726,5
Indian Institute of Information Technology (IIIT) Pune,"Electronics and Communication Engineering (4 Years, Bachelor of Technology)",AI,EWS,Gender-Neutral,42570,4
Indian Institute of Information Technology (IIIT) Pune,"Electronics and Communication Engineering (4 Years, Bachelor of Technology)",AI,EWS,Female-only (including Supernumerary),64653,6
Indian Institute of Information Technology (IIIT) Pune,"Electronics and Communication Engineering (4 Years, Bachelor of Technology)",AI,OBC- NCL,Gender-Neutral,48707,4
Indian Institute of Information Technology (IIIT) Pune,"Electronics and Communication Engineering (4 Years, Bachelor of Technology)",AI,OBC- NCL,Female-only (including Supernumerary),67387,7
Indian Institute of Information Technology (IIIT) Pune,"Electronics and Communication Engineering (4 Years, Bachelor of Technology)",AI,ST,Gender-Neutral,328432,3
Indian Institute of Information Technology (IIIT) Pune,"Electronics and Communication Engineering (4 Years, Bachelor of Technology)",AI,ST,Female-only (including Supernumerary),400203,4
Indian Institute of Information Technology Bhagalpur,"Computer Science and Engineering (4 Years, Bachelor of Technology)",AI,OPEN,Gender-Neutral,55593,5
Indian Institute of Information Technology Bhagalpur,"Computer Science and Engineering (4 Years, Bachelor of Technology)",AI,OPEN,Female-only (including Supernumerary),64944,6
Indian Institute of Information Technology Bhagalpur,"Computer Science and Engineering (4 Years, Bachelor of Technology)",AI,OPEN (PwD),Gender-Neutral,989907,1
Indian Institute of Information Technology Bhagalpur,"Computer Science and Engineering (4 Years, Bachelor of Technology)",AI,EWS,Gender-Neutral,63369,6
Indian Institute of Information Technology Bhagalpur,"Computer Science and Engineering (4 Years, Bachelor of Technology)",AI,EWS,Female-only (including Supernumerary),78286,7
Indian Institute of Information Technology Bhagalpur,"Computer Science and Engineering (4 Years, Bachelor of Technology)",AI,OBC- NCL,Gender-Neutral,67481,7
Indian Institute of Information Technology Bhagalpur,"Computer Science and Engineering (4 Years, Bachelor of Technology)",AI,OBC- NCL,Female-only (including Supernumerary),84965,8
Indian Institute of Information Technology Bhagalpur,"Computer Science and Engineering (4 Years, Bachelor of Technology)",AI,SC,Gender-Neutral,228101,2
Indian Institute of Information Technology Bhagalpur,"Computer Science and Engineering (4 Years, Bachelor of Technology)",AI,SC,Female-only (including Supernumerary),236964,2
Indian Institute of Information Technology Bhagalpur,"Computer Science and Engineering (4 Years, Bachelor of Technology)",AI,ST,Gender-Neutral,410228,4
Indian Institute of Information Technology Bhagalpur,"Electronics and Communication Engineering (4 Years, Bachelor of Technology)",AI,OPEN,Gender-Neutral,64001,6
Indian Institute of Information Technology Bhagalpur,"Electronics and Communication Engineering (4 Years, Bachelor of Technology)",AI,OPEN,Female-only (including Supernumerary),75761,8
Indian Institute of Information Technology Bhagalpur,"Electronics and Communication Engineering (4 Years, Bachelor of Technology)",AI,EWS,Gender-Neutral,73833,7
Indian Institute of Information Technology Bhagalpur,"Electronics and Communication Engineering (4 Years, Bachelor of Technology)",AI,EWS,Female-only (including Supernumerary),97006,9
Indian Institute of Information Technology Bhagalpur,"Electronics and Communication Engineering (4 Years, Bachelor of Technology)",AI,OBC- NCL,Gender-Neutral,75105,8
Indian Institute of Information Technology Bhagalpur,"Electronics and Communication Engineering (4 Years, Bachelor of Technology)",AI,SC,Gender-Neutral,236880,2
Indian Institute of Information Technology Bhagalpur,"Electronics and Communication Engineering (4 Years, Bachelor of Technology)",AI,SC,Female-only (including Supernumerary),260965,2
Indian Institute of Information Technology Bhagalpur,"Electronics and Communication Engineering (4 Years, Bachelor of Technology)",AI,ST,Gender-Neutral,438329,4
Indian Institute of Information Technology Bhagalpur,"Electronics and Communication Engineering (4 Years, Bachelor of Technology)",AI,ST,Female-only (including Supernumerary),478206,4
Indian Institute of Information Technology Bhagalpur,"Mathematics and Computing (4 Years, Bachelor of Technology)",AI,OPEN,Gender-Neutral,60164,6
Indian Institute of Information Technology Bhagalpur,"Mathematics and Computing (4 Years, Bachelor of Technology)",AI,EWS,Gender-Neutral,70135,7
Indian Institute of Information Technology Bhagalpur,"Mathematics and Computing (4 Years, Bachelor of Technology)",AI,EWS,Female-only (including Supernumerary),90334,9
Indian Institute of Information Technology Bhagalpur,"Mathematics and Computing (4 Years, Bachelor of Technology)",AI,OBC- NCL,Gender-Neutral,73373,7
Indian Institute of Information Technology Bhagalpur,"Mathematics and Computing (4 Years, Bachelor of Technology)",AI,SC,Gender-Neutral,236193,2
Indian Institute of Information Technology Bhagalpur,"Mathematics and Computing (4 Years, Bachelor of Technology)",AI,ST,Gender-Neutral,492578,5
Indian Institute of Information Technology Bhagalpur,"Mathematics and Computing (4 Years, Bachelor of Technology)",AI,ST,Female-only (including Supernumerary),458092,4
Indian Institute of Information Technology Bhagalpur,"Mechatronics and Automation Engineering (4 Years, Bachelor of Technology)",AI,OPEN,Gender-Neutral,73329,8
Indian Institute of Information Technology Bhagalpur,"Mechatronics and Automation Engineering (4 Years, Bachelor of Technology)",AI,OPEN,Female-only (including Supernumerary),88852,9
Indian Institute of Information Technology Bhagalpur,"Mechatronics and Automation Engineering (4 Years, Bachelor of Technology)",AI,EWS,Gender-Neutral,82762,8
Indian Institute of Information Technology Bhagalpur,"Mechatronics and Automation Engineering (4 Years, Bachelor of Technology)",AI,EWS,Female-only (including Supernumerary),97395,9
Indian Institute of Information Technology Bhagalpur,"Mechatronics and Automation Engineering (4 Years, Bachelor of Technology)",AI,OBC- NCL,Gender-Neutral,82853,8
Indian Institute of Information Technology Bhagalpur,"Mechatronics and Automation Engineering (4 Years, Bachelor of Technology)",AI,OBC- NCL,Female-only (including Supernumerary),111148,1
Indian Institute of Information Technology Bhagalpur,"Mechatronics and Automation Engineering (4 Years, Bachelor of Technology)",AI,SC,Gender-Neutral,245655,2
Indian Institute of Information Technology Bhagalpur,"Mechatronics and Automation Engineering (4 Years, Bachelor of Technology)",AI,ST,Gender-Neutral,505146,5
Indian Institute of Information Technology Bhopal,"B.Tech in Mathematics and Computing (4 Years, Bachelor of Technology)",AI,OPEN,Gender-Neutral,43476,4
Indian Institute of Information Technology Bhopal,"B.Tech in Mathematics and Computing (4 Years, Bachelor of Technology)",AI,EWS,Gender-Neutral,47032,4
Indian Institute of Information Technology Bhopal,"B.Tech in Mathematics and Computing (4 Years, Bachelor of Technology)",AI,OBC- NCL,Gender-Neutral,57632,5
Indian Institute of Information Technology Bhopal,"B.Tech in Mathematics and Computing (4 Years, Bachelor of Technology)",AI,SC,Gender-Neutral,213097,2
Indian Institute of Information Technology Bhopal,"B.Tech in Mathematics and Computing (4 Years, Bachelor of Technology)",AI,ST,Gender-Neutral,416928,4
Indian Institute of Information Technology Bhopal,"Computer Science and Engineering (4 Years, Bachelor of Technology)",AI,OPEN,Gender-Neutral,33797,3
Indian Institute of Information Technology Bhopal,"Computer Science and Engineering (4 Years, Bachelor of Technology)",AI,OPEN (PwD),Gender-Neutral,733204,7
Indian Institute of Information Technology Bhopal,"Computer Science and Engineering (4 Years, Bachelor of Technology)",AI,EWS,Gender-Neutral,40401,4
Indian Institute of Information Technology Bhopal,"Computer Science and Engineering (4 Years, Bachelor of Technology)",AI,OBC- NCL,Gender-Neutral,45229,4
Indian Institute of Information Technology Bhopal,"Computer Science and Engineering (4 Years, Bachelor of Technology)",AI,SC,Gender-Neutral,181395,1
Indian Institute of Information Technology Bhopal,"Computer Science and Engineering (Artificial Intelligence) (4 Years, Bachelor of Technology)",AI,OPEN,Gender-Neutral,33168,3
Indian Institute of Information Technology Bhopal,"Computer Science and Engineering (Artificial Intelligence) (4 Years, Bachelor of Technology)",AI,OPEN (PwD),Gender-Neutral,744870,7
Indian Institute of Information Technology Bhopal,"Computer Science and Engineering (Artificial Intelligence) (4 Years, Bachelor of Technology)",AI,EWS,Gender-Neutral,38358,3
Indian Institute of Information Technology Bhopal,"Computer Science and Engineering (Artificial Intelligence) (4 Years, Bachelor of Technology)",AI,OBC- NCL,Gender-Neutral,43269,4
Indian Institute of Information Technology Bhopal,"Computer Science and Engineering (Artificial Intelligence) (4 Years, Bachelor of Technology)",AI,SC,Gender-Neutral,173371,1
Indian Institute of Information Technology Bhopal,"Computer Science and Engineering (Artificial Intelligence) (4 Years, Bachelor of Technology)",AI,ST,Gender-Neutral,305106,3
Indian Institute of Information Technology Bhopal,"Computer Science and Engineering (Cyber Physical System) (4 Years, Bachelor of Technology)",AI,OPEN,Gender-Neutral,45120,4
Indian Institute of Information Technology Bhopal,"Computer Science and Engineering (Cyber Physical System) (4 Years, Bachelor of Technology)",AI,EWS,Gender-Neutral,50026,5
Indian Institute of Information Technology Bhopal,"Computer Science and Engineering (Cyber Physical System) (4 Years, Bachelor of Technology)",AI,OBC- NCL,Gender-Neutral,54427,5
Indian Institute of Information Technology Bhopal,"Computer Science and Engineering (Cyber Physical System) (4 Years, Bachelor of Technology)",AI,SC,Gender-Neutral,209408,2
Indian Institute of Information Technology Bhopal,"Computer Science and Engineering (Cyber Physical System) (4 Years, Bachelor of Technology)",AI,ST,Gender-Neutral,366209,3
Indian Institute of Information Technology Bhopal,"Computer Science and Engineering (Cyber Security) (4 Years, Bachelor of Technology)",AI,OPEN,Gender-Neutral,40265,4
Indian Institute of Information Technology Bhopal,"Computer Science and Engineering (Cyber Security) (4 Years, Bachelor of Technology)",AI,EWS,Gender-Neutral,44130,4
Indian Institute of Information Technology Bhopal,"Computer Science and Engineering (Cyber Security) (4 Years, Bachelor of Technology)",AI,OBC- NCL,Gender-Neutral,49944,5
Indian Institute of Information Technology Bhopal,"Computer Science and Engineering (Cyber Security) (4 Years, Bachelor of Technology)",AI,SC,Gender-Neutral,199845,2
Indian Institute of Information Technology Bhopal,"Computer Science and Engineering (Cyber Security) (4 Years, Bachelor of Technology)",AI,ST,Gender-Neutral,334392,3
Indian Institute of Information Technology Bhopal,"Computer Science and Engineering (Data Science) (4 Years, Bachelor of Technology)",AI,OPEN,Gender-Neutral,36666,3
Indian Institute of Information Technology Bhopal,"Computer Science and Engineering (Data Science) (4 Years, Bachelor of Technology)",AI,EWS,Gender-Neutral,42740,4
Indian Institute of Information Technology Bhopal,"Computer Science and Engineering (Data Science) (4 Years, Bachelor of Technology)",AI,OBC- NCL,Gender-Neutral,47624,4
Indian Institute of Information Technology Bhopal,"Computer Science and Engineering (Data Science) (4 Years, Bachelor of Technology)",AI,SC,Gender-Neutral,182780,1
Indian Institute of Information Technology Bhopal,"Computer Science and Engineering (Data Science) (4 Years, Bachelor of Technology)",AI,ST,Gender-Neutral,303318,3
Indian Institute of Information Technology Bhopal,"Electronics and Communication Engineering (4 Years, Bachelor of Technology)",AI,OPEN,Gender-Neutral,50290,5
Indian Institute of Information Technology Bhopal,"Electronics and Communication Engineering (4 Years, Bachelor of Technology)",AI,OPEN (PwD),Gender-Neutral,1084632,1
Indian Institute of Information Technology Bhopal,"Electronics and Communication Engineering (4 Years, Bachelor of Technology)",AI,EWS,Gender-Neutral,58304,6
Indian Institute of Information Technology Bhopal,"Electronics and Communication Engineering (4 Years, Bachelor of Technology)",AI,OBC- NCL,Gender-Neutral,63129,6
Indian Institute of Information Technology Bhopal,"Electronics and Communication Engineering (4 Years, Bachelor of Technology)",AI,SC,Gender-Neutral,219126,2
Indian Institute of Information Technology Bhopal,"Electronics and Communication Engineering (4 Years, Bachelor of Technology)",AI,ST,Gender-Neutral,368600,3
Indian Institute of Information Technology Bhopal,"Information Technology (4 Years, Bachelor of Technology)",AI,OPEN,Gender-Neutral,46483,4
Indian Institute of Information Technology Bhopal,"Information Technology (4 Years, Bachelor of Technology)",AI,EWS,Gender-Neutral,51060,5
Indian Institute of Information Technology Bhopal,"Information Technology (4 Years, Bachelor of Technology)",AI,OBC- NCL,Gender-Neutral,57263,6
Indian Institute of Information Technology Bhopal,"Information Technology (4 Years, Bachelor of Technology)",AI,SC,Gender-Neutral,210244,2
Indian Institute of Information Technology Bhopal,"Information Technology (4 Years, Bachelor of Technology)",AI,ST,Gender-Neutral,382506,3
Indian Institute of Information Technology Bhopal,"Physics and Computational Engineering (4 Years, Bachelor of Technology)",AI,OPEN,Gender-Neutral,58730,6
Indian Institute of Information Technology Bhopal,"Physics and Computational Engineering (4 Years, Bachelor of Technology)",AI,EWS,Gender-Neutral,67670,6
Indian Institute of Information Technology Bhopal,"Physics and Computational Engineering (4 Years, Bachelor of Technology)",AI,OBC- NCL,Gender-Neutral,74491,7
Indian Institute of Information Technology Bhopal,"Physics and Computational Engineering (4 Years, Bachelor of Technology)",AI,SC,Gender-Neutral,238119,2
Indian Institute of Information Technology Bhopal,"Physics and Computational Engineering (4 Years, Bachelor of Technology)",AI,ST,Gender-Neutral,434486,4
Indian Institute of Information Technology Surat,"Computer Science and Engineering (4 Years, Bachelor of Technology)",AI,OPEN,Gender-Neutral,34530,3
Indian Institute of Information Technology Surat,"Computer Science and Engineering (4 Years, Bachelor of Technology)",AI,OPEN,Female-only (including Supernumerary),39590,3
Indian Institute of Information Technology Surat,"Computer Science and Engineering (4 Years, Bachelor of Technology)",AI,EWS,Gender-Neutral,42415,4
Indian Institute of Information Technology Surat,"Computer Science and Engineering (4 Years, Bachelor of Technology)",AI,EWS,Female-only (including Supernumerary),59375,5
Indian Institute of Information Technology Surat,"Computer Science and Engineering (4 Years, Bachelor of Technology)",AI,OBC- NCL,Gender-Neutral,49380,5
Indian Institute of Information Technology Surat,"Computer Science and Engineering (4 Years, Bachelor of Technology)",AI,SC,Gender-Neutral,197607,1
Indian Institute of Information Technology Surat,"Computer Science and Engineering (Artificial Intelligence and Machine Learning) (4 Years, Bachelor of Technology)",AI,OPEN,Gender-Neutral,35123,3
Indian Institute of Information Technology Surat,"Computer Science and Engineering (Artificial Intelligence and Machine Learning) (4 Years, Bachelor of Technology)",AI,EWS,Gender-Neutral,37624,3
Indian Institute of Information Technology Surat,"Computer Science and Engineering (Artificial Intelligence and Machine Learning) (4 Years, Bachelor of Technology)",AI,OBC- NCL,Gender-Neutral,47996,4
Indian Institute of Information Technology Surat,"Computer Science and Engineering (Cyber Security) (4 Years, Bachelor of Technology)",AI,OPEN,Gender-Neutral,36169,3
Indian Institute of Information Technology Surat,"Computer Science and Engineering (Cyber Security) (4 Years, Bachelor of Technology)",AI,OPEN,Female-only (including Supernumerary),42454,4
Indian Institute of Information Technology Surat,"Computer Science and Engineering (Cyber Security) (4 Years, Bachelor of Technology)",AI,OPEN (PwD),Gender-Neutral,802080,8
Indian Institute of Information Technology Surat,"Computer Science and Engineering (Cyber Security) (4 Years, Bachelor of Technology)",AI,EWS,Gender-Neutral,44459,4
Indian Institute of Information Technology Surat,"Computer Science and Engineering (Cyber Security) (4 Years, Bachelor of Technology)",AI,OBC- NCL,Gender-Neutral,53193,5
Indian Institute of Information Technology Surat,"Computer Science and Engineering (Cyber Security) (4 Years, Bachelor of Technology)",AI,SC,Gender-Neutral,192691,1
Indian Institute of Information Technology Surat,"Computer Science and Engineering (Cyber Security) (4 Years, Bachelor of Technology)",AI,SC,Female-only (including Supernumerary),190561,1
Indian Institute of Information Technology Surat,"Electronics and Communication Engineering (4 Years, Bachelor of Technology)",AI,OPEN,Gender-Neutral,49971,5
Indian Institute of Information Technology Surat,"Electronics and Communication Engineering (4 Years, Bachelor of Technology)",AI,OPEN,Female-only (including Supernumerary),58192,6
Indian Institute of Information Technology Surat,"Electronics and Communication Engineering (4 Years, Bachelor of Technology)",AI,EWS,Gender-Neutral,59480,6
Indian Institute of Information Technology Surat,"Electronics and Communication Engineering (4 Years, Bachelor of Technology)",AI,EWS,Female-only (including Supernumerary),72913,7
Indian Institute of Information Technology Surat,"Electronics and Communication Engineering (4 Years, Bachelor of Technology)",AI,OBC- NCL,Gender-Neutral,64204,6
Indian Institute of Information Technology Surat,"Electronics and Communication Engineering (4 Years, Bachelor of Technology)",AI,OBC- NCL,Female-only (including Supernumerary),82528,8
Indian Institute of Information Technology Surat,"Electronics and Communication Engineering (4 Years, Bachelor of Technology)",AI,SC,Gender-Neutral,218433,2
Indian Institute of Information Technology Surat,"Electronics and Communication Engineering (4 Years, Bachelor of Technology)",AI,ST,Gender-Neutral,352958,3
"Indian Institute of Information Technology, Agartala","Computer Science and Engineering (4 Years, Bachelor of Technology)",AI,OPEN,Gender-Neutral,59169,6
"Indian Institute of Information Technology, Agartala","Computer Science and Engineering (4 Years, Bachelor of Technology)",AI,OPEN,Female-only (including Supernumerary),81876,8
"Indian Institute of Information Technology, Agartala","Computer Science and Engineering (4 Years, Bachelor of Technology)",AI,EWS,Gender-Neutral,68262,7
"Indian Institute of Information Technology, Agartala","Computer Science and Engineering (4 Years, Bachelor of Technology)",AI,EWS,Female-only (including Supernumerary),102522,1
"Indian Institute of Information Technology, Agartala","Computer Science and Engineering (4 Years, Bachelor of Technology)",AI,OBC- NCL,Gender-Neutral,75184,7
"Indian Institute of Information Technology, Agartala","Computer Science and Engineering (4 Years, Bachelor of Technology)",AI,SC,Gender-Neutral,230251,2
"Indian Institute of Information Technology, Agartala","Computer Science and Engineering (4 Years, Bachelor of Technology)",AI,ST,Gender-Neutral,422529,4
"Indian Institute of Information Technology, Agartala","Computer Science and Engineering (4 Years, Bachelor of Technology)",AI,ST,Female-only (including Supernumerary),417434,4
"Indian institute of information technology, Raichur, Karnataka","Artificial Intelligence and Data Science (4 Years, Bachelor of Technology)",AI,OPEN,Gender-Neutral,56820,6
"Indian institute of information technology, Raichur, Karnataka","Artificial Intelligence and Data Science (4 Years, Bachelor of Technology)",AI,OPEN,Female-only (including Supernumerary),73746,7
"Indian institute of information technology, Raichur, Karnataka","Artificial Intelligence and Data Science (4 Years, Bachelor of Technology)",AI,EWS,Gender-Neutral,61857,6
"Indian institute of information technology, Raichur, Karnataka","Artificial Intelligence and Data Science (4 Years, Bachelor of Technology)",AI,EWS,Female-only (including Supernumerary),82860,8
"Indian institute of information technology, Raichur, Karnataka","Artificial Intelligence and Data Science (4 Years, Bachelor of Technology)",AI,OBC- NCL,Gender-Neutral,70339,7
"Indian institute of information technology, Raichur, Karnataka","Artificial Intelligence and Data Science (4 Years, Bachelor of Technology)",AI,OBC- NCL,Female-only (including Supernumerary),88836,8
"Indian institute of information technology, Raichur, Karnataka","Artificial Intelligence and Data Science (4 Years, Bachelor of Technology)",AI,OBC- NCL (PwD),Gender-Neutral,1079199,1
"Indian institute of information technology, Raichur, Karnataka","Artificial Intelligence and Data Science (4 Years, Bachelor of Technology)",AI,SC,Gender-Neutral,222157,2
"Indian institute of information technology, Raichur, Karnataka","Artificial Intelligence and Data Science (4 Years, Bachelor of Technology)",AI,ST,Gender-Neutral,348458,3
"Indian institute of information technology, Raichur, Karnataka","Computer Science and Engineering (4 Years, Bachelor of Technology)",AI,OPEN,Gender-Neutral,52685,5
"Indian institute of information technology, Raichur, Karnataka","Computer Science and Engineering (4 Years, Bachelor of Technology)",AI,OPEN,Female-only (including Supernumerary),68192,7
"Indian institute of information technology, Raichur, Karnataka","Computer Science and Engineering (4 Years, Bachelor of Technology)",AI,EWS,Gender-Neutral,58049,6
"Indian institute of information technology, Raichur, Karnataka","Computer Science and Engineering (4 Years, Bachelor of Technology)",AI,EWS,Female-only (including Supernumerary),78773,8
"Indian institute of information technology, Raichur, Karnataka","Computer Science and Engineering (4 Years, Bachelor of Technology)",AI,OBC- NCL,Gender-Neutral,65402,6
"Indian institute of information technology, Raichur, Karnataka","Computer Science and Engineering (4 Years, Bachelor of Technology)",AI,OBC- NCL,Female-only (including Supernumerary),84082,8
"Indian institute of information technology, Raichur, Karnataka","Computer Science and Engineering (4 Years, Bachelor of Technology)",AI,SC,Gender-Neutral,213105,2
"Indian institute of information technology, Raichur, Karnataka","Computer Science and Engineering (4 Years, Bachelor of Technology)",AI,SC,Female-only (including Supernumerary),230048,2
"Indian institute of information technology, Raichur, Karnataka","Computer Science and Engineering (4 Years, Bachelor of Technology)",AI,ST,Gender-Neutral,347677,3
"Indian institute of information technology, Raichur, Karnataka","Mathematics and Computing (4 Years, Bachelor of Technology)",AI,OPEN,Gender-Neutral,61953,6
"Indian institute of information technology, Raichur, Karnataka","Mathematics and Computing (4 Years, Bachelor of Technology)",AI,OPEN,Female-only (including Supernumerary),71714,8
"Indian institute of information technology, Raichur, Karnataka","Mathematics and Computing (4 Years, Bachelor of Technology)",AI,EWS,Gender-Neutral,67260,7
"Indian institute of information technology, Raichur, Karnataka","Mathematics and Computing (4 Years, Bachelor of Technology)",AI,EWS,Female-only (including Supernumerary),91314,9
"Indian institute of information technology, Raichur, Karnataka","Mathematics and Computing (4 Years, Bachelor of Technology)",AI,OBC- NCL,Gender-Neutral,73193,7
"Indian institute of information technology, Raichur, Karnataka","Mathematics and Computing (4 Years, Bachelor of Technology)",AI,OBC- NCL,Female-only (including Supernumerary),95501,9
"Indian institute of information technology, Raichur, Karnataka","Mathematics and Computing (4 Years, Bachelor of Technology)",AI,SC,Gender-Neutral,233483,2
"Indian institute of information technology, Raichur, Karnataka","Mathematics and Computing (4 Years, Bachelor of Technology)",AI,SC,Female-only (including Supernumerary),260324,2
"Indian institute of information technology, Raichur, Karnataka","Mathematics and Computing (4 Years, Bachelor of Technology)",AI,ST,Gender-Neutral,402549,4
"Indian institute of information technology, Raichur, Karnataka","Mathematics and Computing (4 Years, Bachelor of Technology)",AI,ST,Female-only (including Supernumerary),473671,4
"Indian Institute of Information Technology, Vadodara International Campus Diu (IIITVICD)","Artificial Intelligence (4 Years, Bachelor of Technology)",AI,OPEN,Gender-Neutral,59244,6
"Indian Institute of Information Technology, Vadodara International Campus Diu (IIITVICD)","Artificial Intelligence (4 Years, Bachelor of Technology)",AI,OPEN,Female-only (including Supernumerary),73686,7
"Indian Institute of Information Technology, Vadodara International Campus Diu (IIITVICD)","Artificial Intelligence (4 Years, Bachelor of Technology)",AI,EWS,Gender-Neutral,69059,7
"Indian Institute of Information Technology, Vadodara International Campus Diu (IIITVICD)","Artificial Intelligence (4 Years, Bachelor of Technology)",AI,EWS,Female-only (including Supernumerary),86342,8
"Indian Institute of Information Technology, Vadodara International Campus Diu (IIITVICD)","Artificial Intelligence (4 Years, Bachelor of Technology)",AI,OBC- NCL,Gender-Neutral,74753,7
"Indian Institute of Information Technology, Vadodara International Campus Diu (IIITVICD)","Artificial Intelligence (4 Years, Bachelor of Technology)",AI,OBC- NCL,Female-only (including Supernumerary),95134,9
"Indian Institute of Information Technology, Vadodara International Campus Diu (IIITVICD)","Artificial Intelligence (4 Years, Bachelor of Technology)",AI,SC,Gender-Neutral,234642,2
"Indian Institute of Information Technology, Vadodara International Campus Diu (IIITVICD)","Artificial Intelligence (4 Years, Bachelor of Technology)",AI,SC,Female-only (including Supernumerary),261333,2
"Indian Institute of Information Technology, Vadodara International Campus Diu (IIITVICD)","Artificial Intelligence (4 Years, Bachelor of Technology)",AI,ST,Gender-Neutral,383752,4
"Indian Institute of Information Technology, Vadodara International Campus Diu (IIITVICD)","Computer Science and Engineering (4 Years, Bachelor of Technology)",AI,OPEN,Gender-Neutral,54458,5
"Indian Institute of Information Technology, Vadodara International Campus Diu (IIITVICD)","Computer Science and Engineering (4 Years, Bachelor of Technology)",AI,OPEN,Female-only (including Supernumerary),66659,6
"Indian Institute of Information Technology, Vadodara International Campus Diu (IIITVICD)","Computer Science and Engineering (4 Years, Bachelor of Technology)",AI,OPEN (PwD),Gender-Neutral,1277543,1
"Indian Institute of Information Technology, Vadodara International Campus Diu (IIITVICD)","Computer Science and Engineering (4 Years, Bachelor of Technology)",AI,EWS,Gender-Neutral,61447,6
"Indian Institute of Information Technology, Vadodara International Campus Diu (IIITVICD)","Computer Science and Engineering (4 Years, Bachelor of Technology)",AI,EWS,Female-only (including Supernumerary),81932,8
"Indian Institute of Information Technology, Vadodara International Campus Diu (IIITVICD)","Computer Science and Engineering (4 Years, Bachelor of Technology)",AI,OBC- NCL,Gender-Neutral,68442,7
"Indian Institute of Information Technology, Vadodara International Campus Diu (IIITVICD)","Computer Science and Engineering (4 Years, Bachelor of Technology)",AI,OBC- NCL,Female-only (including Supernumerary),89672,8
"Indian Institute of Information Technology, Vadodara International Campus Diu (IIITVICD)","Computer Science and Engineering (4 Years, Bachelor of Technology)",AI,SC,Gender-Neutral,227523,2
"Indian Institute of Information Technology, Vadodara International Campus Diu (IIITVICD)","Computer Science and Engineering (4 Years, Bachelor of Technology)",AI,SC,Female-only (including Supernumerary),250288,2
"Indian Institute of Information Technology, Vadodara International Campus Diu (IIITVICD)","Computer Science and Engineering (4 Years, Bachelor of Technology)",AI,ST,Gender-Neutral,412186,4
"Indian Institute of Information Technology, Vadodara International Campus Diu (IIITVICD)","Computer Science and Engineering (4 Years, Bachelor of Technology)",AI,ST,Female-only (including Supernumerary),444190,4
"Indian Institute of Information Technology, Vadodara International Campus Diu (IIITVICD)","Electronics and Communication Engineering (4 Years, Bachelor of Technology)",AI,OPEN,Gender-Neutral,63827,6
"Indian Institute of Information Technology, Vadodara International Campus Diu (IIITVICD)","Electronics and Communication Engineering (4 Years, Bachelor of Technology)",AI,OPEN,Female-only (including Supernumerary),81329,8
"Indian Institute of Information Technology, Vadodara International Campus Diu (IIITVICD)","Electronics and Communication Engineering (4 Years, Bachelor of Technology)",AI,EWS,Gender-Neutral,76141,8
"Indian Institute of Information Technology, Vadodara International Campus Diu (IIITVICD)","Electronics and Communication Engineering (4 Years, Bachelor of Technology)",AI,EWS,Female-only (including Supernumerary),100591,1
"Indian Institute of Information Technology, Vadodara International Campus Diu (IIITVICD)","Electronics and Communication Engineering (4 Years, Bachelor of Technology)",AI,OBC- NCL,Gender-Neutral,76112,8
"Indian Institute of Information Technology, Vadodara International Campus Diu (IIITVICD)","Electronics and Communication Engineering (4 Years, Bachelor of Technology)",AI,OBC- NCL,Female-only (including Supernumerary),106628,1
"Indian Institute of Information Technology, Vadodara International Campus Diu (IIITVICD)","Electronics and Communication Engineering (4 Years, Bachelor of Technology)",AI,SC,Gender-Neutral,243318,2
"Indian Institute of Information Technology, Vadodara International Campus Diu (IIITVICD)","Electronics and Communication Engineering (4 Years, Bachelor of Technology)",AI,SC,Female-only (including Supernumerary),276283,2
"Indian Institute of Information Technology, Vadodara International Campus Diu (IIITVICD)","Electronics and Communication Engineering (4 Years, Bachelor of Technology)",AI,ST,Gender-Neutral,472996,4
"Indian Institute of Information Technology, Vadodara International Campus Diu (IIITVICD)","Electronics and Communication Engineering (4 Years, Bachelor of Technology)",AI,ST,Female-only (including Supernumerary),558922,5
"Assam University, Silchar","Agricultural Engineering (4 Years, Bachelor of Technology)",AI,OPEN,Gender-Neutral,225599,3
"Assam University, Silchar","Agricultural Engineering (4 Years, Bachelor of Technology)",AI,EWS,Gender-Neutral,378194,4
"Assam University, Silchar","Agricultural Engineering (4 Years, Bachelor of Technology)",AI,OBC- NCL,Gender-Neutral,418975,7
"Assam University, Silchar","Agricultural Engineering (4 Years, Bachelor of Technology)",AI,OBC- NCL,Female-only (including Supernumerary),639536,7
"Assam University, Silchar","Agricultural Engineering (4 Years, Bachelor of Technology)",AI,SC,Gender-Neutral,362264,4
"Assam University, Silchar","Agricultural Engineering (4 Years, Bachelor of Technology)",AI,ST,Gender-Neutral,766122,9
"Assam University, Silchar","Agricultural Engineering (4 Years, Bachelor of Technology)",HS,OPEN,Gender-Neutral,503619,8
"Assam University, Silchar","Agricultural Engineering (4 Years, Bachelor of Technology)",HS,OPEN,Female-only (including Supernumerary),330525,3
"Assam University, Silchar","Agricultural Engineering (4 Years, Bachelor of Technology)",HS,EWS,Gender-Neutral,1232558,1
"Assam University, Silchar","Agricultural Engineering (4 Years, Bachelor of Technology)",HS,SC,Gender-Neutral,1320868,1
"Assam University, Silchar","Agricultural Engineering (4 Years, Bachelor of Technology)",HS,SC,Female-only (including Supernumerary),1009288,1
"Assam University, Silchar","Computer Science and Engineering (4 Years, Bachelor of Technology)",AI,OPEN,Gender-Neutral,86165,1
"Assam University, Silchar","Computer Science and Engineering (4 Years, Bachelor of Technology)",AI,OPEN,Female-only (including Supernumerary),107614,1
"Assam University, Silchar","Computer Science and Engineering (4 Years, Bachelor of Technology)",AI,EWS,Gender-Neutral,115053,1
"Assam University, Silchar","Computer Science and Engineering (4 Years, Bachelor of Technology)",AI,OBC- NCL,Gender-Neutral,116393,1
"Assam University, Silchar","Computer Science and Engineering (4 Years, Bachelor of Technology)",AI,OBC- NCL,Female-only (including Supernumerary),117655,1
"Assam University, Silchar","Computer Science and Engineering (4 Years, Bachelor of Technology)",AI,SC,Gender-Neutral,255175,2
"Assam University, Silchar","Computer Science and Engineering (4 Years, Bachelor of Technology)",HS,OPEN,Gender-Neutral,190357,2
"Assam University, Silchar","Computer Science and Engineering (4 Years, Bachelor of Technology)",HS,EWS,Gender-Neutral,255482,2
"Assam University, Silchar","Computer Science and Engineering (4 Years, Bachelor of Technology)",HS,OBC- NCL,Gender-Neutral,300574,3
"Assam University, Silchar","Computer Science and Engineering (4 Years, Bachelor of Technology)",HS,SC,Gender-Neutral,401926,4
"Assam University, Silchar","Computer Science and Engineering (4 Years, Bachelor of Technology)",HS,ST,Gender-Neutral,595686,5
"Assam University, Silchar","Electronics and Communication Engineering (4 Years, Bachelor of Technology)",AI,OPEN,Gender-Neutral,126899,1
"Assam University, Silchar","Electronics and Communication Engineering (4 Years, Bachelor of Technology)",AI,OPEN,Female-only (including Supernumerary),141920,1
"Assam University, Silchar","Electronics and Communication Engineering (4 Years, Bachelor of Technology)",AI,EWS,Gender-Neutral,163604,1
"Assam University, Silchar","Electronics and Communication Engineering (4 Years, Bachelor of Technology)",AI,OBC- NCL,Gender-Neutral,154935,1
"Assam University, Silchar","Electronics and Communication Engineering (4 Years, Bachelor of Technology)",AI,SC,Gender-Neutral,293447,3
"Assam University, Silchar","Electronics and Communication Engineering (4 Years, Bachelor of Technology)",AI,ST,Gender-Neutral,360539,3
"Assam University, Silchar","Electronics and Communication Engineering (4 Years, Bachelor of Technology)",HS,OPEN,Gender-Neutral,240357,3
"Assam University, Silchar","Electronics and Communication Engineering (4 Years, Bachelor of Technology)",HS,EWS,Gender-Neutral,415680,4
"Assam University, Silchar","Electronics and Communication Engineering (4 Years, Bachelor of Technology)",HS,OBC- NCL,Gender-Neutral,580873,9
"Assam University, Silchar","Electronics and Communication Engineering (4 Years, Bachelor of Technology)",HS,SC,Gender-Neutral,470131,4
"Assam University, Silchar","Electronics and Communication Engineering (4 Years, Bachelor of Technology)",HS,SC,Female-only (including Supernumerary),443953,4
"Assam University, Silchar","Electronics and Communication Engineering (4 Years, Bachelor of Technology)",HS,ST,Gender-Neutral,533846,5
"Birla Institute of Technology, Mesra, Ranchi","Architecture (5 Years, Bachelor of Architecture)",AI,OPEN,Gender-Neutral,1900,2
"Birla Institute of Technology, Mesra, Ranchi","Architecture (5 Years, Bachelor of Architecture)",AI,EWS,Gender-Neutral,9746,9
"Birla Institute of Technology, Mesra, Ranchi","Architecture (5 Years, Bachelor of Architecture)",AI,SC,Gender-Neutral,8025,8
"Birla Institute of Technology, Mesra, Ranchi","Architecture (5 Years, Bachelor of Architecture)",AI,ST,Gender-Neutral,14227,1
"Birla Institute of Technology, Mesra, Ranchi","Architecture (5 Years, Bachelor of Architecture)",HS,OPEN,Gender-Neutral,9521,1
"Birla Institute of Technology, Mesra, Ranchi","Artificial Intelligence and Machine Learning (4 Years, Bachelor of Technology)",AI,OPEN,Gender-Neutral,26280,2
"Birla Institute of Technology, Mesra, Ranchi","Artificial Intelligence and Machine Learning (4 Years, Bachelor of Technology)",AI,OPEN,Female-only (including Supernumerary),39349,3
"Birla Institute of Technology, Mesra, Ranchi","Artificial Intelligence and Machine Learning (4 Years, Bachelor of Technology)",AI,EWS,Gender-Neutral,31199,3
"Birla Institute of Technology, Mesra, Ranchi","Artificial Intelligence and Machine Learning (4 Years, Bachelor of Technology)",AI,OBC- NCL,Gender-Neutral,33902,3
"Birla Institute of Technology, Mesra, Ranchi","Artificial Intelligence and Machine Learning (4 Years, Bachelor of Technology)",AI,SC,Gender-Neutral,172387,1
"Birla Institute of Technology, Mesra, Ranchi","Artificial Intelligence and Machine Learning (4 Years, Bachelor of Technology)",HS,OPEN,Gender-Neutral,38423,3
"Birla Institute of Technology, Mesra, Ranchi","Artificial Intelligence and Machine Learning (4 Years, Bachelor of Technology)",HS,ST,Gender-Neutral,663135,6
"Birla Institute of Technology, Mesra, Ranchi","Bio Technology (4 Years, Bachelor of Technology)",AI,OPEN,Gender-Neutral,90927,9
"Birla Institute of Technology, Mesra, Ranchi","Bio Technology (4 Years, Bachelor of Technology)",AI,EWS,Gender-Neutral,98956,9
"Birla Institute of Technology, Mesra, Ranchi","Bio Technology (4 Years, Bachelor of Technology)",AI,OBC- NCL,Gender-Neutral,117908,1
"Birla Institute of Technology, Mesra, Ranchi","Bio Technology (4 Years, Bachelor of Technology)",AI,SC,Gender-Neutral,311456,3
"Birla Institute of Technology, Mesra, Ranchi","Bio Technology (4 Years, Bachelor of Technology)",AI,ST,Gender-Neutral,699996,7
"Birla Institute of Technology, Mesra, Ranchi","Bio Technology (4 Years, Bachelor of Technology)",HS,OPEN,Gender-Neutral,194565,2
"Birla Institute of Technology, Mesra, Ranchi","Bio Technology (4 Years, Bachelor of Technology)",HS,OPEN,Female-only (including Supernumerary),140736,1
"Birla Institute of Technology, Mesra, Ranchi","Bio Technology (4 Years, Bachelor of Technology)",HS,EWS,Gender-Neutral,284419,2
"Birla Institute of Technology, Mesra, Ranchi","Chemical Engineering (4 Years, Bachelor of Technology)",AI,OPEN,Gender-Neutral,76030,8
"Birla Institute of Technology, Mesra, Ranchi","Chemical Engineering (4 Years, Bachelor of Technology)",AI,OPEN,Female-only (including Supernumerary),95695,1
"Birla Institute of Technology, Mesra, Ranchi","Chemical Engineering (4 Years, Bachelor of Technology)",AI,EWS,Gender-Neutral,92725,9
"Birla Institute of Technology, Mesra, Ranchi","Chemical Engineering (4 Years, Bachelor of Technology)",AI,OBC- NCL,Gender-Neutral,95700,1
"Birla Institute of Technology, Mesra, Ranchi","Chemical Engineering (4 Years, Bachelor of Technology)",AI,SC,Gender-Neutral,258025,2
"Birla Institute of Technology, Mesra, Ranchi","Chemical Engineering (4 Years, Bachelor of Technology)",AI,ST,Gender-Neutral,659642,8
"Birla Institute of Technology, Mesra, Ranchi","Chemical Engineering (4 Years, Bachelor of Technology)",HS,OPEN,Gender-Neutral,130985,1
"Birla Institute of Technology, Mesra, Ranchi","Chemical Engineering (4 Years, Bachelor of Technology)",HS,OPEN,Female-only (including Supernumerary),146783,1
"Birla Institute of Technology, Mesra, Ranchi","Chemical Engineering (4 Years, Bachelor of Technology)",HS,EWS,Gender-Neutral,181735,2
"Birla Institute of Technology, Mesra, Ranchi","Chemical Engineering (4 Years, Bachelor of Technology)",HS,SC,Gender-Neutral,482578,5
"Birla Institute of Technology, Mesra, Ranchi","Civil Engineering (4 Years, Bachelor of Technology)",AI,OPEN,Gender-Neutral,80151,8
"Birla Institute of Technology, Mesra, Ranchi","Civil Engineering (4 Years, Bachelor of Technology)",AI,OPEN,Female-only (including Supernumerary),93463,1
"Birla Institute of Technology, Mesra, Ranchi","Civil Engineering (4 Years, Bachelor of Technology)",AI,EWS,Gender-Neutral,86311,9
"Birla Institute of Technology, Mesra, Ranchi","Civil Engineering (4 Years, Bachelor of Technology)",AI,OBC- NCL,Gender-Neutral,92874,1
"Birla Institute of Technology, Mesra, Ranchi","Civil Engineering (4 Years, Bachelor of Technology)",AI,SC,Gender-Neutral,245759,2
"Birla Institute of Technology, Mesra, Ranchi","Civil Engineering (4 Years, Bachelor of Technology)",AI,ST,Gender-Neutral,336649,3
"Birla Institute of Technology, Mesra, Ranchi","Civil Engineering (4 Years, Bachelor of Technology)",HS,OPEN,Gender-Neutral,125342,1
"Birla Institute of Technology, Mesra, Ranchi","Civil Engineering (4 Years, Bachelor of Technology)",HS,OPEN,Female-only (including Supernumerary),156524,1
"Birla Institute of Technology, Mesra, Ranchi","Civil Engineering (4 Years, Bachelor of Technology)",HS,EWS,Gender-Neutral,183843,1
"Birla Institute of Technology, Mesra, Ranchi","Civil Engineering (4 Years, Bachelor of Technology)",HS,SC,Gender-Neutral,467536,4
"Birla Institute of Technology, Mesra, Ranchi","Computer Science and Engineering (4 Years, Bachelor of Technology)",AI,OPEN,Gender-Neutral,23015,2
"Birla Institute of Technology, Mesra, Ranchi","Computer Science and Engineering (4 Years, Bachelor of Technology)",AI,OPEN,Female-only (including Supernumerary),36461,3
"Birla Institute of Technology, Mesra, Ranchi","Computer Science and Engineering (4 Years, Bachelor of Technology)",AI,OBC- NCL,Gender-Neutral,32580,3
"Birla Institute of Technology, Mesra, Ranchi","Computer Science and Engineering (4 Years, Bachelor of Technology)",AI,SC,Gender-Neutral,162160,1
"Birla Institute of Technology, Mesra, Ranchi","Computer Science and Engineering (4 Years, Bachelor of Technology)",HS,OPEN,Gender-Neutral,34970,3
"Birla Institute of Technology, Mesra, Ranchi","Electrical and Electronics Engineering (4 Years, Bachelor of Technology)",AI,OPEN,Gender-Neutral,42806,4
"Birla Institute of Technology, Mesra, Ranchi","Electrical and Electronics Engineering (4 Years, Bachelor of Technology)",AI,OPEN,Female-only (including Supernumerary),58832,6
"Birla Institute of Technology, Mesra, Ranchi","Electrical and Electronics Engineering (4 Years, Bachelor of Technology)",AI,EWS,Gender-Neutral,65256,6
"Birla Institute of Technology, Mesra, Ranchi","Electrical and Electronics Engineering (4 Years, Bachelor of Technology)",AI,OBC- NCL,Gender-Neutral,58932,6
"Birla Institute of Technology, Mesra, Ranchi","Electrical and Electronics Engineering (4 Years, Bachelor of Technology)",AI,SC,Gender-Neutral,220314,2
"Birla Institute of Technology, Mesra, Ranchi","Electrical and Electronics Engineering (4 Years, Bachelor of Technology)",AI,ST,Gender-Neutral,429165,5
"Birla Institute of Technology, Mesra, Ranchi","Electrical and Electronics Engineering (4 Years, Bachelor of Technology)",HS,OPEN,Gender-Neutral,67405,6
"Birla Institute of Technology, Mesra, Ranchi","Electrical and Electronics Engineering (4 Years, Bachelor of Technology)",HS,OPEN,Female-only (including Supernumerary),84314,8
"Birla Institute of Technology, Mesra, Ranchi","Electrical and Electronics Engineering (4 Years, Bachelor of Technology)",HS,EWS,Gender-Neutral,90375,9
"Birla Institute of Technology, Mesra, Ranchi","Electrical and Electronics Engineering (4 Years, Bachelor of Technology)",HS,SC,Gender-Neutral,344154,3
"Birla Institute of Technology, Mesra, Ranchi","Electronics and Communication Engineering (4 Years, Bachelor of Technology)",AI,OPEN,Gender-Neutral,33965,3
"Birla Institute of Technology, Mesra, Ranchi","Electronics and Communication Engineering (4 Years, Bachelor of Technology)",AI,OPEN,Female-only (including Supernumerary),52836,5
"Birla Institute of Technology, Mesra, Ranchi","Electronics and Communication Engineering (4 Years, Bachelor of Technology)",AI,EWS,Gender-Neutral,43024,4
"Birla Institute of Technology, Mesra, Ranchi","Electronics and Communication Engineering (4 Years, Bachelor of Technology)",AI,OBC- NCL,Gender-Neutral,47406,5
"Birla Institute of Technology, Mesra, Ranchi","Electronics and Communication Engineering (4 Years, Bachelor of Technology)",AI,SC,Gender-Neutral,210590,2
"Birla Institute of Technology, Mesra, Ranchi","Electronics and Communication Engineering (4 Years, Bachelor of Technology)",AI,ST,Gender-Neutral,357784,3
"Birla Institute of Technology, Mesra, Ranchi","Electronics and Communication Engineering (4 Years, Bachelor of Technology)",HS,OPEN,Gender-Neutral,53676,5
"Birla Institute of Technology, Mesra, Ranchi","Electronics and Communication Engineering (4 Years, Bachelor of Technology)",HS,OPEN,Female-only (including Supernumerary),75993,7
"Birla Institute of Technology, Mesra, Ranchi","Electronics and Communication Engineering (4 Years, Bachelor of Technology)",HS,EWS,Gender-Neutral,78006,7
"Birla Institute of Technology, Mesra, Ranchi","Food Engineering and Technology (4 Years, Bachelor of Technology)",AI,OPEN,Gender-Neutral,123764,1
"Birla Institute of Technology, Mesra, Ranchi","Food Engineering and Technology (4 Years, Bachelor of Technology)",AI,OPEN,Female-only (including Supernumerary),127437,1
"Birla Institute of Technology, Mesra, Ranchi","Food Engineering and Technology (4 Years, Bachelor of Technology)",AI,EWS,Gender-Neutral,154012,1
"Birla Institute of Technology, Mesra, Ranchi","Food Engineering and Technology (4 Years, Bachelor of Technology)",AI,OBC- NCL,Gender-Neutral,145288,1
"Birla Institute of Technology, Mesra, Ranchi","Food Engineering and Technology (4 Years, Bachelor of Technology)",AI,SC,Gender-Neutral,341978,3
"Birla Institute of Technology, Mesra, Ranchi","Food Engineering and Technology (4 Years, Bachelor of Technology)",AI,ST,Gender-Neutral,793016,1
"Birla Institute of Technology, Mesra, Ranchi","Food Engineering and Technology (4 Years, Bachelor of Technology)",HS,OPEN,Gender-Neutral,234689,3
"Birla Institute of Technology, Mesra, Ranchi","Food Engineering and Technology (4 Years, Bachelor of Technology)",HS,OPEN,Female-only (including Supernumerary),223178,2
"Birla Institute of Technology, Mesra, Ranchi","Food Engineering and Technology (4 Years, Bachelor of Technology)",HS,EWS,Gender-Neutral,400525,4
"Birla Institute of Technology, Mesra, Ranchi","Mathematics and Computing (5 Years, Integrated Master of Science)",AI,OPEN,Gender-Neutral,48544,5
"Birla Institute of Technology, Mesra, Ranchi","Mathematics and Computing (5 Years, Integrated Master of Science)",AI,OPEN,Female-only (including Supernumerary),60079,6
"Birla Institute of Technology, Mesra, Ranchi","Mathematics and Computing (5 Years, Integrated Master of Science)",AI,EWS,Gender-Neutral,75722,7
"Birla Institute of Technology, Mesra, Ranchi","Mathematics and Computing (5 Years, Integrated Master of Science)",AI,OBC- NCL,Gender-Neutral,73391,7
"Birla Institute of Technology, Mesra, Ranchi","Mathematics and Computing (5 Years, Integrated Master of Science)",AI,ST,Gender-Neutral,549293,7
"Birla Institute of Technology, Mesra, Ranchi","Mathematics and Computing (5 Years, Integrated Master of Science)",HS,OPEN,Gender-Neutral,98422,9
"Birla Institute of Technology, Mesra, Ranchi","Mathematics and Computing (5 Years, Integrated Master of Science)",HS,EWS,Gender-Neutral,99581,1
"Birla Institute of Technology, Mesra, Ranchi","Mathematics and Computing (5 Years, Integrated Master of Science)",HS,SC,Gender-Neutral,509243,5
"Birla Institute of Technology, Mesra, Ranchi","Mechanical Engineering (4 Years, Bachelor of Technology)",AI,OPEN,Gender-Neutral,58876,6
"Birla Institute of Technology, Mesra, Ranchi","Mechanical Engineering (4 Years, Bachelor of Technology)",AI,OPEN,Female-only (including Supernumerary),82929,9
"Birla Institute of Technology, Mesra, Ranchi","Mechanical Engineering (4 Years, Bachelor of Technology)",AI,EWS,Gender-Neutral,77198,8
"Birla Institute of Technology, Mesra, Ranchi","Mechanical Engineering (4 Years, Bachelor of Technology)",AI,OBC- NCL,Gender-Neutral,81518,8
"Birla Institute of Technology, Mesra, Ranchi","Mechanical Engineering (4 Years, Bachelor of Technology)",AI,SC,Gender-Neutral,251420,2
"Birla Institute of Technology, Mesra, Ranchi","Mechanical Engineering (4 Years, Bachelor of Technology)",AI,ST,Gender-Neutral,555116,6
"Birla Institute of Technology, Mesra, Ranchi","Mechanical Engineering (4 Years, Bachelor of Technology)",HS,OPEN,Gender-Neutral,79395,8
"Birla Institute of Technology, Mesra, Ranchi","Mechanical Engineering (4 Years, Bachelor of Technology)",HS,OPEN,Female-only (including Supernumerary),133402,1
"Birla Institute of Technology, Mesra, Ranchi","Mechanical Engineering (4 Years, Bachelor of Technology)",HS,EWS,Gender-Neutral,116439,1
"Birla Institute of Technology, Mesra, Ranchi","Mechanical Engineering (4 Years, Bachelor of Technology)",HS,SC,Gender-Neutral,380211,3
"Birla Institute of Technology, Mesra, Ranchi","Physics (5 Years, Integrated Master of Science)",AI,OPEN,Gender-Neutral,100025,1
"Birla Institute of Technology, Mesra, Ranchi","Physics (5 Years, Integrated Master of Science)",AI,EWS,Gender-Neutral,148175,1
"Birla Institute of Technology, Mesra, Ranchi","Physics (5 Years, Integrated Master of Science)",AI,OBC- NCL,Gender-Neutral,123573,1
"Birla Institute of Technology, Mesra, Ranchi","Physics (5 Years, Integrated Master of Science)",AI,SC,Gender-Neutral,256434,2
"Birla Institute of Technology, Mesra, Ranchi","Physics (5 Years, Integrated Master of Science)",AI,ST,Gender-Neutral,801754,8
"Birla Institute of Technology, Mesra, Ranchi","Physics (5 Years, Integrated Master of Science)",HS,OPEN,Gender-Neutral,245110,2
"Birla Institute of Technology, Mesra, Ranchi","Physics (5 Years, Integrated Master of Science)",HS,OPEN,Female-only (including Supernumerary),276365,2
"Birla Institute of Technology, Mesra, Ranchi","Physics (5 Years, Integrated Master of Science)",HS,EWS,Gender-Neutral,1117306,1
"Birla Institute of Technology, Mesra, Ranchi","Production and Industrial Engineering (4 Years, Bachelor of Technology)",AI,OPEN,Gender-Neutral,87680,9
"Birla Institute of Technology, Mesra, Ranchi","Production and Industrial Engineering (4 Years, Bachelor of Technology)",AI,OPEN,Female-only (including Supernumerary),115110,1
"Birla Institute of Technology, Mesra, Ranchi","Production and Industrial Engineering (4 Years, Bachelor of Technology)",AI,EWS,Gender-Neutral,107442,1
"Birla Institute of Technology, Mesra, Ranchi","Production and Industrial Engineering (4 Years, Bachelor of Technology)",AI,OBC- NCL,Gender-Neutral,108013,1
"Birla Institute of Technology, Mesra, Ranchi","Production and Industrial Engineering (4 Years, Bachelor of Technology)",AI,SC,Gender-Neutral,299044,3
"Birla Institute of Technology, Mesra, Ranchi","Production and Industrial Engineering (4 Years, Bachelor of Technology)",AI,ST,Gender-Neutral,783772,1
"Birla Institute of Technology, Mesra, Ranchi","Production and Industrial Engineering (4 Years, Bachelor of Technology)",HS,OPEN,Gender-Neutral,183874,1
"Birla Institute of Technology, Mesra, Ranchi","Production and Industrial Engineering (4 Years, Bachelor of Technology)",HS,OPEN,Female-only (including Supernumerary),195287,2
"Birla Institute of Technology, Mesra, Ranchi","Production and Industrial Engineering (4 Years, Bachelor of Technology)",HS,EWS,Gender-Neutral,231495,2
"Birla Institute of Technology, Mesra, Ranchi","Production and Industrial Engineering (4 Years, Bachelor of Technology)",HS,SC,Gender-Neutral,577910,6
"Birla Institute of Technology, Mesra, Ranchi","Quantitative Economics & Data Science (5 Years, Integrated Master of Science)",AI,OPEN,Gender-Neutral,64224,6
"Birla Institute of Technology, Mesra, Ranchi","Quantitative Economics & Data Science (5 Years, Integrated Master of Science)",AI,OPEN,Female-only (including Supernumerary),85624,8
"Birla Institute of Technology, Mesra, Ranchi","Quantitative Economics & Data Science (5 Years, Integrated Master of Science)",AI,EWS,Gender-Neutral,82650,8
"Birla Institute of Technology, Mesra, Ranchi","Quantitative Economics & Data Science (5 Years, Integrated Master of Science)",AI,OBC- NCL,Gender-Neutral,80914,8
"Birla Institute of Technology, Mesra, Ranchi","Quantitative Economics & Data Science (5 Years, Integrated Master of Science)",AI,SC,Gender-Neutral,251376,2
"Birla Institute of Technology, Mesra, Ranchi","Quantitative Economics & Data Science (5 Years, Integrated Master of Science)",AI,ST,Gender-Neutral,740336,1
"Birla Institute of Technology, Mesra, Ranchi","Quantitative Economics & Data Science (5 Years, Integrated Master of Science)",HS,OPEN,Gender-Neutral,146075,1
"Gurukula Kangri Vishwavidyalaya, Haridwar","Computer Science and Engineering (4 Years, Bachelor of Technology)",AI,OPEN,Gender-Neutral,140502,1
"Gurukula Kangri Vishwavidyalaya, Haridwar","Computer Science and Engineering (4 Years, Bachelor of Technology)",AI,EWS,Gender-Neutral,172847,2
"Gurukula Kangri Vishwavidyalaya, Haridwar","Computer Science and Engineering (4 Years, Bachelor of Technology)",AI,OBC- NCL,Gender-Neutral,182166,2
"Gurukula Kangri Vishwavidyalaya, Haridwar","Computer Science and Engineering (4 Years, Bachelor of Technology)",AI,SC,Gender-Neutral,322645,3
"Gurukula Kangri Vishwavidyalaya, Haridwar","Computer Science and Engineering (4 Years, Bachelor of Technology)",AI,ST,Gender-Neutral,610921,7
"Gurukula Kangri Vishwavidyalaya, Haridwar","Electrical Engineering (4 Years, Bachelor of Technology)",AI,OPEN,Gender-Neutral,199673,3
"Gurukula Kangri Vishwavidyalaya, Haridwar","Electrical Engineering (4 Years, Bachelor of Technology)",AI,EWS,Gender-Neutral,320026,3
"Gurukula Kangri Vishwavidyalaya, Haridwar","Electrical Engineering (4 Years, Bachelor of Technology)",AI,OBC- NCL,Gender-Neutral,318909,4
"Gurukula Kangri Vishwavidyalaya, Haridwar","Electrical Engineering (4 Years, Bachelor of Technology)",AI,SC,Gender-Neutral,379767,4
"Gurukula Kangri Vishwavidyalaya, Haridwar","Electrical Engineering (4 Years, Bachelor of Technology)",AI,ST,Gender-Neutral,698230,1
"Gurukula Kangri Vishwavidyalaya, Haridwar","Electronics and Communication Engineering (4 Years, Bachelor of Technology)",AI,OPEN,Gender-Neutral,198767,2
"Gurukula Kangri Vishwavidyalaya, Haridwar","Electronics and Communication Engineering (4 Years, Bachelor of Technology)",AI,EWS,Gender-Neutral,253602,2
"Gurukula Kangri Vishwavidyalaya, Haridwar","Electronics and Communication Engineering (4 Years, Bachelor of Technology)",AI,OBC- NCL,Gender-Neutral,252365,3
"Gurukula Kangri Vishwavidyalaya, Haridwar","Electronics and Communication Engineering (4 Years, Bachelor of Technology)",AI,SC,Gender-Neutral,374489,4
"Gurukula Kangri Vishwavidyalaya, Haridwar","Electronics and Communication Engineering (4 Years, Bachelor of Technology)",AI,ST,Gender-Neutral,812848,1
"Gurukula Kangri Vishwavidyalaya, Haridwar","Mechanical Engineering (4 Years, Bachelor of Technology)",AI,OPEN,Gender-Neutral,298739,4
"Gurukula Kangri Vishwavidyalaya, Haridwar","Mechanical Engineering (4 Years, Bachelor of Technology)",AI,EWS,Gender-Neutral,439021,7
"Gurukula Kangri Vishwavidyalaya, Haridwar","Mechanical Engineering (4 Years, Bachelor of Technology)",AI,OBC- NCL,Gender-Neutral,455452,6
"Gurukula Kangri Vishwavidyalaya, Haridwar","Mechanical Engineering (4 Years, Bachelor of Technology)",AI,SC,Gender-Neutral,439109,4
"Indian Institute of Carpet Technology, Bhadohi","Carpet and Textile Technology (4 Years, Bachelor of Technology)",AI,OPEN,Gender-Neutral,479377,7
"Indian Institute of Carpet Technology, Bhadohi","Carpet and Textile Technology (4 Years, Bachelor of Technology)",AI,OPEN,Female-only (including Supernumerary),529772,5
"Indian Institute of Carpet Technology, Bhadohi","Carpet and Textile Technology (4 Years, Bachelor of Technology)",AI,OBC- NCL,Gender-Neutral,1285542,1
"Indian Institute of Carpet Technology, Bhadohi","Carpet and Textile Technology (4 Years, Bachelor of Technology)",AI,SC,Gender-Neutral,872520,9
"Indian Institute of Carpet Technology, Bhadohi","Carpet and Textile Technology (4 Years, Bachelor of Technology)",AI,SC,Female-only (including Supernumerary),890310,8
"Institute of Infrastructure, Technology, Research and Management- Ahmedabad","Civil Engineering (4 Years, Bachelor of Technology)",AI,OPEN,Gender-Neutral,148978,1
"Institute of Infrastructure, Technology, Research and Management- Ahmedabad","Civil Engineering (4 Years, Bachelor of Technology)",AI,EWS,Gender-Neutral,199218,2
"Institute of Infrastructure, Technology, Research and Management- Ahmedabad","Civil Engineering (4 Years, Bachelor of Technology)",AI,OBC- NCL,Gender-Neutral,211937,2
"Institute of Infrastructure, Technology, Research and Management- Ahmedabad","Civil Engineering (4 Years, Bachelor of Technology)",AI,SC,Gender-Neutral,356860,3
"Institute of Infrastructure, Technology, Research and Management- Ahmedabad","Civil Engineering (4 Years, Bachelor of Technology)",AI,ST,Gender-Neutral,535368,5
"Institute of Infrastructure, Technology, Research and Management- Ahmedabad","Computer Engineering (4 Years, Bachelor of Technology)",AI,OPEN,Gender-Neutral,67208,7
"Institute of Infrastructure, Technology, Research and Management- Ahmedabad","Computer Engineering (4 Years, Bachelor of Technology)",AI,EWS,Gender-Neutral,73553,7
"Institute of Infrastructure, Technology, Research and Management- Ahmedabad","Computer Engineering (4 Years, Bachelor of Technology)",AI,OBC- NCL,Gender-Neutral,80744,8
"Institute of Infrastructure, Technology, Research and Management- Ahmedabad","Computer Engineering (4 Years, Bachelor of Technology)",AI,OBC- NCL (PwD),Gender-Neutral,1378710,1
"Institute of Infrastructure, Technology, Research and Management- Ahmedabad","Computer Engineering (4 Years, Bachelor of Technology)",AI,SC,Gender-Neutral,246341,2
"Institute of Infrastructure, Technology, Research and Management- Ahmedabad","Computer Engineering (4 Years, Bachelor of Technology)",AI,ST,Gender-Neutral,417080,4
"Institute of Infrastructure, Technology, Research and Management- Ahmedabad","Electrical Engineering (4 Years, Bachelor of Technology)",AI,OPEN,Gender-Neutral,101944,1
"Institute of Infrastructure, Technology, Research and Management- Ahmedabad","Electrical Engineering (4 Years, Bachelor of Technology)",AI,EWS,Gender-Neutral,130880,1
"Institute of Infrastructure, Technology, Research and Management- Ahmedabad","Electrical Engineering (4 Years, Bachelor of Technology)",AI,OBC- NCL,Gender-Neutral,130459,1
"Institute of Infrastructure, Technology, Research and Management- Ahmedabad","Electrical Engineering (4 Years, Bachelor of Technology)",AI,SC,Gender-Neutral,303120,3
"Institute of Infrastructure, Technology, Research and Management- Ahmedabad","Electrical Engineering (4 Years, Bachelor of Technology)",AI,ST,Gender-Neutral,508918,6
"Institute of Infrastructure, Technology, Research and Management- Ahmedabad","Mechanical Engineering (4 Years, Bachelor of Technology)",AI,OPEN,Gender-Neutral,137890,1
"Institute of Infrastructure, Technology, Research and Management- Ahmedabad","Mechanical Engineering (4 Years, Bachelor of Technology)",AI,EWS,Gender-Neutral,156461,1
"Institute of Infrastructure, Technology, Research and Management- Ahmedabad","Mechanical Engineering (4 Years, Bachelor of Technology)",AI,OBC- NCL,Gender-Neutral,156168,2
"Institute of Infrastructure, Technology, Research and Management- Ahmedabad","Mechanical Engineering (4 Years, Bachelor of Technology)",AI,SC,Gender-Neutral,324042,3
"Institute of Infrastructure, Technology, Research and Management- Ahmedabad","Mechanical Engineering (4 Years, Bachelor of Technology)",AI,ST,Gender-Neutral,575811,6
"School of Studies of Engineering and Technology, Guru Ghasidas Vishwavidyalaya, Bilaspur","Animation and VFX (4 Years, Bachelor of Technology)",AI,OPEN,Gender-Neutral,212402,2
"School of Studies of Engineering and Technology, Guru Ghasidas Vishwavidyalaya, Bilaspur","Animation and VFX (4 Years, Bachelor of Technology)",AI,EWS,Gender-Neutral,263095,2
"School of Studies of Engineering and Technology, Guru Ghasidas Vishwavidyalaya, Bilaspur","Animation and VFX (4 Years, Bachelor of Technology)",AI,OBC- NCL,Gender-Neutral,262396,3
"School of Studies of Engineering and Technology, Guru Ghasidas Vishwavidyalaya, Bilaspur","Animation and VFX (4 Years, Bachelor of Technology)",AI,SC,Gender-Neutral,383503,4
"School of Studies of Engineering and Technology, Guru Ghasidas Vishwavidyalaya, Bilaspur","Animation and VFX (4 Years, Bachelor of Technology)",AI,ST,Gender-Neutral,749944,8
"School of Studies of Engineering and Technology, Guru Ghasidas Vishwavidyalaya, Bilaspur","Artificial Intelligence and Data Science (4 Years, Bachelor of Technology)",AI,OPEN,Gender-Neutral,124352,1
"School of Studies of Engineering and Technology, Guru Ghasidas Vishwavidyalaya, Bilaspur","Artificial Intelligence and Data Science (4 Years, Bachelor of Technology)",AI,EWS,Gender-Neutral,142068,1
"School of Studies of Engineering and Technology, Guru Ghasidas Vishwavidyalaya, Bilaspur","Artificial Intelligence and Data Science (4 Years, Bachelor of Technology)",AI,OBC- NCL,Gender-Neutral,145216,1
"School of Studies of Engineering and Technology, Guru Ghasidas Vishwavidyalaya, Bilaspur","Artificial Intelligence and Data Science (4 Years, Bachelor of Technology)",AI,SC,Gender-Neutral,316346,3
"School of Studies of Engineering and Technology, Guru Ghasidas Vishwavidyalaya, Bilaspur","Artificial Intelligence and Data Science (4 Years, Bachelor of Technology)",AI,ST,Gender-Neutral,477031,4
"School of Studies of Engineering and Technology, Guru Ghasidas Vishwavidyalaya, Bilaspur","Chemical Engineering (4 Years, Bachelor of Technology)",AI,OPEN,Gender-Neutral,279953,3
"School of Studies of Engineering and Technology, Guru Ghasidas Vishwavidyalaya, Bilaspur","Chemical Engineering (4 Years, Bachelor of Technology)",AI,EWS,Gender-Neutral,442345,5
"School of Studies of Engineering and Technology, Guru Ghasidas Vishwavidyalaya, Bilaspur","Chemical Engineering (4 Years, Bachelor of Technology)",AI,OBC- NCL,Gender-Neutral,366216,4
"School of Studies of Engineering and Technology, Guru Ghasidas Vishwavidyalaya, Bilaspur","Chemical Engineering (4 Years, Bachelor of Technology)",AI,SC,Gender-Neutral,443147,4
"School of Studies of Engineering and Technology, Guru Ghasidas Vishwavidyalaya, Bilaspur","Chemical Engineering (4 Years, Bachelor of Technology)",AI,ST,Gender-Neutral,856906,8
"School of Studies of Engineering and Technology, Guru Ghasidas Vishwavidyalaya, Bilaspur","Civil Engineering (4 Years, Bachelor of Technology)",AI,OPEN,Gender-Neutral,249117,3
"School of Studies of Engineering and Technology, Guru Ghasidas Vishwavidyalaya, Bilaspur","Civil Engineering (4 Years, Bachelor of Technology)",AI,EWS,Gender-Neutral,326403,4
"School of Studies of Engineering and Technology, Guru Ghasidas Vishwavidyalaya, Bilaspur","Civil Engineering (4 Years, Bachelor of Technology)",AI,OBC- NCL,Gender-Neutral,308256,4
"School of Studies of Engineering and Technology, Guru Ghasidas Vishwavidyalaya, Bilaspur","Civil Engineering (4 Years, Bachelor of Technology)",AI,SC,Gender-Neutral,417113,4
"School of Studies of Engineering and Technology, Guru Ghasidas Vishwavidyalaya, Bilaspur","Civil Engineering (4 Years, Bachelor of Technology)",AI,ST,Gender-Neutral,662392,7
"School of Studies of Engineering and Technology, Guru Ghasidas Vishwavidyalaya, Bilaspur","Computer Science and Engineering (4 Years, Bachelor of Technology)",AI,OPEN,Gender-Neutral,102111,1
"School of Studies of Engineering and Technology, Guru Ghasidas Vishwavidyalaya, Bilaspur","Computer Science and Engineering (4 Years, Bachelor of Technology)",AI,EWS,Gender-Neutral,124861,1
"School of Studies of Engineering and Technology, Guru Ghasidas Vishwavidyalaya, Bilaspur","Computer Science and Engineering (4 Years, Bachelor of Technology)",AI,OBC- NCL,Gender-Neutral,121280,1
"School of Studies of Engineering and Technology, Guru Ghasidas Vishwavidyalaya, Bilaspur","Computer Science and Engineering (4 Years, Bachelor of Technology)",AI,SC,Gender-Neutral,285607,2
"School of Studies of Engineering and Technology, Guru Ghasidas Vishwavidyalaya, Bilaspur","Computer Science and Engineering (4 Years, Bachelor of Technology)",AI,ST,Gender-Neutral,398996,4
"School of Studies of Engineering and Technology, Guru Ghasidas Vishwavidyalaya, Bilaspur","Electrical Engineering (4 Years, Bachelor of Technology)",AI,OPEN,Gender-Neutral,212661,2
"School of Studies of Engineering and Technology, Guru Ghasidas Vishwavidyalaya, Bilaspur","Electrical Engineering (4 Years, Bachelor of Technology)",AI,EWS,Gender-Neutral,242046,2
"School of Studies of Engineering and Technology, Guru Ghasidas Vishwavidyalaya, Bilaspur","Electrical Engineering (4 Years, Bachelor of Technology)",AI,OBC- NCL,Gender-Neutral,235875,2
"School of Studies of Engineering and Technology, Guru Ghasidas Vishwavidyalaya, Bilaspur","Electrical Engineering (4 Years, Bachelor of Technology)",AI,SC,Gender-Neutral,369925,4
"School of Studies of Engineering and Technology, Guru Ghasidas Vishwavidyalaya, Bilaspur","Electrical Engineering (4 Years, Bachelor of Technology)",AI,ST,Gender-Neutral,593082,5
"School of Studies of Engineering and Technology, Guru Ghasidas Vishwavidyalaya, Bilaspur","Electronics and Communication Engineering (4 Years, Bachelor of Technology)",AI,OPEN,Gender-Neutral,159323,1
"School of Studies of Engineering and Technology, Guru Ghasidas Vishwavidyalaya, Bilaspur","Electronics and Communication Engineering (4 Years, Bachelor of Technology)",AI,EWS,Gender-Neutral,184729,2
"School of Studies of Engineering and Technology, Guru Ghasidas Vishwavidyalaya, Bilaspur","Electronics and Communication Engineering (4 Years, Bachelor of Technology)",AI,OBC- NCL,Gender-Neutral,184341,2
"School of Studies of Engineering and Technology, Guru Ghasidas Vishwavidyalaya, Bilaspur","Electronics and Communication Engineering (4 Years, Bachelor of Technology)",AI,SC,Gender-Neutral,334560,3
"School of Studies of Engineering and Technology, Guru Ghasidas Vishwavidyalaya, Bilaspur","Electronics and Communication Engineering (4 Years, Bachelor of Technology)",AI,ST,Gender-Neutral,609698,7
"School of Studies of Engineering and Technology, Guru Ghasidas Vishwavidyalaya, Bilaspur","Industrial and Production Engineering (4 Years, Bachelor of Technology)",AI,OPEN,Gender-Neutral,359673,4
"School of Studies of Engineering and Technology, Guru Ghasidas Vishwavidyalaya, Bilaspur","Industrial and Production Engineering (4 Years, Bachelor of Technology)",AI,EWS,Gender-Neutral,519950,8
"School of Studies of Engineering and Technology, Guru Ghasidas Vishwavidyalaya, Bilaspur","Industrial and Production Engineering (4 Years, Bachelor of Technology)",AI,OBC- NCL,Gender-Neutral,530544,8
"School of Studies of Engineering and Technology, Guru Ghasidas Vishwavidyalaya, Bilaspur","Industrial and Production Engineering (4 Years, Bachelor of Technology)",AI,SC,Gender-Neutral,469416,4
"School of Studies of Engineering and Technology, Guru Ghasidas Vishwavidyalaya, Bilaspur","Industrial and Production Engineering (4 Years, Bachelor of Technology)",AI,ST,Gender-Neutral,855981,1
"School of Studies of Engineering and Technology, Guru Ghasidas Vishwavidyalaya, Bilaspur","Information Technology (4 Years, Bachelor of Technology)",AI,OPEN,Gender-Neutral,143923,1
"School of Studies of Engineering and Technology, Guru Ghasidas Vishwavidyalaya, Bilaspur","Information Technology (4 Years, Bachelor of Technology)",AI,EWS,Gender-Neutral,165686,1
"School of Studies of Engineering and Technology, Guru Ghasidas Vishwavidyalaya, Bilaspur","Information Technology (4 Years, Bachelor of Technology)",AI,OBC- NCL,Gender-Neutral,164137,1
"School of Studies of Engineering and Technology, Guru Ghasidas Vishwavidyalaya, Bilaspur","Information Technology (4 Years, Bachelor of Technology)",AI,SC,Gender-Neutral,326377,3
"School of Studies of Engineering and Technology, Guru Ghasidas Vishwavidyalaya, Bilaspur","Information Technology (4 Years, Bachelor of Technology)",AI,ST,Gender-Neutral,568931,6
"School of Studies of Engineering and Technology, Guru Ghasidas Vishwavidyalaya, Bilaspur","Mechanical Engineering (4 Years, Bachelor of Technology)",AI,OPEN,Gender-Neutral,234588,2
"School of Studies of Engineering and Technology, Guru Ghasidas Vishwavidyalaya, Bilaspur","Mechanical Engineering (4 Years, Bachelor of Technology)",AI,EWS,Gender-Neutral,286141,3
"School of Studies of Engineering and Technology, Guru Ghasidas Vishwavidyalaya, Bilaspur","Mechanical Engineering (4 Years, Bachelor of Technology)",AI,OBC- NCL,Gender-Neutral,288187,3
"School of Studies of Engineering and Technology, Guru Ghasidas Vishwavidyalaya, Bilaspur","Mechanical Engineering (4 Years, Bachelor of Technology)",AI,SC,Gender-Neutral,427561,4
"School of Studies of Engineering and Technology, Guru Ghasidas Vishwavidyalaya, Bilaspur","Mechanical Engineering (4 Years, Bachelor of Technology)",AI,ST,Gender-Neutral,709068,7
"J.K. Institute of Applied Physics & Technology, Department of Electronics & Communication, University of Allahabad- Allahabad","Computer Science and Engineering with Major in Artificial Intelligence (4 Years, Bachelor of Technology)",AI,OPEN,Gender-Neutral,73234,7
"J.K. Institute of Applied Physics & Technology, Department of Electronics & Communication, University of Allahabad- Allahabad","Computer Science and Engineering with Major in Artificial Intelligence (4 Years, Bachelor of Technology)",AI,EWS,Gender-Neutral,87646,8
"J.K. Institute of Applied Physics & Technology, Department of Electronics & Communication, University of Allahabad- Allahabad","Computer Science and Engineering with Major in Artificial Intelligence (4 Years, Bachelor of Technology)",AI,OBC- NCL,Gender-Neutral,87095,9
"J.K. Institute of Applied Physics & Technology, Department of Electronics & Communication, University of Allahabad- Allahabad","Computer Science and Engineering with Major in Artificial Intelligence (4 Years, Bachelor of Technology)",AI,SC,Gender-Neutral,242186,2
"J.K. Institute of Applied Physics & Technology, Department of Electronics & Communication, University of Allahabad- Allahabad","Computer Science and Engineering with Major in Artificial Intelligence (4 Years, Bachelor of Technology)",AI,ST,Gender-Neutral,496312,4
"J.K. Institute of Applied Physics & Technology, Department of Electronics & Communication, University of Allahabad- Allahabad","Electronics and Communication Engineering (4 Years, Bachelor of Technology)",AI,OPEN,Gender-Neutral,97678,1
"J.K. Institute of Applied Physics & Technology, Department of Electronics & Communication, University of Allahabad- Allahabad","Electronics and Communication Engineering (4 Years, Bachelor of Technology)",AI,EWS,Gender-Neutral,112911,1
"J.K. Institute of Applied Physics & Technology, Department of Electronics & Communication, University of Allahabad- Allahabad","Electronics and Communication Engineering (4 Years, Bachelor of Technology)",AI,OBC- NCL,Gender-Neutral,120991,1
"J.K. Institute of Applied Physics & Technology, Department of Electronics & Communication, University of Allahabad- Allahabad","Electronics and Communication Engineering (4 Years, Bachelor of Technology)",AI,SC,Gender-Neutral,292561,2
"J.K. Institute of Applied Physics & Technology, Department of Electronics & Communication, University of Allahabad- Allahabad","Electronics and Communication Engineering (4 Years, Bachelor of Technology)",AI,ST,Gender-Neutral,499317,6
"National Institute of Electronics and Information Technology, Aurangabad (Maharashtra)","Computer Science and Engineering (4 Years, Bachelor of Technology)",AI,OPEN,Gender-Neutral,75918,8
"National Institute of Electronics and Information Technology, Aurangabad (Maharashtra)","Computer Science and Engineering (4 Years, Bachelor of Technology)",AI,EWS,Gender-Neutral,94806,1
"National Institute of Electronics and Information Technology, Aurangabad (Maharashtra)","Computer Science and Engineering (4 Years, Bachelor of Technology)",AI,OBC- NCL,Gender-Neutral,90861,1
"National Institute of Electronics and Information Technology, Aurangabad (Maharashtra)","Computer Science and Engineering (4 Years, Bachelor of Technology)",AI,ST,Gender-Neutral,400779,4
"National Institute of Electronics and Information Technology, Aurangabad (Maharashtra)","Electronic Engineering (4 Years, Bachelor of Technology)",AI,OPEN,Gender-Neutral,106706,1
"National Institute of Electronics and Information Technology, Aurangabad (Maharashtra)","Electronic Engineering (4 Years, Bachelor of Technology)",AI,EWS,Gender-Neutral,132894,1
"National Institute of Electronics and Information Technology, Aurangabad (Maharashtra)","Electronic Engineering (4 Years, Bachelor of Technology)",AI,OBC- NCL,Gender-Neutral,127305,1
"National Institute of Electronics and Information Technology, Aurangabad (Maharashtra)","Electronic Engineering (4 Years, Bachelor of Technology)",AI,SC,Gender-Neutral,256468,2
"National Institute of Electronics and Information Technology, Aurangabad (Maharashtra)","Electronic Engineering (4 Years, Bachelor of Technology)",AI,ST,Gender-Neutral,442497,5
"National Institute of Advanced Manufacturing Technology, Ranchi","Computer Engineering (4 Years, Bachelor of Technology)",AI,OPEN,Gender-Neutral,76290,8
"National Institute of Advanced Manufacturing Technology, Ranchi","Computer Engineering (4 Years, Bachelor of Technology)",AI,EWS,Gender-Neutral,82788,8
"National Institute of Advanced Manufacturing Technology, Ranchi","Computer Engineering (4 Years, Bachelor of Technology)",AI,OBC- NCL,Gender-Neutral,86128,9
"National Institute of Advanced Manufacturing Technology, Ranchi","Computer Engineering (4 Years, Bachelor of Technology)",AI,OBC- NCL,Female-only (including Supernumerary),120311,1
"National Institute of Advanced Manufacturing Technology, Ranchi","Computer Engineering (4 Years, Bachelor of Technology)",AI,SC,Female-only (including Supernumerary),266334,2
"National Institute of Advanced Manufacturing Technology, Ranchi","Computer Engineering (4 Years, Bachelor of Technology)",AI,ST,Gender-Neutral,444510,4
"National Institute of Advanced Manufacturing Technology, Ranchi","Computer Engineering (4 Years, Bachelor of Technology)",AI,ST,Female-only (including Supernumerary),440467,4
"National Institute of Advanced Manufacturing Technology, Ranchi","Mechanical Engineering (4 Years, Bachelor of Technology)",AI,OPEN,Gender-Neutral,91102,9
"National Institute of Advanced Manufacturing Technology, Ranchi","Mechanical Engineering (4 Years, Bachelor of Technology)",AI,OPEN,Female-only (including Supernumerary),116767,1
"National Institute of Advanced Manufacturing Technology, Ranchi","Mechanical Engineering (4 Years, Bachelor of Technology)",AI,EWS,Gender-Neutral,100793,1
"National Institute of Advanced Manufacturing Technology, Ranchi","Mechanical Engineering (4 Years, Bachelor of Technology)",AI,EWS,Female-only (including Supernumerary),161735,1
"National Institute of Advanced Manufacturing Technology, Ranchi","Mechanical Engineering (4 Years, Bachelor of Technology)",AI,OBC- NCL,Gender-Neutral,104490,1
"National Institute of Advanced Manufacturing Technology, Ranchi","Mechanical Engineering (4 Years, Bachelor of Technology)",AI,OBC- NCL,Female-only (including Supernumerary),149854,1
"National Institute of Advanced Manufacturing Technology, Ranchi","Mechanical Engineering (4 Years, Bachelor of Technology)",AI,SC,Gender-Neutral,259356,2
"National Institute of Advanced Manufacturing Technology, Ranchi","Mechanical Engineering (4 Years, Bachelor of Technology)",AI,SC,Female-only (including Supernumerary),319880,3
"National Institute of Advanced Manufacturing Technology, Ranchi","Mechanical Engineering (4 Years, Bachelor of Technology)",AI,ST,Gender-Neutral,485804,4
"National Institute of Advanced Manufacturing Technology, Ranchi","Mechanical Engineering (4 Years, Bachelor of Technology)",AI,ST,Female-only (including Supernumerary),517322,5
"National Institute of Advanced Manufacturing Technology, Ranchi","Metallurgy and Materials Engineering (4 Years, Bachelor of Technology)",AI,OPEN,Gender-Neutral,97977,1
"National Institute of Advanced Manufacturing Technology, Ranchi","Metallurgy and Materials Engineering (4 Years, Bachelor of Technology)",AI,OPEN,Female-only (including Supernumerary),138758,1
"National Institute of Advanced Manufacturing Technology, Ranchi","Metallurgy and Materials Engineering (4 Years, Bachelor of Technology)",AI,EWS,Gender-Neutral,103940,1
"National Institute of Advanced Manufacturing Technology, Ranchi","Metallurgy and Materials Engineering (4 Years, Bachelor of Technology)",AI,OBC- NCL,Gender-Neutral,117699,1
"National Institute of Advanced Manufacturing Technology, Ranchi","Metallurgy and Materials Engineering (4 Years, Bachelor of Technology)",AI,OBC- NCL,Female-only (including Supernumerary),160930,1
"National Institute of Advanced Manufacturing Technology, Ranchi","Metallurgy and Materials Engineering (4 Years, Bachelor of Technology)",AI,SC,Gender-Neutral,305985,3
"National Institute of Advanced Manufacturing Technology, Ranchi","Metallurgy and Materials Engineering (4 Years, Bachelor of Technology)",AI,SC,Female-only (including Supernumerary),351947,3
"National Institute of Advanced Manufacturing Technology, Ranchi","Metallurgy and Materials Engineering (4 Years, Bachelor of Technology)",AI,ST,Gender-Neutral,518405,6
"National Institute of Advanced Manufacturing Technology, Ranchi","Production and Industrial Engineering (4 Years, Bachelor of Technology)",AI,OPEN,Gender-Neutral,127215,1
"National Institute of Advanced Manufacturing Technology, Ranchi","Production and Industrial Engineering (4 Years, Bachelor of Technology)",AI,OPEN,Female-only (including Supernumerary),180295,1
"National Institute of Advanced Manufacturing Technology, Ranchi","Production and Industrial Engineering (4 Years, Bachelor of Technology)",AI,EWS,Gender-Neutral,148415,1
"National Institute of Advanced Manufacturing Technology, Ranchi","Production and Industrial Engineering (4 Years, Bachelor of Technology)",AI,OBC- NCL,Gender-Neutral,145023,1
"National Institute of Advanced Manufacturing Technology, Ranchi","Production and Industrial Engineering (4 Years, Bachelor of Technology)",AI,OBC- NCL,Female-only (including Supernumerary),200958,2
"National Institute of Advanced Manufacturing Technology, Ranchi","Production and Industrial Engineering (4 Years, Bachelor of Technology)",AI,SC,Gender-Neutral,319402,3
"National Institute of Advanced Manufacturing Technology, Ranchi","Production and Industrial Engineering (4 Years, Bachelor of Technology)",AI,SC,Female-only (including Supernumerary),420534,4
"National Institute of Advanced Manufacturing Technology, Ranchi","Production and Industrial Engineering (4 Years, Bachelor of Technology)",AI,ST,Gender-Neutral,600871,6
"National Institute of Advanced Manufacturing Technology, Ranchi","Production and Industrial Engineering (4 Years, Bachelor of Technology)",AI,ST,Female-only (including Supernumerary),801519,8
Sant Longowal Institute of Engineering and Technology,"Artificial Intelligence and Data Science (4 Years, Bachelor of Technology)",AI,OPEN,Gender-Neutral,94025,9
Sant Longowal Institute of Engineering and Technology,"Artificial Intelligence and Data Science (4 Years, Bachelor of Technology)",AI,EWS,Gender-Neutral,98226,1
Sant Longowal Institute of Engineering and Technology,"Artificial Intelligence and Data Science (4 Years, Bachelor of Technology)",AI,OBC- NCL,Gender-Neutral,109721,1
Sant Longowal Institute of Engineering and Technology,"Artificial Intelligence and Data Science (4 Years, Bachelor of Technology)",AI,SC,Gender-Neutral,274267,2
Sant Longowal Institute of Engineering and Technology,"Artificial Intelligence and Data Science (4 Years, Bachelor of Technology)",AI,ST,Gender-Neutral,457678,5
Sant Longowal Institute of Engineering and Technology,"Chemical Engineering (4 Years, Bachelor of Technology)",AI,OPEN,Gender-Neutral,219792,2
Sant Longowal Institute of Engineering and Technology,"Chemical Engineering (4 Years, Bachelor of Technology)",AI,EWS,Gender-Neutral,289151,3
Sant Longowal Institute of Engineering and Technology,"Chemical Engineering (4 Years, Bachelor of Technology)",AI,OBC- NCL,Gender-Neutral,292746,3
Sant Longowal Institute of Engineering and Technology,"Chemical Engineering (4 Years, Bachelor of Technology)",AI,SC,Gender-Neutral,331595,4
Sant Longowal Institute of Engineering and Technology,"Chemical Engineering (4 Years, Bachelor of Technology)",AI,ST,Gender-Neutral,1063866,1
Sant Longowal Institute of Engineering and Technology,"Chemistry (5 Years, Integrated Master of Science)",AI,OPEN,Gender-Neutral,319133,4
Sant Longowal Institute of Engineering and Technology,"Chemistry (5 Years, Integrated Master of Science)",AI,EWS,Gender-Neutral,558333,5
Sant Longowal Institute of Engineering and Technology,"Chemistry (5 Years, Integrated Master of Science)",AI,OBC- NCL,Gender-Neutral,593700,6
Sant Longowal Institute of Engineering and Technology,"Chemistry (5 Years, Integrated Master of Science)",AI,SC,Gender-Neutral,443071,4
Sant Longowal Institute of Engineering and Technology,"Civil Engineering (4 Years, Bachelor of Technology)",AI,OPEN,Gender-Neutral,219659,2
Sant Longowal Institute of Engineering and Technology,"Civil Engineering (4 Years, Bachelor of Technology)",AI,EWS,Gender-Neutral,289026,3
Sant Longowal Institute of Engineering and Technology,"Civil Engineering (4 Years, Bachelor of Technology)",AI,OBC- NCL,Gender-Neutral,267659,3
Sant Longowal Institute of Engineering and Technology,"Civil Engineering (4 Years, Bachelor of Technology)",AI,SC,Gender-Neutral,367293,3
Sant Longowal Institute of Engineering and Technology,"Civil Engineering (4 Years, Bachelor of Technology)",AI,ST,Gender-Neutral,399483,5
Sant Longowal Institute of Engineering and Technology,"Computer Science and Engineering (4 Years, Bachelor of Technology)",AI,OPEN,Gender-Neutral,86699,9
Sant Longowal Institute of Engineering and Technology,"Computer Science and Engineering (4 Years, Bachelor of Technology)",AI,EWS,Gender-Neutral,103826,1
Sant Longowal Institute of Engineering and Technology,"Computer Science and Engineering (4 Years, Bachelor of Technology)",AI,OBC- NCL,Gender-Neutral,103110,1
Sant Longowal Institute of Engineering and Technology,"Computer Science and Engineering (4 Years, Bachelor of Technology)",AI,SC,Gender-Neutral,260573,2
Sant Longowal Institute of Engineering and Technology,"Computer Science and Engineering (4 Years, Bachelor of Technology)",AI,ST,Gender-Neutral,499611,6
Sant Longowal Institute of Engineering and Technology,"Computer Science and Engineering (5 Years, Bachelor and Master of Technology (Dual Degree))",AI,OPEN,Gender-Neutral,107989,1
Sant Longowal Institute of Engineering and Technology,"Computer Science and Engineering (5 Years, Bachelor and Master of Technology (Dual Degree))",AI,EWS,Gender-Neutral,127330,1
Sant Longowal Institute of Engineering and Technology,"Computer Science and Engineering (5 Years, Bachelor and Master of Technology (Dual Degree))",AI,OBC- NCL,Gender-Neutral,124491,1
Sant Longowal Institute of Engineering and Technology,"Computer Science and Engineering (5 Years, Bachelor and Master of Technology (Dual Degree))",AI,SC,Gender-Neutral,295161,2
Sant Longowal Institute of Engineering and Technology,"Computer Science and Engineering (5 Years, Bachelor and Master of Technology (Dual Degree))",AI,ST,Gender-Neutral,622191,6
Sant Longowal Institute of Engineering and Technology,"Electrical Engineering (4 Years, Bachelor of Technology)",AI,OPEN,Gender-Neutral,136146,1
Sant Longowal Institute of Engineering and Technology,"Electrical Engineering (4 Years, Bachelor of Technology)",AI,EWS,Gender-Neutral,163792,1
Sant Longowal Institute of Engineering and Technology,"Electrical Engineering (4 Years, Bachelor of Technology)",AI,OBC- NCL,Gender-Neutral,164273,1
Sant Longowal Institute of Engineering and Technology,"Electrical Engineering (4 Years, Bachelor of Technology)",AI,SC,Gender-Neutral,327750,3
Sant Longowal Institute of Engineering and Technology,"Electrical Engineering (4 Years, Bachelor of Technology)",AI,ST,Gender-Neutral,677630,6
Sant Longowal Institute of Engineering and Technology,"Electrical Engineering (5 Years, Bachelor and Master of Technology (Dual Degree))",AI,OPEN,Gender-Neutral,173284,1
Sant Longowal Institute of Engineering and Technology,"Electrical Engineering (5 Years, Bachelor and Master of Technology (Dual Degree))",AI,EWS,Gender-Neutral,223330,2
Sant Longowal Institute of Engineering and Technology,"Electrical Engineering (5 Years, Bachelor and Master of Technology (Dual Degree))",AI,OBC- NCL,Gender-Neutral,219831,2
Sant Longowal Institute of Engineering and Technology,"Electrical Engineering (5 Years, Bachelor and Master of Technology (Dual Degree))",AI,SC,Gender-Neutral,359109,3
Sant Longowal Institute of Engineering and Technology,"Electrical Engineering (5 Years, Bachelor and Master of Technology (Dual Degree))",AI,ST,Gender-Neutral,1036603,1
Sant Longowal Institute of Engineering and Technology,"Electronics and Communication Engineering (4 Years, Bachelor of Technology)",AI,OPEN,Gender-Neutral,107957,1
Sant Longowal Institute of Engineering and Technology,"Electronics and Communication Engineering (4 Years, Bachelor of Technology)",AI,EWS,Gender-Neutral,125556,1
Sant Longowal Institute of Engineering and Technology,"Electronics and Communication Engineering (4 Years, Bachelor of Technology)",AI,OBC- NCL,Gender-Neutral,124466,1
Sant Longowal Institute of Engineering and Technology,"Electronics and Communication Engineering (4 Years, Bachelor of Technology)",AI,SC,Gender-Neutral,273433,2
Sant Longowal Institute of Engineering and Technology,"Electronics and Communication Engineering (4 Years, Bachelor of Technology)",AI,ST,Gender-Neutral,550199,5
Sant Longowal Institute of Engineering and Technology,"Food Technology (4 Years, Bachelor of Technology)",AI,OPEN,Gender-Neutral,371022,5
Sant Longowal Institute of Engineering and Technology,"Food Technology (4 Years, Bachelor of Technology)",AI,EWS,Gender-Neutral,742559,9
Sant Longowal Institute of Engineering and Technology,"Food Technology (4 Years, Bachelor of Technology)",AI,OBC- NCL,Gender-Neutral,550569,1
Sant Longowal Institute of Engineering and Technology,"Food Technology (4 Years, Bachelor of Technology)",AI,SC,Gender-Neutral,507692,5
Sant Longowal Institute of Engineering and Technology,"Instrumentation and Control Engineering (4 Years, Bachelor of Technology)",AI,OPEN,Gender-Neutral,217266,2
Sant Longowal Institute of Engineering and Technology,"Instrumentation and Control Engineering (4 Years, Bachelor of Technology)",AI,EWS,Gender-Neutral,261630,3
Sant Longowal Institute of Engineering and Technology,"Instrumentation and Control Engineering (4 Years, Bachelor of Technology)",AI,OBC- NCL,Gender-Neutral,280534,3
Sant Longowal Institute of Engineering and Technology,"Instrumentation and Control Engineering (4 Years, Bachelor of Technology)",AI,SC,Gender-Neutral,416821,4
Sant Longowal Institute of Engineering and Technology,"Mathematics (5 Years, Integrated Master of Science)",AI,OPEN,Gender-Neutral,308335,3
Sant Longowal Institute of Engineering and Technology,"Mathematics (5 Years, Integrated Master of Science)",AI,EWS,Gender-Neutral,526851,5
Sant Longowal Institute of Engineering and Technology,"Mathematics (5 Years, Integrated Master of Science)",AI,OBC- NCL,Gender-Neutral,367861,4
Sant Longowal Institute of Engineering and Technology,"Mathematics (5 Years, Integrated Master of Science)",AI,SC,Gender-Neutral,364869,3
Sant Longowal Institute of Engineering and Technology,"Mechanical Engineering (4 Years, Bachelor of Technology)",AI,OPEN,Gender-Neutral,176946,2
Sant Longowal Institute of Engineering and Technology,"Mechanical Engineering (4 Years, Bachelor of Technology)",AI,EWS,Gender-Neutral,222603,2
Sant Longowal Institute of Engineering and Technology,"Mechanical Engineering (4 Years, Bachelor of Technology)",AI,OBC- NCL,Gender-Neutral,222949,2
Sant Longowal Institute of Engineering and Technology,"Mechanical Engineering (4 Years, Bachelor of Technology)",AI,SC,Gender-Neutral,386221,4
Sant Longowal Institute of Engineering and Technology,"Mechanical Engineering (4 Years, Bachelor of Technology)",AI,ST,Gender-Neutral,710062,9
Sant Longowal Institute of Engineering and Technology,"Mechanical Engineering (5 Years, Bachelor and Master of Technology (Dual Degree))",AI,OPEN,Gender-Neutral,241386,2
Sant Longowal Institute of Engineering and Technology,"Mechanical Engineering (5 Years, Bachelor and Master of Technology (Dual Degree))",AI,EWS,Gender-Neutral,381889,4
Sant Longowal Institute of Engineering and Technology,"Mechanical Engineering (5 Years, Bachelor and Master of Technology (Dual Degree))",AI,OBC- NCL,Gender-Neutral,301920,4
Sant Longowal Institute of Engineering and Technology,"Mechanical Engineering (5 Years, Bachelor and Master of Technology (Dual Degree))",AI,SC,Gender-Neutral,420511,4
Sant Longowal Institute of Engineering and Technology,"Physics (5 Years, Integrated Master of Science)",AI,OPEN,Gender-Neutral,210462,2
Sant Longowal Institute of Engineering and Technology,"Physics (5 Years, Integrated Master of Science)",AI,EWS,Gender-Neutral,364714,3
Sant Longowal Institute of Engineering and Technology,"Physics (5 Years, Integrated Master of Science)",AI,OBC- NCL,Gender-Neutral,312550,3
Sant Longowal Institute of Engineering and Technology,"Physics (5 Years, Integrated Master of Science)",AI,SC,Gender-Neutral,418947,4
"Mizoram University, Aizawl","Architecture (5 Years, Bachelor of Architecture)",AI,OPEN,Gender-Neutral,2141,2
"Mizoram University, Aizawl","Architecture (5 Years, Bachelor of Architecture)",AI,SC,Gender-Neutral,9885,1
"Mizoram University, Aizawl","Architecture (5 Years, Bachelor of Architecture)",AI,ST,Gender-Neutral,17397,1
"Mizoram University, Aizawl","Civil Engineering (4 Years, Bachelor of Technology)",AI,OPEN,Gender-Neutral,284912,3
"Mizoram University, Aizawl","Civil Engineering (4 Years, Bachelor of Technology)",AI,EWS,Gender-Neutral,432837,4
"Mizoram University, Aizawl","Civil Engineering (4 Years, Bachelor of Technology)",AI,SC,Gender-Neutral,439978,4
"Mizoram University, Aizawl","Civil Engineering (4 Years, Bachelor of Technology)",AI,ST,Gender-Neutral,768975,7
"Mizoram University, Aizawl","Computer Engineering (4 Years, Bachelor of Technology)",AI,OPEN,Gender-Neutral,175413,1
"Mizoram University, Aizawl","Computer Engineering (4 Years, Bachelor of Technology)",AI,EWS,Gender-Neutral,207676,2
"Mizoram University, Aizawl","Computer Engineering (4 Years, Bachelor of Technology)",AI,SC,Gender-Neutral,327401,3
"Mizoram University, Aizawl","Computer Engineering (4 Years, Bachelor of Technology)",AI,ST,Gender-Neutral,693371,8
"Mizoram University, Aizawl","Electrical Engineering (4 Years, Bachelor of Technology)",AI,OPEN,Gender-Neutral,243441,2
"Mizoram University, Aizawl","Electrical Engineering (4 Years, Bachelor of Technology)",AI,EWS,Gender-Neutral,265011,2
"Mizoram University, Aizawl","Electrical Engineering (4 Years, Bachelor of Technology)",AI,SC,Gender-Neutral,420246,4
"Mizoram University, Aizawl","Electrical Engineering (4 Years, Bachelor of Technology)",AI,ST,Gender-Neutral,1169799,1
"Mizoram University, Aizawl","Electronics and Communication Engineering (4 Years, Bachelor of Technology)",AI,OPEN,Gender-Neutral,221156,2
"Mizoram University, Aizawl","Electronics and Communication Engineering (4 Years, Bachelor of Technology)",AI,EWS,Gender-Neutral,248279,2
"Mizoram University, Aizawl","Electronics and Communication Engineering (4 Years, Bachelor of Technology)",AI,SC,Gender-Neutral,387450,4
"Mizoram University, Aizawl","Electronics and Communication Engineering (4 Years, Bachelor of Technology)",AI,ST,Gender-Neutral,854039,8
"Mizoram University, Aizawl","Information Technology (4 Years, Bachelor of Technology)",AI,OPEN,Gender-Neutral,186488,2
"Mizoram University, Aizawl","Information Technology (4 Years, Bachelor of Technology)",AI,EWS,Gender-Neutral,218850,2
"Mizoram University, Aizawl","Information Technology (4 Years, Bachelor of Technology)",AI,SC,Gender-Neutral,380184,3
"Mizoram University, Aizawl","Information Technology (4 Years, Bachelor of Technology)",AI,ST,Gender-Neutral,715762,7
"School of Engineering, Tezpur University, Napaam, Tezpur","B.Tech. (Civil Engineering) - MBA (5 Years, Bachelor of Technology and MBA (Dual Degree))",AI,OPEN,Gender-Neutral,195352,1
"School of Engineering, Tezpur University, Napaam, Tezpur","B.Tech. (Civil Engineering) - MBA (5 Years, Bachelor of Technology and MBA (Dual Degree))",AI,SC,Gender-Neutral,380846,3
"School of Engineering, Tezpur University, Napaam, Tezpur","B.Tech. (Computer Science and Engineering) - MBA (5 Years, Bachelor of Technology and MBA (Dual Degree))",AI,SC,Gender-Neutral,262771,2
"School of Engineering, Tezpur University, Napaam, Tezpur","B.Tech. (Elctrical Engineering) - MBA (5 Years, Bachelor of Technology and MBA (Dual Degree))",AI,OPEN,Gender-Neutral,130994,1
"School of Engineering, Tezpur University, Napaam, Tezpur","B.Tech. (Elctrical Engineering) - MBA (5 Years, Bachelor of Technology and MBA (Dual Degree))",AI,EWS,Gender-Neutral,138372,1
"School of Engineering, Tezpur University, Napaam, Tezpur","B.Tech. (Elctrical Engineering) - MBA (5 Years, Bachelor of Technology and MBA (Dual Degree))",AI,OBC- NCL,Gender-Neutral,151475,1
"School of Engineering, Tezpur University, Napaam, Tezpur","B.Tech. (Elctrical Engineering) - MBA (5 Years, Bachelor of Technology and MBA (Dual Degree))",AI,ST,Gender-Neutral,630944,6
"School of Engineering, Tezpur University, Napaam, Tezpur","B.Tech. (Electronics and Communication Engineering) - MBA (5 Years, Bachelor of Technology and MBA (Dual Degree))",AI,SC,Gender-Neutral,334401,3
"School of Engineering, Tezpur University, Napaam, Tezpur","B.Tech. (Food Engineering and Technology) - MBA (5 Years, Bachelor of Technology and MBA (Dual Degree))",AI,OPEN,Gender-Neutral,229932,2
"School of Engineering, Tezpur University, Napaam, Tezpur","B.Tech. (Food Engineering and Technology) - MBA (5 Years, Bachelor of Technology and MBA (Dual Degree))",AI,OBC- NCL,Gender-Neutral,362216,4
"School of Engineering, Tezpur University, Napaam, Tezpur","B.Tech. (Food Engineering and Technology) - MBA (5 Years, Bachelor of Technology and MBA (Dual Degree))",AI,SC,Gender-Neutral,468804,4
"School of Engineering, Tezpur University, Napaam, Tezpur","B.Tech. (Mechanical Engineering) - MBA (5 Years, Bachelor of Technology and MBA (Dual Degree))",AI,OPEN,Gender-Neutral,162110,1
"School of Engineering, Tezpur University, Napaam, Tezpur","B.Tech. (Mechanical Engineering) - MBA (5 Years, Bachelor of Technology and MBA (Dual Degree))",AI,OBC- NCL,Gender-Neutral,225202,2
"School of Engineering, Tezpur University, Napaam, Tezpur","Bachelor of Design (4 Years, Bachelor of Design)",AI,OPEN,Gender-Neutral,149173,1
"School of Engineering, Tezpur University, Napaam, Tezpur","Bachelor of Design (4 Years, Bachelor of Design)",AI,OBC- NCL,Gender-Neutral,225917,2
"School of Engineering, Tezpur University, Napaam, Tezpur","Civil Engineering (4 Years, Bachelor of Technology)",AI,OPEN,Gender-Neutral,170036,1
"School of Engineering, Tezpur University, Napaam, Tezpur","Civil Engineering (4 Years, Bachelor of Technology)",AI,EWS,Gender-Neutral,196527,1
"School of Engineering, Tezpur University, Napaam, Tezpur","Civil Engineering (4 Years, Bachelor of Technology)",AI,OBC- NCL,Gender-Neutral,205463,2
"School of Engineering, Tezpur University, Napaam, Tezpur","Civil Engineering (4 Years, Bachelor of Technology)",AI,SC,Gender-Neutral,329158,3
"School of Engineering, Tezpur University, Napaam, Tezpur","Civil Engineering (4 Years, Bachelor of Technology)",AI,ST,Gender-Neutral,355620,3
"School of Engineering, Tezpur University, Napaam, Tezpur","Computer Science and Engineering (4 Years, Bachelor of Technology)",AI,OPEN,Gender-Neutral,78293,7
"School of Engineering, Tezpur University, Napaam, Tezpur","Computer Science and Engineering (4 Years, Bachelor of Technology)",AI,OBC- NCL,Gender-Neutral,95947,1
"School of Engineering, Tezpur University, Napaam, Tezpur","Computer Science and Engineering (4 Years, Bachelor of Technology)",AI,SC,Gender-Neutral,242156,2
"School of Engineering, Tezpur University, Napaam, Tezpur","Electrical Engineering (4 Years, Bachelor of Technology)",AI,OPEN,Gender-Neutral,114215,1
"School of Engineering, Tezpur University, Napaam, Tezpur","Electrical Engineering (4 Years, Bachelor of Technology)",AI,EWS,Gender-Neutral,127505,1
"School of Engineering, Tezpur University, Napaam, Tezpur","Electrical Engineering (4 Years, Bachelor of Technology)",AI,OBC- NCL,Gender-Neutral,136449,1
"School of Engineering, Tezpur University, Napaam, Tezpur","Electrical Engineering (4 Years, Bachelor of Technology)",AI,SC,Gender-Neutral,263885,2
"School of Engineering, Tezpur University, Napaam, Tezpur","Electronics and Communication Engineering (4 Years, Bachelor of Technology)",AI,OPEN,Gender-Neutral,103584,1
"School of Engineering, Tezpur University, Napaam, Tezpur","Electronics and Communication Engineering (4 Years, Bachelor of Technology)",AI,EWS,Gender-Neutral,111239,1
"School of Engineering, Tezpur University, Napaam, Tezpur","Electronics and Communication Engineering (4 Years, Bachelor of Technology)",AI,OBC- NCL,Gender-Neutral,109999,1
"School of Engineering, Tezpur University, Napaam, Tezpur","Electronics and Communication Engineering (4 Years, Bachelor of Technology)",AI,ST,Gender-Neutral,355458,3
"School of Engineering, Tezpur University, Napaam, Tezpur","Food Engineering and Technology (4 Years, Bachelor of Technology)",AI,OPEN,Gender-Neutral,246536,3
"School of Engineering, Tezpur University, Napaam, Tezpur","Food Engineering and Technology (4 Years, Bachelor of Technology)",AI,EWS,Gender-Neutral,372110,3
"School of Engineering, Tezpur University, Napaam, Tezpur","Food Engineering and Technology (4 Years, Bachelor of Technology)",AI,OBC- NCL,Gender-Neutral,472287,5
"School of Engineering, Tezpur University, Napaam, Tezpur","Food Engineering and Technology (4 Years, Bachelor of Technology)",AI,SC,Gender-Neutral,431675,4
"School of Engineering, Tezpur University, Napaam, Tezpur","Mechanical Engineering (4 Years, Bachelor of Technology)",AI,OPEN,Gender-Neutral,141619,1
"School of Engineering, Tezpur University, Napaam, Tezpur","Mechanical Engineering (4 Years, Bachelor of Technology)",AI,EWS,Gender-Neutral,168265,1
"School of Engineering, Tezpur University, Napaam, Tezpur","Mechanical Engineering (4 Years, Bachelor of Technology)",AI,OBC- NCL,Gender-Neutral,175941,2
"School of Engineering, Tezpur University, Napaam, Tezpur","Mechanical Engineering (4 Years, Bachelor of Technology)",AI,SC,Gender-Neutral,301649,3
"School of Planning & Architecture, Bhopal","Architecture (5 Years, Bachelor of Architecture)",AI,OPEN,Gender-Neutral,703,7
"School of Planning & Architecture, Bhopal","Architecture (5 Years, Bachelor of Architecture)",AI,OBC- NCL,Gender-Neutral,2158,2
"School of Planning & Architecture, Bhopal","Architecture (5 Years, Bachelor of Architecture)",AI,SC,Gender-Neutral,6943,6
"School of Planning & Architecture, Bhopal","Planning (4 Years, Bachelor of Planning)",AI,OPEN,Gender-Neutral,1158,1
"School of Planning & Architecture, Bhopal","Planning (4 Years, Bachelor of Planning)",AI,EWS,Gender-Neutral,10677,1
"School of Planning & Architecture, Bhopal","Planning (4 Years, Bachelor of Planning)",AI,OBC- NCL,Gender-Neutral,4178,4
"School of Planning & Architecture, Bhopal","Planning (4 Years, Bachelor of Planning)",AI,ST,Gender-Neutral,15333,1
"School of Planning & Architecture, New Delhi","Architecture (5 Years, Bachelor of Architecture)",AI,OBC- NCL,Gender-Neutral,1501,1
"School of Planning & Architecture, New Delhi","Architecture (5 Years, Bachelor of Architecture)",AI,SC,Gender-Neutral,4749,4
"School of Planning & Architecture, New Delhi","Planning (4 Years, Bachelor of Planning)",AI,EWS,Gender-Neutral,6088,6
"School of Planning & Architecture, New Delhi","Planning (4 Years, Bachelor of Planning)",AI,OBC- NCL,Gender-Neutral,2786,2
"School of Planning & Architecture, New Delhi","Planning (4 Years, Bachelor of Planning)",AI,ST,Gender-Neutral,8021,8
School of Planning & Architecture: Vijayawada,"Architecture (5 Years, Bachelor of Architecture)",AI,OPEN,Gender-Neutral,775,7
School of Planning & Architecture: Vijayawada,"Architecture (5 Years, Bachelor of Architecture)",AI,OBC- NCL,Gender-Neutral,1784,1
School of Planning & Architecture: Vijayawada,"Architecture (5 Years, Bachelor of Architecture)",AI,ST,Gender-Neutral,8576,8
School of Planning & Architecture: Vijayawada,"Planning (4 Years, Bachelor of Planning)",AI,OPEN,Gender-Neutral,1271,1
School of Planning & Architecture: Vijayawada,"Planning (4 Years, Bachelor of Planning)",AI,OBC- NCL,Gender-Neutral,4505,4
School of Planning & Architecture: Vijayawada,"Planning (4 Years, Bachelor of Planning)",AI,SC,Gender-Neutral,6499,6
School of Planning & Architecture: Vijayawada,"Planning (4 Years, Bachelor of Planning)",AI,ST,Gender-Neutral,10459,1
"Shri Mata Vaishno Devi University, Katra, Jammu & Kashmir","Architecture (5 Years, Bachelor of Architecture)",AI,OPEN,Gender-Neutral,2210,2
"Shri Mata Vaishno Devi University, Katra, Jammu & Kashmir","Architecture (5 Years, Bachelor of Architecture)",AI,EWS,Gender-Neutral,15987,1
"Shri Mata Vaishno Devi University, Katra, Jammu & Kashmir","Architecture (5 Years, Bachelor of Architecture)",AI,OBC- NCL,Gender-Neutral,5124,5
"Shri Mata Vaishno Devi University, Katra, Jammu & Kashmir","Architecture (5 Years, Bachelor of Architecture)",AI,SC,Gender-Neutral,9743,1
"Shri Mata Vaishno Devi University, Katra, Jammu & Kashmir","Architecture (5 Years, Bachelor of Architecture)",AI,ST,Gender-Neutral,22041,2
"Shri Mata Vaishno Devi University, Katra, Jammu & Kashmir","B.Tech in Mathematics and Computing (4 Years, Bachelor of Technology)",AI,OPEN,Gender-Neutral,134131,1
"Shri Mata Vaishno Devi University, Katra, Jammu & Kashmir","B.Tech in Mathematics and Computing (4 Years, Bachelor of Technology)",AI,EWS,Gender-Neutral,159142,1
"Shri Mata Vaishno Devi University, Katra, Jammu & Kashmir","B.Tech in Mathematics and Computing (4 Years, Bachelor of Technology)",AI,OBC- NCL,Gender-Neutral,162286,1
"Shri Mata Vaishno Devi University, Katra, Jammu & Kashmir","B.Tech in Mathematics and Computing (4 Years, Bachelor of Technology)",AI,SC,Gender-Neutral,348133,3
"Shri Mata Vaishno Devi University, Katra, Jammu & Kashmir","B.Tech in Mathematics and Computing (4 Years, Bachelor of Technology)",AI,ST,Gender-Neutral,672155,6
"Shri Mata Vaishno Devi University, Katra, Jammu & Kashmir","Bio Technology (4 Years, Bachelor of Technology)",AI,OPEN,Gender-Neutral,264060,2
"Shri Mata Vaishno Devi University, Katra, Jammu & Kashmir","Bio Technology (4 Years, Bachelor of Technology)",AI,EWS,Gender-Neutral,394285,3
"Shri Mata Vaishno Devi University, Katra, Jammu & Kashmir","Bio Technology (4 Years, Bachelor of Technology)",AI,OBC- NCL,Gender-Neutral,308639,4
"Shri Mata Vaishno Devi University, Katra, Jammu & Kashmir","Bio Technology (4 Years, Bachelor of Technology)",AI,SC,Gender-Neutral,389246,4
"Shri Mata Vaishno Devi University, Katra, Jammu & Kashmir","Civil Engineering (4 Years, Bachelor of Technology)",AI,OPEN,Gender-Neutral,262076,3
"Shri Mata Vaishno Devi University, Katra, Jammu & Kashmir","Civil Engineering (4 Years, Bachelor of Technology)",AI,EWS,Gender-Neutral,423201,5
"Shri Mata Vaishno Devi University, Katra, Jammu & Kashmir","Civil Engineering (4 Years, Bachelor of Technology)",AI,OBC- NCL,Gender-Neutral,332857,4
"Shri Mata Vaishno Devi University, Katra, Jammu & Kashmir","Civil Engineering (4 Years, Bachelor of Technology)",AI,SC,Gender-Neutral,400145,4
"Shri Mata Vaishno Devi University, Katra, Jammu & Kashmir","Computer Science and Engineering (4 Years, Bachelor of Technology)",AI,OPEN,Gender-Neutral,103351,1
"Shri Mata Vaishno Devi University, Katra, Jammu & Kashmir","Computer Science and Engineering (4 Years, Bachelor of Technology)",AI,EWS,Gender-Neutral,127515,1
"Shri Mata Vaishno Devi University, Katra, Jammu & Kashmir","Computer Science and Engineering (4 Years, Bachelor of Technology)",AI,OBC- NCL,Gender-Neutral,129104,1
"Shri Mata Vaishno Devi University, Katra, Jammu & Kashmir","Computer Science and Engineering (4 Years, Bachelor of Technology)",AI,SC,Gender-Neutral,279646,3
"Shri Mata Vaishno Devi University, Katra, Jammu & Kashmir","Computer Science and Engineering (4 Years, Bachelor of Technology)",AI,ST,Gender-Neutral,536356,6
"Shri Mata Vaishno Devi University, Katra, Jammu & Kashmir","Electrical Engineering (4 Years, Bachelor of Technology)",AI,OPEN,Gender-Neutral,173630,2
"Shri Mata Vaishno Devi University, Katra, Jammu & Kashmir","Electrical Engineering (4 Years, Bachelor of Technology)",AI,EWS,Gender-Neutral,233634,2
"Shri Mata Vaishno Devi University, Katra, Jammu & Kashmir","Electrical Engineering (4 Years, Bachelor of Technology)",AI,OBC- NCL,Gender-Neutral,241878,2
"Shri Mata Vaishno Devi University, Katra, Jammu & Kashmir","Electrical Engineering (4 Years, Bachelor of Technology)",AI,SC,Gender-Neutral,398514,4
"Shri Mata Vaishno Devi University, Katra, Jammu & Kashmir","Electrical Engineering (4 Years, Bachelor of Technology)",AI,ST,Gender-Neutral,596969,5
"Shri Mata Vaishno Devi University, Katra, Jammu & Kashmir","Electronics and Communication Engineering (4 Years, Bachelor of Technology)",AI,OPEN,Gender-Neutral,155056,1
"Shri Mata Vaishno Devi University, Katra, Jammu & Kashmir","Electronics and Communication Engineering (4 Years, Bachelor of Technology)",AI,EWS,Gender-Neutral,193218,2
"Shri Mata Vaishno Devi University, Katra, Jammu & Kashmir","Electronics and Communication Engineering (4 Years, Bachelor of Technology)",AI,OBC- NCL,Gender-Neutral,193441,2
"Shri Mata Vaishno Devi University, Katra, Jammu & Kashmir","Electronics and Communication Engineering (4 Years, Bachelor of Technology)",AI,SC,Gender-Neutral,360352,3
"Shri Mata Vaishno Devi University, Katra, Jammu & Kashmir","Electronics and Communication Engineering (4 Years, Bachelor of Technology)",AI,ST,Gender-Neutral,636844,8
"Shri Mata Vaishno Devi University, Katra, Jammu & Kashmir","Mechanical Engineering (4 Years, Bachelor of Technology)",AI,OPEN,Gender-Neutral,200291,2
"Shri Mata Vaishno Devi University, Katra, Jammu & Kashmir","Mechanical Engineering (4 Years, Bachelor of Technology)",AI,EWS,Gender-Neutral,265010,2
"Shri Mata Vaishno Devi University, Katra, Jammu & Kashmir","Mechanical Engineering (4 Years, Bachelor of Technology)",AI,OBC- NCL,Gender-Neutral,266862,2
"Shri Mata Vaishno Devi University, Katra, Jammu & Kashmir","Mechanical Engineering (4 Years, Bachelor of Technology)",AI,SC,Gender-Neutral,387622,4
"Shri Mata Vaishno Devi University, Katra, Jammu & Kashmir","Robotics and AI (4 Years, Bachelor of Technology)",AI,OPEN,Gender-Neutral,134882,1
"Shri Mata Vaishno Devi University, Katra, Jammu & Kashmir","Robotics and AI (4 Years, Bachelor of Technology)",AI,EWS,Gender-Neutral,156522,1
"Shri Mata Vaishno Devi University, Katra, Jammu & Kashmir","Robotics and AI (4 Years, Bachelor of Technology)",AI,OBC- NCL,Gender-Neutral,157333,1
"Shri Mata Vaishno Devi University, Katra, Jammu & Kashmir","Robotics and AI (4 Years, Bachelor of Technology)",AI,SC,Gender-Neutral,338450,3
"Shri Mata Vaishno Devi University, Katra, Jammu & Kashmir","Robotics and AI (4 Years, Bachelor of Technology)",AI,ST,Gender-Neutral,734578,7
"International Institute of Information Technology, Naya Raipur","Computer Science and Engineering (4 Years, Bachelor of Technology)",AI,EWS,Gender-Neutral,27402,2
"International Institute of Information Technology, Naya Raipur","Computer Science and Engineering (4 Years, Bachelor of Technology)",AI,OBC- NCL,Gender-Neutral,28971,2
"International Institute of Information Technology, Naya Raipur","Computer Science and Engineering (4 Years, Bachelor of Technology)",AI,OBC- NCL,Female-only (including Supernumerary),63878,6
"International Institute of Information Technology, Naya Raipur","Data Science and Artificial Intelligence (4 Years, Bachelor of Technology)",AI,OPEN,Gender-Neutral,27762,2
"International Institute of Information Technology, Naya Raipur","Data Science and Artificial Intelligence (4 Years, Bachelor of Technology)",AI,OPEN,Female-only (including Supernumerary),41937,4
"International Institute of Information Technology, Naya Raipur","Data Science and Artificial Intelligence (4 Years, Bachelor of Technology)",AI,OBC- NCL,Gender-Neutral,34662,3
"International Institute of Information Technology, Naya Raipur","Electronics and Communication Engineering (4 Years, Bachelor of Technology)",AI,OPEN,Gender-Neutral,33818,3
"International Institute of Information Technology, Naya Raipur","Electronics and Communication Engineering (4 Years, Bachelor of Technology)",AI,OPEN,Female-only (including Supernumerary),54339,5
"International Institute of Information Technology, Naya Raipur","Electronics and Communication Engineering (4 Years, Bachelor of Technology)",AI,EWS,Gender-Neutral,41228,4
"International Institute of Information Technology, Naya Raipur","Electronics and Communication Engineering (4 Years, Bachelor of Technology)",AI,EWS,Female-only (including Supernumerary),67020,6
"International Institute of Information Technology, Naya Raipur","Electronics and Communication Engineering (4 Years, Bachelor of Technology)",AI,OBC- NCL,Gender-Neutral,41774,4
"International Institute of Information Technology, Naya Raipur","Electronics and Communication Engineering (4 Years, Bachelor of Technology)",AI,OBC- NCL,Female-only (including Supernumerary),77611,7
"International Institute of Information Technology, Naya Raipur","Electronics and Communication Engineering (4 Years, Bachelor of Technology)",AI,SC,Gender-Neutral,182994,1
"International Institute of Information Technology, Naya Raipur","Electronics and Communication Engineering (4 Years, Bachelor of Technology)",AI,SC,Female-only (including Supernumerary),243842,2
University of Hyderabad,"Computer Science and Engineering (5 Years, Bachelor and Master of Technology (Dual Degree))",AI,OPEN,Gender-Neutral,42217,4
University of Hyderabad,"Computer Science and Engineering (5 Years, Bachelor and Master of Technology (Dual Degree))",AI,OBC- NCL,Gender-Neutral,53005,5
University of Hyderabad,"Computer Science and Engineering for DASA-CIWG (5 Years, Bachelor and Master of Technology (Dual Degree))",DC,OPEN,Gender-Neutral,664049,6
University of Hyderabad,"Materials Engineering (5 Years, Integrated Master of Technology)",AI,OPEN,Gender-Neutral,103118,1
University of Hyderabad,"Materials Engineering (5 Years, Integrated Master of Technology)",AI,OPEN (PwD),Gender-Neutral,1104307,1
University of Hyderabad,"Materials Engineering (5 Years, Integrated Master of Technology)",AI,EWS,Gender-Neutral,121186,1
University of Hyderabad,"Materials Engineering (5 Years, Integrated Master of Technology)",AI,OBC- NCL,Gender-Neutral,130029,1
University of Hyderabad,"Materials Engineering (5 Years, Integrated Master of Technology)",AI,SC,Gender-Neutral,250979,2
University of Hyderabad,"Materials Engineering (5 Years, Integrated Master of Technology)",AI,ST,Gender-Neutral,397186,3
"Punjab Engineering College, Chandigarh","Aerospace Engineering (4 Years, Bachelor of Technology)",AI,EWS,Gender-Neutral,54425,5
"Punjab Engineering College, Chandigarh","Aerospace Engineering (4 Years, Bachelor of Technology)",HS,OPEN,Gender-Neutral,79184,7
"Punjab Engineering College, Chandigarh","Aerospace Engineering (4 Years, Bachelor of Technology)",OS,OPEN,Gender-Neutral,40443,4
"Punjab Engineering College, Chandigarh","Aerospace Engineering (4 Years, Bachelor of Technology)",OS,EWS,Gender-Neutral,57505,5
"Punjab Engineering College, Chandigarh","Aerospace Engineering (4 Years, Bachelor of Technology)",OS,SC,Gender-Neutral,160371,1
"Punjab Engineering College, Chandigarh","Civil Engineering (4 Years, Bachelor of Technology)",AI,EWS,Gender-Neutral,77378,8
"Punjab Engineering College, Chandigarh","Civil Engineering (4 Years, Bachelor of Technology)",HS,OPEN,Gender-Neutral,183629,2
"Punjab Engineering College, Chandigarh","Civil Engineering (4 Years, Bachelor of Technology)",HS,SC,Gender-Neutral,536650,5
"Punjab Engineering College, Chandigarh","Civil Engineering (4 Years, Bachelor of Technology)",OS,OPEN,Gender-Neutral,68061,7
"Punjab Engineering College, Chandigarh","Civil Engineering (4 Years, Bachelor of Technology)",OS,EWS,Gender-Neutral,82131,9
"Punjab Engineering College, Chandigarh","Civil Engineering (4 Years, Bachelor of Technology)",OS,SC,Gender-Neutral,220478,2
"Punjab Engineering College, Chandigarh","Computer Science and Engineering (4 Years, Bachelor of Technology)",OS,OPEN,Gender-Neutral,15393,1
"Punjab Engineering College, Chandigarh","Computer Science Engineering (Data Science) (4 Years, B. Tech / B. Tech (Hons.))",OS,OPEN,Gender-Neutral,17838,1
"Punjab Engineering College, Chandigarh","Electrical Engineering (4 Years, Bachelor of Technology)",HS,OPEN,Gender-Neutral,69765,6
"Punjab Engineering College, Chandigarh","Electrical Engineering (4 Years, Bachelor of Technology)",HS,SC,Gender-Neutral,363311,3
"Punjab Engineering College, Chandigarh","Electrical Engineering (4 Years, Bachelor of Technology)",OS,OPEN,Gender-Neutral,30601,3
"Punjab Engineering College, Chandigarh","Electrical Engineering (4 Years, Bachelor of Technology)",OS,SC,Gender-Neutral,167011,1
"Punjab Engineering College, Chandigarh","Electronics and Communication Engineering (4 Years, Bachelor of Technology)",HS,OPEN,Gender-Neutral,43074,4
"Punjab Engineering College, Chandigarh","Electronics and Communication Engineering (4 Years, Bachelor of Technology)",OS,OPEN,Gender-Neutral,22685,2
"Punjab Engineering College, Chandigarh","Electronics and Communication Engineering (4 Years, Bachelor of Technology)",OS,EWS,Gender-Neutral,26581,2
"Punjab Engineering College, Chandigarh","Electronics and Communication Engineering (4 Years, Bachelor of Technology)",OS,SC,Gender-Neutral,135601,1
"Punjab Engineering College, Chandigarh","Electronics Engineering (VLSI Design and Technology) (4 Years, Bachelor of Technology)",HS,OPEN,Gender-Neutral,48107,4
"Punjab Engineering College, Chandigarh","Electronics Engineering (VLSI Design and Technology) (4 Years, Bachelor of Technology)",OS,OPEN,Gender-Neutral,24832,2
"Punjab Engineering College, Chandigarh","Electronics Engineering (VLSI Design and Technology) (4 Years, Bachelor of Technology)",OS,EWS,Gender-Neutral,27240,2
"Punjab Engineering College, Chandigarh","Mathematics and Computing (4 Years, Bachelor of Technology)",OS,OPEN,Gender-Neutral,20008,2
"Punjab Engineering College, Chandigarh","Mechanical Engineering (4 Years, Bachelor of Technology)",AI,EWS,Gender-Neutral,50157,5
"Punjab Engineering College, Chandigarh","Mechanical Engineering (4 Years, Bachelor of Technology)",HS,OPEN,Gender-Neutral,105966,1
"Punjab Engineering College, Chandigarh","Mechanical Engineering (4 Years, Bachelor of Technology)",HS,SC,Gender-Neutral,372136,3
"Punjab Engineering College, Chandigarh","Mechanical Engineering (4 Years, Bachelor of Technology)",OS,OPEN,Gender-Neutral,43867,4
"Punjab Engineering College, Chandigarh","Mechanical Engineering (4 Years, Bachelor of Technology)",OS,EWS,Gender-Neutral,59261,6
"Punjab Engineering College, Chandigarh","Mechanical Engineering (4 Years, Bachelor of Technology)",OS,ST,Gender-Neutral,429545,4
"Punjab Engineering College, Chandigarh","Metallurgical and Materials Engineering (4 Years, Bachelor of Technology)",AI,EWS,Gender-Neutral,85982,8
"Punjab Engineering College, Chandigarh","Metallurgical and Materials Engineering (4 Years, Bachelor of Technology)",HS,OPEN,Gender-Neutral,261187,3
"Punjab Engineering College, Chandigarh","Metallurgical and Materials Engineering (4 Years, Bachelor of Technology)",HS,SC,Gender-Neutral,568303,5
"Punjab Engineering College, Chandigarh","Metallurgical and Materials Engineering (4 Years, Bachelor of Technology)",OS,OPEN,Gender-Neutral,71814,7
"Punjab Engineering College, Chandigarh","Metallurgical and Materials Engineering (4 Years, Bachelor of Technology)",OS,EWS,Gender-Neutral,94485,9
"Punjab Engineering College, Chandigarh","Metallurgical and Materials Engineering (4 Years, Bachelor of Technology)",OS,SC,Gender-Neutral,219312,2
"Punjab Engineering College, Chandigarh","Production and Industrial Engineering (4 Years, Bachelor of Technology)",AI,EWS,Gender-Neutral,62491,6
"Punjab Engineering College, Chandigarh","Production and Industrial Engineering (4 Years, Bachelor of Technology)",HS,OPEN,Gender-Neutral,124010,1
"Punjab Engineering College, Chandigarh","Production and Industrial Engineering (4 Years, Bachelor of Technology)",OS,OPEN,Gender-Neutral,58285,5
"Punjab Engineering College, Chandigarh","Production and Industrial Engineering (4 Years, Bachelor of Technology)",OS,EWS,Gender-Neutral,66171,6
"Punjab Engineering College, Chandigarh","Production and Industrial Engineering (4 Years, Bachelor of Technology)",OS,ST,Gender-Neutral,557360,5
"Jawaharlal Nehru University, Delhi","Computer Science and Engineering (4 Years, Bachelor of Technology)",AI,OPEN,Gender-Neutral,36505,3
"Jawaharlal Nehru University, Delhi","Computer Science and Engineering (4 Years, Bachelor of Technology)",AI,OBC- NCL,Gender-Neutral,48331,4
"Jawaharlal Nehru University, Delhi","Electronics and Communication Engineering (4 Years, Bachelor of Technology)",AI,OPEN,Gender-Neutral,49291,5
"Jawaharlal Nehru University, Delhi","Electronics and Communication Engineering (4 Years, Bachelor of Technology)",AI,OPEN (PwD),Gender-Neutral,1156644,1
"Jawaharlal Nehru University, Delhi","Electronics and Communication Engineering (4 Years, Bachelor of Technology)",AI,EWS,Gender-Neutral,57901,5
"Jawaharlal Nehru University, Delhi","Electronics and Communication Engineering (4 Years, Bachelor of Technology)",AI,OBC- NCL,Gender-Neutral,60957,6
"Jawaharlal Nehru University, Delhi","Electronics and Communication Engineering (4 Years, Bachelor of Technology)",AI,SC,Gender-Neutral,179230,1
"Jawaharlal Nehru University, Delhi","Electronics and Communication Engineering (4 Years, Bachelor of Technology)",AI,ST,Gender-Neutral,296100,2
"International Institute of Information Technology, Bhubaneswar","Computer Engineering (4 Years, Bachelor of Technology)",AI,OPEN,Gender-Neutral,55081,5
"International Institute of Information Technology, Bhubaneswar","Computer Engineering (4 Years, Bachelor of Technology)",AI,EWS,Gender-Neutral,57875,6
"International Institute of Information Technology, Bhubaneswar","Computer Engineering (4 Years, Bachelor of Technology)",AI,OBC- NCL,Gender-Neutral,69328,7
"International Institute of Information Technology, Bhubaneswar","Computer Engineering (4 Years, Bachelor of Technology)",AI,SC,Gender-Neutral,218608,2
"International Institute of Information Technology, Bhubaneswar","Computer Science and Engineering (4 Years, Bachelor of Technology)",AI,OPEN,Gender-Neutral,42519,4
"International Institute of Information Technology, Bhubaneswar","Computer Science and Engineering (4 Years, Bachelor of Technology)",AI,EWS,Gender-Neutral,54807,5
"International Institute of Information Technology, Bhubaneswar","Computer Science and Engineering (4 Years, Bachelor of Technology)",AI,OBC- NCL,Gender-Neutral,60002,6
"International Institute of Information Technology, Bhubaneswar","Computer Science and Engineering (4 Years, Bachelor of Technology)",AI,SC,Gender-Neutral,196637,2
"International Institute of Information Technology, Bhubaneswar","Computer Science and Engineering (4 Years, Bachelor of Technology)",AI,ST,Gender-Neutral,296155,2
"International Institute of Information Technology, Bhubaneswar","Electrical and Electronics Engineering (4 Years, Bachelor of Technology)",AI,OPEN,Gender-Neutral,66978,7
"International Institute of Information Technology, Bhubaneswar","Electrical and Electronics Engineering (4 Years, Bachelor of Technology)",AI,EWS,Gender-Neutral,70437,7
"International Institute of Information Technology, Bhubaneswar","Electrical and Electronics Engineering (4 Years, Bachelor of Technology)",AI,OBC- NCL,Gender-Neutral,77311,8
"International Institute of Information Technology, Bhubaneswar","Electrical and Electronics Engineering (4 Years, Bachelor of Technology)",AI,SC,Gender-Neutral,239377,2
"International Institute of Information Technology, Bhubaneswar","Electrical and Electronics Engineering (4 Years, Bachelor of Technology)",AI,ST,Gender-Neutral,402398,4
"International Institute of Information Technology, Bhubaneswar","Electronics and Telecommunication Engineering (4 Years, Bachelor of Technology)",AI,OPEN,Gender-Neutral,64725,6
"International Institute of Information Technology, Bhubaneswar","Electronics and Telecommunication Engineering (4 Years, Bachelor of Technology)",AI,EWS,Gender-Neutral,69335,6
"International Institute of Information Technology, Bhubaneswar","Electronics and Telecommunication Engineering (4 Years, Bachelor of Technology)",AI,OBC- NCL,Gender-Neutral,75333,7
"International Institute of Information Technology, Bhubaneswar","Electronics and Telecommunication Engineering (4 Years, Bachelor of Technology)",AI,SC,Gender-Neutral,232905,2
"International Institute of Information Technology, Bhubaneswar","Electronics and Telecommunication Engineering (4 Years, Bachelor of Technology)",AI,ST,Gender-Neutral,354676,3
"International Institute of Information Technology, Bhubaneswar","Information Technology (4 Years, Bachelor of Technology)",AI,OPEN,Gender-Neutral,55259,5
"International Institute of Information Technology, Bhubaneswar","Information Technology (4 Years, Bachelor of Technology)",AI,EWS,Gender-Neutral,64619,6
"International Institute of Information Technology, Bhubaneswar","Information Technology (4 Years, Bachelor of Technology)",AI,OBC- NCL,Gender-Neutral,64695,6
"International Institute of Information Technology, Bhubaneswar","Information Technology (4 Years, Bachelor of Technology)",AI,SC,Gender-Neutral,209815,2
"International Institute of Information Technology, Bhubaneswar","Information Technology (4 Years, Bachelor of Technology)",AI,ST,Gender-Neutral,342743,3
"Central institute of Technology Kokrajar, Assam","Civil Engineering (4 Years, Bachelor of Technology)",AI,OPEN,Gender-Neutral,214742,2
"Central institute of Technology Kokrajar, Assam","Civil Engineering (4 Years, Bachelor of Technology)",AI,OPEN,Female-only (including Supernumerary),256841,2
"Central institute of Technology Kokrajar, Assam","Civil Engineering (4 Years, Bachelor of Technology)",AI,SC,Gender-Neutral,407202,4
"Central institute of Technology Kokrajar, Assam","Computer Science and Engineering (4 Years, Bachelor of Technology)",AI,OPEN,Gender-Neutral,135256,1
"Central institute of Technology Kokrajar, Assam","Computer Science and Engineering (4 Years, Bachelor of Technology)",AI,OPEN,Female-only (including Supernumerary),137595,1
"Central institute of Technology Kokrajar, Assam","Computer Science and Engineering (4 Years, Bachelor of Technology)",AI,EWS,Gender-Neutral,143555,1
"Central institute of Technology Kokrajar, Assam","Computer Science and Engineering (4 Years, Bachelor of Technology)",AI,OBC- NCL,Gender-Neutral,137437,1
"Central institute of Technology Kokrajar, Assam","Computer Science and Engineering (4 Years, Bachelor of Technology)",AI,SC,Gender-Neutral,277679,2
"Central institute of Technology Kokrajar, Assam","Electronics and Communication Engineering (4 Years, Bachelor of Technology)",AI,OPEN,Gender-Neutral,140282,1
"Central institute of Technology Kokrajar, Assam","Electronics and Communication Engineering (4 Years, Bachelor of Technology)",AI,OBC- NCL,Gender-Neutral,155480,1
"Central institute of Technology Kokrajar, Assam","Food Engineering and Technology (4 Years, Bachelor of Technology)",AI,OPEN,Gender-Neutral,464493,4
"Central institute of Technology Kokrajar, Assam","Food Engineering and Technology (4 Years, Bachelor of Technology)",AI,OBC- NCL,Gender-Neutral,978969,9
"Central institute of Technology Kokrajar, Assam","Food Engineering and Technology (4 Years, Bachelor of Technology)",AI,SC,Gender-Neutral,495414,4
"Central institute of Technology Kokrajar, Assam","Instrumentation Engineering (4 Years, Bachelor of Technology)",AI,OPEN,Gender-Neutral,199436,1
"Central institute of Technology Kokrajar, Assam","Instrumentation Engineering (4 Years, Bachelor of Technology)",AI,OBC- NCL,Gender-Neutral,204765,2
"Puducherry Technological University, Puducherry","Chemical Engineering (4 Years, Bachelor of Technology)",AI,OPEN,Gender-Neutral,148692,1
"Puducherry Technological University, Puducherry","Chemical Engineering (4 Years, Bachelor of Technology)",AI,EWS,Gender-Neutral,243377,2
"Puducherry Technological University, Puducherry","Chemical Engineering (4 Years, Bachelor of Technology)",AI,OBC- NCL,Gender-Neutral,155882,1
"Puducherry Technological University, Puducherry","Chemical Engineering (4 Years, Bachelor of Technology)",AI,SC,Gender-Neutral,298217,2
"Puducherry Technological University, Puducherry","Civil Engineering (4 Years, Bachelor of Technology)",AI,OPEN,Gender-Neutral,199594,2
"Puducherry Technological University, Puducherry","Civil Engineering (4 Years, Bachelor of Technology)",AI,EWS,Gender-Neutral,293078,3
"Puducherry Technological University, Puducherry","Civil Engineering (4 Years, Bachelor of Technology)",AI,OBC- NCL,Gender-Neutral,268314,4
"Puducherry Technological University, Puducherry","Civil Engineering (4 Years, Bachelor of Technology)",AI,SC,Gender-Neutral,308237,3
"Puducherry Technological University, Puducherry","Computer Science and Engineering (4 Years, Bachelor of Technology)",AI,OPEN,Gender-Neutral,82413,9
"Puducherry Technological University, Puducherry","Computer Science and Engineering (4 Years, Bachelor of Technology)",AI,EWS,Gender-Neutral,101357,1
"Puducherry Technological University, Puducherry","Computer Science and Engineering (4 Years, Bachelor of Technology)",AI,OBC- NCL,Gender-Neutral,96928,1
"Puducherry Technological University, Puducherry","Computer Science and Engineering (4 Years, Bachelor of Technology)",AI,SC,Gender-Neutral,238723,2
"Puducherry Technological University, Puducherry","Computer Science and Engineering (4 Years, Bachelor of Technology)",HS,OPEN,Gender-Neutral,242238,2
"Puducherry Technological University, Puducherry","Computer Science and Engineering (4 Years, Bachelor of Technology)",HS,OBC- NCL,Gender-Neutral,437480,4
"Puducherry Technological University, Puducherry","Electrical and Electronics Engineering (4 Years, Bachelor of Technology)",AI,OPEN,Gender-Neutral,103726,1
"Puducherry Technological University, Puducherry","Electrical and Electronics Engineering (4 Years, Bachelor of Technology)",AI,EWS,Gender-Neutral,140579,1
"Puducherry Technological University, Puducherry","Electrical and Electronics Engineering (4 Years, Bachelor of Technology)",AI,OBC- NCL,Gender-Neutral,117431,1
"Puducherry Technological University, Puducherry","Electronics and Communication Engineering (4 Years, Bachelor of Technology)",AI,OPEN,Gender-Neutral,91005,1
"Puducherry Technological University, Puducherry","Electronics and Communication Engineering (4 Years, Bachelor of Technology)",AI,OPEN (PwD),Gender-Neutral,1169503,1
"Puducherry Technological University, Puducherry","Electronics and Communication Engineering (4 Years, Bachelor of Technology)",AI,EWS,Gender-Neutral,112771,1
"Puducherry Technological University, Puducherry","Electronics and Communication Engineering (4 Years, Bachelor of Technology)",AI,OBC- NCL,Gender-Neutral,121109,1
"Puducherry Technological University, Puducherry","Electronics and Communication Engineering (4 Years, Bachelor of Technology)",AI,SC,Gender-Neutral,253316,2
"Puducherry Technological University, Puducherry","Electronics and Communication Engineering (4 Years, Bachelor of Technology)",AI,ST,Gender-Neutral,440149,4
"Puducherry Technological University, Puducherry","Electronics and Communication Engineering (4 Years, Bachelor of Technology)",HS,OBC- NCL,Gender-Neutral,1098215,1
"Puducherry Technological University, Puducherry","Electronics and Instrumentation Engineering (4 Years, Bachelor of Technology)",AI,OPEN,Gender-Neutral,115170,1
"Puducherry Technological University, Puducherry","Electronics and Instrumentation Engineering (4 Years, Bachelor of Technology)",AI,OBC- NCL,Gender-Neutral,134503,1
"Puducherry Technological University, Puducherry","Electronics and Instrumentation Engineering (4 Years, Bachelor of Technology)",AI,SC,Gender-Neutral,257026,2
"Puducherry Technological University, Puducherry","Electronics and Instrumentation Engineering (4 Years, Bachelor of Technology)",AI,ST,Gender-Neutral,488651,4
"Puducherry Technological University, Puducherry","Information Technology (4 Years, Bachelor of Technology)",AI,OPEN,Gender-Neutral,70525,7
"Puducherry Technological University, Puducherry","Information Technology (4 Years, Bachelor of Technology)",AI,EWS,Gender-Neutral,113429,1
"Puducherry Technological University, Puducherry","Information Technology (4 Years, Bachelor of Technology)",AI,OBC- NCL,Gender-Neutral,89604,1
"Puducherry Technological University, Puducherry","Mechanical Engineering (4 Years, Bachelor of Technology)",AI,OPEN,Gender-Neutral,150943,1
"Puducherry Technological University, Puducherry","Mechanical Engineering (4 Years, Bachelor of Technology)",AI,EWS,Gender-Neutral,221398,2
"Puducherry Technological University, Puducherry","Mechanical Engineering (4 Years, Bachelor of Technology)",AI,OBC- NCL,Gender-Neutral,199003,2
"Puducherry Technological University, Puducherry","Mechanical Engineering (4 Years, Bachelor of Technology)",AI,SC,Gender-Neutral,322655,3
"Puducherry Technological University, Puducherry","Mechanical Engineering (4 Years, Bachelor of Technology)",AI,ST,Gender-Neutral,476628,4
"Puducherry Technological University, Puducherry","Mechatronics Engineering (4 Years, Bachelor of Technology)",AI,OPEN,Gender-Neutral,137075,1
"Puducherry Technological University, Puducherry","Mechatronics Engineering (4 Years, Bachelor of Technology)",AI,EWS,Gender-Neutral,219399,2
"Puducherry Technological University, Puducherry","Mechatronics Engineering (4 Years, Bachelor of Technology)",AI,OBC- NCL,Gender-Neutral,161041,1
"Puducherry Technological University, Puducherry","Mechatronics Engineering (4 Years, Bachelor of Technology)",AI,SC,Gender-Neutral,331087,3
"Puducherry Technological University, Puducherry","Mechatronics Engineering (4 Years, Bachelor of Technology)",AI,ST,Gender-Neutral,500395,5
"Ghani Khan Choudhary Institute of Engineering and Technology, Malda, West Bengal","Civil and Environmental Engineering (4 Years, Bachelor of Technology)",AI,OPEN,Gender-Neutral,319668,3
"Ghani Khan Choudhary Institute of Engineering and Technology, Malda, West Bengal","Civil and Environmental Engineering (4 Years, Bachelor of Technology)",AI,OPEN,Female-only (including Supernumerary),395432,4
"Ghani Khan Choudhary Institute of Engineering and Technology, Malda, West Bengal","Civil and Environmental Engineering (4 Years, Bachelor of Technology)",AI,EWS,Gender-Neutral,494230,5
"Ghani Khan Choudhary Institute of Engineering and Technology, Malda, West Bengal","Civil and Environmental Engineering (4 Years, Bachelor of Technology)",AI,OBC- NCL,Gender-Neutral,464555,5
"Ghani Khan Choudhary Institute of Engineering and Technology, Malda, West Bengal","Civil and Environmental Engineering (4 Years, Bachelor of Technology)",AI,OBC- NCL,Female-only (including Supernumerary),530692,5
"Ghani Khan Choudhary Institute of Engineering and Technology, Malda, West Bengal","Civil and Environmental Engineering (4 Years, Bachelor of Technology)",AI,SC,Gender-Neutral,441190,4
"Ghani Khan Choudhary Institute of Engineering and Technology, Malda, West Bengal","Civil and Environmental Engineering (4 Years, Bachelor of Technology)",AI,ST,Gender-Neutral,1173307,1
"Ghani Khan Choudhary Institute of Engineering and Technology, Malda, West Bengal","Civil and Environmental Engineering (4 Years, Bachelor of Technology)",OS,OPEN,Gender-Neutral,350972,4
"Ghani Khan Choudhary Institute of Engineering and Technology, Malda, West Bengal","Civil and Environmental Engineering (4 Years, Bachelor of Technology)",OS,OPEN,Female-only (including Supernumerary),455018,4
"Ghani Khan Choudhary Institute of Engineering and Technology, Malda, West Bengal","Civil and Environmental Engineering (4 Years, Bachelor of Technology)",OS,EWS,Gender-Neutral,570299,6
"Ghani Khan Choudhary Institute of Engineering and Technology, Malda, West Bengal","Civil and Environmental Engineering (4 Years, Bachelor of Technology)",OS,OBC- NCL,Gender-Neutral,552614,6
"Ghani Khan Choudhary Institute of Engineering and Technology, Malda, West Bengal","Civil and Environmental Engineering (4 Years, Bachelor of Technology)",OS,OBC- NCL,Female-only (including Supernumerary),567466,5
"Ghani Khan Choudhary Institute of Engineering and Technology, Malda, West Bengal","Civil and Environmental Engineering (4 Years, Bachelor of Technology)",OS,SC,Gender-Neutral,454235,4
"Ghani Khan Choudhary Institute of Engineering and Technology, Malda, West Bengal","Computer Science Engineering (Artificial lntelligence and Machine Learning) (4 Years, Bachelor of Technology)",AI,EWS,Gender-Neutral,115462,1
"Ghani Khan Choudhary Institute of Engineering and Technology, Malda, West Bengal","Computer Science Engineering (Artificial lntelligence and Machine Learning) (4 Years, Bachelor of Technology)",AI,OBC- NCL,Gender-Neutral,124244,1
"Ghani Khan Choudhary Institute of Engineering and Technology, Malda, West Bengal","Computer Science Engineering (Artificial lntelligence and Machine Learning) (4 Years, Bachelor of Technology)",AI,ST,Gender-Neutral,473513,4
"Ghani Khan Choudhary Institute of Engineering and Technology, Malda, West Bengal","Computer Science Engineering (Artificial lntelligence and Machine Learning) (4 Years, Bachelor of Technology)",HS,OPEN,Gender-Neutral,297017,4
"Ghani Khan Choudhary Institute of Engineering and Technology, Malda, West Bengal","Computer Science Engineering (Artificial lntelligence and Machine Learning) (4 Years, Bachelor of Technology)",HS,OPEN,Female-only (including Supernumerary),415207,4
"Ghani Khan Choudhary Institute of Engineering and Technology, Malda, West Bengal","Computer Science Engineering (Artificial lntelligence and Machine Learning) (4 Years, Bachelor of Technology)",HS,SC,Gender-Neutral,504884,5
"Ghani Khan Choudhary Institute of Engineering and Technology, Malda, West Bengal","Computer Science Engineering (Artificial lntelligence and Machine Learning) (4 Years, Bachelor of Technology)",OS,OPEN,Gender-Neutral,100299,1
"Ghani Khan Choudhary Institute of Engineering and Technology, Malda, West Bengal","Computer Science Engineering (Artificial lntelligence and Machine Learning) (4 Years, Bachelor of Technology)",OS,OPEN,Female-only (including Supernumerary),158737,1
"Ghani Khan Choudhary Institute of Engineering and Technology, Malda, West Bengal","Computer Science Engineering (Artificial lntelligence and Machine Learning) (4 Years, Bachelor of Technology)",OS,EWS,Gender-Neutral,151885,1
"Ghani Khan Choudhary Institute of Engineering and Technology, Malda, West Bengal","Computer Science Engineering (Artificial lntelligence and Machine Learning) (4 Years, Bachelor of Technology)",OS,OBC- NCL,Gender-Neutral,127115,1
"Ghani Khan Choudhary Institute of Engineering and Technology, Malda, West Bengal","Computer Science Engineering (Artificial lntelligence and Machine Learning) (4 Years, Bachelor of Technology)",OS,ST,Gender-Neutral,523026,5
"Ghani Khan Choudhary Institute of Engineering and Technology, Malda, West Bengal","Electrical Engineering (4 Years, Bachelor of Technology)",AI,OPEN,Gender-Neutral,60216,1
"Ghani Khan Choudhary Institute of Engineering and Technology, Malda, West Bengal","Electrical Engineering (4 Years, Bachelor of Technology)",AI,OPEN,Female-only (including Supernumerary),211878,2
"Ghani Khan Choudhary Institute of Engineering and Technology, Malda, West Bengal","Electrical Engineering (4 Years, Bachelor of Technology)",AI,EWS,Gender-Neutral,287052,2
"Ghani Khan Choudhary Institute of Engineering and Technology, Malda, West Bengal","Electrical Engineering (4 Years, Bachelor of Technology)",AI,OBC- NCL,Gender-Neutral,244890,2
"Ghani Khan Choudhary Institute of Engineering and Technology, Malda, West Bengal","Electrical Engineering (4 Years, Bachelor of Technology)",AI,SC,Gender-Neutral,332306,3
"Ghani Khan Choudhary Institute of Engineering and Technology, Malda, West Bengal","Electrical Engineering (4 Years, Bachelor of Technology)",AI,ST,Gender-Neutral,726805,9
"Ghani Khan Choudhary Institute of Engineering and Technology, Malda, West Bengal","Electrical Engineering (4 Years, Bachelor of Technology)",HS,OPEN,Gender-Neutral,980924,9
"Ghani Khan Choudhary Institute of Engineering and Technology, Malda, West Bengal","Electrical Engineering (4 Years, Bachelor of Technology)",OS,OPEN,Gender-Neutral,182478,2
"Ghani Khan Choudhary Institute of Engineering and Technology, Malda, West Bengal","Electrical Engineering (4 Years, Bachelor of Technology)",OS,OPEN,Female-only (including Supernumerary),242265,2
"Ghani Khan Choudhary Institute of Engineering and Technology, Malda, West Bengal","Electrical Engineering (4 Years, Bachelor of Technology)",OS,EWS,Gender-Neutral,307643,3
"Ghani Khan Choudhary Institute of Engineering and Technology, Malda, West Bengal","Electrical Engineering (4 Years, Bachelor of Technology)",OS,OBC- NCL,Gender-Neutral,272891,2
"Ghani Khan Choudhary Institute of Engineering and Technology, Malda, West Bengal","Electrical Engineering (4 Years, Bachelor of Technology)",OS,SC,Gender-Neutral,343752,3
"Ghani Khan Choudhary Institute of Engineering and Technology, Malda, West Bengal","Electrical Engineering (4 Years, Bachelor of Technology)",OS,ST,Gender-Neutral,1150190,1
"Ghani Khan Choudhary Institute of Engineering and Technology, Malda, West Bengal","Food Technology (4 Years, Bachelor of Technology)",AI,OPEN,Gender-Neutral,335996,4
"Ghani Khan Choudhary Institute of Engineering and Technology, Malda, West Bengal","Food Technology (4 Years, Bachelor of Technology)",AI,EWS,Gender-Neutral,745365,8
"Ghani Khan Choudhary Institute of Engineering and Technology, Malda, West Bengal","Food Technology (4 Years, Bachelor of Technology)",AI,OBC- NCL,Gender-Neutral,663141,7
"Ghani Khan Choudhary Institute of Engineering and Technology, Malda, West Bengal","Food Technology (4 Years, Bachelor of Technology)",AI,SC,Gender-Neutral,546034,5
"Ghani Khan Choudhary Institute of Engineering and Technology, Malda, West Bengal","Food Technology (4 Years, Bachelor of Technology)",OS,OPEN,Gender-Neutral,478975,5
"Ghani Khan Choudhary Institute of Engineering and Technology, Malda, West Bengal","Food Technology (4 Years, Bachelor of Technology)",OS,OBC- NCL,Gender-Neutral,773499,9
"Ghani Khan Choudhary Institute of Engineering and Technology, Malda, West Bengal","Food Technology (4 Years, Bachelor of Technology)",OS,SC,Gender-Neutral,555062,5
"Ghani Khan Choudhary Institute of Engineering and Technology, Malda, West Bengal","Mechanical Engineering (4 Years, Bachelor of Technology)",AI,OPEN,Gender-Neutral,101498,2
"Ghani Khan Choudhary Institute of Engineering and Technology, Malda, West Bengal","Mechanical Engineering (4 Years, Bachelor of Technology)",AI,OPEN,Female-only (including Supernumerary),216727,2
"Ghani Khan Choudhary Institute of Engineering and Technology, Malda, West Bengal","Mechanical Engineering (4 Years, Bachelor of Technology)",AI,EWS,Gender-Neutral,360122,3
"Ghani Khan Choudhary Institute of Engineering and Technology, Malda, West Bengal","Mechanical Engineering (4 Years, Bachelor of Technology)",AI,OBC- NCL,Gender-Neutral,326865,3
"Ghani Khan Choudhary Institute of Engineering and Technology, Malda, West Bengal","Mechanical Engineering (4 Years, Bachelor of Technology)",AI,SC,Gender-Neutral,328756,3
"Ghani Khan Choudhary Institute of Engineering and Technology, Malda, West Bengal","Mechanical Engineering (4 Years, Bachelor of Technology)",AI,ST,Gender-Neutral,1155054,1
"Ghani Khan Choudhary Institute of Engineering and Technology, Malda, West Bengal","Mechanical Engineering (4 Years, Bachelor of Technology)",HS,OPEN,Female-only (including Supernumerary),1438747,1
"Ghani Khan Choudhary Institute of Engineering and Technology, Malda, West Bengal","Mechanical Engineering (4 Years, Bachelor of Technology)",OS,OPEN,Gender-Neutral,248398,3
"Ghani Khan Choudhary Institute of Engineering and Technology, Malda, West Bengal","Mechanical Engineering (4 Years, Bachelor of Technology)",OS,OPEN,Female-only (including Supernumerary),337643,3
"Ghani Khan Choudhary Institute of Engineering and Technology, Malda, West Bengal","Mechanical Engineering (4 Years, Bachelor of Technology)",OS,EWS,Gender-Neutral,392861,3
"Ghani Khan Choudhary Institute of Engineering and Technology, Malda, West Bengal","Mechanical Engineering (4 Years, Bachelor of Technology)",OS,OBC- NCL,Gender-Neutral,349829,4
"Ghani Khan Choudhary Institute of Engineering and Technology, Malda, West Bengal","Mechanical Engineering (4 Years, Bachelor of Technology)",OS,SC,Gender-Neutral,370895,3
"Ghani Khan Choudhary Institute of Engineering and Technology, Malda, West Bengal","Mechanical Engineering (4 Years, Bachelor of Technology)",OS,ST,Gender-Neutral,1166260,1
"Central University of Rajasthan, Rajasthan","Bio Medical Engineering (4 Years, Bachelor of Technology)",AI,OPEN,Gender-Neutral,210277,2
"Central University of Rajasthan, Rajasthan","Bio Medical Engineering (4 Years, Bachelor of Technology)",AI,EWS,Gender-Neutral,282844,3
"Central University of Rajasthan, Rajasthan","Bio Medical Engineering (4 Years, Bachelor of Technology)",AI,OBC- NCL,Gender-Neutral,284161,4
"Central University of Rajasthan, Rajasthan","Bio Medical Engineering (4 Years, Bachelor of Technology)",AI,SC,Gender-Neutral,380290,4
"Central University of Rajasthan, Rajasthan","Bio Medical Engineering (4 Years, Bachelor of Technology)",AI,ST,Gender-Neutral,662029,7
"Central University of Rajasthan, Rajasthan","Computer Science and Engineering (4 Years, Bachelor of Technology)",AI,OPEN,Gender-Neutral,78888,8
"Central University of Rajasthan, Rajasthan","Computer Science and Engineering (4 Years, Bachelor of Technology)",AI,EWS,Gender-Neutral,96498,9
"Central University of Rajasthan, Rajasthan","Computer Science and Engineering (4 Years, Bachelor of Technology)",AI,OBC- NCL,Gender-Neutral,94968,1
"Central University of Rajasthan, Rajasthan","Computer Science and Engineering (4 Years, Bachelor of Technology)",AI,SC,Gender-Neutral,251853,2
"Central University of Rajasthan, Rajasthan","Computer Science and Engineering (4 Years, Bachelor of Technology)",AI,ST,Gender-Neutral,391598,3
"Central University of Rajasthan, Rajasthan","Electronics and Communication Engineering (4 Years, Bachelor of Technology)",AI,OPEN,Gender-Neutral,111926,1
"Central University of Rajasthan, Rajasthan","Electronics and Communication Engineering (4 Years, Bachelor of Technology)",AI,EWS,Gender-Neutral,128781,1
"Central University of Rajasthan, Rajasthan","Electronics and Communication Engineering (4 Years, Bachelor of Technology)",AI,OBC- NCL,Gender-Neutral,136037,1
"Central University of Rajasthan, Rajasthan","Electronics and Communication Engineering (4 Years, Bachelor of Technology)",AI,SC,Gender-Neutral,293677,2
"National Institute of Food Technology Entrepreneurship and Management, Kundli","Food Technology and Management (4 Years, Bachelor of Technology)",AI,OPEN,Gender-Neutral,272345,3
"National Institute of Food Technology Entrepreneurship and Management, Kundli","Food Technology and Management (4 Years, Bachelor of Technology)",AI,EWS,Gender-Neutral,615059,1
"National Institute of Food Technology Entrepreneurship and Management, Kundli","Food Technology and Management (4 Years, Bachelor of Technology)",AI,OBC- NCL,Gender-Neutral,479823,6
"National Institute of Food Technology Entrepreneurship and Management, Kundli","Food Technology and Management (4 Years, Bachelor of Technology)",AI,SC,Gender-Neutral,419479,4
"National Institute of Food Technology Entrepreneurship and Management, Kundli","Food Technology and Management (4 Years, Bachelor of Technology)",AI,ST,Gender-Neutral,678314,7
"National Institute of Food Technology Entrepreneurship and Management, Thanjavur","Food Technology (4 Years, Bachelor of Technology)",AI,OPEN,Gender-Neutral,176933,2
"National Institute of Food Technology Entrepreneurship and Management, Thanjavur","Food Technology (4 Years, Bachelor of Technology)",AI,OPEN (PwD),Gender-Neutral,919085,9
"National Institute of Food Technology Entrepreneurship and Management, Thanjavur","Food Technology (4 Years, Bachelor of Technology)",AI,EWS,Gender-Neutral,736349,1
"National Institute of Food Technology Entrepreneurship and Management, Thanjavur","Food Technology (4 Years, Bachelor of Technology)",AI,OBC- NCL,Gender-Neutral,220567,2
"National Institute of Food Technology Entrepreneurship and Management, Thanjavur","Food Technology (4 Years, Bachelor of Technology)",AI,OBC- NCL (PwD),Gender-Neutral,1328286,1
"National Institute of Food Technology Entrepreneurship and Management, Thanjavur","Food Technology (4 Years, Bachelor of Technology)",AI,SC,Gender-Neutral,292438,2
"North Eastern Regional Institute of Science and Technology, Nirjuli- 791109 (Itanagar),Arunachal Pradesh","Agricultural Engineering (4 Years, Bachelor of Technology)",AI,EWS,Gender-Neutral,490764,4
"North Eastern Regional Institute of Science and Technology, Nirjuli- 791109 (Itanagar),Arunachal Pradesh","Civil Engineering (4 Years, Bachelor of Technology)",AI,EWS,Gender-Neutral,376320,3
"North Eastern Regional Institute of Science and Technology, Nirjuli- 791109 (Itanagar),Arunachal Pradesh","Civil Engineering (4 Years, Bachelor of Technology)",AI,OBC- NCL,Gender-Neutral,375071,3
"North Eastern Regional Institute of Science and Technology, Nirjuli- 791109 (Itanagar),Arunachal Pradesh","Computer Science and Engineering (4 Years, Bachelor of Technology)",AI,OPEN,Gender-Neutral,116315,1
"North Eastern Regional Institute of Science and Technology, Nirjuli- 791109 (Itanagar),Arunachal Pradesh","Computer Science and Engineering (4 Years, Bachelor of Technology)",AI,EWS,Gender-Neutral,171228,1
"North Eastern Regional Institute of Science and Technology, Nirjuli- 791109 (Itanagar),Arunachal Pradesh","Electrical Engineering (4 Years, Bachelor of Technology)",AI,EWS,Gender-Neutral,206519,2
"North Eastern Regional Institute of Science and Technology, Nirjuli- 791109 (Itanagar),Arunachal Pradesh","Electrical Engineering (4 Years, Bachelor of Technology)",AI,SC,Gender-Neutral,297122,2
"North Eastern Regional Institute of Science and Technology, Nirjuli- 791109 (Itanagar),Arunachal Pradesh","Electronics and Communication Engineering (4 Years, Bachelor of Technology)",AI,EWS,Gender-Neutral,183792,1
"North Eastern Regional Institute of Science and Technology, Nirjuli- 791109 (Itanagar),Arunachal Pradesh","Electronics and Communication Engineering (4 Years, Bachelor of Technology)",AI,OBC- NCL,Gender-Neutral,222736,2
"Indian Institute of Handloom Technology(IIHT), Varanasi","Handloom and Textile Technology (4 Years, Bachelor of Technology)",AI,OPEN,Gender-Neutral,298599,6
"Indian Institute of Handloom Technology(IIHT), Varanasi","Handloom and Textile Technology (4 Years, Bachelor of Technology)",AI,EWS,Gender-Neutral,668426,9
"Indian Institute of Handloom Technology(IIHT), Varanasi","Handloom and Textile Technology (4 Years, Bachelor of Technology)",AI,OBC- NCL,Gender-Neutral,817400,1
"Indian Institute of Handloom Technology(IIHT), Varanasi","Handloom and Textile Technology (4 Years, Bachelor of Technology)",AI,SC,Gender-Neutral,642827,6
"Chhattisgarh Swami Vivekanada Technical University, Bhilai (CSVTU Bhilai)","Civil Engineering (4 Years, Bachelor of Technology)",AI,OPEN,Gender-Neutral,291556,3
"Chhattisgarh Swami Vivekanada Technical University, Bhilai (CSVTU Bhilai)","Civil Engineering (4 Years, Bachelor of Technology)",AI,EWS,Gender-Neutral,504096,5
"Chhattisgarh Swami Vivekanada Technical University, Bhilai (CSVTU Bhilai)","Civil Engineering (4 Years, Bachelor of Technology)",AI,OBC- NCL,Gender-Neutral,380740,4
"Chhattisgarh Swami Vivekanada Technical University, Bhilai (CSVTU Bhilai)","Civil Engineering (4 Years, Bachelor of Technology)",AI,SC,Gender-Neutral,409333,4
"Chhattisgarh Swami Vivekanada Technical University, Bhilai (CSVTU Bhilai)","Civil Engineering (4 Years, Bachelor of Technology)",AI,ST,Gender-Neutral,623405,6
"Chhattisgarh Swami Vivekanada Technical University, Bhilai (CSVTU Bhilai)","Computer Science Engineering (Artificial Intelligence) (4 Years, B. Tech / B. Tech (Hons.))",AI,OPEN,Gender-Neutral,125247,1
"Chhattisgarh Swami Vivekanada Technical University, Bhilai (CSVTU Bhilai)","Computer Science Engineering (Artificial Intelligence) (4 Years, B. Tech / B. Tech (Hons.))",AI,EWS,Gender-Neutral,188191,2
"Chhattisgarh Swami Vivekanada Technical University, Bhilai (CSVTU Bhilai)","Computer Science Engineering (Artificial Intelligence) (4 Years, B. Tech / B. Tech (Hons.))",AI,OBC- NCL,Gender-Neutral,176222,2
"Chhattisgarh Swami Vivekanada Technical University, Bhilai (CSVTU Bhilai)","Computer Science Engineering (Artificial Intelligence) (4 Years, B. Tech / B. Tech (Hons.))",AI,SC,Gender-Neutral,330600,3
"Chhattisgarh Swami Vivekanada Technical University, Bhilai (CSVTU Bhilai)","Computer Science Engineering (Artificial Intelligence) (4 Years, B. Tech / B. Tech (Hons.))",AI,ST,Gender-Neutral,614005,7
"Chhattisgarh Swami Vivekanada Technical University, Bhilai (CSVTU Bhilai)","Computer Science Engineering (Data Science) (4 Years, B. Tech / B. Tech (Hons.))",AI,OPEN,Gender-Neutral,145609,1
"Chhattisgarh Swami Vivekanada Technical University, Bhilai (CSVTU Bhilai)","Computer Science Engineering (Data Science) (4 Years, B. Tech / B. Tech (Hons.))",AI,EWS,Gender-Neutral,176748,2
"Chhattisgarh Swami Vivekanada Technical University, Bhilai (CSVTU Bhilai)","Computer Science Engineering (Data Science) (4 Years, B. Tech / B. Tech (Hons.))",AI,OBC- NCL,Gender-Neutral,176388,2
"Chhattisgarh Swami Vivekanada Technical University, Bhilai (CSVTU Bhilai)","Computer Science Engineering (Data Science) (4 Years, B. Tech / B. Tech (Hons.))",AI,SC,Gender-Neutral,321656,3
"Chhattisgarh Swami Vivekanada Technical University, Bhilai (CSVTU Bhilai)","Computer Science Engineering (Data Science) (4 Years, B. Tech / B. Tech (Hons.))",AI,ST,Gender-Neutral,708359,8
"Institute of Chemical Technology, Mumbai: Indian Oil Odisha Campus, Bhubaneswar","Chemical Engineering (5 Years, Integrated Masters in Technology)",AI,OPEN,Gender-Neutral,87598,9
"Institute of Chemical Technology, Mumbai: Indian Oil Odisha Campus, Bhubaneswar","Chemical Engineering (5 Years, Integrated Masters in Technology)",AI,EWS,Gender-Neutral,116138,1
"Institute of Chemical Technology, Mumbai: Indian Oil Odisha Campus, Bhubaneswar","Chemical Engineering (5 Years, Integrated Masters in Technology)",AI,OBC- NCL,Gender-Neutral,139042,1
"Institute of Chemical Technology, Mumbai: Indian Oil Odisha Campus, Bhubaneswar","Chemical Engineering (5 Years, Integrated Masters in Technology)",AI,SC,Gender-Neutral,299825,3
"Institute of Chemical Technology, Mumbai: Indian Oil Odisha Campus, Bhubaneswar","Chemical Engineering (5 Years, Integrated Masters in Technology)",AI,ST,Gender-Neutral,520485,6
"Institute of Chemical Technology, Mumbai: Indian Oil Odisha Campus, Bhubaneswar","Chemical Engineering (5 Years, Integrated Masters in Technology)",HS,OPEN,Gender-Neutral,213567,2
"Institute of Chemical Technology, Mumbai: Indian Oil Odisha Campus, Bhubaneswar","Chemical Engineering (5 Years, Integrated Masters in Technology)",HS,SC,Gender-Neutral,350286,3
"North-Eastern Hill University, Shillong","Biomedical Engineering (4 Years, Bachelor of Technology)",AI,OPEN,Gender-Neutral,296164,3
"North-Eastern Hill University, Shillong","Biomedical Engineering (4 Years, Bachelor of Technology)",AI,EWS,Gender-Neutral,612345,7
"North-Eastern Hill University, Shillong","Biomedical Engineering (4 Years, Bachelor of Technology)",AI,OBC- NCL,Gender-Neutral,409551,5
"North-Eastern Hill University, Shillong","Biomedical Engineering (4 Years, Bachelor of Technology)",AI,SC,Gender-Neutral,416549,4
"North-Eastern Hill University, Shillong","Biomedical Engineering (4 Years, Bachelor of Technology)",AI,ST,Gender-Neutral,1158776,1
"North-Eastern Hill University, Shillong","Electronics and Communication Engineering (4 Years, Bachelor of Technology)",AI,OPEN,Gender-Neutral,165325,1
"North-Eastern Hill University, Shillong","Electronics and Communication Engineering (4 Years, Bachelor of Technology)",AI,EWS,Gender-Neutral,197743,1
"North-Eastern Hill University, Shillong","Electronics and Communication Engineering (4 Years, Bachelor of Technology)",AI,OBC- NCL,Gender-Neutral,214866,2
"North-Eastern Hill University, Shillong","Electronics and Communication Engineering (4 Years, Bachelor of Technology)",AI,SC,Gender-Neutral,340938,3
"North-Eastern Hill University, Shillong","Energy Engineering (4 Years, Bachelor of Technology)",AI,OPEN,Gender-Neutral,274844,3
"North-Eastern Hill University, Shillong","Energy Engineering (4 Years, Bachelor of Technology)",AI,EWS,Gender-Neutral,474657,4
"North-Eastern Hill University, Shillong","Energy Engineering (4 Years, Bachelor of Technology)",AI,OBC- NCL,Gender-Neutral,331014,4
"North-Eastern Hill University, Shillong","Energy Engineering (4 Years, Bachelor of Technology)",AI,SC,Gender-Neutral,382879,4
"North-Eastern Hill University, Shillong","Energy Engineering (4 Years, Bachelor of Technology)",AI,ST,Gender-Neutral,596929,6
"North-Eastern Hill University, Shillong","Information Technology (4 Years, Bachelor of Technology)",AI,OPEN,Gender-Neutral,138846,1
"North-Eastern Hill University, Shillong","Information Technology (4 Years, Bachelor of Technology)",AI,EWS,Gender-Neutral,182394,1
"North-Eastern Hill University, Shillong","Information Technology (4 Years, Bachelor of Technology)",AI,OBC- NCL,Gender-Neutral,189806,2
"North-Eastern Hill University, Shillong","Information Technology (4 Years, Bachelor of Technology)",AI,SC,Gender-Neutral,291739,2
"North-Eastern Hill University, Shillong","Information Technology (4 Years, Bachelor of Technology)",AI,ST,Gender-Neutral,466284,6
Central University of Jammu,"Computer Science and Engineering (4 Years, Bachelor of Technology)",AI,OPEN,Gender-Neutral,160713,1
Central University of Jammu,"Computer Science and Engineering (4 Years, Bachelor of Technology)",AI,EWS,Gender-Neutral,194048,2
Central University of Jammu,"Computer Science and Engineering (4 Years, Bachelor of Technology)",AI,OBC- NCL,Gender-Neutral,190155,2
Central University of Jammu,"Computer Science and Engineering (4 Years, Bachelor of Technology)",AI,SC,Gender-Neutral,342363,3
Central University of Jammu,"Computer Science and Engineering (4 Years, Bachelor of Technology)",AI,ST,Gender-Neutral,683628,6
Central University of Jammu,"Computer Science and Engineering with specialization in Cyber Security (4 Years, Bachelor of Technology)",AI,OPEN,Gender-Neutral,173938,2
Central University of Jammu,"Computer Science and Engineering with specialization in Cyber Security (4 Years, Bachelor of Technology)",AI,EWS,Gender-Neutral,214658,2
Central University of Jammu,"Computer Science and Engineering with specialization in Cyber Security (4 Years, Bachelor of Technology)",AI,OBC- NCL,Gender-Neutral,214263,2
Central University of Jammu,"Computer Science and Engineering with specialization in Cyber Security (4 Years, Bachelor of Technology)",AI,SC,Gender-Neutral,342994,3
Central University of Jammu,"Computer Science and Engineering with specialization in Cyber Security (4 Years, Bachelor of Technology)",AI,ST,Gender-Neutral,690783,6
Central University of Jammu,"Electronics and Communication Engineering (4 Years, Bachelor of Technology)",AI,OPEN,Gender-Neutral,202786,2
Central University of Jammu,"Electronics and Communication Engineering (4 Years, Bachelor of Technology)",AI,EWS,Gender-Neutral,261734,3
Central University of Jammu,"Electronics and Communication Engineering (4 Years, Bachelor of Technology)",AI,OBC- NCL,Gender-Neutral,268639,3
Central University of Jammu,"Electronics and Communication Engineering (4 Years, Bachelor of Technology)",AI,SC,Gender-Neutral,370156,4
Central University of Jammu,"Electronics and Communication Engineering (4 Years, Bachelor of Technology)",AI,ST,Gender-Neutral,645795,8
Central University of Jammu,"Electronics and Communication Engineering (Avionics) (4 Years, Bachelor of Technology)",AI,OPEN,Gender-Neutral,245504,2
Central University of Jammu,"Electronics and Communication Engineering (Avionics) (4 Years, Bachelor of Technology)",AI,EWS,Gender-Neutral,317935,3
Central University of Jammu,"Electronics and Communication Engineering (Avionics) (4 Years, Bachelor of Technology)",AI,OBC- NCL,Gender-Neutral,319900,3
Central University of Jammu,"Electronics and Communication Engineering (Avionics) (4 Years, Bachelor of Technology)",AI,SC,Gender-Neutral,415126,4
Central University of Jammu,"Electronics and Communication Engineering (Avionics) (4 Years, Bachelor of Technology)",AI,ST,Gender-Neutral,904505,1
Central University of Jammu,"Mathematics and Computing (4 Years, Bachelor of Technology)",AI,OPEN,Gender-Neutral,211162,2
Central University of Jammu,"Mathematics and Computing (4 Years, Bachelor of Technology)",AI,EWS,Gender-Neutral,268517,2
Central University of Jammu,"Mathematics and Computing (4 Years, Bachelor of Technology)",AI,OBC- NCL,Gender-Neutral,266327,3
Central University of Jammu,"Mathematics and Computing (4 Years, Bachelor of Technology)",AI,SC,Gender-Neutral,375415,4
"Institute of Engineering and Technology, Dr. H. S. Gour University. Sagar (A Central University)","Aeronautical Engineering (4 Years, Bachelor of Technology)",AI,OPEN,Gender-Neutral,188711,2
"Institute of Engineering and Technology, Dr. H. S. Gour University. Sagar (A Central University)","Aeronautical Engineering (4 Years, Bachelor of Technology)",AI,EWS,Gender-Neutral,252990,3
"Institute of Engineering and Technology, Dr. H. S. Gour University. Sagar (A Central University)","Aeronautical Engineering (4 Years, Bachelor of Technology)",AI,OBC- NCL,Gender-Neutral,261967,4
"Institute of Engineering and Technology, Dr. H. S. Gour University. Sagar (A Central University)","Aeronautical Engineering (4 Years, Bachelor of Technology)",AI,SC,Gender-Neutral,366153,4
"Institute of Engineering and Technology, Dr. H. S. Gour University. Sagar (A Central University)","Aeronautical Engineering (4 Years, Bachelor of Technology)",AI,ST,Gender-Neutral,779453,8
"Institute of Engineering and Technology, Dr. H. S. Gour University. Sagar (A Central University)","Computer Science and Engineering (4 Years, Bachelor of Technology)",AI,OPEN,Gender-Neutral,142213,1
"Institute of Engineering and Technology, Dr. H. S. Gour University. Sagar (A Central University)","Computer Science and Engineering (4 Years, Bachelor of Technology)",AI,EWS,Gender-Neutral,185866,2
"Institute of Engineering and Technology, Dr. H. S. Gour University. Sagar (A Central University)","Computer Science and Engineering (4 Years, Bachelor of Technology)",AI,OBC- NCL,Gender-Neutral,175575,2
"Institute of Engineering and Technology, Dr. H. S. Gour University. Sagar (A Central University)","Computer Science and Engineering (4 Years, Bachelor of Technology)",AI,SC,Gender-Neutral,328270,3
"Institute of Engineering and Technology, Dr. H. S. Gour University. Sagar (A Central University)","Computer Science and Engineering (4 Years, Bachelor of Technology)",AI,ST,Gender-Neutral,616271,6
"Institute of Engineering and Technology, Dr. H. S. Gour University. Sagar (A Central University)","Dairy Engineering (4 Years, Bachelor of Technology)",AI,OPEN,Gender-Neutral,584697,7
"Institute of Engineering and Technology, Dr. H. S. Gour University. Sagar (A Central University)","Dairy Engineering (4 Years, Bachelor of Technology)",AI,OBC- NCL,Gender-Neutral,1464149,1
"Institute of Engineering and Technology, Dr. H. S. Gour University. Sagar (A Central University)","Dairy Engineering (4 Years, Bachelor of Technology)",AI,SC,Gender-Neutral,758306,8
"Institute of Engineering and Technology, Dr. H. S. Gour University. Sagar (A Central University)","Electronics and Communication Engineering (4 Years, Bachelor of Technology)",AI,OPEN,Gender-Neutral,185025,2
"Institute of Engineering and Technology, Dr. H. S. Gour University. Sagar (A Central University)","Electronics and Communication Engineering (4 Years, Bachelor of Technology)",AI,EWS,Gender-Neutral,239366,2
"Institute of Engineering and Technology, Dr. H. S. Gour University. Sagar (A Central University)","Electronics and Communication Engineering (4 Years, Bachelor of Technology)",AI,OBC- NCL,Gender-Neutral,244587,2
"Institute of Engineering and Technology, Dr. H. S. Gour University. Sagar (A Central University)","Electronics and Communication Engineering (4 Years, Bachelor of Technology)",AI,SC,Gender-Neutral,373500,3
"Institute of Engineering and Technology, Dr. H. S. Gour University. Sagar (A Central University)","Electronics and Communication Engineering (4 Years, Bachelor of Technology)",AI,ST,Gender-Neutral,945615,1
"Institute of Engineering and Technology, Dr. H. S. Gour University. Sagar (A Central University)","Fashion and Apparel Engineering (4 Years, Bachelor of Technology)",AI,OPEN,Gender-Neutral,397015,5
"Institute of Engineering and Technology, Dr. H. S. Gour University. Sagar (A Central University)","Fashion and Apparel Engineering (4 Years, Bachelor of Technology)",AI,OBC- NCL,Gender-Neutral,862475,1
"Institute of Engineering and Technology, Dr. H. S. Gour University. Sagar (A Central University)","Fashion and Apparel Engineering (4 Years, Bachelor of Technology)",AI,SC,Gender-Neutral,575460,5
"Institute of Engineering and Technology, Dr. H. S. Gour University. Sagar (A Central University)","Food Engineering and Technology (4 Years, Bachelor of Technology)",AI,OPEN,Gender-Neutral,506552,8
"Institute of Engineering and Technology, Dr. H. S. Gour University. Sagar (A Central University)","Food Engineering and Technology (4 Years, Bachelor of Technology)",AI,OBC- NCL,Gender-Neutral,1177278,1
"Institute of Engineering and Technology, Dr. H. S. Gour University. Sagar (A Central University)","Food Engineering and Technology (4 Years, Bachelor of Technology)",AI,SC,Gender-Neutral,809347,8
Central University of Haryana,"Civil Engineering (4 Years, Bachelor of Technology)",AI,OPEN,Gender-Neutral,236037,3
Central University of Haryana,"Civil Engineering (4 Years, Bachelor of Technology)",AI,EWS,Gender-Neutral,359345,4
Central University of Haryana,"Civil Engineering (4 Years, Bachelor of Technology)",AI,OBC- NCL,Gender-Neutral,311244,4
Central University of Haryana,"Civil Engineering (4 Years, Bachelor of Technology)",AI,SC,Gender-Neutral,387826,4
Central University of Haryana,"Civil Engineering (4 Years, Bachelor of Technology)",AI,ST,Gender-Neutral,529455,5
Central University of Haryana,"Computer Science and Engineering (4 Years, Bachelor of Technology)",AI,OPEN,Gender-Neutral,98521,1
Central University of Haryana,"Computer Science and Engineering (4 Years, Bachelor of Technology)",AI,EWS,Gender-Neutral,123119,1
Central University of Haryana,"Computer Science and Engineering (4 Years, Bachelor of Technology)",AI,OBC- NCL,Gender-Neutral,124875,1
Central University of Haryana,"Computer Science and Engineering (4 Years, Bachelor of Technology)",AI,SC,Gender-Neutral,269944,2
Central University of Haryana,"Computer Science and Engineering (4 Years, Bachelor of Technology)",AI,ST,Gender-Neutral,605593,6
Central University of Haryana,"Electrical Engineering (4 Years, Bachelor of Technology)",AI,OPEN,Gender-Neutral,157247,2
Central University of Haryana,"Electrical Engineering (4 Years, Bachelor of Technology)",AI,EWS,Gender-Neutral,204651,2
Central University of Haryana,"Electrical Engineering (4 Years, Bachelor of Technology)",AI,OBC- NCL,Gender-Neutral,205897,2
Central University of Haryana,"Electrical Engineering (4 Years, Bachelor of Technology)",AI,SC,Gender-Neutral,328774,3
Central University of Haryana,"Electrical Engineering (4 Years, Bachelor of Technology)",AI,ST,Gender-Neutral,654317,7
Central University of Haryana,"Printing and Packaging Technology (4 Years, Bachelor of Technology)",AI,OPEN,Gender-Neutral,396374,4
Central University of Haryana,"Printing and Packaging Technology (4 Years, Bachelor of Technology)",AI,EWS,Gender-Neutral,488021,7
Central University of Haryana,"Printing and Packaging Technology (4 Years, Bachelor of Technology)",AI,OBC- NCL,Gender-Neutral,528963,9
Central University of Haryana,"Printing and Packaging Technology (4 Years, Bachelor of Technology)",AI,SC,Gender-Neutral,495728,5
Central University of Haryana,"Printing and Packaging Technology (4 Years, Bachelor of Technology)",AI,ST,Gender-Neutral,647962,8
"Birla Institute of Technology, Deoghar Off- Campus","Computer Science and Engineering (4 Years, Bachelor of Technology)",AI,OPEN,Gender-Neutral,97979,1
"Birla Institute of Technology, Deoghar Off- Campus","Computer Science and Engineering (4 Years, Bachelor of Technology)",AI,OPEN,Female-only (including Supernumerary),101877,1
"Birla Institute of Technology, Deoghar Off- Campus","Computer Science and Engineering (4 Years, Bachelor of Technology)",AI,EWS,Gender-Neutral,123401,1
"Birla Institute of Technology, Deoghar Off- Campus","Computer Science and Engineering (4 Years, Bachelor of Technology)",AI,OBC- NCL,Gender-Neutral,119151,1
"Birla Institute of Technology, Deoghar Off- Campus","Computer Science and Engineering (4 Years, Bachelor of Technology)",AI,SC,Gender-Neutral,285131,2
"Birla Institute of Technology, Deoghar Off- Campus","Computer Science and Engineering (4 Years, Bachelor of Technology)",AI,ST,Gender-Neutral,663499,1
"Birla Institute of Technology, Deoghar Off- Campus","Computer Science and Engineering (4 Years, Bachelor of Technology)",HS,OPEN,Gender-Neutral,209866,2
"Birla Institute of Technology, Deoghar Off- Campus","Computer Science and Engineering (4 Years, Bachelor of Technology)",HS,OPEN,Female-only (including Supernumerary),216289,2
"Birla Institute of Technology, Deoghar Off- Campus","Computer Science and Engineering (4 Years, Bachelor of Technology)",HS,EWS,Gender-Neutral,385864,8
"Birla Institute of Technology, Deoghar Off- Campus","Electrical and Electronics Engineering (4 Years, Bachelor of Technology)",AI,OPEN,Gender-Neutral,154903,2
"Birla Institute of Technology, Deoghar Off- Campus","Electrical and Electronics Engineering (4 Years, Bachelor of Technology)",AI,OPEN,Female-only (including Supernumerary),169204,1
"Birla Institute of Technology, Deoghar Off- Campus","Electrical and Electronics Engineering (4 Years, Bachelor of Technology)",AI,EWS,Gender-Neutral,225769,2
"Birla Institute of Technology, Deoghar Off- Campus","Electrical and Electronics Engineering (4 Years, Bachelor of Technology)",AI,OBC- NCL,Gender-Neutral,208547,2
"Birla Institute of Technology, Deoghar Off- Campus","Electrical and Electronics Engineering (4 Years, Bachelor of Technology)",AI,SC,Gender-Neutral,338604,4
"Birla Institute of Technology, Deoghar Off- Campus","Electrical and Electronics Engineering (4 Years, Bachelor of Technology)",HS,OPEN,Gender-Neutral,446517,5
"Birla Institute of Technology, Deoghar Off- Campus","Electrical and Electronics Engineering (4 Years, Bachelor of Technology)",HS,OPEN,Female-only (including Supernumerary),425169,4
"Birla Institute of Technology, Deoghar Off- Campus","Electrical and Electronics Engineering (4 Years, Bachelor of Technology)",HS,SC,Gender-Neutral,824821,9
"Birla Institute of Technology, Deoghar Off- Campus","Electronics and Communication Engineering (4 Years, Bachelor of Technology)",AI,OPEN,Gender-Neutral,133876,1
"Birla Institute of Technology, Deoghar Off- Campus","Electronics and Communication Engineering (4 Years, Bachelor of Technology)",AI,OPEN,Female-only (including Supernumerary),156232,1
"Birla Institute of Technology, Deoghar Off- Campus","Electronics and Communication Engineering (4 Years, Bachelor of Technology)",AI,EWS,Gender-Neutral,185013,2
"Birla Institute of Technology, Deoghar Off- Campus","Electronics and Communication Engineering (4 Years, Bachelor of Technology)",AI,OBC- NCL,Gender-Neutral,174869,2
"Birla Institute of Technology, Deoghar Off- Campus","Electronics and Communication Engineering (4 Years, Bachelor of Technology)",AI,SC,Gender-Neutral,312939,3
"Birla Institute of Technology, Deoghar Off- Campus","Electronics and Communication Engineering (4 Years, Bachelor of Technology)",AI,ST,Gender-Neutral,930427,1
"Birla Institute of Technology, Deoghar Off- Campus","Electronics and Communication Engineering (4 Years, Bachelor of Technology)",HS,OPEN,Gender-Neutral,333370,3
"Birla Institute of Technology, Deoghar Off- Campus","Electronics and Communication Engineering (4 Years, Bachelor of Technology)",HS,OPEN,Female-only (including Supernumerary),292573,3
"Birla Institute of Technology, Deoghar Off- Campus","Electronics and Communication Engineering (4 Years, Bachelor of Technology)",HS,SC,Gender-Neutral,660508,7
"Birla Institute of Technology, Deoghar Off- Campus","Mechanical Engineering (4 Years, Bachelor of Technology)",AI,OPEN,Gender-Neutral,186305,2
"Birla Institute of Technology, Deoghar Off- Campus","Mechanical Engineering (4 Years, Bachelor of Technology)",AI,EWS,Gender-Neutral,254071,2
"Birla Institute of Technology, Deoghar Off- Campus","Mechanical Engineering (4 Years, Bachelor of Technology)",AI,OBC- NCL,Gender-Neutral,262970,2
"Birla Institute of Technology, Deoghar Off- Campus","Mechanical Engineering (4 Years, Bachelor of Technology)",AI,SC,Gender-Neutral,392139,4
"Birla Institute of Technology, Deoghar Off- Campus","Mechanical Engineering (4 Years, Bachelor of Technology)",HS,OPEN,Gender-Neutral,492289,1
"Birla Institute of Technology, Deoghar Off- Campus","Mechanical Engineering (4 Years, Bachelor of Technology)",HS,OPEN,Female-only (including Supernumerary),606929,6
"Birla Institute of Technology, Patna Off-Campus","Artificial Intelligence and Machine Learning (4 Years, Bachelor of Technology)",AI,OPEN,Gender-Neutral,83702,9
"Birla Institute of Technology, Patna Off-Campus","Artificial Intelligence and Machine Learning (4 Years, Bachelor of Technology)",AI,OPEN,Female-only (including Supernumerary),107543,1
"Birla Institute of Technology, Patna Off-Campus","Artificial Intelligence and Machine Learning (4 Years, Bachelor of Technology)",AI,EWS,Gender-Neutral,108039,1
"Birla Institute of Technology, Patna Off-Campus","Artificial Intelligence and Machine Learning (4 Years, Bachelor of Technology)",AI,OBC- NCL,Gender-Neutral,100772,1
"Birla Institute of Technology, Patna Off-Campus","Artificial Intelligence and Machine Learning (4 Years, Bachelor of Technology)",AI,SC,Gender-Neutral,267363,2
"Birla Institute of Technology, Patna Off-Campus","Artificial Intelligence and Machine Learning (4 Years, Bachelor of Technology)",AI,ST,Gender-Neutral,654187,6
"Birla Institute of Technology, Patna Off-Campus","Artificial Intelligence and Machine Learning (4 Years, Bachelor of Technology)",HS,OPEN,Gender-Neutral,115822,1
"Birla Institute of Technology, Patna Off-Campus","Artificial Intelligence and Machine Learning (4 Years, Bachelor of Technology)",HS,OPEN,Female-only (including Supernumerary),133935,1
"Birla Institute of Technology, Patna Off-Campus","Artificial Intelligence and Machine Learning (4 Years, Bachelor of Technology)",HS,EWS,Gender-Neutral,156587,1
"Birla Institute of Technology, Patna Off-Campus","Artificial Intelligence and Machine Learning (4 Years, Bachelor of Technology)",HS,SC,Gender-Neutral,463815,5
"Birla Institute of Technology, Patna Off-Campus","Civil Engineering (4 Years, Bachelor of Technology)",AI,OPEN,Gender-Neutral,218114,2
"Birla Institute of Technology, Patna Off-Campus","Civil Engineering (4 Years, Bachelor of Technology)",AI,OPEN,Female-only (including Supernumerary),242846,2
"Birla Institute of Technology, Patna Off-Campus","Civil Engineering (4 Years, Bachelor of Technology)",AI,EWS,Gender-Neutral,306827,3
"Birla Institute of Technology, Patna Off-Campus","Civil Engineering (4 Years, Bachelor of Technology)",AI,OBC- NCL,Gender-Neutral,297570,3
"Birla Institute of Technology, Patna Off-Campus","Civil Engineering (4 Years, Bachelor of Technology)",AI,SC,Gender-Neutral,365406,4
"Birla Institute of Technology, Patna Off-Campus","Civil Engineering (4 Years, Bachelor of Technology)",AI,ST,Gender-Neutral,491937,7
"Birla Institute of Technology, Patna Off-Campus","Civil Engineering (4 Years, Bachelor of Technology)",HS,OPEN,Gender-Neutral,338713,5
"Birla Institute of Technology, Patna Off-Campus","Civil Engineering (4 Years, Bachelor of Technology)",HS,OPEN,Female-only (including Supernumerary),425740,4
"Birla Institute of Technology, Patna Off-Campus","Civil Engineering (4 Years, Bachelor of Technology)",HS,EWS,Gender-Neutral,594456,7
"Birla Institute of Technology, Patna Off-Campus","Civil Engineering (4 Years, Bachelor of Technology)",HS,SC,Gender-Neutral,565863,7
"Birla Institute of Technology, Patna Off-Campus","Computer Science and Engineering (4 Years, Bachelor of Technology)",AI,OPEN,Gender-Neutral,73264,8
"Birla Institute of Technology, Patna Off-Campus","Computer Science and Engineering (4 Years, Bachelor of Technology)",AI,OPEN,Female-only (including Supernumerary),76824,7
"Birla Institute of Technology, Patna Off-Campus","Computer Science and Engineering (4 Years, Bachelor of Technology)",AI,EWS,Gender-Neutral,99052,1
"Birla Institute of Technology, Patna Off-Campus","Computer Science and Engineering (4 Years, Bachelor of Technology)",AI,OBC- NCL,Gender-Neutral,98520,1
"Birla Institute of Technology, Patna Off-Campus","Computer Science and Engineering (4 Years, Bachelor of Technology)",AI,SC,Gender-Neutral,255243,2
"Birla Institute of Technology, Patna Off-Campus","Computer Science and Engineering (4 Years, Bachelor of Technology)",AI,ST,Gender-Neutral,548282,7
"Birla Institute of Technology, Patna Off-Campus","Computer Science and Engineering (4 Years, Bachelor of Technology)",HS,OPEN,Gender-Neutral,96997,1
"Birla Institute of Technology, Patna Off-Campus","Computer Science and Engineering (4 Years, Bachelor of Technology)",HS,OPEN,Female-only (including Supernumerary),100889,1
"Birla Institute of Technology, Patna Off-Campus","Computer Science and Engineering (4 Years, Bachelor of Technology)",HS,EWS,Gender-Neutral,114065,1
"Birla Institute of Technology, Patna Off-Campus","Computer Science and Engineering (4 Years, Bachelor of Technology)",HS,SC,Gender-Neutral,354791,4
"Birla Institute of Technology, Patna Off-Campus","Electrical and Electronics Engineering (4 Years, Bachelor of Technology)",AI,OPEN,Gender-Neutral,144841,1
"Birla Institute of Technology, Patna Off-Campus","Electrical and Electronics Engineering (4 Years, Bachelor of Technology)",AI,OPEN,Female-only (including Supernumerary),151108,1
"Birla Institute of Technology, Patna Off-Campus","Electrical and Electronics Engineering (4 Years, Bachelor of Technology)",AI,EWS,Gender-Neutral,169575,1
"Birla Institute of Technology, Patna Off-Campus","Electrical and Electronics Engineering (4 Years, Bachelor of Technology)",AI,OBC- NCL,Gender-Neutral,172855,2
"Birla Institute of Technology, Patna Off-Campus","Electrical and Electronics Engineering (4 Years, Bachelor of Technology)",AI,SC,Gender-Neutral,344882,3
"Birla Institute of Technology, Patna Off-Campus","Electrical and Electronics Engineering (4 Years, Bachelor of Technology)",HS,OPEN,Gender-Neutral,222602,2
"Birla Institute of Technology, Patna Off-Campus","Electrical and Electronics Engineering (4 Years, Bachelor of Technology)",HS,OPEN,Female-only (including Supernumerary),206136,2
"Birla Institute of Technology, Patna Off-Campus","Electrical and Electronics Engineering (4 Years, Bachelor of Technology)",HS,EWS,Gender-Neutral,348839,4
"Birla Institute of Technology, Patna Off-Campus","Electrical and Electronics Engineering (4 Years, Bachelor of Technology)",HS,SC,Gender-Neutral,689740,8
"Birla Institute of Technology, Patna Off-Campus","Electronics and Communication Engineering (4 Years, Bachelor of Technology)",AI,OPEN,Gender-Neutral,110507,1
"Birla Institute of Technology, Patna Off-Campus","Electronics and Communication Engineering (4 Years, Bachelor of Technology)",AI,OPEN,Female-only (including Supernumerary),114629,1
"Birla Institute of Technology, Patna Off-Campus","Electronics and Communication Engineering (4 Years, Bachelor of Technology)",AI,EWS,Gender-Neutral,148852,1
"Birla Institute of Technology, Patna Off-Campus","Electronics and Communication Engineering (4 Years, Bachelor of Technology)",AI,OBC- NCL,Gender-Neutral,138009,1
"Birla Institute of Technology, Patna Off-Campus","Electronics and Communication Engineering (4 Years, Bachelor of Technology)",AI,SC,Gender-Neutral,312292,3
"Birla Institute of Technology, Patna Off-Campus","Electronics and Communication Engineering (4 Years, Bachelor of Technology)",AI,ST,Gender-Neutral,678086,7
"Birla Institute of Technology, Patna Off-Campus","Electronics and Communication Engineering (4 Years, Bachelor of Technology)",HS,OPEN,Gender-Neutral,166245,1
"Birla Institute of Technology, Patna Off-Campus","Electronics and Communication Engineering (4 Years, Bachelor of Technology)",HS,OPEN,Female-only (including Supernumerary),185553,1
"Birla Institute of Technology, Patna Off-Campus","Electronics and Communication Engineering (4 Years, Bachelor of Technology)",HS,EWS,Gender-Neutral,202785,2
"Birla Institute of Technology, Patna Off-Campus","Electronics and Communication Engineering (4 Years, Bachelor of Technology)",HS,SC,Gender-Neutral,552127,6
"Birla Institute of Technology, Patna Off-Campus","Mathematics and Computing (5 Years, Integrated Master of Science)",AI,OPEN,Gender-Neutral,122180,1
"Birla Institute of Technology, Patna Off-Campus","Mathematics and Computing (5 Years, Integrated Master of Science)",AI,OPEN,Female-only (including Supernumerary),164507,1
"Birla Institute of Technology, Patna Off-Campus","Mathematics and Computing (5 Years, Integrated Master of Science)",AI,EWS,Gender-Neutral,159455,1
"Birla Institute of Technology, Patna Off-Campus","Mathematics and Computing (5 Years, Integrated Master of Science)",AI,OBC- NCL,Gender-Neutral,149203,1
"Birla Institute of Technology, Patna Off-Campus","Mathematics and Computing (5 Years, Integrated Master of Science)",AI,SC,Gender-Neutral,317921,3
"Birla Institute of Technology, Patna Off-Campus","Mathematics and Computing (5 Years, Integrated Master of Science)",HS,OPEN,Gender-Neutral,158064,2
"Birla Institute of Technology, Patna Off-Campus","Mathematics and Computing (5 Years, Integrated Master of Science)",HS,OPEN,Female-only (including Supernumerary),179577,2
"Birla Institute of Technology, Patna Off-Campus","Mathematics and Computing (5 Years, Integrated Master of Science)",HS,EWS,Gender-Neutral,231765,2
"Birla Institute of Technology, Patna Off-Campus","Mathematics and Computing (5 Years, Integrated Master of Science)",HS,SC,Gender-Neutral,900275,9
"Birla Institute of Technology, Patna Off-Campus","Mechanical Engineering (4 Years, Bachelor of Technology)",AI,OPEN,Gender-Neutral,183993,2
"Birla Institute of Technology, Patna Off-Campus","Mechanical Engineering (4 Years, Bachelor of Technology)",AI,OPEN,Female-only (including Supernumerary),213286,2
"Birla Institute of Technology, Patna Off-Campus","Mechanical Engineering (4 Years, Bachelor of Technology)",AI,EWS,Gender-Neutral,289282,3
"Birla Institute of Technology, Patna Off-Campus","Mechanical Engineering (4 Years, Bachelor of Technology)",AI,OBC- NCL,Gender-Neutral,265560,2
"Birla Institute of Technology, Patna Off-Campus","Mechanical Engineering (4 Years, Bachelor of Technology)",AI,SC,Gender-Neutral,367651,4
"Birla Institute of Technology, Patna Off-Campus","Mechanical Engineering (4 Years, Bachelor of Technology)",AI,ST,Gender-Neutral,769338,9
"Birla Institute of Technology, Patna Off-Campus","Mechanical Engineering (4 Years, Bachelor of Technology)",HS,OPEN,Gender-Neutral,357125,5
"Birla Institute of Technology, Patna Off-Campus","Mechanical Engineering (4 Years, Bachelor of Technology)",HS,OPEN,Female-only (including Supernumerary),342762,3
"Birla Institute of Technology, Patna Off-Campus","Mechanical Engineering (4 Years, Bachelor of Technology)",HS,EWS,Gender-Neutral,539965,6
"Birla Institute of Technology, Patna Off-Campus","Mechanical Engineering (4 Years, Bachelor of Technology)",HS,SC,Gender-Neutral,654447,1
"Indian Institute of Handloom Technology, Salem","Handloom and Textile Technology (4 Years, Bachelor of Technology)",AI,OPEN,Gender-Neutral,235487,4
"Indian Institute of Handloom Technology, Salem","Handloom and Textile Technology (4 Years, Bachelor of Technology)",AI,EWS,Gender-Neutral,713792,1
"Indian Institute of Handloom Technology, Salem","Handloom and Textile Technology (4 Years, Bachelor of Technology)",AI,OBC- NCL,Gender-Neutral,460598,1
"Indian Institute of Handloom Technology, Salem","Handloom and Textile Technology (4 Years, Bachelor of Technology)",AI,SC,Gender-Neutral,422021,4
"Indian Institute of Handloom Technology, Salem","Handloom and Textile Technology (4 Years, Bachelor of Technology)",AI,ST,Gender-Neutral,587034,6
"Gati Shakti Vishwavidyalaya, Vadodara","B.Tech in Artificial Intelligenece and Data Science (Transportation and Logistics) (4 Years, Bachelor of Technology)",AI,OPEN,Gender-Neutral,70772,8
"Gati Shakti Vishwavidyalaya, Vadodara","B.Tech in Artificial Intelligenece and Data Science (Transportation and Logistics) (4 Years, Bachelor of Technology)",AI,OPEN,Female-only (including Supernumerary),60696,6
"Gati Shakti Vishwavidyalaya, Vadodara","B.Tech in Artificial Intelligenece and Data Science (Transportation and Logistics) (4 Years, Bachelor of Technology)",AI,EWS,Gender-Neutral,85032,9
"Gati Shakti Vishwavidyalaya, Vadodara","B.Tech in Artificial Intelligenece and Data Science (Transportation and Logistics) (4 Years, Bachelor of Technology)",AI,OBC- NCL,Gender-Neutral,86564,9
"Gati Shakti Vishwavidyalaya, Vadodara","B.Tech in Artificial Intelligenece and Data Science (Transportation and Logistics) (4 Years, Bachelor of Technology)",AI,OBC- NCL,Female-only (including Supernumerary),120102,1
"Gati Shakti Vishwavidyalaya, Vadodara","B.Tech in Artificial Intelligenece and Data Science (Transportation and Logistics) (4 Years, Bachelor of Technology)",AI,SC,Gender-Neutral,255056,2
"Gati Shakti Vishwavidyalaya, Vadodara","B.Tech in Artificial Intelligenece and Data Science (Transportation and Logistics) (4 Years, Bachelor of Technology)",AI,SC,Female-only (including Supernumerary),281633,2
"Gati Shakti Vishwavidyalaya, Vadodara","B.Tech in Aviation Engineering (4 Years, Bachelor of Technology)",AI,OPEN,Gender-Neutral,98119,9
"Gati Shakti Vishwavidyalaya, Vadodara","B.Tech in Aviation Engineering (4 Years, Bachelor of Technology)",AI,EWS,Gender-Neutral,125205,1
"Gati Shakti Vishwavidyalaya, Vadodara","B.Tech in Aviation Engineering (4 Years, Bachelor of Technology)",AI,OBC- NCL,Gender-Neutral,128197,1
"Gati Shakti Vishwavidyalaya, Vadodara","B.Tech in Aviation Engineering (4 Years, Bachelor of Technology)",AI,SC,Gender-Neutral,326109,3
"Gati Shakti Vishwavidyalaya, Vadodara","B.Tech in Aviation Engineering (4 Years, Bachelor of Technology)",AI,ST,Gender-Neutral,723981,7
"Gati Shakti Vishwavidyalaya, Vadodara","B.Tech in Civil Engineering (Rail Engineering) (4 Years, Bachelor of Technology)",AI,OPEN,Gender-Neutral,150469,1
"Gati Shakti Vishwavidyalaya, Vadodara","B.Tech in Civil Engineering (Rail Engineering) (4 Years, Bachelor of Technology)",AI,OPEN,Female-only (including Supernumerary),158571,1
"Gati Shakti Vishwavidyalaya, Vadodara","B.Tech in Civil Engineering (Rail Engineering) (4 Years, Bachelor of Technology)",AI,EWS,Gender-Neutral,185915,2
"Gati Shakti Vishwavidyalaya, Vadodara","B.Tech in Civil Engineering (Rail Engineering) (4 Years, Bachelor of Technology)",AI,OBC- NCL,Gender-Neutral,193204,2
"Gati Shakti Vishwavidyalaya, Vadodara","B.Tech in Civil Engineering (Rail Engineering) (4 Years, Bachelor of Technology)",AI,OBC- NCL,Female-only (including Supernumerary),181143,2
"Gati Shakti Vishwavidyalaya, Vadodara","B.Tech in Civil Engineering (Rail Engineering) (4 Years, Bachelor of Technology)",AI,SC,Gender-Neutral,366249,3
"Gati Shakti Vishwavidyalaya, Vadodara","B.Tech in Civil Engineering (Rail Engineering) (4 Years, Bachelor of Technology)",AI,SC,Female-only (including Supernumerary),388742,3
"Gati Shakti Vishwavidyalaya, Vadodara","B.Tech in Civil Engineering (Rail Engineering) (4 Years, Bachelor of Technology)",AI,ST,Gender-Neutral,598509,7
"Gati Shakti Vishwavidyalaya, Vadodara","B.Tech in Electrical Engineering ( Rail Engineering) (4 Years, Bachelor of Technology)",AI,OPEN,Gender-Neutral,106148,1
"Gati Shakti Vishwavidyalaya, Vadodara","B.Tech in Electrical Engineering ( Rail Engineering) (4 Years, Bachelor of Technology)",AI,EWS,Gender-Neutral,131688,1
"Gati Shakti Vishwavidyalaya, Vadodara","B.Tech in Electrical Engineering ( Rail Engineering) (4 Years, Bachelor of Technology)",AI,OBC- NCL,Gender-Neutral,135314,1
"Gati Shakti Vishwavidyalaya, Vadodara","B.Tech in Electrical Engineering ( Rail Engineering) (4 Years, Bachelor of Technology)",AI,SC,Gender-Neutral,297133,3
"Gati Shakti Vishwavidyalaya, Vadodara","B.Tech in Electrical Engineering ( Rail Engineering) (4 Years, Bachelor of Technology)",AI,ST,Gender-Neutral,582372,6
"Gati Shakti Vishwavidyalaya, Vadodara","B.Tech in Electronics & Communication Engineering (Rail Engineering) (4 Years, Bachelor of Technology)",AI,OPEN,Gender-Neutral,91697,9
"Gati Shakti Vishwavidyalaya, Vadodara","B.Tech in Electronics & Communication Engineering (Rail Engineering) (4 Years, Bachelor of Technology)",AI,EWS,Gender-Neutral,100580,1
"Gati Shakti Vishwavidyalaya, Vadodara","B.Tech in Electronics & Communication Engineering (Rail Engineering) (4 Years, Bachelor of Technology)",AI,EWS,Female-only (including Supernumerary),124446,1
"Gati Shakti Vishwavidyalaya, Vadodara","B.Tech in Electronics & Communication Engineering (Rail Engineering) (4 Years, Bachelor of Technology)",AI,OBC- NCL,Gender-Neutral,111861,1
"Gati Shakti Vishwavidyalaya, Vadodara","B.Tech in Electronics & Communication Engineering (Rail Engineering) (4 Years, Bachelor of Technology)",AI,OBC- NCL,Female-only (including Supernumerary),126376,1
"Gati Shakti Vishwavidyalaya, Vadodara","B.Tech in Electronics & Communication Engineering (Rail Engineering) (4 Years, Bachelor of Technology)",AI,SC,Gender-Neutral,280138,2
"Gati Shakti Vishwavidyalaya, Vadodara","B.Tech in Electronics & Communication Engineering (Rail Engineering) (4 Years, Bachelor of Technology)",AI,SC,Female-only (including Supernumerary),293287,2
"Gati Shakti Vishwavidyalaya, Vadodara","B.Tech in Electronics & Communication Engineering (Rail Engineering) (4 Years, Bachelor of Technology)",AI,ST,Female-only (including Supernumerary),542615,5
"Gati Shakti Vishwavidyalaya, Vadodara","B.Tech in Mechanical Engineering ( Rail Engineering) (4 Years, Bachelor of Technology)",AI,OPEN,Gender-Neutral,120605,1
"Gati Shakti Vishwavidyalaya, Vadodara","B.Tech in Mechanical Engineering ( Rail Engineering) (4 Years, Bachelor of Technology)",AI,OPEN,Female-only (including Supernumerary),122711,1
"Gati Shakti Vishwavidyalaya, Vadodara","B.Tech in Mechanical Engineering ( Rail Engineering) (4 Years, Bachelor of Technology)",AI,EWS,Gender-Neutral,143636,1
"Gati Shakti Vishwavidyalaya, Vadodara","B.Tech in Mechanical Engineering ( Rail Engineering) (4 Years, Bachelor of Technology)",AI,EWS,Female-only (including Supernumerary),164785,1
"Gati Shakti Vishwavidyalaya, Vadodara","B.Tech in Mechanical Engineering ( Rail Engineering) (4 Years, Bachelor of Technology)",AI,OBC- NCL,Gender-Neutral,152774,1
"Gati Shakti Vishwavidyalaya, Vadodara","B.Tech in Mechanical Engineering ( Rail Engineering) (4 Years, Bachelor of Technology)",AI,OBC- NCL,Female-only (including Supernumerary),158348,1
"Gati Shakti Vishwavidyalaya, Vadodara","B.Tech in Mechanical Engineering ( Rail Engineering) (4 Years, Bachelor of Technology)",AI,SC,Gender-Neutral,325378,3
"Gati Shakti Vishwavidyalaya, Vadodara","B.Tech in Mechanical Engineering ( Rail Engineering) (4 Years, Bachelor of Technology)",AI,SC,Female-only (including Supernumerary),366917,3
"Gati Shakti Vishwavidyalaya, Vadodara","B.Tech in Mechanical Engineering ( Rail Engineering) (4 Years, Bachelor of Technology)",AI,ST,Gender-Neutral,470168,4
CU Jharkhand,"Civil Engineering (4 Years, Bachelor of Technology)",AI,OPEN,Gender-Neutral,190213,2
CU Jharkhand,"Civil Engineering (4 Years, Bachelor of Technology)",AI,EWS,Gender-Neutral,284174,2
CU Jharkhand,"Civil Engineering (4 Years, Bachelor of Technology)",AI,OBC- NCL,Gender-Neutral,261407,2
CU Jharkhand,"Civil Engineering (4 Years, Bachelor of Technology)",AI,SC,Gender-Neutral,359891,4
CU Jharkhand,"Computer Science and Engineering (4 Years, Bachelor of Technology)",AI,OPEN,Gender-Neutral,111880,1
CU Jharkhand,"Computer Science and Engineering (4 Years, Bachelor of Technology)",AI,EWS,Gender-Neutral,155908,1
CU Jharkhand,"Computer Science and Engineering (4 Years, Bachelor of Technology)",AI,OBC- NCL,Gender-Neutral,157794,1
CU Jharkhand,"Computer Science and Engineering (4 Years, Bachelor of Technology)",AI,SC,Gender-Neutral,280515,2
CU Jharkhand,"Computer Science and Engineering (4 Years, Bachelor of Technology)",AI,ST,Gender-Neutral,500754,5
CU Jharkhand,"Electrical Engineering (4 Years, Bachelor of Technology)",AI,OPEN,Gender-Neutral,213580,2
CU Jharkhand,"Electrical Engineering (4 Years, Bachelor of Technology)",AI,EWS,Gender-Neutral,285366,2
CU Jharkhand,"Electrical Engineering (4 Years, Bachelor of Technology)",AI,OBC- NCL,Gender-Neutral,261534,2
CU Jharkhand,"Electrical Engineering (4 Years, Bachelor of Technology)",AI,SC,Gender-Neutral,333030,3
CU Jharkhand,"Metallurgical and Materials Engineering (4 Years, Bachelor of Technology)",AI,OPEN,Gender-Neutral,300644,4
CU Jharkhand,"Metallurgical and Materials Engineering (4 Years, Bachelor of Technology)",AI,EWS,Gender-Neutral,449829,4
CU Jharkhand,"Metallurgical and Materials Engineering (4 Years, Bachelor of Technology)",AI,OBC- NCL,Gender-Neutral,420089,6
CU Jharkhand,"Metallurgical and Materials Engineering (4 Years, Bachelor of Technology)",AI,SC,Gender-Neutral,434748,4
CU Jharkhand,"Metallurgical and Materials Engineering (4 Years, Bachelor of Technology)",AI,ST,Gender-Neutral,774464,7
"National Institute of Electronics and Information Technology, Ropar (Punjab)","B.Tech in CSE (AI and ML) (4 Years, Bachelor of Technology)",AI,OPEN,Gender-Neutral,81044,8
"National Institute of Electronics and Information Technology, Ropar (Punjab)","B.Tech in CSE (AI and ML) (4 Years, Bachelor of Technology)",AI,EWS,Gender-Neutral,99219,1
"National Institute of Electronics and Information Technology, Ropar (Punjab)","B.Tech in CSE (AI and ML) (4 Years, Bachelor of Technology)",AI,OBC- NCL,Gender-Neutral,109256,1
"National Institute of Electronics and Information Technology, Ropar (Punjab)","B.Tech in CSE (AI and ML) (4 Years, Bachelor of Technology)",AI,SC,Gender-Neutral,244761,2
"National Institute of Electronics and Information Technology, Ropar (Punjab)","B.Tech in CSE (AI and ML) (4 Years, Bachelor of Technology)",AI,ST,Gender-Neutral,608962,6
"National Institute of Electronics and Information Technology, Patna (Bihar)","Computer Science and Engineering (4 Years, Bachelor of Technology)",AI,OPEN,Gender-Neutral,94908,1
"National Institute of Electronics and Information Technology, Patna (Bihar)","Computer Science and Engineering (4 Years, Bachelor of Technology)",AI,EWS,Gender-Neutral,124906,1
"National Institute of Electronics and Information Technology, Patna (Bihar)","Computer Science and Engineering (4 Years, Bachelor of Technology)",AI,OBC- NCL,Gender-Neutral,122249,1
"National Institute of Electronics and Information Technology, Patna (Bihar)","Computer Science and Engineering (4 Years, Bachelor of Technology)",AI,SC,Gender-Neutral,273666,2
"National Institute of Electronics and Information Technology, Patna (Bihar)","Computer Science and Engineering (4 Years, Bachelor of Technology)",AI,ST,Gender-Neutral,585244,5
"National Institute of Electronics and Information Technology, Ajmer (Rajasthan)","Computer Science and Engineering (Internet of Things, Cyber Security including Block Chain Technology ) (4 Years, Bachelor of Technology)",AI,OPEN,Gender-Neutral,105200,1
"National Institute of Electronics and Information Technology, Ajmer (Rajasthan)","Computer Science and Engineering (Internet of Things, Cyber Security including Block Chain Technology ) (4 Years, Bachelor of Technology)",AI,EWS,Gender-Neutral,125344,1
"National Institute of Electronics and Information Technology, Ajmer (Rajasthan)","Computer Science and Engineering (Internet of Things, Cyber Security including Block Chain Technology ) (4 Years, Bachelor of Technology)",AI,OBC- NCL,Gender-Neutral,131631,1
"National Institute of Electronics and Information Technology, Ajmer (Rajasthan)","Computer Science and Engineering (Internet of Things, Cyber Security including Block Chain Technology ) (4 Years, Bachelor of Technology)",AI,SC,Gender-Neutral,302435,3
"National Institute of Electronics and Information Technology, Ajmer (Rajasthan)","Computer Science and Engineering (Internet of Things, Cyber Security including Block Chain Technology ) (4 Years, Bachelor of Technology)",AI,ST,Gender-Neutral,485484,4
"National Institute of Electronics and Information Technology, Gorakhpur (UP)","B. Tech in Electronics and Communication Engineering with minor in Wearable Electronics (4 Years, Bachelor of Technology)",AI,OPEN,Gender-Neutral,149906,1
"National Institute of Electronics and Information Technology, Gorakhpur (UP)","B. Tech in Electronics and Communication Engineering with minor in Wearable Electronics (4 Years, Bachelor of Technology)",AI,EWS,Gender-Neutral,185063,2
"National Institute of Electronics and Information Technology, Gorakhpur (UP)","B. Tech in Electronics and Communication Engineering with minor in Wearable Electronics (4 Years, Bachelor of Technology)",AI,OBC- NCL,Gender-Neutral,181676,2
"National Institute of Electronics and Information Technology, Gorakhpur (UP)","B. Tech in Electronics and Communication Engineering with minor in Wearable Electronics (4 Years, Bachelor of Technology)",AI,SC,Gender-Neutral,320699,3
"National Institute of Electronics and Information Technology, Gorakhpur (UP)","B. Tech in Electronics and Communication Engineering with minor in Wearable Electronics (4 Years, Bachelor of Technology)",AI,ST,Gender-Neutral,529903,6
"National Institute of Electronics and Information Technology, Gorakhpur (UP)","Computer Science and Engineering with minor in AI and ML (4 Years, Bachelor of Technology)",AI,OPEN,Gender-Neutral,116584,1
"National Institute of Electronics and Information Technology, Gorakhpur (UP)","Computer Science and Engineering with minor in AI and ML (4 Years, Bachelor of Technology)",AI,EWS,Gender-Neutral,135235,1
"National Institute of Electronics and Information Technology, Gorakhpur (UP)","Computer Science and Engineering with minor in AI and ML (4 Years, Bachelor of Technology)",AI,OBC- NCL,Gender-Neutral,145591,1
"National Institute of Electronics and Information Technology, Gorakhpur (UP)","Computer Science and Engineering with minor in AI and ML (4 Years, Bachelor of Technology)",AI,SC,Gender-Neutral,294863,3
"National Institute of Electronics and Information Technology, Gorakhpur (UP)","Computer Science and Engineering with minor in AI and ML (4 Years, Bachelor of Technology)",AI,ST,Gender-Neutral,452132,5
"Rajiv Gandhi National Aviation University, Fursatganj, Amethi (UP)","Aerospace Engineering (4 Years, Bachelor of Technology)",AI,OPEN,Gender-Neutral,114259,1
"Rajiv Gandhi National Aviation University, Fursatganj, Amethi (UP)","Aerospace Engineering (4 Years, Bachelor of Technology)",AI,EWS,Gender-Neutral,158851,1
"Rajiv Gandhi National Aviation University, Fursatganj, Amethi (UP)","Aerospace Engineering (4 Years, Bachelor of Technology)",AI,OBC- NCL,Gender-Neutral,158467,1
"Rajiv Gandhi National Aviation University, Fursatganj, Amethi (UP)","Aerospace Engineering (4 Years, Bachelor of Technology)",AI,SC,Gender-Neutral,314179,3
"Rajiv Gandhi National Aviation University, Fursatganj, Amethi (UP)","Aerospace Engineering (4 Years, Bachelor of Technology)",AI,ST,Gender-Neutral,498804,4
"Rajiv Gandhi National Aviation University, Fursatganj, Amethi (UP)","Electronics and Communication Engineering (Avionics) (4 Years, Bachelor of Technology)",AI,OPEN,Gender-Neutral,152983,1
"Rajiv Gandhi National Aviation University, Fursatganj, Amethi (UP)","Electronics and Communication Engineering (Avionics) (4 Years, Bachelor of Technology)",AI,EWS,Gender-Neutral,188190,2
"Rajiv Gandhi National Aviation University, Fursatganj, Amethi (UP)","Electronics and Communication Engineering (Avionics) (4 Years, Bachelor of Technology)",AI,OBC- NCL,Gender-Neutral,196632,2
"Rajiv Gandhi National Aviation University, Fursatganj, Amethi (UP)","Electronics and Communication Engineering (Avionics) (4 Years, Bachelor of Technology)",AI,SC,Gender-Neutral,360777,3
"Rajiv Gandhi National Aviation University, Fursatganj, Amethi (UP)","Electronics and Communication Engineering (Avionics) (4 Years, Bachelor of Technology)",AI,ST,Gender-Neutral,620896,6
Islamic University of Science and Technology Kashmir,"Architecture (5 Years, Bachelor of Architecture)",AI,OPEN,Gender-Neutral,6198,9
Islamic University of Science and Technology Kashmir,"Architecture (5 Years, Bachelor of Architecture)",AI,OBC- NCL,Gender-Neutral,9948,1
Islamic University of Science and Technology Kashmir,"Architecture (5 Years, Bachelor of Architecture)",AI,SC,Gender-Neutral,16246,2
Islamic University of Science and Technology Kashmir,"Architecture (5 Years, Bachelor of Architecture)",AI,ST,Gender-Neutral,23034,3
Shri G. S. Institute of Technology and Science Indore,"Biomedical Engineering (4 Years, Bachelor of Technology)",AI,OPEN,Gender-Neutral,137054,1
Shri G. S. Institute of Technology and Science Indore,"Civil Engineering (4 Years, Bachelor of Technology)",AI,OPEN,Gender-Neutral,94627,9
Shri G. S. Institute of Technology and Science Indore,"Electrical Engineering (4 Years, Bachelor of Technology)",AI,OPEN,Gender-Neutral,65688,6
Shri G. S. Institute of Technology and Science Indore,"Electronics and Instrumentation Engineering (4 Years, Bachelor of Technology)",AI,OPEN,Gender-Neutral,63661,6
Shri G. S. Institute of Technology and Science Indore,"Electronics and Telecommunication Engineering (4 Years, Bachelor of Technology)",AI,OPEN,Gender-Neutral,54462,6
Shri G. S. Institute of Technology and Science Indore,"Industrial and Production Engineering (4 Years, Bachelor of Technology)",AI,OPEN,Gender-Neutral,103182,1
Shri G. S. Institute of Technology and Science Indore,"Information Technology (4 Years, Bachelor of Technology)",AI,OPEN,Gender-Neutral,47097,4
Shri G. S. Institute of Technology and Science Indore,"Mechanical Engineering (4 Years, Bachelor of Technology)",AI,OPEN,Gender-Neutral,72301,8
"Manipal Institute of Technology, Manipal","Computer Science and Engineering for DASA-CIWG (4 Years, Bachelor of Technology)",DC,OPEN,Gender-Neutral,457178,4
"Manipal Institute of Technology, Manipal","Computer Science and Financial Technology for DASA- CIWG (4 Years, Bachelor of Technology)",DC,OPEN,Gender-Neutral,627364,6
