Institute,Academic Program Name,Quota,Seat Type,Gender,Opening Rank,Closing Rank
"Dr. B R Ambedkar National Institute of Technology, Jalandhar","Bio Technology (4 Years, Bachelor of Technology)",HS,EWS,Female-only (including Supernumerary),153051,153051
"Dr. B R Ambedkar National Institute of Technology, Jalandhar","Bio Technology (4 Years, Bachelor of Technology)",HS,OBC- NCL,Gender-Neutral,182169,220552
"Dr. B R Ambedkar National Institute of Technology, Jalandhar","Bio Technology (4 Years, Bachelor of Technology)",HS,SC,Gender-Neutral,261614,261614
"Dr. B R Ambedkar National Institute of Technology, Jalandhar","Bio Technology (4 Years, Bachelor of Technology)",OS,OPEN,Gender-Neutral,59170,60293
"Dr. B R Ambedkar National Institute of Technology, Jalandhar","Bio Technology (4 Years, Bachelor of Technology)",OS,EWS,Gender-Neutral,63961,63961
"Dr. B R Ambedkar National Institute of Technology, Jalandhar","Chemical Engineering (4 Years, Bachelor of Technology)",HS,OPEN,Gender-Neutral,66693,67394
"Dr. B R Ambedkar National Institute of Technology, Jalandhar","Chemical Engineering (4 Years, Bachelor of Technology)",HS,EWS,Gender-Neutral,73433,73433
"Dr. B R Ambedkar National Institute of Technology, Jalandhar","Chemical Engineering (4 Years, Bachelor of Technology)",HS,EWS,Female-only (including Supernumerary),67701,67701
"Dr. B R Ambedkar National Institute of Technology, Jalandhar","Chemical Engineering (4 Years, Bachelor of Technology)",HS,OBC- NCL,Gender-Neutral,151515,151515
"Dr. B R Ambedkar National Institute of Technology, Jalandhar","Chemical Engineering (4 Years, Bachelor of Technology)",HS,SC,Gender-Neutral,248733,248733
"Dr. B R Ambedkar National Institute of Technology, Jalandhar","Chemical Engineering (4 Years, Bachelor of Technology)",OS,OPEN,Gender-Neutral,46087,46097
"Dr. B R Ambedkar National Institute of Technology, Jalandhar","Chemical Engineering (4 Years, Bachelor of Technology)",OS,EWS,Gender-Neutral,47262,47262
"Dr. B R Ambedkar National Institute of Technology, Jalandhar","Chemical Engineering (4 Years, Bachelor of Technology)",OS,OBC- NCL,Gender-Neutral,49011,52653
"Dr. B R Ambedkar National Institute of Technology, Jalandhar","Civil Engineering (4 Years, Bachelor of Technology)",HS,OPEN,Gender-Neutral,81611,82536
"Dr. B R Ambedkar National Institute of Technology, Jalandhar","Civil Engineering (4 Years, Bachelor of Technology)",HS,OPEN,Female-only (including Supernumerary),86890,88704
"Dr. B R Ambedkar National Institute of Technology, Jalandhar","Civil Engineering (4 Years, Bachelor of Technology)",HS,EWS,Gender-Neutral,108096,108096
"Dr. B R Ambedkar National Institute of Technology, Jalandhar","Civil Engineering (4 Years, Bachelor of Technology)",HS,EWS,Female-only (including Supernumerary),136351,136351
"Dr. B R Ambedkar National Institute of Technology, Jalandhar","Civil Engineering (4 Years, Bachelor of Technology)",HS,OBC- NCL,Gender-Neutral,169661,170295
"Dr. B R Ambedkar National Institute of Technology, Jalandhar","Civil Engineering (4 Years, Bachelor of Technology)",OS,OPEN,Gender-Neutral,49980,51229
"Dr. B R Ambedkar National Institute of Technology, Jalandhar","Civil Engineering (4 Years, Bachelor of Technology)",OS,OPEN,Female-only (including Supernumerary),75916,75916
"Dr. B R Ambedkar National Institute of Technology, Jalandhar","Civil Engineering (4 Years, Bachelor of Technology)",OS,EWS,Gender-Neutral,53450,53450
"Dr. B R Ambedkar National Institute of Technology, Jalandhar","Civil Engineering (4 Years, Bachelor of Technology)",OS,EWS,Female-only (including Supernumerary),88211,88211
"Dr. B R Ambedkar National Institute of Technology, Jalandhar","Civil Engineering (4 Years, Bachelor of Technology)",OS,OBC- NCL,Gender-Neutral,55393,57850
"Dr. B R Ambedkar National Institute of Technology, Jalandhar","Computer Science and Engineering (4 Years, Bachelor of Technology)",OS,OPEN,Gender-Neutral,13732,13737
"Dr. B R Ambedkar National Institute of Technology, Jalandhar","Computer Science and Engineering (4 Years, Bachelor of Technology)",OS,OPEN,Female-only (including Supernumerary),24362,24362
"Dr. B R Ambedkar National Institute of Technology, Jalandhar","Computer Science and Engineering (4 Years, Bachelor of Technology)",OS,EWS,Gender-Neutral,15101,15101
"Dr. B R Ambedkar National Institute of Technology, Jalandhar","Computer Science and Engineering (4 Years, Bachelor of Technology)",OS,OBC- NCL,Gender-Neutral,17262,17412
"Dr. B R Ambedkar National Institute of Technology, Jalandhar","Computer Science and Engineering for DASA-CIWG (4 Years, Bachelor of Technology)",DC,OPEN,Gender-Neutral,497878,497878
"Dr. B R Ambedkar National Institute of Technology, Jalandhar","Data Science and Engineering (4 Years, Bachelor of Technology)",HS,OPEN,Gender-Neutral,21022,21022
"Dr. B R Ambedkar National Institute of Technology, Jalandhar","Data Science and Engineering (4 Years, Bachelor of Technology)",OS,OPEN,Female-only (including Supernumerary),28491,29384
"Dr. B R Ambedkar National Institute of Technology, Jalandhar","Data Science and Engineering (4 Years, Bachelor of Technology)",OS,OBC- NCL,Gender-Neutral,23687,23687
"Dr. B R Ambedkar National Institute of Technology, Jalandhar","Electrical Engineering (4 Years, Bachelor of Technology)",HS,OPEN,Gender-Neutral,33138,33460
"Dr. B R Ambedkar National Institute of Technology, Jalandhar","Electrical Engineering (4 Years, Bachelor of Technology)",HS,EWS,Gender-Neutral,41063,41063
"Dr. B R Ambedkar National Institute of Technology, Jalandhar","Electrical Engineering (4 Years, Bachelor of Technology)",OS,OPEN,Gender-Neutral,25402,25402
"Dr. B R Ambedkar National Institute of Technology, Jalandhar","Electrical Engineering (4 Years, Bachelor of Technology)",OS,OPEN,Female-only (including Supernumerary),40523,40523
"Dr. B R Ambedkar National Institute of Technology, Jalandhar","Electrical Engineering (4 Years, Bachelor of Technology)",OS,OBC- NCL,Gender-Neutral,29055,30627
"Dr. B R Ambedkar National Institute of Technology, Jalandhar","Electrical Engineering (4 Years, Bachelor of Technology)",OS,SC,Female-only (including Supernumerary),156023,156023
"Dr. B R Ambedkar National Institute of Technology, Jalandhar","Electronics and Communication Engineering (4 Years, Bachelor of Technology)",HS,OPEN,Gender-Neutral,26947,27681
"Dr. B R Ambedkar National Institute of Technology, Jalandhar","Electronics and Communication Engineering (4 Years, Bachelor of Technology)",HS,OPEN,Female-only (including Supernumerary),26815,26815
"Dr. B R Ambedkar National Institute of Technology, Jalandhar","Electronics and Communication Engineering (4 Years, Bachelor of Technology)",HS,EWS,Gender-Neutral,34154,34154
"Dr. B R Ambedkar National Institute of Technology, Jalandhar","Electronics and Communication Engineering (4 Years, Bachelor of Technology)",HS,OBC- NCL,Gender-Neutral,80582,80582
"Dr. B R Ambedkar National Institute of Technology, Jalandhar","Electronics and Communication Engineering (4 Years, Bachelor of Technology)",OS,OPEN,Gender-Neutral,19723,20451
"Dr. B R Ambedkar National Institute of Technology, Jalandhar","Electronics and Communication Engineering (4 Years, Bachelor of Technology)",OS,OPEN,Female-only (including Supernumerary),31125,31125
"Dr. B R Ambedkar National Institute of Technology, Jalandhar","Electronics and Communication Engineering (4 Years, Bachelor of Technology)",OS,EWS,Gender-Neutral,21535,22426
"Dr. B R Ambedkar National Institute of Technology, Jalandhar","Electronics and Communication Engineering (4 Years, Bachelor of Technology)",OS,OBC- NCL,Gender-Neutral,25046,25367
"Dr. B R Ambedkar National Institute of Technology, Jalandhar","Electronics and VLSI Engineering (4 Years, Bachelor of Technology)",HS,OPEN,Gender-Neutral,29802,29802
"Dr. B R Ambedkar National Institute of Technology, Jalandhar","Electronics and VLSI Engineering (4 Years, Bachelor of Technology)",HS,EWS,Gender-Neutral,34806,34806
"Dr. B R Ambedkar National Institute of Technology, Jalandhar","Electronics and VLSI Engineering (4 Years, Bachelor of Technology)",HS,OBC- NCL,Gender-Neutral,82261,82261
"Dr. B R Ambedkar National Institute of Technology, Jalandhar","Electronics and VLSI Engineering (4 Years, Bachelor of Technology)",OS,OPEN,Gender-Neutral,21954,23301
"Dr. B R Ambedkar National Institute of Technology, Jalandhar","Electronics and VLSI Engineering (4 Years, Bachelor of Technology)",OS,EWS,Gender-Neutral,24610,24610
"Dr. B R Ambedkar National Institute of Technology, Jalandhar","Electronics and VLSI Engineering (4 Years, Bachelor of Technology)",OS,OBC- NCL,Gender-Neutral,25427,26812
"Dr. B R Ambedkar National Institute of Technology, Jalandhar","Industrial and Production Engineering (4 Years, Bachelor of Technology)",AI,ST,Gender-Neutral,255117,255117
"Dr. B R Ambedkar National Institute of Technology, Jalandhar","Industrial and Production Engineering (4 Years, Bachelor of Technology)",HS,OPEN,Gender-Neutral,79511,80500
"Dr. B R Ambedkar National Institute of Technology, Jalandhar","Industrial and Production Engineering (4 Years, Bachelor of Technology)",HS,OPEN,Female-only (including Supernumerary),80506,80506
"Dr. B R Ambedkar National Institute of Technology, Jalandhar","Industrial and Production Engineering (4 Years, Bachelor of Technology)",HS,OBC- NCL,Gender-Neutral,178044,178044
"Dr. B R Ambedkar National Institute of Technology, Jalandhar","Industrial and Production Engineering (4 Years, Bachelor of Technology)",OS,OPEN,Gender-Neutral,52305,52305
"Dr. B R Ambedkar National Institute of Technology, Jalandhar","Industrial and Production Engineering (4 Years, Bachelor of Technology)",OS,EWS,Gender-Neutral,54411,54411
"Dr. B R Ambedkar National Institute of Technology, Jalandhar","Industrial and Production Engineering (4 Years, Bachelor of Technology)",OS,OBC- NCL,Gender-Neutral,58949,60726
"Dr. B R Ambedkar National Institute of Technology, Jalandhar","Industrial and Production Engineering (4 Years, Bachelor of Technology)",OS,ST,Gender-Neutral,281852,295528
"Dr. B R Ambedkar National Institute of Technology, Jalandhar","Information Technology (4 Years, Bachelor of Technology)",HS,OPEN,Gender-Neutral,24035,24035
"Dr. B R Ambedkar National Institute of Technology, Jalandhar","Information Technology (4 Years, Bachelor of Technology)",HS,OPEN,Female-only (including Supernumerary),25474,25474
"Dr. B R Ambedkar National Institute of Technology, Jalandhar","Information Technology (4 Years, Bachelor of Technology)",OS,OPEN,Female-only (including Supernumerary),27322,27322
"Dr. B R Ambedkar National Institute of Technology, Jalandhar","Instrumentation and Control Engineering (4 Years, Bachelor of Technology)",HS,OPEN,Gender-Neutral,46532,46738
"Dr. B R Ambedkar National Institute of Technology, Jalandhar","Instrumentation and Control Engineering (4 Years, Bachelor of Technology)",HS,OBC- NCL,Gender-Neutral,109710,109710
"Dr. B R Ambedkar National Institute of Technology, Jalandhar","Instrumentation and Control Engineering (4 Years, Bachelor of Technology)",OS,OPEN,Gender-Neutral,30065,30065
"Dr. B R Ambedkar National Institute of Technology, Jalandhar","Instrumentation and Control Engineering (4 Years, Bachelor of Technology)",OS,OBC- NCL,Gender-Neutral,37757,37938
"Dr. B R Ambedkar National Institute of Technology, Jalandhar","Mathematics and Computing (4 Years, Bachelor of Technology)",HS,OPEN,Gender-Neutral,25343,25343
"Dr. B R Ambedkar National Institute of Technology, Jalandhar","Mathematics and Computing (4 Years, Bachelor of Technology)",HS,EWS,Gender-Neutral,33560,33560
"Dr. B R Ambedkar National Institute of Technology, Jalandhar","Mathematics and Computing (4 Years, Bachelor of Technology)",OS,OPEN,Gender-Neutral,18044,18474
"Dr. B R Ambedkar National Institute of Technology, Jalandhar","Mathematics and Computing (4 Years, Bachelor of Technology)",OS,OPEN,Female-only (including Supernumerary),30332,30332
"Dr. B R Ambedkar National Institute of Technology, Jalandhar","Mathematics and Computing (4 Years, Bachelor of Technology)",OS,OBC- NCL,Gender-Neutral,24091,24091
"Dr. B R Ambedkar National Institute of Technology, Jalandhar","Mechanical Engineering (4 Years, Bachelor of Technology)",HS,OPEN,Gender-Neutral,56739,57413
"Dr. B R Ambedkar National Institute of Technology, Jalandhar","Mechanical Engineering (4 Years, Bachelor of Technology)",HS,EWS,Gender-Neutral,72136,83940
"Dr. B R Ambedkar National Institute of Technology, Jalandhar","Mechanical Engineering (4 Years, Bachelor of Technology)",HS,OBC- NCL,Gender-Neutral,118303,129422
"Dr. B R Ambedkar National Institute of Technology, Jalandhar","Mechanical Engineering (4 Years, Bachelor of Technology)",HS,SC,Female-only (including Supernumerary),263583,263583
"Dr. B R Ambedkar National Institute of Technology, Jalandhar","Mechanical Engineering (4 Years, Bachelor of Technology)",OS,OPEN,Gender-Neutral,36370,36865
"Dr. B R Ambedkar National Institute of Technology, Jalandhar","Mechanical Engineering (4 Years, Bachelor of Technology)",OS,OPEN,Female-only (including Supernumerary),60855,60855
"Dr. B R Ambedkar National Institute of Technology, Jalandhar","Mechanical Engineering (4 Years, Bachelor of Technology)",OS,EWS,Female-only (including Supernumerary),68351,68351
"Dr. B R Ambedkar National Institute of Technology, Jalandhar","Mechanical Engineering (4 Years, Bachelor of Technology)",OS,OBC- NCL,Gender-Neutral,42331,43190
"Dr. B R Ambedkar National Institute of Technology, Jalandhar","Mechanical Engineering (4 Years, Bachelor of Technology)",OS,OBC- NCL,Female-only (including Supernumerary),80945,80945
"Dr. B R Ambedkar National Institute of Technology, Jalandhar","Textile Technology (4 Years, Bachelor of Technology)",HS,OPEN,Gender-Neutral,133710,136040
"Dr. B R Ambedkar National Institute of Technology, Jalandhar","Textile Technology (4 Years, Bachelor of Technology)",HS,EWS,Gender-Neutral,159828,159828
"Dr. B R Ambedkar National Institute of Technology, Jalandhar","Textile Technology (4 Years, Bachelor of Technology)",HS,OBC- NCL,Gender-Neutral,225635,241438
"Dr. B R Ambedkar National Institute of Technology, Jalandhar","Textile Technology (4 Years, Bachelor of Technology)",HS,SC,Gender-Neutral,298570,298570
"Dr. B R Ambedkar National Institute of Technology, Jalandhar","Textile Technology (4 Years, Bachelor of Technology)",HS,SC,Female-only (including Supernumerary),266788,266788
"Dr. B R Ambedkar National Institute of Technology, Jalandhar","Textile Technology (4 Years, Bachelor of Technology)",OS,OPEN,Gender-Neutral,62682,64539
"Dr. B R Ambedkar National Institute of Technology, Jalandhar","Textile Technology (4 Years, Bachelor of Technology)",OS,OPEN,Female-only (including Supernumerary),92035,96038
"Dr. B R Ambedkar National Institute of Technology, Jalandhar","Textile Technology (4 Years, Bachelor of Technology)",OS,EWS,Gender-Neutral,65214,65214
"Dr. B R Ambedkar National Institute of Technology, Jalandhar","Textile Technology (4 Years, Bachelor of Technology)",OS,EWS,Female-only (including Supernumerary),100834,100834
"Dr. B R Ambedkar National Institute of Technology, Jalandhar","Textile Technology (4 Years, Bachelor of Technology)",OS,OBC- NCL,Gender-Neutral,69701,75150
"Dr. B R Ambedkar National Institute of Technology, Jalandhar","Textile Technology (4 Years, Bachelor of Technology)",OS,OBC- NCL,Female-only (including Supernumerary),100072,100072
"Dr. B R Ambedkar National Institute of Technology, Jalandhar","Textile Technology (4 Years, Bachelor of Technology)",OS,SC,Gender-Neutral,202304,202304
Malaviya National Institute of Technology Jaipur,"Architecture (5 Years, Bachelor of Architecture)",HS,OBC- NCL,Female-only (including Supernumerary),8412,8412
Malaviya National Institute of Technology Jaipur,"Architecture (5 Years, Bachelor of Architecture)",OS,EWS,Gender-Neutral,9746,9746
Malaviya National Institute of Technology Jaipur,"Artificial Intelligence and Data Engineering (4 Years, Bachelor of Technology)",HS,OPEN,Gender-Neutral,7191,7191
Malaviya National Institute of Technology Jaipur,"Chemical Engineering (4 Years, Bachelor of Technology)",HS,OPEN,Gender-Neutral,29630,29630
Malaviya National Institute of Technology Jaipur,"Chemical Engineering (4 Years, Bachelor of Technology)",HS,EWS,Gender-Neutral,36184,36184
Malaviya National Institute of Technology Jaipur,"Chemical Engineering (4 Years, Bachelor of Technology)",HS,OBC- NCL,Gender-Neutral,36958,36958
Malaviya National Institute of Technology Jaipur,"Chemical Engineering (4 Years, Bachelor of Technology)",OS,OPEN,Gender-Neutral,30416,30464
Malaviya National Institute of Technology Jaipur,"Chemical Engineering (4 Years, Bachelor of Technology)",OS,EWS,Gender-Neutral,31954,31954
Malaviya National Institute of Technology Jaipur,"Chemical Engineering (4 Years, Bachelor of Technology)",OS,OBC- NCL,Gender-Neutral,38061,38460
Malaviya National Institute of Technology Jaipur,"Civil Engineering (4 Years, Bachelor of Technology)",OS,OBC- NCL,Gender-Neutral,43393,44675
Malaviya National Institute of Technology Jaipur,"Electrical Engineering (4 Years, Bachelor of Technology)",HS,OPEN,Gender-Neutral,15362,15362
Malaviya National Institute of Technology Jaipur,"Electrical Engineering (4 Years, Bachelor of Technology)",OS,OPEN,Gender-Neutral,17543,17573
Malaviya National Institute of Technology Jaipur,"Electronics and Communication Engineering (4 Years, Bachelor of Technology)",OS,OPEN,Gender-Neutral,10655,10827
Malaviya National Institute of Technology Jaipur,"Electronics and Communication Engineering (4 Years, Bachelor of Technology)",OS,EWS,Gender-Neutral,15091,15091
Malaviya National Institute of Technology Jaipur,"Mechanical Engineering (4 Years, Bachelor of Technology)",OS,OPEN,Gender-Neutral,25728,25728
Malaviya National Institute of Technology Jaipur,"Mechanical Engineering (4 Years, Bachelor of Technology)",OS,OPEN,Female-only (including Supernumerary),37644,37644
Malaviya National Institute of Technology Jaipur,"Mechanical Engineering (4 Years, Bachelor of Technology)",OS,EWS,Gender-Neutral,28757,28757
Malaviya National Institute of Technology Jaipur,"Mechanical Engineering (4 Years, Bachelor of Technology)",OS,OBC- NCL,Gender-Neutral,31542,31649
Malaviya National Institute of Technology Jaipur,"Metallurgical and Materials Engineering (4 Years, Bachelor of Technology)",HS,OPEN,Gender-Neutral,38601,38601
Malaviya National Institute of Technology Jaipur,"Metallurgical and Materials Engineering (4 Years, Bachelor of Technology)",OS,OPEN,Gender-Neutral,38727,38727
Malaviya National Institute of Technology Jaipur,"Metallurgical and Materials Engineering (4 Years, Bachelor of Technology)",OS,OBC- NCL,Gender-Neutral,48789,48789
Maulana Azad National Institute of Technology Bhopal,"Architecture (5 Years, Bachelor of Architecture)",HS,OBC- NCL,Gender-Neutral,32408,32408
Maulana Azad National Institute of Technology Bhopal,"Architecture (5 Years, Bachelor of Architecture)",OS,OPEN,Gender-Neutral,1326,1326
Maulana Azad National Institute of Technology Bhopal,"Architecture (5 Years, Bachelor of Architecture)",OS,EWS,Gender-Neutral,9393,9393
Maulana Azad National Institute of Technology Bhopal,"Architecture (5 Years, Bachelor of Architecture)",OS,OBC- NCL,Gender-Neutral,3217,3217
Maulana Azad National Institute of Technology Bhopal,"B. Tech. and M. Tech. in Engineering and Computational Mechanics (Dual Degree) (5 Years, Bachelor and Master of Technology (Dual Degree))",HS,OBC- NCL,Gender-Neutral,50398,50398
Maulana Azad National Institute of Technology Bhopal,"B. Tech. and M. Tech. in Engineering and Computational Mechanics (Dual Degree) (5 Years, Bachelor and Master of Technology (Dual Degree))",OS,OBC- NCL,Gender-Neutral,37068,37068
Maulana Azad National Institute of Technology Bhopal,"B. Tech. and M. Tech. in Engineering and Computational Mechanics (Dual Degree) (5 Years, Bachelor and Master of Technology (Dual Degree))",OS,SC,Gender-Neutral,122266,122266
Maulana Azad National Institute of Technology Bhopal,"Chemical Engineering (4 Years, Bachelor of Technology)",HS,OPEN,Gender-Neutral,45818,46377
Maulana Azad National Institute of Technology Bhopal,"Chemical Engineering (4 Years, Bachelor of Technology)",HS,EWS,Gender-Neutral,47600,49576
Maulana Azad National Institute of Technology Bhopal,"Chemical Engineering (4 Years, Bachelor of Technology)",HS,OBC- NCL,Gender-Neutral,53318,54652
Maulana Azad National Institute of Technology Bhopal,"Chemical Engineering (4 Years, Bachelor of Technology)",OS,OPEN,Gender-Neutral,37810,38958
Maulana Azad National Institute of Technology Bhopal,"Chemical Engineering (4 Years, Bachelor of Technology)",OS,OPEN,Female-only (including Supernumerary),46841,46841
Maulana Azad National Institute of Technology Bhopal,"Chemical Engineering (4 Years, Bachelor of Technology)",OS,EWS,Gender-Neutral,43461,43461
Maulana Azad National Institute of Technology Bhopal,"Chemical Engineering (4 Years, Bachelor of Technology)",OS,OBC- NCL,Gender-Neutral,47735,48164
Maulana Azad National Institute of Technology Bhopal,"Civil Engineering (4 Years, Bachelor of Technology)",HS,OPEN,Gender-Neutral,51683,53993
Maulana Azad National Institute of Technology Bhopal,"Civil Engineering (4 Years, Bachelor of Technology)",HS,EWS,Gender-Neutral,70223,70223
Maulana Azad National Institute of Technology Bhopal,"Civil Engineering (4 Years, Bachelor of Technology)",HS,OBC- NCL,Gender-Neutral,59275,64313
Maulana Azad National Institute of Technology Bhopal,"Civil Engineering (4 Years, Bachelor of Technology)",OS,OPEN,Gender-Neutral,48022,48022
Maulana Azad National Institute of Technology Bhopal,"Civil Engineering (4 Years, Bachelor of Technology)",OS,OBC- NCL,Gender-Neutral,54226,54570
Maulana Azad National Institute of Technology Bhopal,"Computer Science and Engineering (4 Years, Bachelor of Technology)",OS,OPEN,Female-only (including Supernumerary),17750,17750
Maulana Azad National Institute of Technology Bhopal,"Electrical Engineering (4 Years, Bachelor of Technology)",HS,OPEN,Gender-Neutral,25933,25999
Maulana Azad National Institute of Technology Bhopal,"Electrical Engineering (4 Years, Bachelor of Technology)",HS,EWS,Gender-Neutral,27947,28148
Maulana Azad National Institute of Technology Bhopal,"Electrical Engineering (4 Years, Bachelor of Technology)",HS,OBC- NCL,Gender-Neutral,31493,31493
Maulana Azad National Institute of Technology Bhopal,"Electrical Engineering (4 Years, Bachelor of Technology)",HS,SC,Gender-Neutral,127022,127022
Maulana Azad National Institute of Technology Bhopal,"Electrical Engineering (4 Years, Bachelor of Technology)",OS,OPEN,Gender-Neutral,24031,24636
Maulana Azad National Institute of Technology Bhopal,"Electrical Engineering (4 Years, Bachelor of Technology)",OS,OPEN,Female-only (including Supernumerary),37052,37052
Maulana Azad National Institute of Technology Bhopal,"Electrical Engineering (4 Years, Bachelor of Technology)",OS,EWS,Gender-Neutral,29935,30465
Maulana Azad National Institute of Technology Bhopal,"Electrical Engineering (4 Years, Bachelor of Technology)",OS,OBC- NCL,Gender-Neutral,29013,29177
Maulana Azad National Institute of Technology Bhopal,"Electronics and Communication Engineering (4 Years, Bachelor of Technology)",HS,OPEN,Gender-Neutral,19024,19024
Maulana Azad National Institute of Technology Bhopal,"Electronics and Communication Engineering (4 Years, Bachelor of Technology)",HS,OBC- NCL,Gender-Neutral,24100,24607
Maulana Azad National Institute of Technology Bhopal,"Electronics and Communication Engineering (4 Years, Bachelor of Technology)",OS,OPEN,Gender-Neutral,16561,16708
Maulana Azad National Institute of Technology Bhopal,"Electronics and Communication Engineering (4 Years, Bachelor of Technology)",OS,OBC- NCL,Gender-Neutral,22370,22370
Maulana Azad National Institute of Technology Bhopal,"Electronics and Communication Engineering (4 Years, Bachelor of Technology)",OS,OBC- NCL,Female-only (including Supernumerary),43312,43312
Maulana Azad National Institute of Technology Bhopal,"Energy and Electrical Vehicle Engineering (4 Years, Bachelor of Technology)",OS,OPEN,Gender-Neutral,32678,32678
Maulana Azad National Institute of Technology Bhopal,"Energy and Electrical Vehicle Engineering (4 Years, Bachelor of Technology)",OS,OPEN,Female-only (including Supernumerary),51561,51561
Maulana Azad National Institute of Technology Bhopal,"Energy and Electrical Vehicle Engineering (4 Years, Bachelor of Technology)",OS,EWS,Gender-Neutral,42743,42743
Maulana Azad National Institute of Technology Bhopal,"Materials Science and Metallurgical Engineering (4 Years, Bachelor of Technology)",HS,OPEN,Gender-Neutral,59054,59054
Maulana Azad National Institute of Technology Bhopal,"Materials Science and Metallurgical Engineering (4 Years, Bachelor of Technology)",HS,EWS,Gender-Neutral,71081,71081
Maulana Azad National Institute of Technology Bhopal,"Materials Science and Metallurgical Engineering (4 Years, Bachelor of Technology)",HS,OBC- NCL,Gender-Neutral,71730,72124
Maulana Azad National Institute of Technology Bhopal,"Materials Science and Metallurgical Engineering (4 Years, Bachelor of Technology)",HS,SC,Female-only (including Supernumerary),514841,514841
Maulana Azad National Institute of Technology Bhopal,"Materials Science and Metallurgical Engineering (4 Years, Bachelor of Technology)",OS,OPEN,Gender-Neutral,52088,52088
Maulana Azad National Institute of Technology Bhopal,"Materials Science and Metallurgical Engineering (4 Years, Bachelor of Technology)",OS,EWS,Gender-Neutral,54160,55719
Maulana Azad National Institute of Technology Bhopal,"Materials Science and Metallurgical Engineering (4 Years, Bachelor of Technology)",OS,OBC- NCL,Gender-Neutral,58565,59177
Maulana Azad National Institute of Technology Bhopal,"Materials Science and Metallurgical Engineering (4 Years, Bachelor of Technology)",OS,OBC- NCL,Female-only (including Supernumerary),94395,94395
Maulana Azad National Institute of Technology Bhopal,"Mathematics and Data Science (5 Years, Bachelor and Master of Technology (Dual Degree))",OS,OPEN,Gender-Neutral,18092,18092
Maulana Azad National Institute of Technology Bhopal,"Mathematics and Data Science (5 Years, Bachelor and Master of Technology (Dual Degree))",OS,SC,Female-only (including Supernumerary),168504,168504
Maulana Azad National Institute of Technology Bhopal,"Mechanical Engineering (4 Years, Bachelor of Technology)",HS,OPEN,Gender-Neutral,37527,37527
Maulana Azad National Institute of Technology Bhopal,"Mechanical Engineering (4 Years, Bachelor of Technology)",HS,EWS,Gender-Neutral,44541,44541
Maulana Azad National Institute of Technology Bhopal,"Mechanical Engineering (4 Years, Bachelor of Technology)",HS,OBC- NCL,Gender-Neutral,47691,47691
Maulana Azad National Institute of Technology Bhopal,"Mechanical Engineering (4 Years, Bachelor of Technology)",OS,OPEN,Gender-Neutral,32565,33803
Maulana Azad National Institute of Technology Bhopal,"Mechanical Engineering (4 Years, Bachelor of Technology)",OS,OPEN,Female-only (including Supernumerary),60270,62286
Maulana Azad National Institute of Technology Bhopal,"Mechanical Engineering (4 Years, Bachelor of Technology)",OS,EWS,Gender-Neutral,41651,41651
Maulana Azad National Institute of Technology Bhopal,"Mechanical Engineering (4 Years, Bachelor of Technology)",OS,EWS,Female-only (including Supernumerary),63272,63272
Maulana Azad National Institute of Technology Bhopal,"Mechanical Engineering (4 Years, Bachelor of Technology)",OS,OBC- NCL,Gender-Neutral,40007,41774
Maulana Azad National Institute of Technology Bhopal,"Mechanical Engineering (4 Years, Bachelor of Technology)",OS,OBC- NCL,Female-only (including Supernumerary),76130,78723
Maulana Azad National Institute of Technology Bhopal,"Planning (4 Years, Bachelor of Planning)",AI,SC,Female-only (including Supernumerary),7516,7516
Maulana Azad National Institute of Technology Bhopal,"Planning (4 Years, Bachelor of Planning)",OS,OPEN,Gender-Neutral,1324,1393
Maulana Azad National Institute of Technology Bhopal,"Planning (4 Years, Bachelor of Planning)",OS,OBC- NCL,Gender-Neutral,6433,6865
Maulana Azad National Institute of Technology Bhopal,"Planning (4 Years, Bachelor of Planning)",OS,OBC- NCL,Female-only (including Supernumerary),4815,4815
Maulana Azad National Institute of Technology Bhopal,"Planning (4 Years, Bachelor of Planning)",OS,SC,Female-only (including Supernumerary),8095,8095
Maulana Azad National Institute of Technology Bhopal,"Planning (4 Years, Bachelor of Planning)",OS,ST,Gender-Neutral,22882,22882
Motilal Nehru National Institute of Technology Allahabad,"Bio Technology (4 Years, Bachelor of Technology)",HS,EWS,Gender-Neutral,52512,52512
Motilal Nehru National Institute of Technology Allahabad,"Bio Technology (4 Years, Bachelor of Technology)",OS,OPEN,Gender-Neutral,48979,48979
Motilal Nehru National Institute of Technology Allahabad,"Bio Technology (4 Years, Bachelor of Technology)",OS,EWS,Gender-Neutral,55179,55179
Motilal Nehru National Institute of Technology Allahabad,"Bio Technology (4 Years, Bachelor of Technology)",OS,OBC- NCL,Gender-Neutral,58933,58933
Motilal Nehru National Institute of Technology Allahabad,"Bio Technology (4 Years, Bachelor of Technology)",OS,SC,Gender-Neutral,167826,167826
Motilal Nehru National Institute of Technology Allahabad,"Chemical Engineering (4 Years, Bachelor of Technology)",HS,OBC- NCL,Gender-Neutral,35240,35240
Motilal Nehru National Institute of Technology Allahabad,"Chemical Engineering (4 Years, Bachelor of Technology)",OS,OPEN,Female-only (including Supernumerary),42580,44855
Motilal Nehru National Institute of Technology Allahabad,"Chemical Engineering (4 Years, Bachelor of Technology)",OS,OBC- NCL,Gender-Neutral,34524,34524
Motilal Nehru National Institute of Technology Allahabad,"Chemical Engineering (4 Years, Bachelor of Technology)",OS,OBC- NCL,Female-only (including Supernumerary),60488,60488
Motilal Nehru National Institute of Technology Allahabad,"Civil Engineering (4 Years, Bachelor of Technology)",HS,OPEN,Gender-Neutral,34216,34216
Motilal Nehru National Institute of Technology Allahabad,"Civil Engineering (4 Years, Bachelor of Technology)",HS,OPEN,Female-only (including Supernumerary),48917,48917
Motilal Nehru National Institute of Technology Allahabad,"Civil Engineering (4 Years, Bachelor of Technology)",HS,OBC- NCL,Gender-Neutral,42239,43059
Motilal Nehru National Institute of Technology Allahabad,"Civil Engineering (4 Years, Bachelor of Technology)",HS,OBC- NCL,Female-only (including Supernumerary),64611,64611
Motilal Nehru National Institute of Technology Allahabad,"Civil Engineering (4 Years, Bachelor of Technology)",OS,OPEN,Gender-Neutral,33757,33866
Motilal Nehru National Institute of Technology Allahabad,"Civil Engineering (4 Years, Bachelor of Technology)",OS,OBC- NCL,Gender-Neutral,40271,40271
Motilal Nehru National Institute of Technology Allahabad,"Computer Science and Engineering (4 Years, Bachelor of Technology)",OS,OBC- NCL,Gender-Neutral,8834,8834
Motilal Nehru National Institute of Technology Allahabad,"Electrical Engineering (4 Years, Bachelor of Technology)",HS,OPEN,Gender-Neutral,12018,12018
Motilal Nehru National Institute of Technology Allahabad,"Electrical Engineering (4 Years, Bachelor of Technology)",HS,OPEN,Female-only (including Supernumerary),19937,19937
Motilal Nehru National Institute of Technology Allahabad,"Electrical Engineering (4 Years, Bachelor of Technology)",HS,EWS,Gender-Neutral,15376,15376
Motilal Nehru National Institute of Technology Allahabad,"Electrical Engineering (4 Years, Bachelor of Technology)",OS,EWS,Gender-Neutral,18471,18471
Motilal Nehru National Institute of Technology Allahabad,"Electrical Engineering (4 Years, Bachelor of Technology)",OS,SC,Female-only (including Supernumerary),153388,153388
Motilal Nehru National Institute of Technology Allahabad,"Electronics and Communication Engineering (4 Years, Bachelor of Technology)",OS,OPEN,Gender-Neutral,10568,10568
Motilal Nehru National Institute of Technology Allahabad,"Electronics and Communication Engineering for DASA-CIWG (4 Years, Bachelor of Technology)",DC,OPEN,Gender-Neutral,390036,390036
Motilal Nehru National Institute of Technology Allahabad,"Engineering and Computational Mechanics (4 Years, Bachelor of Technology)",HS,OPEN,Female-only (including Supernumerary),28741,28741
Motilal Nehru National Institute of Technology Allahabad,"Engineering and Computational Mechanics (4 Years, Bachelor of Technology)",OS,OPEN,Gender-Neutral,19966,19966
Motilal Nehru National Institute of Technology Allahabad,"Engineering and Computational Mechanics (4 Years, Bachelor of Technology)",OS,SC,Gender-Neutral,106269,106269
Motilal Nehru National Institute of Technology Allahabad,"Materials Engineering (4 Years, Bachelor of Technology)",HS,OBC- NCL,Gender-Neutral,51857,51857
Motilal Nehru National Institute of Technology Allahabad,"Materials Engineering (4 Years, Bachelor of Technology)",OS,OPEN,Gender-Neutral,40133,40133
Motilal Nehru National Institute of Technology Allahabad,"Materials Engineering (4 Years, Bachelor of Technology)",OS,OBC- NCL,Gender-Neutral,50359,52428
Motilal Nehru National Institute of Technology Allahabad,"Mechanical Engineering (4 Years, Bachelor of Technology)",HS,EWS,Gender-Neutral,29390,29390
Motilal Nehru National Institute of Technology Allahabad,"Mechanical Engineering (4 Years, Bachelor of Technology)",HS,OBC- NCL,Gender-Neutral,30484,30679
Motilal Nehru National Institute of Technology Allahabad,"Mechanical Engineering (4 Years, Bachelor of Technology)",OS,OPEN,Gender-Neutral,25583,26234
Motilal Nehru National Institute of Technology Allahabad,"Mechanical Engineering (4 Years, Bachelor of Technology)",OS,OPEN,Female-only (including Supernumerary),37882,37882
Motilal Nehru National Institute of Technology Allahabad,"Mechanical Engineering (4 Years, Bachelor of Technology)",OS,EWS,Gender-Neutral,29703,29709
Motilal Nehru National Institute of Technology Allahabad,"Mechanical Engineering (4 Years, Bachelor of Technology)",OS,EWS,Female-only (including Supernumerary),42033,42033
Motilal Nehru National Institute of Technology Allahabad,"Mechanical Engineering (4 Years, Bachelor of Technology)",OS,OBC- NCL,Gender-Neutral,30659,30918
Motilal Nehru National Institute of Technology Allahabad,"Production and Industrial Engineering (4 Years, Bachelor of Technology)",HS,OBC- NCL,Gender-Neutral,47909,47909
Motilal Nehru National Institute of Technology Allahabad,"Production and Industrial Engineering (4 Years, Bachelor of Technology)",OS,OBC- NCL,Gender-Neutral,54750,54750
National Institute of Technology Agartala,"Biotechnology and Biochemical Engineering (4 Years, Bachelor of Technology)",AI,EWS,Gender-Neutral,92985,92985
National Institute of Technology Agartala,"Biotechnology and Biochemical Engineering (4 Years, Bachelor of Technology)",AI,EWS,Female-only (including Supernumerary),170715,170715
National Institute of Technology Agartala,"Biotechnology and Biochemical Engineering (4 Years, Bachelor of Technology)",OS,OPEN,Gender-Neutral,83391,87602
National Institute of Technology Agartala,"Biotechnology and Biochemical Engineering (4 Years, Bachelor of Technology)",OS,OPEN,Female-only (including Supernumerary),126357,157975
National Institute of Technology Agartala,"Biotechnology and Biochemical Engineering (4 Years, Bachelor of Technology)",OS,EWS,Gender-Neutral,94069,94920
National Institute of Technology Agartala,"Biotechnology and Biochemical Engineering (4 Years, Bachelor of Technology)",OS,EWS,Female-only (including Supernumerary),212558,212558
National Institute of Technology Agartala,"Biotechnology and Biochemical Engineering (4 Years, Bachelor of Technology)",OS,OBC- NCL,Gender-Neutral,89125,100787
National Institute of Technology Agartala,"Biotechnology and Biochemical Engineering (4 Years, Bachelor of Technology)",OS,OBC- NCL,Female-only (including Supernumerary),169965,170521
National Institute of Technology Agartala,"Biotechnology and Biochemical Engineering (4 Years, Bachelor of Technology)",OS,SC,Gender-Neutral,220822,220822
National Institute of Technology Agartala,"Chemical Engineering (4 Years, Bachelor of Technology)",AI,EWS,Gender-Neutral,71288,73981
National Institute of Technology Agartala,"Chemical Engineering (4 Years, Bachelor of Technology)",AI,EWS,Female-only (including Supernumerary),124831,124831
National Institute of Technology Agartala,"Chemical Engineering (4 Years, Bachelor of Technology)",HS,OPEN,Gender-Neutral,346939,346939
National Institute of Technology Agartala,"Chemical Engineering (4 Years, Bachelor of Technology)",HS,SC,Gender-Neutral,1069581,1069581
National Institute of Technology Agartala,"Chemical Engineering (4 Years, Bachelor of Technology)",OS,OPEN,Gender-Neutral,64736,70213
National Institute of Technology Agartala,"Chemical Engineering (4 Years, Bachelor of Technology)",OS,OPEN,Female-only (including Supernumerary),119161,119161
National Institute of Technology Agartala,"Chemical Engineering (4 Years, Bachelor of Technology)",OS,EWS,Gender-Neutral,74550,76529
National Institute of Technology Agartala,"Chemical Engineering (4 Years, Bachelor of Technology)",OS,EWS,Female-only (including Supernumerary),125342,125342
National Institute of Technology Agartala,"Chemical Engineering (4 Years, Bachelor of Technology)",OS,OBC- NCL,Gender-Neutral,75606,77508
National Institute of Technology Agartala,"Chemical Engineering (4 Years, Bachelor of Technology)",OS,OBC- NCL,Female-only (including Supernumerary),126006,126887
National Institute of Technology Agartala,"Chemical Engineering (4 Years, Bachelor of Technology)",OS,SC,Gender-Neutral,207361,209815
National Institute of Technology Agartala,"Chemical Engineering (4 Years, Bachelor of Technology)",OS,ST,Female-only (including Supernumerary),394852,394852
National Institute of Technology Agartala,"Chemistry (5 Years, Bachelor of Science and Master of Science (Dual Degree))",AI,EWS,Gender-Neutral,168898,182595
National Institute of Technology Agartala,"Chemistry (5 Years, Bachelor of Science and Master of Science (Dual Degree))",AI,ST,Gender-Neutral,509090,510820
National Institute of Technology Agartala,"Chemistry (5 Years, Bachelor of Science and Master of Science (Dual Degree))",OS,OPEN,Gender-Neutral,113459,127501
National Institute of Technology Agartala,"Chemistry (5 Years, Bachelor of Science and Master of Science (Dual Degree))",OS,EWS,Gender-Neutral,188280,190166
National Institute of Technology Agartala,"Chemistry (5 Years, Bachelor of Science and Master of Science (Dual Degree))",OS,OBC- NCL,Gender-Neutral,131951,149076
National Institute of Technology Agartala,"Chemistry (5 Years, Bachelor of Science and Master of Science (Dual Degree))",OS,SC,Gender-Neutral,255749,271293
National Institute of Technology Agartala,"Chemistry (5 Years, Bachelor of Science and Master of Science (Dual Degree))",OS,ST,Gender-Neutral,515105,517539
National Institute of Technology Agartala,"Civil Engineering (4 Years, Bachelor of Technology)",AI,EWS,Gender-Neutral,74610,78737
National Institute of Technology Agartala,"Civil Engineering (4 Years, Bachelor of Technology)",HS,OPEN,Gender-Neutral,270016,270209
National Institute of Technology Agartala,"Civil Engineering (4 Years, Bachelor of Technology)",HS,SC,Gender-Neutral,477950,477950
National Institute of Technology Agartala,"Civil Engineering (4 Years, Bachelor of Technology)",HS,SC,Female-only (including Supernumerary),369059,369059
National Institute of Technology Agartala,"Civil Engineering (4 Years, Bachelor of Technology)",OS,OPEN,Gender-Neutral,68538,70261
National Institute of Technology Agartala,"Civil Engineering (4 Years, Bachelor of Technology)",OS,OPEN,Female-only (including Supernumerary),119848,130216
National Institute of Technology Agartala,"Civil Engineering (4 Years, Bachelor of Technology)",OS,EWS,Gender-Neutral,78821,85882
National Institute of Technology Agartala,"Civil Engineering (4 Years, Bachelor of Technology)",OS,EWS,Female-only (including Supernumerary),132773,132773
National Institute of Technology Agartala,"Civil Engineering (4 Years, Bachelor of Technology)",OS,OBC- NCL,Gender-Neutral,75576,78898
National Institute of Technology Agartala,"Civil Engineering (4 Years, Bachelor of Technology)",OS,OBC- NCL,Female-only (including Supernumerary),138445,148379
National Institute of Technology Agartala,"Civil Engineering (4 Years, Bachelor of Technology)",OS,SC,Gender-Neutral,206484,210590
National Institute of Technology Agartala,"Computational Mathematics (5 Years, Bachelor and Master of Technology (Dual Degree))",AI,ST,Gender-Neutral,309594,309594
National Institute of Technology Agartala,"Computational Mathematics (5 Years, Bachelor and Master of Technology (Dual Degree))",OS,ST,Gender-Neutral,357290,357290
National Institute of Technology Agartala,"Computer Science and Engineering (4 Years, Bachelor of Technology)",OS,OPEN,Gender-Neutral,26346,26422
National Institute of Technology Agartala,"Computer Science and Engineering (4 Years, Bachelor of Technology)",OS,OPEN,Female-only (including Supernumerary),45502,45718
National Institute of Technology Agartala,"Computer Science and Engineering (4 Years, Bachelor of Technology)",OS,EWS,Gender-Neutral,29089,29089
National Institute of Technology Agartala,"Computer Science and Engineering (4 Years, Bachelor of Technology)",OS,OBC- NCL,Gender-Neutral,30731,31911
National Institute of Technology Agartala,"Computer Science and Engineering (4 Years, Bachelor of Technology)",OS,OBC- NCL,Female-only (including Supernumerary),52266,58488
National Institute of Technology Agartala,"Computer Science and Engineering (4 Years, Bachelor of Technology)",OS,SC,Gender-Neutral,103667,103667
National Institute of Technology Agartala,"Electrical Engineering (4 Years, Bachelor of Technology)",HS,OPEN,Gender-Neutral,148888,153247
National Institute of Technology Agartala,"Electrical Engineering (4 Years, Bachelor of Technology)",OS,OPEN,Female-only (including Supernumerary),72405,72405
National Institute of Technology Agartala,"Electrical Engineering (4 Years, Bachelor of Technology)",OS,EWS,Gender-Neutral,49163,49163
National Institute of Technology Agartala,"Electrical Engineering (4 Years, Bachelor of Technology)",OS,EWS,Female-only (including Supernumerary),82925,82925
National Institute of Technology Agartala,"Electrical Engineering (4 Years, Bachelor of Technology)",OS,OBC- NCL,Gender-Neutral,51352,51352
National Institute of Technology Agartala,"Electrical Engineering (4 Years, Bachelor of Technology)",OS,OBC- NCL,Female-only (including Supernumerary),75830,75830
National Institute of Technology Agartala,"Electrical Engineering (4 Years, Bachelor of Technology)",OS,SC,Female-only (including Supernumerary),214288,214288
National Institute of Technology Agartala,"Electronics and Communication Engineering (4 Years, Bachelor of Technology)",HS,OPEN,Female-only (including Supernumerary),118131,118131
National Institute of Technology Agartala,"Electronics and Communication Engineering (4 Years, Bachelor of Technology)",OS,OPEN,Gender-Neutral,31570,32335
National Institute of Technology Agartala,"Electronics and Communication Engineering (4 Years, Bachelor of Technology)",OS,OPEN,Female-only (including Supernumerary),57477,58355
National Institute of Technology Agartala,"Electronics and Communication Engineering (4 Years, Bachelor of Technology)",OS,EWS,Gender-Neutral,35598,35598
National Institute of Technology Agartala,"Electronics and Communication Engineering (4 Years, Bachelor of Technology)",OS,EWS,Female-only (including Supernumerary),60907,60907
National Institute of Technology Agartala,"Electronics and Communication Engineering (4 Years, Bachelor of Technology)",OS,OBC- NCL,Gender-Neutral,38567,39836
National Institute of Technology Agartala,"Electronics and Communication Engineering (4 Years, Bachelor of Technology)",OS,OBC- NCL,Female-only (including Supernumerary),63264,63264
National Institute of Technology Agartala,"Electronics and Communication Engineering (4 Years, Bachelor of Technology)",OS,SC,Gender-Neutral,120832,120832
National Institute of Technology Agartala,"Electronics and Instrumentation Engineering (4 Years, Bachelor of Technology)",HS,OPEN,Gender-Neutral,169546,182656
National Institute of Technology Agartala,"Electronics and Instrumentation Engineering (4 Years, Bachelor of Technology)",HS,OPEN,Female-only (including Supernumerary),160944,160944
National Institute of Technology Agartala,"Electronics and Instrumentation Engineering (4 Years, Bachelor of Technology)",OS,OPEN,Gender-Neutral,44431,46429
National Institute of Technology Agartala,"Electronics and Instrumentation Engineering (4 Years, Bachelor of Technology)",OS,OPEN,Female-only (including Supernumerary),69969,69969
National Institute of Technology Agartala,"Electronics and Instrumentation Engineering (4 Years, Bachelor of Technology)",OS,EWS,Gender-Neutral,47639,49569
National Institute of Technology Agartala,"Electronics and Instrumentation Engineering (4 Years, Bachelor of Technology)",OS,EWS,Female-only (including Supernumerary),74954,74954
National Institute of Technology Agartala,"Electronics and Instrumentation Engineering (4 Years, Bachelor of Technology)",OS,OBC- NCL,Gender-Neutral,53526,55571
National Institute of Technology Agartala,"Electronics and Instrumentation Engineering (4 Years, Bachelor of Technology)",OS,OBC- NCL,Female-only (including Supernumerary),104600,107226
National Institute of Technology Agartala,"Engineering Physics (5 Years, Bachelor and Master of Technology (Dual Degree))",AI,SC,Gender-Neutral,210814,217532
National Institute of Technology Agartala,"Engineering Physics (5 Years, Bachelor and Master of Technology (Dual Degree))",HS,OPEN,Gender-Neutral,504794,504794
National Institute of Technology Agartala,"Engineering Physics (5 Years, Bachelor and Master of Technology (Dual Degree))",OS,OPEN,Gender-Neutral,77792,77794
National Institute of Technology Agartala,"Engineering Physics (5 Years, Bachelor and Master of Technology (Dual Degree))",OS,OBC- NCL,Gender-Neutral,89369,93306
National Institute of Technology Agartala,"Engineering Physics (5 Years, Bachelor and Master of Technology (Dual Degree))",OS,SC,Gender-Neutral,227679,228325
National Institute of Technology Agartala,"Mathematics & Computing (5 Years, Bachelor of Science and Master of Science (Dual Degree))",HS,SC,Gender-Neutral,732299,732299
National Institute of Technology Agartala,"Mathematics & Computing (5 Years, Bachelor of Science and Master of Science (Dual Degree))",OS,OPEN,Gender-Neutral,60729,65009
National Institute of Technology Agartala,"Mathematics & Computing (5 Years, Bachelor of Science and Master of Science (Dual Degree))",OS,OBC- NCL,Gender-Neutral,66426,69026
National Institute of Technology Agartala,"Mechanical Engineering (4 Years, Bachelor of Technology)",AI,EWS,Gender-Neutral,57792,59124
National Institute of Technology Agartala,"Mechanical Engineering (4 Years, Bachelor of Technology)",AI,ST,Female-only (including Supernumerary),374720,374720
National Institute of Technology Agartala,"Mechanical Engineering (4 Years, Bachelor of Technology)",HS,OPEN,Gender-Neutral,256124,276046
National Institute of Technology Agartala,"Mechanical Engineering (4 Years, Bachelor of Technology)",HS,OPEN,Female-only (including Supernumerary),237342,265375
National Institute of Technology Agartala,"Mechanical Engineering (4 Years, Bachelor of Technology)",OS,OPEN,Gender-Neutral,53110,56448
National Institute of Technology Agartala,"Mechanical Engineering (4 Years, Bachelor of Technology)",OS,EWS,Gender-Neutral,62295,62832
National Institute of Technology Agartala,"Mechanical Engineering (4 Years, Bachelor of Technology)",OS,OBC- NCL,Gender-Neutral,60968,64482
National Institute of Technology Agartala,"Mechanical Engineering (4 Years, Bachelor of Technology)",OS,OBC- NCL,Female-only (including Supernumerary),115910,120751
National Institute of Technology Agartala,"Mechanical Engineering (4 Years, Bachelor of Technology)",OS,SC,Gender-Neutral,178934,178934
National Institute of Technology Agartala,"Mechanical Engineering (4 Years, Bachelor of Technology)",OS,ST,Female-only (including Supernumerary),390149,390149
National Institute of Technology Agartala,"Physics (5 Years, Bachelor of Science and Master of Science (Dual Degree))",AI,EWS,Gender-Neutral,116053,134585
National Institute of Technology Agartala,"Physics (5 Years, Bachelor of Science and Master of Science (Dual Degree))",AI,SC,Gender-Neutral,250200,263521
National Institute of Technology Agartala,"Physics (5 Years, Bachelor of Science and Master of Science (Dual Degree))",AI,ST,Gender-Neutral,501003,501003
National Institute of Technology Agartala,"Physics (5 Years, Bachelor of Science and Master of Science (Dual Degree))",HS,OPEN,Gender-Neutral,672664,741304
National Institute of Technology Agartala,"Physics (5 Years, Bachelor of Science and Master of Science (Dual Degree))",OS,OPEN,Gender-Neutral,96649,109216
National Institute of Technology Agartala,"Physics (5 Years, Bachelor of Science and Master of Science (Dual Degree))",OS,EWS,Gender-Neutral,141030,149467
National Institute of Technology Agartala,"Physics (5 Years, Bachelor of Science and Master of Science (Dual Degree))",OS,OBC- NCL,Gender-Neutral,118380,125842
National Institute of Technology Agartala,"Physics (5 Years, Bachelor of Science and Master of Science (Dual Degree))",OS,SC,Gender-Neutral,265104,266893
National Institute of Technology Agartala,"Physics (5 Years, Bachelor of Science and Master of Science (Dual Degree))",OS,ST,Gender-Neutral,511029,530878
National Institute of Technology Agartala,"Production Engineering (4 Years, Bachelor of Technology)",AI,EWS,Gender-Neutral,84206,86125
National Institute of Technology Agartala,"Production Engineering (4 Years, Bachelor of Technology)",AI,EWS,Female-only (including Supernumerary),170690,170690
National Institute of Technology Agartala,"Production Engineering (4 Years, Bachelor of Technology)",AI,SC,Gender-Neutral,201364,201364
National Institute of Technology Agartala,"Production Engineering (4 Years, Bachelor of Technology)",AI,SC,Female-only (including Supernumerary),261432,261432
National Institute of Technology Agartala,"Production Engineering (4 Years, Bachelor of Technology)",HS,OPEN,Gender-Neutral,569532,576964
National Institute of Technology Agartala,"Production Engineering (4 Years, Bachelor of Technology)",OS,OPEN,Gender-Neutral,79525,81276
National Institute of Technology Agartala,"Production Engineering (4 Years, Bachelor of Technology)",OS,OPEN,Female-only (including Supernumerary),122418,141031
National Institute of Technology Agartala,"Production Engineering (4 Years, Bachelor of Technology)",OS,EWS,Gender-Neutral,87262,92741
National Institute of Technology Agartala,"Production Engineering (4 Years, Bachelor of Technology)",OS,EWS,Female-only (including Supernumerary),179577,179577
National Institute of Technology Agartala,"Production Engineering (4 Years, Bachelor of Technology)",OS,OBC- NCL,Gender-Neutral,83383,87055
National Institute of Technology Agartala,"Production Engineering (4 Years, Bachelor of Technology)",OS,OBC- NCL,Female-only (including Supernumerary),150347,166202
National Institute of Technology Agartala,"Production Engineering (4 Years, Bachelor of Technology)",OS,SC,Gender-Neutral,218756,220659
National Institute of Technology Agartala,"Production Engineering (4 Years, Bachelor of Technology)",OS,SC,Female-only (including Supernumerary),270014,270014
National Institute of Technology Agartala,"Production Engineering (4 Years, Bachelor of Technology)",OS,ST,Gender-Neutral,412400,412400
National Institute of Technology Agartala,"Production Engineering (4 Years, Bachelor of Technology)",OS,ST,Female-only (including Supernumerary),412329,412329
National Institute of Technology Calicut,"Architecture (5 Years, Bachelor of Architecture)",OS,SC,Gender-Neutral,4173,4173
National Institute of Technology Calicut,"Bio Technology (4 Years, Bachelor of Technology)",HS,OBC- NCL,Female-only (including Supernumerary),53611,53611
National Institute of Technology Calicut,"Bio Technology (4 Years, Bachelor of Technology)",OS,EWS,Female-only (including Supernumerary),69099,69099
National Institute of Technology Calicut,"Bio Technology (4 Years, Bachelor of Technology)",OS,OBC- NCL,Gender-Neutral,57399,57399
National Institute of Technology Calicut,"Bio Technology (4 Years, Bachelor of Technology)",OS,SC,Gender-Neutral,181941,181941
National Institute of Technology Calicut,"Chemical Engineering (4 Years, Bachelor of Technology)",HS,OPEN,Female-only (including Supernumerary),33215,33215
National Institute of Technology Calicut,"Chemical Engineering (4 Years, Bachelor of Technology)",HS,OBC- NCL,Gender-Neutral,32623,32623
National Institute of Technology Calicut,"Chemical Engineering (4 Years, Bachelor of Technology)",OS,EWS,Gender-Neutral,37764,37764
National Institute of Technology Calicut,"Chemical Engineering (4 Years, Bachelor of Technology)",OS,OBC- NCL,Gender-Neutral,34186,34653
National Institute of Technology Calicut,"Civil Engineering (4 Years, Bachelor of Technology)",OS,OPEN,Gender-Neutral,37878,37917
National Institute of Technology Calicut,"Civil Engineering (4 Years, Bachelor of Technology)",OS,OPEN,Female-only (including Supernumerary),51671,51671
National Institute of Technology Calicut,"Civil Engineering (4 Years, Bachelor of Technology)",OS,EWS,Gender-Neutral,43444,43806
National Institute of Technology Calicut,"Civil Engineering (4 Years, Bachelor of Technology)",OS,OBC- NCL,Gender-Neutral,45028,46169
National Institute of Technology Calicut,"Civil Engineering (4 Years, Bachelor of Technology)",OS,OBC- NCL,Female-only (including Supernumerary),64572,64572
National Institute of Technology Calicut,"Computer Science and Engineering (4 Years, Bachelor of Technology)",OS,OBC- NCL,Gender-Neutral,10204,10204
National Institute of Technology Calicut,"Electrical and Electronics Engineering (4 Years, Bachelor of Technology)",HS,OPEN,Gender-Neutral,17883,17883
National Institute of Technology Calicut,"Electrical and Electronics Engineering (4 Years, Bachelor of Technology)",HS,OBC- NCL,Gender-Neutral,23617,23617
National Institute of Technology Calicut,"Electrical and Electronics Engineering (4 Years, Bachelor of Technology)",OS,OPEN,Gender-Neutral,14929,15439
National Institute of Technology Calicut,"Electrical and Electronics Engineering (4 Years, Bachelor of Technology)",OS,EWS,Gender-Neutral,18154,18536
National Institute of Technology Calicut,"Electrical and Electronics Engineering (4 Years, Bachelor of Technology)",OS,OBC- NCL,Gender-Neutral,20598,21422
National Institute of Technology Calicut,"Electrical and Electronics Engineering (4 Years, Bachelor of Technology)",OS,SC,Gender-Neutral,82627,82627
National Institute of Technology Calicut,"Electrical and Electronics Engineering for DASA-Non CIWG (4 Years, Bachelor of Technology)",AD,OPEN,Gender-Neutral,416880,426990
National Institute of Technology Calicut,"Electronics and Communication Engineering (4 Years, Bachelor of Technology)",OS,OPEN,Gender-Neutral,10820,10820
National Institute of Technology Calicut,"Electronics and Communication Engineering (4 Years, Bachelor of Technology)",OS,OPEN,Female-only (including Supernumerary),16033,16033
National Institute of Technology Calicut,"Electronics and Communication Engineering (4 Years, Bachelor of Technology)",OS,OBC- NCL,Gender-Neutral,15318,15698
National Institute of Technology Calicut,"Electronics and Communication Engineering (4 Years, Bachelor of Technology)",OS,OBC- NCL,Female-only (including Supernumerary),26609,26609
National Institute of Technology Calicut,"Electronics and Communication Engineering for DASA-Non CIWG (4 Years, Bachelor of Technology)",AD,OPEN,Gender-Neutral,224171,257873
National Institute of Technology Calicut,"Energy Engineering (4 Years, Bachelor of Technology)",HS,SC,Gender-Neutral,543879,543879
National Institute of Technology Calicut,"Energy Engineering (4 Years, Bachelor of Technology)",OS,OPEN,Gender-Neutral,30848,30848
National Institute of Technology Calicut,"Energy Engineering (4 Years, Bachelor of Technology)",OS,OPEN,Female-only (including Supernumerary),51491,51491
National Institute of Technology Calicut,"Energy Engineering (4 Years, Bachelor of Technology)",OS,EWS,Gender-Neutral,33798,33798
National Institute of Technology Calicut,"Energy Engineering (4 Years, Bachelor of Technology)",OS,OBC- NCL,Gender-Neutral,42398,45277
National Institute of Technology Calicut,"Engineering Physics (4 Years, Bachelor of Technology)",AI,EWS,Gender-Neutral,33655,33655
National Institute of Technology Calicut,"Engineering Physics (4 Years, Bachelor of Technology)",HS,OBC- NCL,Female-only (including Supernumerary),53054,53054
National Institute of Technology Calicut,"Engineering Physics (4 Years, Bachelor of Technology)",OS,EWS,Gender-Neutral,41081,41081
National Institute of Technology Calicut,"Engineering Physics (4 Years, Bachelor of Technology)",OS,OBC- NCL,Gender-Neutral,41591,41811
National Institute of Technology Calicut,"Engineering Physics (4 Years, Bachelor of Technology)",OS,SC,Gender-Neutral,104087,115247
National Institute of Technology Calicut,"Materials Science and Engineering (4 Years, Bachelor of Technology)",OS,EWS,Gender-Neutral,51264,51264
National Institute of Technology Calicut,"Materials Science and Engineering (4 Years, Bachelor of Technology)",OS,OBC- NCL,Gender-Neutral,45114,45114
National Institute of Technology Calicut,"Mechanical Engineering (4 Years, Bachelor of Technology)",HS,OPEN,Female-only (including Supernumerary),39555,39555
National Institute of Technology Calicut,"Mechanical Engineering (4 Years, Bachelor of Technology)",HS,OBC- NCL,Gender-Neutral,28646,28646
National Institute of Technology Calicut,"Mechanical Engineering (4 Years, Bachelor of Technology)",OS,OPEN,Gender-Neutral,23508,23766
National Institute of Technology Calicut,"Mechanical Engineering (4 Years, Bachelor of Technology)",OS,EWS,Gender-Neutral,27572,27572
National Institute of Technology Calicut,"Mechanical Engineering (4 Years, Bachelor of Technology)",OS,OBC- NCL,Gender-Neutral,27658,27998
National Institute of Technology Calicut,"Mechanical Engineering (4 Years, Bachelor of Technology)",OS,SC,Gender-Neutral,98383,102631
National Institute of Technology Calicut,"Mechanical Engineering for DASA-Non CIWG (4 Years, Bachelor of Technology)",AD,OPEN,Gender-Neutral,474071,521078
National Institute of Technology Calicut,"Production Engineering (4 Years, Bachelor of Technology)",HS,OPEN,Female-only (including Supernumerary),50112,50112
National Institute of Technology Calicut,"Production Engineering (4 Years, Bachelor of Technology)",HS,OBC- NCL,Female-only (including Supernumerary),53215,53215
National Institute of Technology Calicut,"Production Engineering (4 Years, Bachelor of Technology)",OS,OPEN,Gender-Neutral,38737,39478
National Institute of Technology Calicut,"Production Engineering (4 Years, Bachelor of Technology)",OS,OBC- NCL,Gender-Neutral,41957,42139
National Institute of Technology Delhi,"Aerospace Engineering (4 Years, Bachelor of Technology)",AI,EWS,Female-only (including Supernumerary),43555,43555
National Institute of Technology Delhi,"Aerospace Engineering (4 Years, Bachelor of Technology)",HS,OPEN,Gender-Neutral,45731,45731
National Institute of Technology Delhi,"Aerospace Engineering (4 Years, Bachelor of Technology)",HS,OPEN,Female-only (including Supernumerary),96024,96024
National Institute of Technology Delhi,"Aerospace Engineering (4 Years, Bachelor of Technology)",OS,EWS,Female-only (including Supernumerary),47673,47673
National Institute of Technology Delhi,"Artificial Intelligence and Data Science (4 Years, Bachelor of Technology)",HS,OPEN,Gender-Neutral,20460,22028
National Institute of Technology Delhi,"Artificial Intelligence and Data Science (4 Years, Bachelor of Technology)",HS,OPEN,Female-only (including Supernumerary),27853,27853
National Institute of Technology Delhi,"Artificial Intelligence and Data Science (4 Years, Bachelor of Technology)",HS,OBC- NCL,Gender-Neutral,31578,31578
National Institute of Technology Delhi,"Artificial Intelligence and Data Science (4 Years, Bachelor of Technology)",HS,OBC- NCL,Female-only (including Supernumerary),63515,63515
National Institute of Technology Delhi,"Artificial Intelligence and Data Science for DASA-Non CIWG (4 Years, Bachelor of Technology)",AD,OPEN,Gender-Neutral,1025758,1025758
National Institute of Technology Delhi,"Civil Engineering (4 Years, Bachelor of Technology)",HS,OBC- NCL,Gender-Neutral,96613,122958
National Institute of Technology Delhi,"Civil Engineering (4 Years, Bachelor of Technology)",OS,EWS,Female-only (including Supernumerary),79864,79864
National Institute of Technology Delhi,"Computer Science and Engineering (4 Years, Bachelor of Technology)",HS,OPEN,Gender-Neutral,18634,18634
National Institute of Technology Delhi,"Computer Science and Engineering (4 Years, Bachelor of Technology)",HS,OPEN,Female-only (including Supernumerary),31798,31798
National Institute of Technology Delhi,"Computer Science and Engineering (4 Years, Bachelor of Technology)",HS,OBC- NCL,Gender-Neutral,29223,29223
National Institute of Technology Delhi,"Computer Science and Engineering (4 Years, Bachelor of Technology)",OS,OPEN,Gender-Neutral,8899,8899
National Institute of Technology Delhi,"Computer Science and Engineering (4 Years, Bachelor of Technology)",OS,EWS,Gender-Neutral,12191,12191
National Institute of Technology Delhi,"Electrical Engineering (4 Years, Bachelor of Technology)",HS,OPEN,Gender-Neutral,37829,37892
National Institute of Technology Delhi,"Electrical Engineering (4 Years, Bachelor of Technology)",HS,OBC- NCL,Gender-Neutral,50552,50552
National Institute of Technology Delhi,"Electrical Engineering (4 Years, Bachelor of Technology)",HS,OBC- NCL,Female-only (including Supernumerary),114564,114564
National Institute of Technology Delhi,"Electrical Engineering (4 Years, Bachelor of Technology)",OS,OPEN,Gender-Neutral,16898,16898
National Institute of Technology Delhi,"Electrical Engineering (4 Years, Bachelor of Technology)",OS,EWS,Gender-Neutral,22305,24541
National Institute of Technology Delhi,"Electronics and Communication Engineering (4 Years, Bachelor of Technology)",HS,OPEN,Gender-Neutral,28394,28418
National Institute of Technology Delhi,"Electronics and Communication Engineering (4 Years, Bachelor of Technology)",HS,OPEN,Female-only (including Supernumerary),47192,47192
National Institute of Technology Delhi,"Electronics and Communication Engineering (4 Years, Bachelor of Technology)",HS,OBC- NCL,Female-only (including Supernumerary),80326,80326
National Institute of Technology Delhi,"Electronics and Communication Engineering (4 Years, Bachelor of Technology)",OS,OPEN,Gender-Neutral,11918,11918
National Institute of Technology Delhi,"Electronics and Communication Engineering (4 Years, Bachelor of Technology)",OS,OBC- NCL,Gender-Neutral,17952,17952
National Institute of Technology Delhi,"Mechanical Engineering (4 Years, Bachelor of Technology)",HS,OPEN,Gender-Neutral,47702,48215
National Institute of Technology Delhi,"Mechanical Engineering (4 Years, Bachelor of Technology)",HS,OBC- NCL,Gender-Neutral,74301,74301
National Institute of Technology Delhi,"Mechanical Engineering (4 Years, Bachelor of Technology)",HS,SC,Gender-Neutral,202534,202534
National Institute of Technology Delhi,"Mechanical Engineering (4 Years, Bachelor of Technology)",HS,ST,Gender-Neutral,1177133,1177133
National Institute of Technology Delhi,"Mechanical Engineering (4 Years, Bachelor of Technology)",OS,EWS,Gender-Neutral,32893,32893
National Institute of Technology Delhi,"Mechanical Engineering (4 Years, Bachelor of Technology)",OS,OBC- NCL,Gender-Neutral,30404,30404
National Institute of Technology Delhi,"VLSI Design and Technology (4 Years, Bachelor of Technology)",HS,OPEN,Gender-Neutral,29721,33414
National Institute of Technology Delhi,"VLSI Design and Technology (4 Years, Bachelor of Technology)",HS,ST,Gender-Neutral,1324679,1324679
National Institute of Technology Delhi,"VLSI Design and Technology (4 Years, Bachelor of Technology)",OS,OPEN,Gender-Neutral,12862,12862
National Institute of Technology Durgapur,"B.Tech in Mathematics and Computing (4 Years, Bachelor of Technology)",OS,OPEN,Gender-Neutral,14519,14996
National Institute of Technology Durgapur,"Bio Technology (4 Years, Bachelor of Technology)",HS,OBC- NCL,Female-only (including Supernumerary),151905,151905
National Institute of Technology Durgapur,"Bio Technology (4 Years, Bachelor of Technology)",OS,OPEN,Gender-Neutral,62331,63387
National Institute of Technology Durgapur,"Bio Technology (4 Years, Bachelor of Technology)",OS,OPEN,Female-only (including Supernumerary),56525,56525
National Institute of Technology Durgapur,"Bio Technology (4 Years, Bachelor of Technology)",OS,EWS,Gender-Neutral,68528,69766
National Institute of Technology Durgapur,"Bio Technology (4 Years, Bachelor of Technology)",OS,EWS,Female-only (including Supernumerary),134124,134124
National Institute of Technology Durgapur,"Bio Technology (4 Years, Bachelor of Technology)",OS,OBC- NCL,Gender-Neutral,71108,72721
National Institute of Technology Durgapur,"Bio Technology (4 Years, Bachelor of Technology)",OS,OBC- NCL,Female-only (including Supernumerary),97774,97774
National Institute of Technology Durgapur,"Bio Technology (4 Years, Bachelor of Technology)",OS,SC,Gender-Neutral,195736,195736
National Institute of Technology Durgapur,"Bio Technology (4 Years, Bachelor of Technology)",OS,SC,Female-only (including Supernumerary),214642,214642
National Institute of Technology Durgapur,"Biotechnology (5 Years, Bachelor and Master of Technology (Dual Degree))",OS,OPEN,Gender-Neutral,65181,65181
National Institute of Technology Durgapur,"Chemical Engineering (4 Years, Bachelor of Technology)",HS,OPEN,Gender-Neutral,42400,42400
National Institute of Technology Durgapur,"Chemical Engineering (4 Years, Bachelor of Technology)",OS,OPEN,Gender-Neutral,40658,40658
National Institute of Technology Durgapur,"Chemical Engineering (4 Years, Bachelor of Technology)",OS,EWS,Gender-Neutral,43116,43121
National Institute of Technology Durgapur,"Chemical Engineering (4 Years, Bachelor of Technology)",OS,OBC- NCL,Gender-Neutral,49324,50804
National Institute of Technology Durgapur,"Chemical Engineering (4 Years, Bachelor of Technology)",OS,OBC- NCL,Female-only (including Supernumerary),93357,93357
National Institute of Technology Durgapur,"Chemical Engineering (4 Years, Bachelor of Technology)",OS,OBC- NCL (PwD),Gender-Neutral,1124809,1124809
National Institute of Technology Durgapur,"Chemical Engineering (4 Years, Bachelor of Technology)",OS,SC,Gender-Neutral,164827,171035
National Institute of Technology Durgapur,"Chemical Engineering (5 Years, Bachelor and Master of Technology (Dual Degree))",OS,OPEN,Gender-Neutral,46182,46182
National Institute of Technology Durgapur,"Chemical Engineering (5 Years, Bachelor and Master of Technology (Dual Degree))",OS,OBC- NCL,Gender-Neutral,56364,56364
National Institute of Technology Durgapur,"Chemistry (5 Years, Integrated Master of Science)",HS,OPEN,Gender-Neutral,74785,76030
National Institute of Technology Durgapur,"Chemistry (5 Years, Integrated Master of Science)",HS,OBC- NCL,Gender-Neutral,146219,146219
National Institute of Technology Durgapur,"Chemistry (5 Years, Integrated Master of Science)",OS,EWS,Gender-Neutral,90139,90139
National Institute of Technology Durgapur,"Chemistry (5 Years, Integrated Master of Science)",OS,OBC- NCL,Gender-Neutral,87798,91754
National Institute of Technology Durgapur,"Chemistry (5 Years, Integrated Master of Science)",OS,OBC- NCL,Female-only (including Supernumerary),140791,140791
National Institute of Technology Durgapur,"Civil Engineering (4 Years, Bachelor of Technology)",HS,OBC- NCL,Female-only (including Supernumerary),109754,131076
National Institute of Technology Durgapur,"Civil Engineering (4 Years, Bachelor of Technology)",HS,SC,Gender-Neutral,169044,169044
National Institute of Technology Durgapur,"Civil Engineering (4 Years, Bachelor of Technology)",OS,OPEN,Gender-Neutral,47480,49717
National Institute of Technology Durgapur,"Civil Engineering (4 Years, Bachelor of Technology)",OS,EWS,Gender-Neutral,49909,54920
National Institute of Technology Durgapur,"Civil Engineering (4 Years, Bachelor of Technology)",OS,OBC- NCL,Gender-Neutral,50934,53605
National Institute of Technology Durgapur,"Civil Engineering (4 Years, Bachelor of Technology)",OS,SC,Gender-Neutral,165447,165447
National Institute of Technology Durgapur,"Computer Science and Engineering (4 Years, Bachelor of Technology)",HS,OPEN,Gender-Neutral,11980,11980
National Institute of Technology Durgapur,"Computer Science and Engineering (4 Years, Bachelor of Technology)",OS,OPEN,Gender-Neutral,12268,12268
National Institute of Technology Durgapur,"Computer Science and Engineering (4 Years, Bachelor of Technology)",OS,OBC- NCL,Gender-Neutral,16608,16608
National Institute of Technology Durgapur,"Electrical Engineering (4 Years, Bachelor of Technology)",HS,OPEN,Female-only (including Supernumerary),35299,35299
National Institute of Technology Durgapur,"Electrical Engineering (4 Years, Bachelor of Technology)",OS,OPEN,Gender-Neutral,23238,23520
National Institute of Technology Durgapur,"Electrical Engineering (4 Years, Bachelor of Technology)",OS,OPEN,Female-only (including Supernumerary),40292,40292
National Institute of Technology Durgapur,"Electrical Engineering (4 Years, Bachelor of Technology)",OS,OPEN (PwD),Gender-Neutral,714086,714086
National Institute of Technology Durgapur,"Electrical Engineering (4 Years, Bachelor of Technology)",OS,EWS,Gender-Neutral,27856,29004
National Institute of Technology Durgapur,"Electrical Engineering (4 Years, Bachelor of Technology)",OS,EWS,Female-only (including Supernumerary),44667,44667
National Institute of Technology Durgapur,"Electrical Engineering (4 Years, Bachelor of Technology)",OS,OBC- NCL,Gender-Neutral,27492,27565
National Institute of Technology Durgapur,"Electrical Engineering (4 Years, Bachelor of Technology)",OS,OBC- NCL (PwD),Gender-Neutral,1019712,1019712
National Institute of Technology Durgapur,"Electronics and Communication Engineering (4 Years, Bachelor of Technology)",HS,OPEN,Gender-Neutral,18255,18255
National Institute of Technology Durgapur,"Electronics and Communication Engineering (4 Years, Bachelor of Technology)",OS,OPEN,Gender-Neutral,17815,18024
National Institute of Technology Durgapur,"Electronics and Communication Engineering (4 Years, Bachelor of Technology)",OS,EWS,Gender-Neutral,20409,21069
National Institute of Technology Durgapur,"Mechanical Engineering (4 Years, Bachelor of Technology)",HS,OPEN,Gender-Neutral,37463,37805
National Institute of Technology Durgapur,"Mechanical Engineering (4 Years, Bachelor of Technology)",OS,OPEN,Gender-Neutral,33730,34291
National Institute of Technology Durgapur,"Mechanical Engineering (4 Years, Bachelor of Technology)",OS,OPEN,Female-only (including Supernumerary),54558,54558
National Institute of Technology Durgapur,"Mechanical Engineering (4 Years, Bachelor of Technology)",OS,EWS,Gender-Neutral,39365,41857
National Institute of Technology Durgapur,"Mechanical Engineering (4 Years, Bachelor of Technology)",OS,EWS,Female-only (including Supernumerary),58964,58964
National Institute of Technology Durgapur,"Mechanical Engineering (4 Years, Bachelor of Technology)",OS,OBC- NCL,Gender-Neutral,39930,41059
National Institute of Technology Durgapur,"Mechanical Engineering (4 Years, Bachelor of Technology)",OS,OBC- NCL,Female-only (including Supernumerary),71018,71018
National Institute of Technology Durgapur,"Mechanical Engineering (4 Years, Bachelor of Technology)",OS,SC,Gender-Neutral,134609,134609
National Institute of Technology Durgapur,"Metallurgical and Materials Engineering (4 Years, Bachelor of Technology)",OS,OPEN,Gender-Neutral,53138,56336
National Institute of Technology Durgapur,"Metallurgical and Materials Engineering (4 Years, Bachelor of Technology)",OS,EWS,Gender-Neutral,56699,56726
National Institute of Technology Durgapur,"Metallurgical and Materials Engineering (4 Years, Bachelor of Technology)",OS,OBC- NCL,Gender-Neutral,61144,63029
National Institute of Technology Goa,"Civil Engineering (4 Years, Bachelor of Technology)",AI,EWS,Gender-Neutral,62034,62034
National Institute of Technology Goa,"Civil Engineering (4 Years, Bachelor of Technology)",AI,OBC- NCL,Gender-Neutral,67054,67054
National Institute of Technology Goa,"Civil Engineering (4 Years, Bachelor of Technology)",AI,OBC- NCL,Female-only (including Supernumerary),110628,110628
National Institute of Technology Goa,"Civil Engineering (4 Years, Bachelor of Technology)",OS,OPEN,Gender-Neutral,57181,57181
National Institute of Technology Goa,"Civil Engineering (4 Years, Bachelor of Technology)",OS,EWS,Gender-Neutral,69406,70330
National Institute of Technology Goa,"Civil Engineering (4 Years, Bachelor of Technology)",OS,OBC- NCL,Gender-Neutral,67515,69102
National Institute of Technology Goa,"Civil Engineering (4 Years, Bachelor of Technology)",OS,OBC- NCL,Female-only (including Supernumerary),125854,125854
National Institute of Technology Goa,"Computer Science and Engineering (4 Years, Bachelor of Technology)",GO,OPEN,Gender-Neutral,37376,37376
National Institute of Technology Goa,"Computer Science and Engineering (4 Years, Bachelor of Technology)",GO,OBC- NCL,Gender-Neutral,239664,239664
National Institute of Technology Goa,"Computer Science and Engineering (4 Years, Bachelor of Technology)",OS,OBC- NCL,Gender-Neutral,23984,23984
National Institute of Technology Goa,"Electrical and Electronics Engineering (4 Years, Bachelor of Technology)",AI,OBC- NCL,Gender-Neutral,36078,36078
National Institute of Technology Goa,"Electrical and Electronics Engineering (4 Years, Bachelor of Technology)",OS,OPEN,Gender-Neutral,31952,32250
National Institute of Technology Goa,"Electrical and Electronics Engineering (4 Years, Bachelor of Technology)",OS,OPEN,Female-only (including Supernumerary),43607,43607
National Institute of Technology Goa,"Electrical and Electronics Engineering (4 Years, Bachelor of Technology)",OS,OBC- NCL,Gender-Neutral,37912,39685
National Institute of Technology Goa,"Electrical and Electronics Engineering (4 Years, Bachelor of Technology)",OS,OBC- NCL,Female-only (including Supernumerary),72070,74262
National Institute of Technology Goa,"Electronics and Communication Engineering (4 Years, Bachelor of Technology)",AI,EWS,Gender-Neutral,27246,27246
National Institute of Technology Goa,"Electronics and Communication Engineering (4 Years, Bachelor of Technology)",GO,OBC- NCL,Gender-Neutral,298415,298415
National Institute of Technology Goa,"Electronics and Communication Engineering (4 Years, Bachelor of Technology)",OS,OPEN,Gender-Neutral,23715,24056
National Institute of Technology Goa,"Electronics and Communication Engineering (4 Years, Bachelor of Technology)",OS,EWS,Gender-Neutral,28028,28586
National Institute of Technology Goa,"Electronics and Communication Engineering (4 Years, Bachelor of Technology)",OS,OBC- NCL,Female-only (including Supernumerary),51551,51551
National Institute of Technology Goa,"Mechanical Engineering (4 Years, Bachelor of Technology)",OS,OPEN,Gender-Neutral,42564,43265
National Institute of Technology Goa,"Mechanical Engineering (4 Years, Bachelor of Technology)",OS,EWS,Female-only (including Supernumerary),98985,98985
National Institute of Technology Goa,"Mechanical Engineering (4 Years, Bachelor of Technology)",OS,OBC- NCL,Gender-Neutral,48001,48001
National Institute of Technology Goa,"Mechanical Engineering (4 Years, Bachelor of Technology)",OS,OBC- NCL,Female-only (including Supernumerary),96244,96244
National Institute of Technology Goa,"Mechanical Engineering (4 Years, Bachelor of Technology)",OS,ST,Female-only (including Supernumerary),352860,352860
National Institute of Technology Hamirpur,"Architecture (5 Years, Bachelor of Architecture)",AI,EWS,Female-only (including Supernumerary),11060,11060
National Institute of Technology Hamirpur,"Architecture (5 Years, Bachelor of Architecture)",OS,OPEN,Gender-Neutral,1653,1653
National Institute of Technology Hamirpur,"Architecture (5 Years, Bachelor of Architecture)",OS,OPEN,Female-only (including Supernumerary),1509,1509
National Institute of Technology Hamirpur,"Architecture (5 Years, Bachelor of Architecture)",OS,OBC- NCL,Gender-Neutral,4533,4702
National Institute of Technology Hamirpur,"Chemical Engineering (4 Years, Bachelor of Technology)",HS,OPEN,Gender-Neutral,94651,94651
National Institute of Technology Hamirpur,"Chemical Engineering (4 Years, Bachelor of Technology)",HS,OBC- NCL,Gender-Neutral,431860,431860
National Institute of Technology Hamirpur,"Chemical Engineering (4 Years, Bachelor of Technology)",OS,OPEN,Gender-Neutral,45466,48241
National Institute of Technology Hamirpur,"Chemical Engineering (4 Years, Bachelor of Technology)",OS,OPEN,Female-only (including Supernumerary),75862,80781
National Institute of Technology Hamirpur,"Chemical Engineering (4 Years, Bachelor of Technology)",OS,EWS,Gender-Neutral,50160,50160
National Institute of Technology Hamirpur,"Chemical Engineering (4 Years, Bachelor of Technology)",OS,EWS,Female-only (including Supernumerary),80910,80910
National Institute of Technology Hamirpur,"Chemical Engineering (4 Years, Bachelor of Technology)",OS,OBC- NCL,Gender-Neutral,51470,54261
National Institute of Technology Hamirpur,"Civil Engineering (4 Years, Bachelor of Technology)",HS,OPEN,Gender-Neutral,123127,125550
National Institute of Technology Hamirpur,"Civil Engineering (4 Years, Bachelor of Technology)",HS,EWS,Gender-Neutral,169470,169470
National Institute of Technology Hamirpur,"Civil Engineering (4 Years, Bachelor of Technology)",HS,OBC- NCL,Gender-Neutral,443484,443484
National Institute of Technology Hamirpur,"Civil Engineering (4 Years, Bachelor of Technology)",HS,SC,Gender-Neutral,291004,291004
National Institute of Technology Hamirpur,"Civil Engineering (4 Years, Bachelor of Technology)",OS,OPEN,Gender-Neutral,52801,54222
National Institute of Technology Hamirpur,"Civil Engineering (4 Years, Bachelor of Technology)",OS,OPEN,Female-only (including Supernumerary),82127,82127
National Institute of Technology Hamirpur,"Civil Engineering (4 Years, Bachelor of Technology)",OS,EWS,Gender-Neutral,57455,57610
National Institute of Technology Hamirpur,"Civil Engineering (4 Years, Bachelor of Technology)",OS,EWS,Female-only (including Supernumerary),107710,107710
National Institute of Technology Hamirpur,"Civil Engineering (4 Years, Bachelor of Technology)",OS,OBC- NCL,Gender-Neutral,60262,62802
National Institute of Technology Hamirpur,"Civil Engineering (4 Years, Bachelor of Technology)",OS,SC,Gender-Neutral,167758,167758
National Institute of Technology Hamirpur,"Computer Science and Engineering (4 Years, Bachelor of Technology)",OS,OBC- NCL,Gender-Neutral,20046,20046
National Institute of Technology Hamirpur,"Computer Science and Engineering (5 Years, Bachelor and Master of Technology (Dual Degree))",OS,OPEN,Gender-Neutral,17150,17150
National Institute of Technology Hamirpur,"Computer Science and Engineering (5 Years, Bachelor and Master of Technology (Dual Degree))",OS,OBC- NCL,Gender-Neutral,20337,20337
National Institute of Technology Hamirpur,"Electrical Engineering (4 Years, Bachelor of Technology)",HS,OBC- NCL,Gender-Neutral,256350,256350
National Institute of Technology Hamirpur,"Electrical Engineering (4 Years, Bachelor of Technology)",HS,SC,Gender-Neutral,231422,231422
National Institute of Technology Hamirpur,"Electrical Engineering (4 Years, Bachelor of Technology)",OS,OPEN,Gender-Neutral,31111,31808
National Institute of Technology Hamirpur,"Electrical Engineering (4 Years, Bachelor of Technology)",OS,OPEN,Female-only (including Supernumerary),43811,43811
National Institute of Technology Hamirpur,"Electrical Engineering (4 Years, Bachelor of Technology)",OS,EWS,Gender-Neutral,36080,36080
National Institute of Technology Hamirpur,"Electrical Engineering (4 Years, Bachelor of Technology)",OS,OBC- NCL,Gender-Neutral,36663,37405
National Institute of Technology Hamirpur,"Electronics and Communication Engineering (4 Years, Bachelor of Technology)",OS,OPEN,Gender-Neutral,23265,23269
National Institute of Technology Hamirpur,"Electronics and Communication Engineering (4 Years, Bachelor of Technology)",OS,OPEN,Female-only (including Supernumerary),34048,34783
National Institute of Technology Hamirpur,"Electronics and Communication Engineering (4 Years, Bachelor of Technology)",OS,EWS,Gender-Neutral,25526,25526
National Institute of Technology Hamirpur,"Electronics and Communication Engineering (4 Years, Bachelor of Technology)",OS,EWS,Female-only (including Supernumerary),42543,42543
National Institute of Technology Hamirpur,"Electronics and Communication Engineering (4 Years, Bachelor of Technology)",OS,OBC- NCL,Gender-Neutral,27365,27365
National Institute of Technology Hamirpur,"Electronics and Communication Engineering (5 Years, Bachelor and Master of Technology (Dual Degree))",OS,OPEN,Gender-Neutral,24753,24753
National Institute of Technology Hamirpur,"Electronics and Communication Engineering (5 Years, Bachelor and Master of Technology (Dual Degree))",OS,EWS,Gender-Neutral,29521,32398
National Institute of Technology Hamirpur,"Engineering Physics (4 Years, Bachelor of Technology)",HS,OBC- NCL,Gender-Neutral,544047,544047
National Institute of Technology Hamirpur,"Engineering Physics (4 Years, Bachelor of Technology)",OS,OPEN,Gender-Neutral,44958,47184
National Institute of Technology Hamirpur,"Engineering Physics (4 Years, Bachelor of Technology)",OS,OPEN,Female-only (including Supernumerary),73942,73942
National Institute of Technology Hamirpur,"Engineering Physics (4 Years, Bachelor of Technology)",OS,EWS,Gender-Neutral,58134,58134
National Institute of Technology Hamirpur,"Engineering Physics (4 Years, Bachelor of Technology)",OS,OBC- NCL,Gender-Neutral,52833,54778
National Institute of Technology Hamirpur,"Engineering Physics (4 Years, Bachelor of Technology)",OS,OBC- NCL,Female-only (including Supernumerary),97712,97712
National Institute of Technology Hamirpur,"Materials Science and Engineering (4 Years, Bachelor of Technology)",HS,EWS,Gender-Neutral,171294,171294
National Institute of Technology Hamirpur,"Materials Science and Engineering (4 Years, Bachelor of Technology)",HS,OBC- NCL,Gender-Neutral,533879,533879
National Institute of Technology Hamirpur,"Materials Science and Engineering (4 Years, Bachelor of Technology)",OS,OPEN,Gender-Neutral,56880,57218
National Institute of Technology Hamirpur,"Materials Science and Engineering (4 Years, Bachelor of Technology)",OS,EWS,Female-only (including Supernumerary),123493,123493
National Institute of Technology Hamirpur,"Materials Science and Engineering (4 Years, Bachelor of Technology)",OS,OBC- NCL,Gender-Neutral,65500,66416
National Institute of Technology Hamirpur,"Materials Science and Engineering (4 Years, Bachelor of Technology)",OS,OBC- NCL,Female-only (including Supernumerary),96511,96511
National Institute of Technology Hamirpur,"Mathematics and Computing (4 Years, Bachelor of Technology)",OS,OPEN,Gender-Neutral,19809,19972
National Institute of Technology Hamirpur,"Mathematics and Computing (4 Years, Bachelor of Technology)",OS,OBC- NCL,Gender-Neutral,23641,23641
National Institute of Technology Hamirpur,"Mechanical Engineering (4 Years, Bachelor of Technology)",HS,OPEN,Gender-Neutral,76308,76308
National Institute of Technology Hamirpur,"Mechanical Engineering (4 Years, Bachelor of Technology)",HS,OBC- NCL,Gender-Neutral,339798,339798
National Institute of Technology Hamirpur,"Mechanical Engineering (4 Years, Bachelor of Technology)",HS,SC,Gender-Neutral,251904,251904
National Institute of Technology Hamirpur,"Mechanical Engineering (4 Years, Bachelor of Technology)",OS,OPEN,Gender-Neutral,40442,40442
National Institute of Technology Hamirpur,"Mechanical Engineering (4 Years, Bachelor of Technology)",OS,OPEN,Female-only (including Supernumerary),75796,75796
National Institute of Technology Hamirpur,"Mechanical Engineering (4 Years, Bachelor of Technology)",OS,EWS,Female-only (including Supernumerary),81084,81084
National Institute of Technology Hamirpur,"Mechanical Engineering (4 Years, Bachelor of Technology)",OS,OBC- NCL,Gender-Neutral,43891,46013
National Institute of Technology Hamirpur,"Mechanical Engineering (4 Years, Bachelor of Technology)",OS,OBC- NCL,Female-only (including Supernumerary),78237,94844
"National Institute of Technology Karnataka, Surathkal","Artificial Intelligence for DASA-Non CIWG (4 Years, Bachelor of Technology)",AD,OPEN,Gender-Neutral,76784,76784
"National Institute of Technology Karnataka, Surathkal","Civil Engineering (4 Years, Bachelor of Technology)",HS,OPEN,Gender-Neutral,33188,34647
"National Institute of Technology Karnataka, Surathkal","Civil Engineering (4 Years, Bachelor of Technology)",HS,OBC- NCL,Gender-Neutral,72264,85274
"National Institute of Technology Karnataka, Surathkal","Civil Engineering (4 Years, Bachelor of Technology)",OS,OPEN,Gender-Neutral,25914,25914
"National Institute of Technology Karnataka, Surathkal","Civil Engineering (4 Years, Bachelor of Technology)",OS,OPEN,Female-only (including Supernumerary),47245,47245
"National Institute of Technology Karnataka, Surathkal","Civil Engineering (4 Years, Bachelor of Technology)",OS,EWS,Gender-Neutral,30364,30534
"National Institute of Technology Karnataka, Surathkal","Civil Engineering (4 Years, Bachelor of Technology)",OS,EWS,Female-only (including Supernumerary),48800,48800
"National Institute of Technology Karnataka, Surathkal","Computer Science and Engineering (4 Years, Bachelor of Technology)",OS,OBC- NCL,Gender-Neutral,3690,3690
"National Institute of Technology Karnataka, Surathkal","Electrical and Electronics Engineering (4 Years, Bachelor of Technology)",HS,OPEN,Gender-Neutral,10875,10875
"National Institute of Technology Karnataka, Surathkal","Electrical and Electronics Engineering (4 Years, Bachelor of Technology)",OS,OPEN,Gender-Neutral,7901,7913
"National Institute of Technology Karnataka, Surathkal","Information Technology for DASA-Non CIWG (4 Years, Bachelor of Technology)",AD,OPEN,Gender-Neutral,87162,87162
"National Institute of Technology Karnataka, Surathkal","Mechanical Engineering (4 Years, Bachelor of Technology)",HS,OPEN,Gender-Neutral,17462,17462
"National Institute of Technology Karnataka, Surathkal","Mechanical Engineering (4 Years, Bachelor of Technology)",HS,EWS,Gender-Neutral,32272,32272
"National Institute of Technology Karnataka, Surathkal","Mechanical Engineering (4 Years, Bachelor of Technology)",HS,OBC- NCL,Gender-Neutral,29767,29893
"National Institute of Technology Karnataka, Surathkal","Mechanical Engineering (4 Years, Bachelor of Technology)",OS,OPEN,Female-only (including Supernumerary),27788,27788
"National Institute of Technology Karnataka, Surathkal","Mechanical Engineering for DASA-Non CIWG (4 Years, Bachelor of Technology)",AD,OPEN,Gender-Neutral,207370,207370
"National Institute of Technology Karnataka, Surathkal","Metallurgical and Materials Engineering (4 Years, Bachelor of Technology)",HS,OBC- NCL,Gender-Neutral,56378,56378
"National Institute of Technology Karnataka, Surathkal","Metallurgical and Materials Engineering (4 Years, Bachelor of Technology)",OS,OBC- NCL,Female-only (including Supernumerary),64437,67776
"National Institute of Technology Karnataka, Surathkal","Mining Engineering (4 Years, Bachelor of Technology)",HS,OPEN,Gender-Neutral,48135,50926
"National Institute of Technology Karnataka, Surathkal","Mining Engineering (4 Years, Bachelor of Technology)",HS,OBC- NCL,Gender-Neutral,90507,94390
"National Institute of Technology Karnataka, Surathkal","Mining Engineering (4 Years, Bachelor of Technology)",HS,SC,Female-only (including Supernumerary),399485,399485
"National Institute of Technology Karnataka, Surathkal","Mining Engineering (4 Years, Bachelor of Technology)",OS,OBC- NCL,Female-only (including Supernumerary),70849,70849
National Institute of Technology Meghalaya,"Civil Engineering (4 Years, Bachelor of Technology)",AI,EWS,Gender-Neutral,87463,87463
National Institute of Technology Meghalaya,"Civil Engineering (4 Years, Bachelor of Technology)",AI,EWS,Female-only (including Supernumerary),172312,172312
National Institute of Technology Meghalaya,"Civil Engineering (4 Years, Bachelor of Technology)",OS,OPEN,Gender-Neutral,75908,81562
National Institute of Technology Meghalaya,"Civil Engineering (4 Years, Bachelor of Technology)",OS,OPEN,Female-only (including Supernumerary),126400,130641
National Institute of Technology Meghalaya,"Civil Engineering (4 Years, Bachelor of Technology)",OS,EWS,Gender-Neutral,89163,89163
National Institute of Technology Meghalaya,"Civil Engineering (4 Years, Bachelor of Technology)",OS,OBC- NCL,Gender-Neutral,82634,88086
National Institute of Technology Meghalaya,"Civil Engineering (4 Years, Bachelor of Technology)",OS,OBC- NCL,Female-only (including Supernumerary),144166,144166
National Institute of Technology Meghalaya,"Civil Engineering (4 Years, Bachelor of Technology)",OS,SC,Gender-Neutral,216152,222496
National Institute of Technology Meghalaya,"Computer Science and Engineering (4 Years, Bachelor of Technology)",OS,OPEN,Gender-Neutral,35937,35937
National Institute of Technology Meghalaya,"Computer Science and Engineering (4 Years, Bachelor of Technology)",OS,OBC- NCL,Gender-Neutral,38843,38843
National Institute of Technology Meghalaya,"Computer Science and Engineering (4 Years, Bachelor of Technology)",OS,SC,Female-only (including Supernumerary),196949,196949
National Institute of Technology Meghalaya,"Computer Science and Engineering (4 Years, Bachelor of Technology)",OS,ST,Gender-Neutral,188211,188211
National Institute of Technology Meghalaya,"Electrical and Electronics Engineering (4 Years, Bachelor of Technology)",AI,EWS,Gender-Neutral,64691,64691
National Institute of Technology Meghalaya,"Electrical and Electronics Engineering (4 Years, Bachelor of Technology)",OS,OPEN,Gender-Neutral,49662,52822
National Institute of Technology Meghalaya,"Electrical and Electronics Engineering (4 Years, Bachelor of Technology)",OS,EWS,Gender-Neutral,70924,71779
National Institute of Technology Meghalaya,"Electrical and Electronics Engineering (4 Years, Bachelor of Technology)",OS,OBC- NCL,Gender-Neutral,53978,58751
National Institute of Technology Meghalaya,"Electrical and Electronics Engineering (4 Years, Bachelor of Technology)",OS,SC,Gender-Neutral,178206,178206
National Institute of Technology Meghalaya,"Electronics and Communication Engineering (4 Years, Bachelor of Technology)",OS,OPEN,Gender-Neutral,44548,44548
National Institute of Technology Meghalaya,"Electronics and Communication Engineering (4 Years, Bachelor of Technology)",OS,OBC- NCL,Gender-Neutral,50475,50475
National Institute of Technology Meghalaya,"Mechanical Engineering (4 Years, Bachelor of Technology)",AI,EWS,Gender-Neutral,68286,68286
National Institute of Technology Meghalaya,"Mechanical Engineering (4 Years, Bachelor of Technology)",AI,EWS,Female-only (including Supernumerary),144298,144298
National Institute of Technology Meghalaya,"Mechanical Engineering (4 Years, Bachelor of Technology)",AI,ST,Female-only (including Supernumerary),500643,571829
National Institute of Technology Meghalaya,"Mechanical Engineering (4 Years, Bachelor of Technology)",OS,OPEN,Gender-Neutral,59411,60085
National Institute of Technology Meghalaya,"Mechanical Engineering (4 Years, Bachelor of Technology)",OS,OPEN,Female-only (including Supernumerary),133562,133562
National Institute of Technology Meghalaya,"Mechanical Engineering (4 Years, Bachelor of Technology)",OS,EWS,Gender-Neutral,74159,74159
National Institute of Technology Meghalaya,"Mechanical Engineering (4 Years, Bachelor of Technology)",OS,OBC- NCL,Gender-Neutral,67016,67016
National Institute of Technology Meghalaya,"Mechanical Engineering (4 Years, Bachelor of Technology)",OS,OBC- NCL,Female-only (including Supernumerary),138874,138874
National Institute of Technology Meghalaya,"Mechanical Engineering (4 Years, Bachelor of Technology)",OS,SC,Female-only (including Supernumerary),258710,258710
National Institute of Technology Nagaland,"Civil Engineering (4 Years, Bachelor of Technology)",OS,OPEN,Gender-Neutral,98102,111764
National Institute of Technology Nagaland,"Civil Engineering (4 Years, Bachelor of Technology)",OS,EWS,Gender-Neutral,121779,122905
National Institute of Technology Nagaland,"Civil Engineering (4 Years, Bachelor of Technology)",OS,EWS,Female-only (including Supernumerary),245404,245404
National Institute of Technology Nagaland,"Civil Engineering (4 Years, Bachelor of Technology)",OS,OBC- NCL,Gender-Neutral,114229,116936
National Institute of Technology Nagaland,"Civil Engineering (4 Years, Bachelor of Technology)",OS,OBC- NCL,Female-only (including Supernumerary),181403,181403
National Institute of Technology Nagaland,"Civil Engineering (4 Years, Bachelor of Technology)",OS,SC,Gender-Neutral,250183,254093
National Institute of Technology Nagaland,"Computer Science and Engineering (4 Years, Bachelor of Technology)",AI,ST,Female-only (including Supernumerary),390777,390777
National Institute of Technology Nagaland,"Computer Science and Engineering (4 Years, Bachelor of Technology)",HS,ST,Gender-Neutral,701848,701848
National Institute of Technology Nagaland,"Computer Science and Engineering (4 Years, Bachelor of Technology)",OS,OPEN,Gender-Neutral,56055,56055
National Institute of Technology Nagaland,"Computer Science and Engineering (4 Years, Bachelor of Technology)",OS,OPEN,Female-only (including Supernumerary),88624,93115
National Institute of Technology Nagaland,"Computer Science and Engineering (4 Years, Bachelor of Technology)",OS,EWS,Gender-Neutral,61897,61897
National Institute of Technology Nagaland,"Computer Science and Engineering (4 Years, Bachelor of Technology)",OS,OBC- NCL,Gender-Neutral,59901,60217
National Institute of Technology Nagaland,"Computer Science and Engineering (4 Years, Bachelor of Technology)",OS,OBC- NCL,Female-only (including Supernumerary),93917,93917
National Institute of Technology Nagaland,"Electrical and Electronics Engineering (4 Years, Bachelor of Technology)",AI,ST,Female-only (including Supernumerary),546084,592448
National Institute of Technology Nagaland,"Electrical and Electronics Engineering (4 Years, Bachelor of Technology)",OS,OPEN,Gender-Neutral,78989,81638
National Institute of Technology Nagaland,"Electrical and Electronics Engineering (4 Years, Bachelor of Technology)",OS,OPEN,Female-only (including Supernumerary),144556,150279
National Institute of Technology Nagaland,"Electrical and Electronics Engineering (4 Years, Bachelor of Technology)",OS,EWS,Gender-Neutral,90468,95585
National Institute of Technology Nagaland,"Electrical and Electronics Engineering (4 Years, Bachelor of Technology)",OS,OBC- NCL,Gender-Neutral,81948,83556
National Institute of Technology Nagaland,"Electrical and Electronics Engineering (4 Years, Bachelor of Technology)",OS,OBC- NCL,Female-only (including Supernumerary),158181,158181
National Institute of Technology Nagaland,"Electrical and Electronics Engineering (4 Years, Bachelor of Technology)",OS,SC,Gender-Neutral,212526,214556
National Institute of Technology Nagaland,"Electronics and Communication Engineering (4 Years, Bachelor of Technology)",AI,ST,Gender-Neutral,378561,401113
National Institute of Technology Nagaland,"Electronics and Communication Engineering (4 Years, Bachelor of Technology)",AI,ST,Female-only (including Supernumerary),490233,490233
National Institute of Technology Nagaland,"Electronics and Communication Engineering (4 Years, Bachelor of Technology)",OS,OPEN,Female-only (including Supernumerary),115317,119174
National Institute of Technology Nagaland,"Electronics and Communication Engineering (4 Years, Bachelor of Technology)",OS,EWS,Gender-Neutral,81936,82815
National Institute of Technology Nagaland,"Electronics and Communication Engineering (4 Years, Bachelor of Technology)",OS,OBC- NCL,Gender-Neutral,73695,73695
National Institute of Technology Nagaland,"Electronics and Communication Engineering (4 Years, Bachelor of Technology)",OS,OBC- NCL,Female-only (including Supernumerary),141469,141469
National Institute of Technology Nagaland,"Electronics and Communication Engineering (4 Years, Bachelor of Technology)",OS,SC,Gender-Neutral,193616,193616
National Institute of Technology Nagaland,"Electronics and Instrumentation Engineering (4 Years, Bachelor of Technology)",AI,ST,Gender-Neutral,440644,454779
National Institute of Technology Nagaland,"Electronics and Instrumentation Engineering (4 Years, Bachelor of Technology)",AI,ST,Female-only (including Supernumerary),590189,590189
National Institute of Technology Nagaland,"Electronics and Instrumentation Engineering (4 Years, Bachelor of Technology)",OS,OPEN,Gender-Neutral,84736,93859
National Institute of Technology Nagaland,"Electronics and Instrumentation Engineering (4 Years, Bachelor of Technology)",OS,OPEN,Female-only (including Supernumerary),144374,155187
National Institute of Technology Nagaland,"Electronics and Instrumentation Engineering (4 Years, Bachelor of Technology)",OS,EWS,Gender-Neutral,95770,98268
National Institute of Technology Nagaland,"Electronics and Instrumentation Engineering (4 Years, Bachelor of Technology)",OS,OBC- NCL,Gender-Neutral,95900,101032
National Institute of Technology Nagaland,"Electronics and Instrumentation Engineering (4 Years, Bachelor of Technology)",OS,OBC- NCL,Female-only (including Supernumerary),163128,163128
National Institute of Technology Nagaland,"Mechanical Engineering (4 Years, Bachelor of Technology)",AI,ST,Gender-Neutral,415394,433698
National Institute of Technology Nagaland,"Mechanical Engineering (4 Years, Bachelor of Technology)",OS,OPEN,Gender-Neutral,91426,103395
National Institute of Technology Nagaland,"Mechanical Engineering (4 Years, Bachelor of Technology)",OS,OPEN,Female-only (including Supernumerary),159031,180350
National Institute of Technology Nagaland,"Mechanical Engineering (4 Years, Bachelor of Technology)",OS,EWS,Gender-Neutral,105204,114053
National Institute of Technology Nagaland,"Mechanical Engineering (4 Years, Bachelor of Technology)",OS,OBC- NCL,Gender-Neutral,103959,106125
National Institute of Technology Nagaland,"Mechanical Engineering (4 Years, Bachelor of Technology)",OS,OBC- NCL,Female-only (including Supernumerary),185426,185426
National Institute of Technology Nagaland,"Mechanical Engineering (4 Years, Bachelor of Technology)",OS,SC,Gender-Neutral,229709,229709
National Institute of Technology Patna,"Architecture (5 Years, Bachelor of Architecture)",HS,EWS,Gender-Neutral,11331,11331
National Institute of Technology Patna,"Architecture (5 Years, Bachelor of Architecture)",OS,OBC- NCL,Gender-Neutral,4728,4728
National Institute of Technology Patna,"Architecture (5 Years, Bachelor of Architecture)",OS,SC,Gender-Neutral,7866,7866
National Institute of Technology Patna,"Architecture (5 Years, Bachelor of Architecture)",OS,SC,Female-only (including Supernumerary),9743,9743
National Institute of Technology Patna,"Artificial Intelligence and Data Science (4 Years, Bachelor of Technology)",HS,OBC- NCL,Gender-Neutral,27107,27107
National Institute of Technology Patna,"Artificial Intelligence and Data Science (4 Years, Bachelor of Technology)",OS,OPEN,Gender-Neutral,21188,21188
National Institute of Technology Patna,"Artificial Intelligence and Data Science (4 Years, Bachelor of Technology)",OS,OPEN,Female-only (including Supernumerary),36283,36283
National Institute of Technology Patna,"Artificial Intelligence and Data Science (4 Years, Bachelor of Technology)",OS,EWS,Gender-Neutral,23392,23392
National Institute of Technology Patna,"Artificial Intelligence and Data Science (4 Years, Bachelor of Technology)",OS,EWS,Female-only (including Supernumerary),40287,40287
National Institute of Technology Patna,"Artificial Intelligence and Data Science (4 Years, Bachelor of Technology)",OS,OBC- NCL,Gender-Neutral,25721,25776
National Institute of Technology Patna,"Chemical Technology (5 Years, Bachelor and Master of Technology (Dual Degree))",HS,EWS,Gender-Neutral,69134,69134
National Institute of Technology Patna,"Chemical Technology (5 Years, Bachelor and Master of Technology (Dual Degree))",OS,OPEN,Gender-Neutral,49719,49719
National Institute of Technology Patna,"Chemical Technology (5 Years, Bachelor and Master of Technology (Dual Degree))",OS,OPEN,Female-only (including Supernumerary),68860,68860
National Institute of Technology Patna,"Chemical Technology (5 Years, Bachelor and Master of Technology (Dual Degree))",OS,EWS,Gender-Neutral,58700,58700
National Institute of Technology Patna,"Chemical Technology (5 Years, Bachelor and Master of Technology (Dual Degree))",OS,OBC- NCL,Gender-Neutral,66003,66003
National Institute of Technology Patna,"Chemical Technology (5 Years, Bachelor and Master of Technology (Dual Degree))",OS,SC,Gender-Neutral,208843,208843
National Institute of Technology Patna,"Civil Engineering (4 Years, Bachelor of Technology)",HS,OPEN,Gender-Neutral,52894,54647
National Institute of Technology Patna,"Civil Engineering (4 Years, Bachelor of Technology)",HS,EWS,Gender-Neutral,63284,63325
National Institute of Technology Patna,"Civil Engineering (4 Years, Bachelor of Technology)",HS,OBC- NCL,Gender-Neutral,60396,60864
National Institute of Technology Patna,"Civil Engineering (4 Years, Bachelor of Technology)",HS,SC,Female-only (including Supernumerary),289327,289327
National Institute of Technology Patna,"Civil Engineering (4 Years, Bachelor of Technology)",OS,OPEN,Gender-Neutral,58757,62828
National Institute of Technology Patna,"Civil Engineering (4 Years, Bachelor of Technology)",OS,OPEN,Female-only (including Supernumerary),82365,92468
National Institute of Technology Patna,"Civil Engineering (4 Years, Bachelor of Technology)",OS,EWS,Gender-Neutral,65476,67026
National Institute of Technology Patna,"Civil Engineering (4 Years, Bachelor of Technology)",OS,EWS,Female-only (including Supernumerary),105395,105395
National Institute of Technology Patna,"Civil Engineering (4 Years, Bachelor of Technology)",OS,OBC- NCL,Gender-Neutral,64044,67005
National Institute of Technology Patna,"Civil Engineering (4 Years, Bachelor of Technology)",OS,OBC- NCL,Female-only (including Supernumerary),108220,108220
National Institute of Technology Patna,"Civil Engineering with Specialization in Construction Technology and Management (5 Years, Bachelor and Master of Technology (Dual Degree))",OS,OPEN,Gender-Neutral,62210,62210
National Institute of Technology Patna,"Civil Engineering with Specialization in Construction Technology and Management (5 Years, Bachelor and Master of Technology (Dual Degree))",OS,OPEN,Female-only (including Supernumerary),116413,116413
National Institute of Technology Patna,"Civil Engineering with Specialization in Construction Technology and Management (5 Years, Bachelor and Master of Technology (Dual Degree))",OS,EWS,Gender-Neutral,74383,74383
National Institute of Technology Patna,"Civil Engineering with Specialization in Construction Technology and Management (5 Years, Bachelor and Master of Technology (Dual Degree))",OS,OBC- NCL,Gender-Neutral,73797,73797
National Institute of Technology Patna,"Computer Science and Engineering (4 Years, Bachelor of Technology)",HS,OPEN,Gender-Neutral,19321,19321
National Institute of Technology Patna,"Computer Science and Engineering (4 Years, Bachelor of Technology)",HS,OBC- NCL,Gender-Neutral,24180,24451
National Institute of Technology Patna,"Computer Science and Engineering (4 Years, Bachelor of Technology)",OS,OPEN,Gender-Neutral,19029,19078
National Institute of Technology Patna,"Computer Science and Engineering (4 Years, Bachelor of Technology)",OS,OPEN (PwD),Gender-Neutral,368437,368437
National Institute of Technology Patna,"Computer Science and Engineering (4 Years, Bachelor of Technology)",OS,OBC- NCL,Gender-Neutral,24089,24167
National Institute of Technology Patna,"Computer Science and Engineering (4 Years, Bachelor of Technology)",OS,OBC- NCL (PwD),Gender-Neutral,397244,397244
National Institute of Technology Patna,"Computer Science and Engineering with Specialization in Cyber Security (5 Years, Bachelor and Master of Technology (Dual Degree))",OS,OPEN,Gender-Neutral,24909,25330
National Institute of Technology Patna,"Computer Science and Engineering with Specialization in Data Science (5 Years, Bachelor and Master of Technology (Dual Degree))",HS,EWS,Gender-Neutral,28644,28644
National Institute of Technology Patna,"Computer Science and Engineering with Specialization in Data Science (5 Years, Bachelor and Master of Technology (Dual Degree))",OS,EWS,Gender-Neutral,26748,26748
National Institute of Technology Patna,"Computer Science and Engineering with Specialization in Data Science (5 Years, Bachelor and Master of Technology (Dual Degree))",OS,OBC- NCL,Gender-Neutral,31032,31032
National Institute of Technology Patna,"Computer Science and Engineering with Specialization in Data Science (5 Years, Bachelor and Master of Technology (Dual Degree))",OS,SC,Female-only (including Supernumerary),187894,187894
National Institute of Technology Patna,"Electrical Engineering (4 Years, Bachelor of Technology)",HS,EWS,Gender-Neutral,38358,38896
National Institute of Technology Patna,"Electrical Engineering (4 Years, Bachelor of Technology)",HS,OBC- NCL,Gender-Neutral,38110,38110
National Institute of Technology Patna,"Electrical Engineering (4 Years, Bachelor of Technology)",OS,OPEN,Gender-Neutral,33828,34029
National Institute of Technology Patna,"Electrical Engineering (4 Years, Bachelor of Technology)",OS,OPEN,Female-only (including Supernumerary),52828,52828
National Institute of Technology Patna,"Electrical Engineering (4 Years, Bachelor of Technology)",OS,EWS,Gender-Neutral,37241,37241
National Institute of Technology Patna,"Electrical Engineering (4 Years, Bachelor of Technology)",OS,EWS,Female-only (including Supernumerary),59665,59665
National Institute of Technology Patna,"Electrical Engineering (4 Years, Bachelor of Technology)",OS,OBC- NCL,Gender-Neutral,39092,41009
National Institute of Technology Patna,"Electrical Engineering with Specialization In Power System Engineering (5 Years, Bachelor and Master of Technology (Dual Degree))",OS,OBC- NCL,Gender-Neutral,43238,43901
National Institute of Technology Patna,"Electrical Engineering with Specialization In Power System Engineering (5 Years, Bachelor and Master of Technology (Dual Degree))",OS,OBC- NCL,Female-only (including Supernumerary),76594,76594
National Institute of Technology Patna,"Electronics and Communication Engineering (4 Years, Bachelor of Technology)",HS,OPEN,Gender-Neutral,25714,25714
National Institute of Technology Patna,"Electronics and Communication Engineering (4 Years, Bachelor of Technology)",HS,OPEN (PwD),Gender-Neutral,647668,647668
National Institute of Technology Patna,"Electronics and Communication Engineering (4 Years, Bachelor of Technology)",HS,OBC- NCL,Gender-Neutral,29481,31304
National Institute of Technology Patna,"Electronics and Communication Engineering (4 Years, Bachelor of Technology)",HS,OBC- NCL (PwD),Gender-Neutral,668545,668545
National Institute of Technology Patna,"Electronics and Communication Engineering (4 Years, Bachelor of Technology)",OS,OPEN,Gender-Neutral,23433,24388
National Institute of Technology Patna,"Electronics and Communication Engineering (4 Years, Bachelor of Technology)",OS,OPEN,Female-only (including Supernumerary),40868,40868
National Institute of Technology Patna,"Electronics and Communication Engineering (4 Years, Bachelor of Technology)",OS,EWS,Gender-Neutral,28874,28874
National Institute of Technology Patna,"Electronics and Communication Engineering (4 Years, Bachelor of Technology)",OS,EWS,Female-only (including Supernumerary),41409,41409
National Institute of Technology Patna,"Electronics and Communication Engineering (4 Years, Bachelor of Technology)",OS,OBC- NCL,Gender-Neutral,30040,30344
National Institute of Technology Patna,"Electronics and Communication Engineering (4 Years, Bachelor of Technology)",OS,OBC- NCL,Female-only (including Supernumerary),54281,54281
National Institute of Technology Patna,"Electronics and Communication Engineering with Specialization in Microelectronics and VLSI System Design (5 Years, Bachelor and Master of Technology (Dual Degree))",HS,OPEN,Gender-Neutral,34019,34019
National Institute of Technology Patna,"Electronics and Communication Engineering with Specialization in Microelectronics and VLSI System Design (5 Years, Bachelor and Master of Technology (Dual Degree))",HS,OBC- NCL,Gender-Neutral,34650,34887
National Institute of Technology Patna,"Electronics and Communication Engineering with Specialization in Microelectronics and VLSI System Design (5 Years, Bachelor and Master of Technology (Dual Degree))",OS,OPEN,Gender-Neutral,32094,32094
National Institute of Technology Patna,"Electronics and Communication Engineering with Specialization in Microelectronics and VLSI System Design (5 Years, Bachelor and Master of Technology (Dual Degree))",OS,EWS,Gender-Neutral,37461,37461
National Institute of Technology Patna,"Electronics and Communication Engineering with Specialization in Microelectronics and VLSI System Design (5 Years, Bachelor and Master of Technology (Dual Degree))",OS,OBC- NCL,Female-only (including Supernumerary),64941,64941
National Institute of Technology Patna,"Electronics Engineering (VLSI Design and Technology) (4 Years, Bachelor of Technology)",HS,OPEN,Gender-Neutral,30994,31117
National Institute of Technology Patna,"Electronics Engineering (VLSI Design and Technology) (4 Years, Bachelor of Technology)",HS,EWS,Gender-Neutral,32670,32670
National Institute of Technology Patna,"Electronics Engineering (VLSI Design and Technology) (4 Years, Bachelor of Technology)",OS,OPEN,Gender-Neutral,28176,29106
National Institute of Technology Patna,"Electronics Engineering (VLSI Design and Technology) (4 Years, Bachelor of Technology)",OS,OPEN,Female-only (including Supernumerary),49219,49219
National Institute of Technology Patna,"Electronics Engineering (VLSI Design and Technology) (4 Years, Bachelor of Technology)",OS,EWS,Gender-Neutral,29796,30603
National Institute of Technology Patna,"Electronics Engineering (VLSI Design and Technology) (4 Years, Bachelor of Technology)",OS,EWS,Female-only (including Supernumerary),53433,53433
National Institute of Technology Patna,"Electronics Engineering (VLSI Design and Technology) (4 Years, Bachelor of Technology)",OS,OBC- NCL,Gender-Neutral,33027,34389
National Institute of Technology Patna,"Electronics Engineering (VLSI Design and Technology) (4 Years, Bachelor of Technology)",OS,SC,Gender-Neutral,133886,133886
National Institute of Technology Patna,"Material Science and Engineering (5 Years, Bachelor and Master of Technology (Dual Degree))",HS,OPEN,Gender-Neutral,73282,73282
National Institute of Technology Patna,"Material Science and Engineering (5 Years, Bachelor and Master of Technology (Dual Degree))",HS,OBC- NCL,Gender-Neutral,73373,73373
National Institute of Technology Patna,"Material Science and Engineering (5 Years, Bachelor and Master of Technology (Dual Degree))",OS,OPEN,Female-only (including Supernumerary),87124,87124
National Institute of Technology Patna,"Material Science and Engineering (5 Years, Bachelor and Master of Technology (Dual Degree))",OS,EWS,Gender-Neutral,86926,86926
National Institute of Technology Patna,"Material Science and Engineering (5 Years, Bachelor and Master of Technology (Dual Degree))",OS,OBC- NCL,Gender-Neutral,72741,72741
National Institute of Technology Patna,"Mathematics and Computing Technology (5 Years, Bachelor and Master of Technology (Dual Degree))",HS,OPEN,Gender-Neutral,28804,28804
National Institute of Technology Patna,"Mathematics and Computing Technology (5 Years, Bachelor and Master of Technology (Dual Degree))",HS,OBC- NCL,Gender-Neutral,33559,33559
National Institute of Technology Patna,"Mathematics and Computing Technology (5 Years, Bachelor and Master of Technology (Dual Degree))",OS,OPEN,Gender-Neutral,25314,25314
National Institute of Technology Patna,"Mathematics and Computing Technology (5 Years, Bachelor and Master of Technology (Dual Degree))",OS,EWS,Gender-Neutral,28097,28097
National Institute of Technology Patna,"Mathematics and Computing Technology (5 Years, Bachelor and Master of Technology (Dual Degree))",OS,OBC- NCL,Gender-Neutral,30930,30930
National Institute of Technology Patna,"Mechanical Engineering (4 Years, Bachelor of Technology)",HS,OPEN,Gender-Neutral,41507,42763
National Institute of Technology Patna,"Mechanical Engineering (4 Years, Bachelor of Technology)",HS,EWS,Gender-Neutral,46969,46969
National Institute of Technology Patna,"Mechanical Engineering (4 Years, Bachelor of Technology)",HS,OBC- NCL,Gender-Neutral,48608,50571
National Institute of Technology Patna,"Mechanical Engineering (4 Years, Bachelor of Technology)",OS,OPEN,Gender-Neutral,42909,46025
National Institute of Technology Patna,"Mechanical Engineering (4 Years, Bachelor of Technology)",OS,OPEN,Female-only (including Supernumerary),69833,69833
National Institute of Technology Patna,"Mechanical Engineering (4 Years, Bachelor of Technology)",OS,EWS,Gender-Neutral,50671,51038
National Institute of Technology Patna,"Mechanical Engineering (4 Years, Bachelor of Technology)",OS,EWS,Female-only (including Supernumerary),94481,94481
National Institute of Technology Patna,"Mechanical Engineering (4 Years, Bachelor of Technology)",OS,OBC- NCL,Gender-Neutral,50463,52924
National Institute of Technology Patna,"Mechanical Engineering (4 Years, Bachelor of Technology)",OS,OBC- NCL,Female-only (including Supernumerary),86509,86509
National Institute of Technology Patna,"Mechanical Engineering with Specialization in Manufacturing and Industrial Engineering (5 Years, Bachelor and Master of Technology (Dual Degree))",OS,OPEN,Gender-Neutral,52063,54983
National Institute of Technology Patna,"Mechanical Engineering with Specialization in Manufacturing and Industrial Engineering (5 Years, Bachelor and Master of Technology (Dual Degree))",OS,OPEN,Female-only (including Supernumerary),83812,83812
National Institute of Technology Patna,"Mechanical Engineering with Specialization in Manufacturing and Industrial Engineering (5 Years, Bachelor and Master of Technology (Dual Degree))",OS,EWS,Gender-Neutral,55454,55454
National Institute of Technology Patna,"Mechanical Engineering with Specialization in Manufacturing and Industrial Engineering (5 Years, Bachelor and Master of Technology (Dual Degree))",OS,OBC- NCL,Gender-Neutral,57499,58372
National Institute of Technology Patna,"Mechanical Engineering with Specialization in Manufacturing and Industrial Engineering (5 Years, Bachelor and Master of Technology (Dual Degree))",OS,OBC- NCL,Female-only (including Supernumerary),139864,139864
National Institute of Technology Patna,"Mechatronics and Automation Engineering (4 Years, Bachelor of Technology)",HS,OPEN,Gender-Neutral,35951,35951
National Institute of Technology Patna,"Mechatronics and Automation Engineering (4 Years, Bachelor of Technology)",HS,EWS,Gender-Neutral,41578,41578
National Institute of Technology Patna,"Mechatronics and Automation Engineering (4 Years, Bachelor of Technology)",HS,SC,Female-only (including Supernumerary),328441,328441
National Institute of Technology Patna,"Mechatronics and Automation Engineering (4 Years, Bachelor of Technology)",OS,OPEN,Female-only (including Supernumerary),56582,56582
National Institute of Technology Patna,"Mechatronics and Automation Engineering (4 Years, Bachelor of Technology)",OS,OBC- NCL,Gender-Neutral,42623,42623
National Institute of Technology Puducherry,"Civil Engineering (4 Years, Bachelor of Technology)",AI,EWS,Gender-Neutral,76907,79681
National Institute of Technology Puducherry,"Civil Engineering (4 Years, Bachelor of Technology)",HS,OPEN,Gender-Neutral,301084,337695
National Institute of Technology Puducherry,"Civil Engineering (4 Years, Bachelor of Technology)",HS,OPEN,Female-only (including Supernumerary),219544,229006
National Institute of Technology Puducherry,"Civil Engineering (4 Years, Bachelor of Technology)",HS,OBC- NCL,Gender-Neutral,409440,424690
National Institute of Technology Puducherry,"Civil Engineering (4 Years, Bachelor of Technology)",OS,OPEN,Gender-Neutral,68388,69557
National Institute of Technology Puducherry,"Civil Engineering (4 Years, Bachelor of Technology)",OS,EWS,Gender-Neutral,81972,85818
National Institute of Technology Puducherry,"Civil Engineering (4 Years, Bachelor of Technology)",OS,OBC- NCL,Gender-Neutral,78787,83959
National Institute of Technology Puducherry,"Civil Engineering (4 Years, Bachelor of Technology)",OS,SC,Gender-Neutral,191960,191960
National Institute of Technology Puducherry,"Computer Science and Engineering (4 Years, Bachelor of Technology)",HS,OPEN,Gender-Neutral,67389,68783
National Institute of Technology Puducherry,"Computer Science and Engineering (4 Years, Bachelor of Technology)",HS,OBC- NCL,Gender-Neutral,99053,120407
National Institute of Technology Puducherry,"Computer Science and Engineering (4 Years, Bachelor of Technology)",OS,OPEN,Gender-Neutral,22336,22336
National Institute of Technology Puducherry,"Electrical and Electronics Engineering (4 Years, Bachelor of Technology)",AI,EWS,Gender-Neutral,49378,49378
National Institute of Technology Puducherry,"Electrical and Electronics Engineering (4 Years, Bachelor of Technology)",HS,OPEN,Gender-Neutral,155400,159882
National Institute of Technology Puducherry,"Electrical and Electronics Engineering (4 Years, Bachelor of Technology)",HS,OBC- NCL,Gender-Neutral,199621,204611
National Institute of Technology Puducherry,"Electrical and Electronics Engineering (4 Years, Bachelor of Technology)",OS,EWS,Gender-Neutral,50346,50346
National Institute of Technology Puducherry,"Electrical and Electronics Engineering (4 Years, Bachelor of Technology)",OS,SC,Gender-Neutral,149669,149669
National Institute of Technology Puducherry,"Electronics and Communication Engineering (4 Years, Bachelor of Technology)",AI,EWS,Gender-Neutral,35075,35075
National Institute of Technology Puducherry,"Electronics and Communication Engineering (4 Years, Bachelor of Technology)",HS,OPEN,Gender-Neutral,90215,90215
National Institute of Technology Puducherry,"Electronics and Communication Engineering (4 Years, Bachelor of Technology)",HS,OBC- NCL,Gender-Neutral,130312,150270
National Institute of Technology Puducherry,"Electronics and Communication Engineering (4 Years, Bachelor of Technology)",OS,OPEN,Gender-Neutral,34571,34663
National Institute of Technology Puducherry,"Electronics and Communication Engineering (4 Years, Bachelor of Technology)",OS,EWS,Gender-Neutral,36940,36940
National Institute of Technology Puducherry,"Electronics and Communication Engineering (4 Years, Bachelor of Technology)",OS,OBC- NCL,Gender-Neutral,39856,39856
National Institute of Technology Puducherry,"Mechanical Engineering (4 Years, Bachelor of Technology)",AI,EWS,Gender-Neutral,57868,57868
National Institute of Technology Puducherry,"Mechanical Engineering (4 Years, Bachelor of Technology)",HS,OPEN,Gender-Neutral,218591,225222
National Institute of Technology Puducherry,"Mechanical Engineering (4 Years, Bachelor of Technology)",HS,OBC- NCL,Gender-Neutral,272543,278816
National Institute of Technology Puducherry,"Mechanical Engineering (4 Years, Bachelor of Technology)",HS,OBC- NCL,Female-only (including Supernumerary),244668,244668
National Institute of Technology Puducherry,"Mechanical Engineering (4 Years, Bachelor of Technology)",OS,OPEN,Gender-Neutral,48333,52559
National Institute of Technology Puducherry,"Mechanical Engineering (4 Years, Bachelor of Technology)",OS,OPEN,Female-only (including Supernumerary),88357,88357
National Institute of Technology Puducherry,"Mechanical Engineering (4 Years, Bachelor of Technology)",OS,EWS,Gender-Neutral,58847,61792
National Institute of Technology Puducherry,"Mechanical Engineering (4 Years, Bachelor of Technology)",OS,OBC- NCL,Gender-Neutral,54927,60866
National Institute of Technology Puducherry,"Mechanical Engineering (4 Years, Bachelor of Technology)",OS,OBC- NCL,Female-only (including Supernumerary),110742,110742
National Institute of Technology Raipur,"Architecture (5 Years, Bachelor of Architecture)",AI,OBC- NCL,Gender-Neutral,3997,3997
National Institute of Technology Raipur,"Architecture (5 Years, Bachelor of Architecture)",OS,EWS,Gender-Neutral,13635,13635
National Institute of Technology Raipur,"Architecture (5 Years, Bachelor of Architecture)",OS,OBC- NCL,Gender-Neutral,5108,5209
National Institute of Technology Raipur,"Architecture (5 Years, Bachelor of Architecture)",OS,OBC- NCL,Female-only (including Supernumerary),4457,4457
National Institute of Technology Raipur,"Bio Medical Engineering (4 Years, Bachelor of Technology)",HS,OPEN,Female-only (including Supernumerary),160007,160007
National Institute of Technology Raipur,"Bio Medical Engineering (4 Years, Bachelor of Technology)",HS,EWS,Gender-Neutral,217660,217660
National Institute of Technology Raipur,"Bio Medical Engineering (4 Years, Bachelor of Technology)",HS,OBC- NCL,Gender-Neutral,189162,204309
National Institute of Technology Raipur,"Bio Medical Engineering (4 Years, Bachelor of Technology)",HS,SC,Gender-Neutral,433813,441471
National Institute of Technology Raipur,"Bio Medical Engineering (4 Years, Bachelor of Technology)",OS,OPEN,Gender-Neutral,78511,78915
National Institute of Technology Raipur,"Bio Medical Engineering (4 Years, Bachelor of Technology)",OS,EWS,Gender-Neutral,81341,89171
National Institute of Technology Raipur,"Bio Medical Engineering (4 Years, Bachelor of Technology)",OS,EWS,Female-only (including Supernumerary),110487,110487
National Institute of Technology Raipur,"Bio Medical Engineering (4 Years, Bachelor of Technology)",OS,OBC- NCL,Gender-Neutral,85919,100497
National Institute of Technology Raipur,"Bio Medical Engineering (4 Years, Bachelor of Technology)",OS,SC,Gender-Neutral,224902,226397
National Institute of Technology Raipur,"Bio Medical Engineering (4 Years, Bachelor of Technology)",OS,ST,Gender-Neutral,323288,323288
National Institute of Technology Raipur,"Bio Technology (4 Years, Bachelor of Technology)",HS,OPEN,Gender-Neutral,146278,148039
National Institute of Technology Raipur,"Bio Technology (4 Years, Bachelor of Technology)",HS,EWS,Gender-Neutral,192646,192646
National Institute of Technology Raipur,"Bio Technology (4 Years, Bachelor of Technology)",HS,OBC- NCL,Gender-Neutral,187501,188570
National Institute of Technology Raipur,"Bio Technology (4 Years, Bachelor of Technology)",HS,SC,Gender-Neutral,405470,420397
National Institute of Technology Raipur,"Bio Technology (4 Years, Bachelor of Technology)",OS,OPEN,Gender-Neutral,69348,76682
National Institute of Technology Raipur,"Bio Technology (4 Years, Bachelor of Technology)",OS,OPEN,Female-only (including Supernumerary),107977,107977
National Institute of Technology Raipur,"Bio Technology (4 Years, Bachelor of Technology)",OS,EWS,Gender-Neutral,80055,85132
National Institute of Technology Raipur,"Bio Technology (4 Years, Bachelor of Technology)",OS,OBC- NCL,Gender-Neutral,84514,92394
National Institute of Technology Raipur,"Bio Technology (4 Years, Bachelor of Technology)",OS,OBC- NCL,Female-only (including Supernumerary),115653,130691
National Institute of Technology Raipur,"Bio Technology (4 Years, Bachelor of Technology)",OS,SC,Gender-Neutral,224979,226706
National Institute of Technology Raipur,"Chemical Engineering (4 Years, Bachelor of Technology)",OS,OPEN,Gender-Neutral,48246,49453
National Institute of Technology Raipur,"Chemical Engineering (4 Years, Bachelor of Technology)",OS,EWS,Gender-Neutral,52978,53039
National Institute of Technology Raipur,"Chemical Engineering (4 Years, Bachelor of Technology)",OS,OBC- NCL,Gender-Neutral,55992,58135
National Institute of Technology Raipur,"Chemical Engineering (4 Years, Bachelor of Technology)",OS,SC,Gender-Neutral,169959,169959
National Institute of Technology Raipur,"Civil Engineering (4 Years, Bachelor of Technology)",HS,SC,Gender-Neutral,288433,288433
National Institute of Technology Raipur,"Civil Engineering (4 Years, Bachelor of Technology)",OS,OPEN,Gender-Neutral,58556,62266
National Institute of Technology Raipur,"Civil Engineering (4 Years, Bachelor of Technology)",OS,OPEN,Female-only (including Supernumerary),90479,98068
National Institute of Technology Raipur,"Civil Engineering (4 Years, Bachelor of Technology)",OS,EWS,Gender-Neutral,65832,69532
National Institute of Technology Raipur,"Civil Engineering (4 Years, Bachelor of Technology)",OS,EWS,Female-only (including Supernumerary),107725,107725
National Institute of Technology Raipur,"Civil Engineering (4 Years, Bachelor of Technology)",OS,OBC- NCL,Gender-Neutral,62734,66347
National Institute of Technology Raipur,"Civil Engineering (4 Years, Bachelor of Technology)",OS,OBC- NCL,Female-only (including Supernumerary),105553,113649
National Institute of Technology Raipur,"Civil Engineering (4 Years, Bachelor of Technology)",OS,SC,Gender-Neutral,187295,187295
National Institute of Technology Raipur,"Computer Science and Engineering (4 Years, Bachelor of Technology)",OS,EWS,Gender-Neutral,19015,19015
National Institute of Technology Raipur,"Computer Science and Engineering (4 Years, Bachelor of Technology)",OS,OBC- NCL,Gender-Neutral,22649,22649
National Institute of Technology Raipur,"Electrical Engineering (4 Years, Bachelor of Technology)",HS,OPEN,Female-only (including Supernumerary),75273,75273
National Institute of Technology Raipur,"Electrical Engineering (4 Years, Bachelor of Technology)",HS,OBC- NCL,Female-only (including Supernumerary),86329,86329
National Institute of Technology Raipur,"Electrical Engineering (4 Years, Bachelor of Technology)",OS,OPEN,Gender-Neutral,31633,32439
National Institute of Technology Raipur,"Electrical Engineering (4 Years, Bachelor of Technology)",OS,OPEN,Female-only (including Supernumerary),46133,46133
National Institute of Technology Raipur,"Electrical Engineering (4 Years, Bachelor of Technology)",OS,EWS,Gender-Neutral,36081,36081
National Institute of Technology Raipur,"Electrical Engineering (4 Years, Bachelor of Technology)",OS,OBC- NCL,Gender-Neutral,38748,38748
National Institute of Technology Raipur,"Electrical Engineering (4 Years, Bachelor of Technology)",OS,OBC- NCL,Female-only (including Supernumerary),67718,67718
National Institute of Technology Raipur,"Electrical Engineering (4 Years, Bachelor of Technology)",OS,SC,Gender-Neutral,136973,138062
National Institute of Technology Raipur,"Electronics and Communication Engineering (4 Years, Bachelor of Technology)",HS,OPEN,Female-only (including Supernumerary),62086,62086
National Institute of Technology Raipur,"Electronics and Communication Engineering (4 Years, Bachelor of Technology)",OS,OPEN,Gender-Neutral,25727,25727
National Institute of Technology Raipur,"Electronics and Communication Engineering (4 Years, Bachelor of Technology)",OS,OPEN,Female-only (including Supernumerary),40359,40359
National Institute of Technology Raipur,"Electronics and Communication Engineering (4 Years, Bachelor of Technology)",OS,EWS,Gender-Neutral,28467,28467
National Institute of Technology Raipur,"Electronics and Communication Engineering (4 Years, Bachelor of Technology)",OS,EWS,Female-only (including Supernumerary),45510,45510
National Institute of Technology Raipur,"Electronics and Communication Engineering (4 Years, Bachelor of Technology)",OS,OBC- NCL,Gender-Neutral,29784,29784
National Institute of Technology Raipur,"Electronics and Communication Engineering (4 Years, Bachelor of Technology)",OS,OBC- NCL,Female-only (including Supernumerary),50684,51267
National Institute of Technology Raipur,"Electronics and Communication Engineering (4 Years, Bachelor of Technology)",OS,SC,Gender-Neutral,108372,108372
National Institute of Technology Raipur,"Information Technology (4 Years, Bachelor of Technology)",OS,OPEN,Gender-Neutral,21066,21492
National Institute of Technology Raipur,"Information Technology (4 Years, Bachelor of Technology)",OS,EWS,Gender-Neutral,23277,23277
National Institute of Technology Raipur,"Information Technology (4 Years, Bachelor of Technology)",OS,OBC- NCL,Gender-Neutral,26033,26404
National Institute of Technology Raipur,"Information Technology (4 Years, Bachelor of Technology)",OS,OBC- NCL,Female-only (including Supernumerary),47822,47822
National Institute of Technology Raipur,"Mechanical Engineering (4 Years, Bachelor of Technology)",HS,OPEN,Female-only (including Supernumerary),107572,107572
National Institute of Technology Raipur,"Mechanical Engineering (4 Years, Bachelor of Technology)",HS,OBC- NCL,Gender-Neutral,88261,88261
National Institute of Technology Raipur,"Mechanical Engineering (4 Years, Bachelor of Technology)",OS,OPEN,Gender-Neutral,42881,44332
National Institute of Technology Raipur,"Mechanical Engineering (4 Years, Bachelor of Technology)",OS,OPEN,Female-only (including Supernumerary),65570,73778
National Institute of Technology Raipur,"Mechanical Engineering (4 Years, Bachelor of Technology)",OS,EWS,Gender-Neutral,46102,50301
National Institute of Technology Raipur,"Mechanical Engineering (4 Years, Bachelor of Technology)",OS,EWS,Female-only (including Supernumerary),77938,77938
National Institute of Technology Raipur,"Mechanical Engineering (4 Years, Bachelor of Technology)",OS,OBC- NCL,Gender-Neutral,50826,52164
National Institute of Technology Raipur,"Mechanical Engineering (4 Years, Bachelor of Technology)",OS,OBC- NCL,Female-only (including Supernumerary),79151,81272
National Institute of Technology Raipur,"Mechanical Engineering (4 Years, Bachelor of Technology)",OS,SC,Gender-Neutral,158398,160888
National Institute of Technology Raipur,"Mechanical Engineering (4 Years, Bachelor of Technology)",OS,SC,Female-only (including Supernumerary),210812,210812
National Institute of Technology Raipur,"Metallurgical and Materials Engineering (4 Years, Bachelor of Technology)",HS,OBC- NCL,Gender-Neutral,115082,115082
National Institute of Technology Raipur,"Metallurgical and Materials Engineering (4 Years, Bachelor of Technology)",HS,SC,Gender-Neutral,332401,371363
National Institute of Technology Raipur,"Metallurgical and Materials Engineering (4 Years, Bachelor of Technology)",OS,OPEN,Gender-Neutral,61466,65022
National Institute of Technology Raipur,"Metallurgical and Materials Engineering (4 Years, Bachelor of Technology)",OS,OPEN,Female-only (including Supernumerary),95257,103435
National Institute of Technology Raipur,"Metallurgical and Materials Engineering (4 Years, Bachelor of Technology)",OS,EWS,Gender-Neutral,67412,71294
National Institute of Technology Raipur,"Metallurgical and Materials Engineering (4 Years, Bachelor of Technology)",OS,EWS,Female-only (including Supernumerary),121091,121091
National Institute of Technology Raipur,"Metallurgical and Materials Engineering (4 Years, Bachelor of Technology)",OS,OBC- NCL,Gender-Neutral,70463,74576
National Institute of Technology Raipur,"Metallurgical and Materials Engineering (4 Years, Bachelor of Technology)",OS,OBC- NCL,Female-only (including Supernumerary),126376,136212
National Institute of Technology Raipur,"Mining Engineering (4 Years, Bachelor of Technology)",HS,OPEN,Gender-Neutral,108275,109141
National Institute of Technology Raipur,"Mining Engineering (4 Years, Bachelor of Technology)",HS,OBC- NCL,Gender-Neutral,130065,136656
National Institute of Technology Raipur,"Mining Engineering (4 Years, Bachelor of Technology)",OS,OPEN,Gender-Neutral,69901,75766
National Institute of Technology Raipur,"Mining Engineering (4 Years, Bachelor of Technology)",OS,OPEN,Female-only (including Supernumerary),104715,112630
National Institute of Technology Raipur,"Mining Engineering (4 Years, Bachelor of Technology)",OS,EWS,Gender-Neutral,77531,79776
National Institute of Technology Raipur,"Mining Engineering (4 Years, Bachelor of Technology)",OS,EWS,Female-only (including Supernumerary),132148,132148
National Institute of Technology Raipur,"Mining Engineering (4 Years, Bachelor of Technology)",OS,OBC- NCL,Gender-Neutral,77089,86364
National Institute of Technology Raipur,"Mining Engineering (4 Years, Bachelor of Technology)",OS,OBC- NCL,Female-only (including Supernumerary),140349,141813
National Institute of Technology Raipur,"Mining Engineering (4 Years, Bachelor of Technology)",OS,SC,Gender-Neutral,203811,203811
National Institute of Technology Sikkim,"Artificial Intelligence and Machine Learning (4 Years, Bachelor of Technology)",OS,OPEN,Gender-Neutral,41892,42422
National Institute of Technology Sikkim,"Artificial Intelligence and Machine Learning (4 Years, Bachelor of Technology)",OS,OBC- NCL,Gender-Neutral,44557,49967
National Institute of Technology Sikkim,"Civil Engineering (4 Years, Bachelor of Technology)",AI,OBC- NCL,Gender-Neutral,85760,88502
National Institute of Technology Sikkim,"Civil Engineering (4 Years, Bachelor of Technology)",AI,OBC- NCL,Female-only (including Supernumerary),150976,150976
National Institute of Technology Sikkim,"Civil Engineering (4 Years, Bachelor of Technology)",AI,SC,Gender-Neutral,203540,203540
National Institute of Technology Sikkim,"Civil Engineering (4 Years, Bachelor of Technology)",OS,OPEN,Gender-Neutral,81729,84897
National Institute of Technology Sikkim,"Civil Engineering (4 Years, Bachelor of Technology)",OS,OPEN,Female-only (including Supernumerary),148739,148739
National Institute of Technology Sikkim,"Civil Engineering (4 Years, Bachelor of Technology)",OS,OBC- NCL,Gender-Neutral,88507,90926
National Institute of Technology Sikkim,"Civil Engineering (4 Years, Bachelor of Technology)",OS,OBC- NCL,Female-only (including Supernumerary),158977,158977
National Institute of Technology Sikkim,"Civil Engineering (4 Years, Bachelor of Technology)",OS,SC,Gender-Neutral,215641,217849
National Institute of Technology Sikkim,"Computer Science and Engineering (4 Years, Bachelor of Technology)",OS,OPEN,Gender-Neutral,31754,31754
National Institute of Technology Sikkim,"Computer Science and Engineering (4 Years, Bachelor of Technology)",OS,OBC- NCL,Gender-Neutral,37515,41523
National Institute of Technology Sikkim,"Electrical and Electronics Engineering (4 Years, Bachelor of Technology)",AI,OBC- NCL,Gender-Neutral,62569,62569
National Institute of Technology Sikkim,"Electrical and Electronics Engineering (4 Years, Bachelor of Technology)",OS,OPEN,Gender-Neutral,54258,56813
National Institute of Technology Sikkim,"Electrical and Electronics Engineering (4 Years, Bachelor of Technology)",OS,OBC- NCL,Gender-Neutral,64319,65184
National Institute of Technology Sikkim,"Electrical and Electronics Engineering (4 Years, Bachelor of Technology)",OS,OBC- NCL,Female-only (including Supernumerary),110065,110065
National Institute of Technology Sikkim,"Electrical and Electronics Engineering (4 Years, Bachelor of Technology)",OS,SC,Female-only (including Supernumerary),243688,243688
National Institute of Technology Sikkim,"Electrical and Electronics Engineering (4 Years, Bachelor of Technology)",OS,ST,Gender-Neutral,245561,245561
National Institute of Technology Sikkim,"Electronics and Communication Engineering (4 Years, Bachelor of Technology)",OS,OPEN,Gender-Neutral,49155,49155
National Institute of Technology Sikkim,"Electronics and Communication Engineering (4 Years, Bachelor of Technology)",OS,OBC- NCL,Gender-Neutral,52586,52586
National Institute of Technology Sikkim,"Electronics and Communication Engineering (4 Years, Bachelor of Technology)",OS,OBC- NCL,Female-only (including Supernumerary),93631,93631
National Institute of Technology Sikkim,"Mechanical Engineering (4 Years, Bachelor of Technology)",AI,OBC- NCL,Gender-Neutral,65317,69351
National Institute of Technology Sikkim,"Mechanical Engineering (4 Years, Bachelor of Technology)",AI,OBC- NCL,Female-only (including Supernumerary),128118,128118
National Institute of Technology Sikkim,"Mechanical Engineering (4 Years, Bachelor of Technology)",OS,OPEN,Gender-Neutral,60565,64686
National Institute of Technology Sikkim,"Mechanical Engineering (4 Years, Bachelor of Technology)",OS,OPEN,Female-only (including Supernumerary),113163,117323
National Institute of Technology Sikkim,"Mechanical Engineering (4 Years, Bachelor of Technology)",OS,OBC- NCL,Gender-Neutral,71795,73146
National Institute of Technology Sikkim,"Mechanical Engineering (4 Years, Bachelor of Technology)",OS,OBC- NCL,Female-only (including Supernumerary),142957,142957
National Institute of Technology Arunachal Pradesh,"Biosciences and Bioengineering (4 Years, Bachelor of Technology)",AI,OBC- NCL,Gender-Neutral,119919,119919
National Institute of Technology Arunachal Pradesh,"Biosciences and Bioengineering (4 Years, Bachelor of Technology)",AI,SC,Gender-Neutral,233850,233850
National Institute of Technology Arunachal Pradesh,"Biosciences and Bioengineering (4 Years, Bachelor of Technology)",AI,ST,Gender-Neutral,460553,483091
National Institute of Technology Arunachal Pradesh,"Biosciences and Bioengineering (4 Years, Bachelor of Technology)",AI,ST,Female-only (including Supernumerary),741779,741779
National Institute of Technology Arunachal Pradesh,"Biosciences and Bioengineering (4 Years, Bachelor of Technology)",OS,OPEN,Gender-Neutral,100308,109600
National Institute of Technology Arunachal Pradesh,"Biosciences and Bioengineering (4 Years, Bachelor of Technology)",OS,OPEN,Female-only (including Supernumerary),189657,189899
National Institute of Technology Arunachal Pradesh,"Biosciences and Bioengineering (4 Years, Bachelor of Technology)",OS,EWS,Gender-Neutral,113486,113486
National Institute of Technology Arunachal Pradesh,"Biosciences and Bioengineering (4 Years, Bachelor of Technology)",OS,OBC- NCL,Gender-Neutral,120439,124447
National Institute of Technology Arunachal Pradesh,"Biosciences and Bioengineering (4 Years, Bachelor of Technology)",OS,OBC- NCL,Female-only (including Supernumerary),190710,190710
National Institute of Technology Arunachal Pradesh,"Biosciences and Bioengineering (4 Years, Bachelor of Technology)",OS,SC,Gender-Neutral,251932,251932
National Institute of Technology Arunachal Pradesh,"Biosciences and Bioengineering (4 Years, Bachelor of Technology)",OS,ST,Gender-Neutral,483828,483828
National Institute of Technology Arunachal Pradesh,"Civil Engineering (4 Years, Bachelor of Technology)",OS,OPEN,Gender-Neutral,96036,103182
National Institute of Technology Arunachal Pradesh,"Civil Engineering (4 Years, Bachelor of Technology)",OS,OPEN,Female-only (including Supernumerary),155902,177861
National Institute of Technology Arunachal Pradesh,"Civil Engineering (4 Years, Bachelor of Technology)",OS,EWS,Gender-Neutral,108205,111262
National Institute of Technology Arunachal Pradesh,"Civil Engineering (4 Years, Bachelor of Technology)",OS,OBC- NCL,Gender-Neutral,104844,106250
National Institute of Technology Arunachal Pradesh,"Civil Engineering (4 Years, Bachelor of Technology)",OS,OBC- NCL,Female-only (including Supernumerary),181143,181251
National Institute of Technology Arunachal Pradesh,"Civil Engineering (4 Years, Bachelor of Technology)",OS,SC,Gender-Neutral,227272,237772
National Institute of Technology Arunachal Pradesh,"Computer Science and Engineering (4 Years, Bachelor of Technology)",OS,OPEN,Female-only (including Supernumerary),78335,78335
National Institute of Technology Arunachal Pradesh,"Computer Science and Engineering (4 Years, Bachelor of Technology)",OS,EWS,Gender-Neutral,54807,54807
National Institute of Technology Arunachal Pradesh,"Computer Science and Engineering (4 Years, Bachelor of Technology)",OS,OBC- NCL,Female-only (including Supernumerary),85282,85282
National Institute of Technology Arunachal Pradesh,"Computer Science and Engineering (4 Years, Bachelor of Technology)",OS,SC,Gender-Neutral,155978,155978
National Institute of Technology Arunachal Pradesh,"Electrical Engineering (4 Years, Bachelor of Technology)",AI,ST,Gender-Neutral,383832,383832
National Institute of Technology Arunachal Pradesh,"Electrical Engineering (4 Years, Bachelor of Technology)",AI,ST,Female-only (including Supernumerary),444277,444277
National Institute of Technology Arunachal Pradesh,"Electrical Engineering (4 Years, Bachelor of Technology)",OS,OPEN,Gender-Neutral,71656,71656
National Institute of Technology Arunachal Pradesh,"Electrical Engineering (4 Years, Bachelor of Technology)",OS,OPEN,Female-only (including Supernumerary),96084,96084
National Institute of Technology Arunachal Pradesh,"Electrical Engineering (4 Years, Bachelor of Technology)",OS,EWS,Gender-Neutral,75591,80224
National Institute of Technology Arunachal Pradesh,"Electrical Engineering (4 Years, Bachelor of Technology)",OS,OBC- NCL,Gender-Neutral,73758,80048
National Institute of Technology Arunachal Pradesh,"Electrical Engineering (4 Years, Bachelor of Technology)",OS,ST,Gender-Neutral,405234,405234
National Institute of Technology Arunachal Pradesh,"Electronics and Communication Engineering (4 Years, Bachelor of Technology)",AI,ST,Gender-Neutral,349213,349643
National Institute of Technology Arunachal Pradesh,"Electronics and Communication Engineering (4 Years, Bachelor of Technology)",AI,ST,Female-only (including Supernumerary),404165,553460
National Institute of Technology Arunachal Pradesh,"Electronics and Communication Engineering (4 Years, Bachelor of Technology)",OS,OPEN,Gender-Neutral,59979,61285
National Institute of Technology Arunachal Pradesh,"Electronics and Communication Engineering (4 Years, Bachelor of Technology)",OS,OPEN,Female-only (including Supernumerary),86049,86049
National Institute of Technology Arunachal Pradesh,"Electronics and Communication Engineering (4 Years, Bachelor of Technology)",OS,EWS,Gender-Neutral,62609,65206
National Institute of Technology Arunachal Pradesh,"Electronics and Communication Engineering (4 Years, Bachelor of Technology)",OS,OBC- NCL,Gender-Neutral,62185,62453
National Institute of Technology Arunachal Pradesh,"Electronics and Communication Engineering (4 Years, Bachelor of Technology)",OS,OBC- NCL,Female-only (including Supernumerary),134403,134403
National Institute of Technology Arunachal Pradesh,"Electronics and Communication Engineering (4 Years, Bachelor of Technology)",OS,ST,Gender-Neutral,351699,364031
National Institute of Technology Arunachal Pradesh,"Mechanical Engineering (4 Years, Bachelor of Technology)",AI,ST,Gender-Neutral,402536,412452
National Institute of Technology Arunachal Pradesh,"Mechanical Engineering (4 Years, Bachelor of Technology)",AI,ST,Female-only (including Supernumerary),608490,739237
National Institute of Technology Arunachal Pradesh,"Mechanical Engineering (4 Years, Bachelor of Technology)",OS,OPEN,Gender-Neutral,77187,86699
National Institute of Technology Arunachal Pradesh,"Mechanical Engineering (4 Years, Bachelor of Technology)",OS,OPEN,Female-only (including Supernumerary),148594,148716
National Institute of Technology Arunachal Pradesh,"Mechanical Engineering (4 Years, Bachelor of Technology)",OS,EWS,Gender-Neutral,95727,95727
National Institute of Technology Arunachal Pradesh,"Mechanical Engineering (4 Years, Bachelor of Technology)",OS,OBC- NCL,Gender-Neutral,90703,93910
National Institute of Technology Arunachal Pradesh,"Mechanical Engineering (4 Years, Bachelor of Technology)",OS,OBC- NCL,Female-only (including Supernumerary),179209,179209
National Institute of Technology Arunachal Pradesh,"Mechanical Engineering (4 Years, Bachelor of Technology)",OS,SC,Female-only (including Supernumerary),285901,285901
National Institute of Technology Arunachal Pradesh,"Mechanical Engineering (4 Years, Bachelor of Technology)",OS,ST,Gender-Neutral,412955,413689
"National Institute of Technology, Jamshedpur","Civil Engineering (4 Years, Bachelor of Technology)",OS,OPEN,Gender-Neutral,45599,45599
"National Institute of Technology, Jamshedpur","Civil Engineering (4 Years, Bachelor of Technology)",OS,EWS,Gender-Neutral,52655,52916
"National Institute of Technology, Jamshedpur","Civil Engineering (4 Years, Bachelor of Technology)",OS,OBC- NCL,Gender-Neutral,51767,51767
"National Institute of Technology, Jamshedpur","Computer Science and Engineering (4 Years, Bachelor of Technology)",OS,OPEN,Female-only (including Supernumerary),21192,21192
"National Institute of Technology, Jamshedpur","Electrical Engineering (4 Years, Bachelor of Technology)",HS,OPEN,Gender-Neutral,22721,22721
"National Institute of Technology, Jamshedpur","Electrical Engineering (4 Years, Bachelor of Technology)",HS,OBC- NCL,Gender-Neutral,24796,24796
"National Institute of Technology, Jamshedpur","Electrical Engineering (4 Years, Bachelor of Technology)",OS,OPEN,Gender-Neutral,21757,22129
"National Institute of Technology, Jamshedpur","Electrical Engineering (4 Years, Bachelor of Technology)",OS,EWS,Gender-Neutral,23213,23213
"National Institute of Technology, Jamshedpur","Electrical Engineering (4 Years, Bachelor of Technology)",OS,OBC- NCL,Female-only (including Supernumerary),55591,55591
"National Institute of Technology, Jamshedpur","Electronics and Communication Engineering (4 Years, Bachelor of Technology)",HS,OPEN,Gender-Neutral,18343,18343
"National Institute of Technology, Jamshedpur","Electronics and Communication Engineering (4 Years, Bachelor of Technology)",HS,EWS,Gender-Neutral,22843,22843
"National Institute of Technology, Jamshedpur","Electronics and Communication Engineering (4 Years, Bachelor of Technology)",OS,OPEN,Gender-Neutral,15292,15292
"National Institute of Technology, Jamshedpur","Electronics and Communication Engineering (4 Years, Bachelor of Technology)",OS,OPEN,Female-only (including Supernumerary),28273,28273
"National Institute of Technology, Jamshedpur","Electronics and Communication Engineering (4 Years, Bachelor of Technology)",OS,EWS,Gender-Neutral,17374,17374
"National Institute of Technology, Jamshedpur","Electronics and Communication Engineering (4 Years, Bachelor of Technology)",OS,EWS,Female-only (including Supernumerary),35532,35532
"National Institute of Technology, Jamshedpur","Electronics and Communication Engineering (4 Years, Bachelor of Technology)",OS,OBC- NCL,Gender-Neutral,20632,21474
"National Institute of Technology, Jamshedpur","Engineering and Computational Mechanics (4 Years, Bachelor of Technology)",HS,OPEN,Female-only (including Supernumerary),61254,61254
"National Institute of Technology, Jamshedpur","Engineering and Computational Mechanics (4 Years, Bachelor of Technology)",OS,OPEN,Gender-Neutral,24397,26960
"National Institute of Technology, Jamshedpur","Engineering and Computational Mechanics (4 Years, Bachelor of Technology)",OS,OBC- NCL,Gender-Neutral,32425,32425
"National Institute of Technology, Jamshedpur","Mechanical Engineering (4 Years, Bachelor of Technology)",HS,OBC- NCL,Gender-Neutral,44821,44821
"National Institute of Technology, Jamshedpur","Mechanical Engineering (4 Years, Bachelor of Technology)",OS,OPEN,Gender-Neutral,31851,32438
"National Institute of Technology, Jamshedpur","Mechanical Engineering (4 Years, Bachelor of Technology)",OS,EWS,Gender-Neutral,38924,39438
"National Institute of Technology, Jamshedpur","Mechanical Engineering (4 Years, Bachelor of Technology)",OS,OBC- NCL,Gender-Neutral,35233,39205
"National Institute of Technology, Jamshedpur","Mechanical Engineering (4 Years, Bachelor of Technology)",OS,OBC- NCL,Female-only (including Supernumerary),65759,65759
"National Institute of Technology, Jamshedpur","Mechanical Engineering (4 Years, Bachelor of Technology)",OS,SC,Gender-Neutral,134567,135932
"National Institute of Technology, Jamshedpur","Metallurgical and Materials Engineering (4 Years, Bachelor of Technology)",HS,EWS,Gender-Neutral,70911,70911
"National Institute of Technology, Jamshedpur","Metallurgical and Materials Engineering (4 Years, Bachelor of Technology)",HS,OBC- NCL,Gender-Neutral,61774,63211
"National Institute of Technology, Jamshedpur","Metallurgical and Materials Engineering (4 Years, Bachelor of Technology)",OS,OPEN,Gender-Neutral,52502,52504
"National Institute of Technology, Jamshedpur","Metallurgical and Materials Engineering (4 Years, Bachelor of Technology)",OS,OPEN,Female-only (including Supernumerary),71249,71249
"National Institute of Technology, Jamshedpur","Metallurgical and Materials Engineering (4 Years, Bachelor of Technology)",OS,EWS,Gender-Neutral,55324,55324
"National Institute of Technology, Jamshedpur","Metallurgical and Materials Engineering (4 Years, Bachelor of Technology)",OS,OBC- NCL,Gender-Neutral,58443,60134
"National Institute of Technology, Jamshedpur","Metallurgical and Materials Engineering (4 Years, Bachelor of Technology)",OS,OBC- NCL,Female-only (including Supernumerary),101955,101955
"National Institute of Technology, Jamshedpur","Metallurgical and Materials Engineering (4 Years, Bachelor of Technology)",OS,SC,Gender-Neutral,178223,178223
"National Institute of Technology, Jamshedpur","Production and Industrial Engineering (4 Years, Bachelor of Technology)",HS,OPEN,Female-only (including Supernumerary),81009,81009
"National Institute of Technology, Jamshedpur","Production and Industrial Engineering (4 Years, Bachelor of Technology)",HS,EWS,Gender-Neutral,86296,86296
"National Institute of Technology, Jamshedpur","Production and Industrial Engineering (4 Years, Bachelor of Technology)",HS,OBC- NCL,Gender-Neutral,64335,68691
"National Institute of Technology, Jamshedpur","Production and Industrial Engineering (4 Years, Bachelor of Technology)",OS,OPEN,Gender-Neutral,52419,52599
"National Institute of Technology, Jamshedpur","Production and Industrial Engineering (4 Years, Bachelor of Technology)",OS,OPEN,Female-only (including Supernumerary),90098,90098
"National Institute of Technology, Jamshedpur","Production and Industrial Engineering (4 Years, Bachelor of Technology)",OS,EWS,Gender-Neutral,54428,55373
"National Institute of Technology, Jamshedpur","Production and Industrial Engineering (4 Years, Bachelor of Technology)",OS,EWS,Female-only (including Supernumerary),115784,115784
"National Institute of Technology, Jamshedpur","Production and Industrial Engineering (4 Years, Bachelor of Technology)",OS,OBC- NCL,Gender-Neutral,60108,61742
"National Institute of Technology, Jamshedpur","Production and Industrial Engineering (4 Years, Bachelor of Technology)",OS,OBC- NCL,Female-only (including Supernumerary),97324,99007
"National Institute of Technology, Jamshedpur","Production and Industrial Engineering (4 Years, Bachelor of Technology)",OS,SC,Gender-Neutral,190703,190729
"National Institute of Technology, Kurukshetra","Architecture (5 Years, Bachelor of Architecture)",HS,OPEN,Gender-Neutral,2838,2838
"National Institute of Technology, Kurukshetra","Architecture (5 Years, Bachelor of Architecture)",HS,OPEN,Female-only (including Supernumerary),2102,2102
"National Institute of Technology, Kurukshetra","Architecture (5 Years, Bachelor of Architecture)",HS,SC,Gender-Neutral,41107,41107
"National Institute of Technology, Kurukshetra","Architecture (5 Years, Bachelor of Architecture)",OS,OBC- NCL,Gender-Neutral,4236,4373
"National Institute of Technology, Kurukshetra","Artificial Intelligence and Data Science for DASA-CIWG (4 Years, Bachelor of Technology)",DC,OPEN,Gender-Neutral,763820,763820
"National Institute of Technology, Kurukshetra","Artificial Intelligence and Machine Learning (4 Years, Bachelor of Technology)",OS,OPEN,Gender-Neutral,11912,11912
"National Institute of Technology, Kurukshetra","Artificial Intelligence and Machine Learning (4 Years, Bachelor of Technology)",OS,OPEN,Female-only (including Supernumerary),21208,21208
"National Institute of Technology, Kurukshetra","Artificial Intelligence and Machine Learning for DASA-CIWG (4 Years, Bachelor of Technology)",DC,OPEN,Gender-Neutral,586946,586946
"National Institute of Technology, Kurukshetra","Civil Engineering (4 Years, Bachelor of Technology)",HS,OPEN,Gender-Neutral,47119,47119
"National Institute of Technology, Kurukshetra","Civil Engineering (4 Years, Bachelor of Technology)",HS,OBC- NCL,Gender-Neutral,59070,59972
"National Institute of Technology, Kurukshetra","Civil Engineering (4 Years, Bachelor of Technology)",HS,OBC- NCL,Female-only (including Supernumerary),102155,102155
"National Institute of Technology, Kurukshetra","Civil Engineering (4 Years, Bachelor of Technology)",OS,OPEN,Gender-Neutral,42633,42633
"National Institute of Technology, Kurukshetra","Civil Engineering (4 Years, Bachelor of Technology)",OS,EWS,Gender-Neutral,45529,45529
"National Institute of Technology, Kurukshetra","Civil Engineering (4 Years, Bachelor of Technology)",OS,OBC- NCL,Gender-Neutral,47265,48857
"National Institute of Technology, Kurukshetra","Civil Engineering (4 Years, Bachelor of Technology)",OS,OBC- NCL,Female-only (including Supernumerary),85012,85012
"National Institute of Technology, Kurukshetra","Civil Engineering (5 Years, Bachelor and Master of Technology (Dual Degree))",HS,OPEN,Gender-Neutral,59385,59385
"National Institute of Technology, Kurukshetra","Civil Engineering (5 Years, Bachelor and Master of Technology (Dual Degree))",HS,OBC- NCL,Gender-Neutral,76026,76026
"National Institute of Technology, Kurukshetra","Civil Engineering (5 Years, Bachelor and Master of Technology (Dual Degree))",OS,OPEN,Female-only (including Supernumerary),79643,79643
"National Institute of Technology, Kurukshetra","Civil Engineering (5 Years, Bachelor and Master of Technology (Dual Degree))",OS,OBC- NCL,Gender-Neutral,55693,55693
"National Institute of Technology, Kurukshetra","Computer Science and Engineering (4 Years, Bachelor of Technology)",HS,OPEN,Gender-Neutral,9605,9605
"National Institute of Technology, Kurukshetra","Computer Science and Engineering (4 Years, Bachelor of Technology)",OS,OPEN,Gender-Neutral,8831,8831
"National Institute of Technology, Kurukshetra","Electrical Engineering (4 Years, Bachelor of Technology)",HS,OPEN,Female-only (including Supernumerary),38998,38998
"National Institute of Technology, Kurukshetra","Electrical Engineering (4 Years, Bachelor of Technology)",HS,EWS,Female-only (including Supernumerary),39217,39217
"National Institute of Technology, Kurukshetra","Electrical Engineering (4 Years, Bachelor of Technology)",OS,OPEN,Gender-Neutral,21554,22227
"National Institute of Technology, Kurukshetra","Electrical Engineering (4 Years, Bachelor of Technology)",OS,EWS,Gender-Neutral,23846,23846
"National Institute of Technology, Kurukshetra","Electrical Engineering (4 Years, Bachelor of Technology)",OS,OBC- NCL,Gender-Neutral,26141,26141
"National Institute of Technology, Kurukshetra","Electrical Engineering (5 Years, Bachelor and Master of Technology (Dual Degree))",OS,OPEN,Gender-Neutral,24866,24866
"National Institute of Technology, Kurukshetra","Electronics and Communication Engineering (4 Years, Bachelor of Technology)",HS,OPEN,Gender-Neutral,17578,17578
"National Institute of Technology, Kurukshetra","Electronics and Communication Engineering (5 Years, Bachelor and Master of Technology (Dual Degree))",OS,OPEN,Female-only (including Supernumerary),30572,30572
"National Institute of Technology, Kurukshetra","Industrial Internet of Things (4 Years, Bachelor of Technology)",HS,OPEN,Gender-Neutral,28047,28047
"National Institute of Technology, Kurukshetra","Industrial Internet of Things (4 Years, Bachelor of Technology)",HS,OPEN,Female-only (including Supernumerary),35215,35215
"National Institute of Technology, Kurukshetra","Industrial Internet of Things (4 Years, Bachelor of Technology)",HS,EWS,Gender-Neutral,30363,30363
"National Institute of Technology, Kurukshetra","Industrial Internet of Things (4 Years, Bachelor of Technology)",HS,OBC- NCL,Gender-Neutral,39551,39551
"National Institute of Technology, Kurukshetra","Industrial Internet of Things (4 Years, Bachelor of Technology)",OS,EWS,Gender-Neutral,25286,25286
"National Institute of Technology, Kurukshetra","Industrial Internet of Things (4 Years, Bachelor of Technology)",OS,OBC- NCL,Gender-Neutral,27647,30182
"National Institute of Technology, Kurukshetra","Mathematics and Computing (4 Years, Bachelor of Technology)",OS,OPEN,Gender-Neutral,12778,12778
"National Institute of Technology, Kurukshetra","Mechanical Engineering (4 Years, Bachelor of Technology)",HS,OPEN,Gender-Neutral,32400,32400
"National Institute of Technology, Kurukshetra","Mechanical Engineering (4 Years, Bachelor of Technology)",HS,EWS,Gender-Neutral,40521,40521
"National Institute of Technology, Kurukshetra","Mechanical Engineering (4 Years, Bachelor of Technology)",HS,EWS,Female-only (including Supernumerary),64424,64424
"National Institute of Technology, Kurukshetra","Mechanical Engineering (4 Years, Bachelor of Technology)",HS,OBC- NCL,Gender-Neutral,41972,42895
"National Institute of Technology, Kurukshetra","Mechanical Engineering (4 Years, Bachelor of Technology)",OS,OPEN,Gender-Neutral,30036,30650
"National Institute of Technology, Kurukshetra","Mechanical Engineering (4 Years, Bachelor of Technology)",OS,OPEN,Female-only (including Supernumerary),47237,47237
"National Institute of Technology, Kurukshetra","Mechanical Engineering (4 Years, Bachelor of Technology)",OS,EWS,Gender-Neutral,34063,35922
"National Institute of Technology, Kurukshetra","Mechanical Engineering (4 Years, Bachelor of Technology)",OS,OBC- NCL,Gender-Neutral,34858,35593
"National Institute of Technology, Kurukshetra","Mechanical Engineering (5 Years, Bachelor and Master of Technology (Dual Degree))",OS,OBC- NCL,Gender-Neutral,43540,43540
"National Institute of Technology, Kurukshetra","Microelectronics & VLSI Engineering (4 Years, Bachelor of Technology)",HS,OBC- NCL,Gender-Neutral,38515,38515
"National Institute of Technology, Kurukshetra","Microelectronics & VLSI Engineering (4 Years, Bachelor of Technology)",OS,OPEN,Gender-Neutral,19423,19912
"National Institute of Technology, Kurukshetra","Microelectronics & VLSI Engineering (4 Years, Bachelor of Technology)",OS,EWS,Gender-Neutral,20988,20988
"National Institute of Technology, Kurukshetra","Microelectronics & VLSI Engineering (4 Years, Bachelor of Technology)",OS,OBC- NCL,Gender-Neutral,24576,24576
"National Institute of Technology, Kurukshetra","Production and Industrial Engineering (4 Years, Bachelor of Technology)",HS,OPEN,Gender-Neutral,43809,43809
"National Institute of Technology, Kurukshetra","Production and Industrial Engineering (4 Years, Bachelor of Technology)",HS,EWS,Gender-Neutral,53031,53031
"National Institute of Technology, Kurukshetra","Production and Industrial Engineering (4 Years, Bachelor of Technology)",OS,EWS,Female-only (including Supernumerary),88170,88170
"National Institute of Technology, Kurukshetra","Production and Industrial Engineering (4 Years, Bachelor of Technology)",OS,OBC- NCL,Gender-Neutral,51841,52237
"National Institute of Technology, Kurukshetra","ROBOTICS & AUTOMATION (4 Years, Bachelor of Technology)",HS,OBC- NCL,Gender-Neutral,36525,36525
"National Institute of Technology, Kurukshetra","ROBOTICS & AUTOMATION (4 Years, Bachelor of Technology)",OS,OPEN,Gender-Neutral,18664,18664
"National Institute of Technology, Kurukshetra","SUSTAINABLE ENERGY TECHNOLOGIES (4 Years, Bachelor of Technology)",HS,OPEN,Female-only (including Supernumerary),85764,85764
"National Institute of Technology, Kurukshetra","SUSTAINABLE ENERGY TECHNOLOGIES (4 Years, Bachelor of Technology)",HS,OBC- NCL,Female-only (including Supernumerary),112779,115429
"National Institute of Technology, Kurukshetra","SUSTAINABLE ENERGY TECHNOLOGIES (4 Years, Bachelor of Technology)",OS,OPEN,Female-only (including Supernumerary),69456,69456
"National Institute of Technology, Kurukshetra","SUSTAINABLE ENERGY TECHNOLOGIES (4 Years, Bachelor of Technology)",OS,EWS,Female-only (including Supernumerary),85113,85113
"National Institute of Technology, Kurukshetra","SUSTAINABLE ENERGY TECHNOLOGIES (4 Years, Bachelor of Technology)",OS,OBC- NCL,Gender-Neutral,54727,54727
"National Institute of Technology, Kurukshetra","SUSTAINABLE ENERGY TECHNOLOGIES (4 Years, Bachelor of Technology)",OS,OBC- NCL,Female-only (including Supernumerary),78060,78060
"National Institute of Technology, Manipur","Civil Engineering (4 Years, Bachelor of Technology)",AI,EWS,Gender-Neutral,111888,115397
"National Institute of Technology, Manipur","Civil Engineering (4 Years, Bachelor of Technology)",OS,OPEN,Gender-Neutral,95520,110888
"National Institute of Technology, Manipur","Civil Engineering (4 Years, Bachelor of Technology)",OS,OPEN,Female-only (including Supernumerary),174160,190031
"National Institute of Technology, Manipur","Civil Engineering (4 Years, Bachelor of Technology)",OS,EWS,Gender-Neutral,116953,120787
"National Institute of Technology, Manipur","Civil Engineering (4 Years, Bachelor of Technology)",OS,OBC- NCL,Gender-Neutral,111126,114162
"National Institute of Technology, Manipur","Civil Engineering (4 Years, Bachelor of Technology)",OS,OBC- NCL,Female-only (including Supernumerary),205447,205447
"National Institute of Technology, Manipur","Civil Engineering (4 Years, Bachelor of Technology)",OS,SC,Gender-Neutral,227826,227826
"National Institute of Technology, Manipur","Computer Science and Engineering (4 Years, Bachelor of Technology)",AI,EWS,Gender-Neutral,50767,50767
"National Institute of Technology, Manipur","Computer Science and Engineering (4 Years, Bachelor of Technology)",AI,EWS,Female-only (including Supernumerary),93716,93716
"National Institute of Technology, Manipur","Computer Science and Engineering (4 Years, Bachelor of Technology)",OS,OPEN,Gender-Neutral,44634,45298
"National Institute of Technology, Manipur","Computer Science and Engineering (4 Years, Bachelor of Technology)",OS,EWS,Gender-Neutral,56677,56677
"National Institute of Technology, Manipur","Computer Science and Engineering (4 Years, Bachelor of Technology)",OS,EWS,Female-only (including Supernumerary),101625,101625
"National Institute of Technology, Manipur","Computer Science and Engineering (4 Years, Bachelor of Technology)",OS,OBC- NCL,Gender-Neutral,59400,59578
"National Institute of Technology, Manipur","Computer Science and Engineering (4 Years, Bachelor of Technology)",OS,OBC- NCL,Female-only (including Supernumerary),88783,89152
