Sr.No,Institute Name,Institute Code,Program Name,Program Code,Quota,Category,Seat Pool,Vacancy
1,"Dr. B R Ambedkar National Institute of Technology, Jalandhar",201,"Bio Technology (4 Years, Bachelor of Technology)",4104,HS,OPEN,Gender-Neutral,3
2,"Dr. B R Ambedkar National Institute of Technology, Jalandhar",201,"Bio Technology (4 Years, Bachelor of Technology)",4104,HS,OPEN,Female-only (including Supernumerary),2
3,"Dr. B R Ambedkar National Institute of Technology, Jalandhar",201,"Bio Technology (4 Years, Bachelor of Technology)",4104,HS,GEN-EWS,Female-only (including Supernumerary),1
4,"Dr. B R Ambedkar National Institute of Technology, Jalandhar",201,"Bio Technology (4 Years, Bachelor of Technology)",4104,HS,SC,Gender-Neutral,1
5,"Dr. B R Ambedkar National Institute of Technology, Jalandhar",201,"Bio Technology (4 Years, Bachelor of Technology)",4104,HS,ST,Gender-Neutral,1
6,"Dr. B R Ambedkar National Institute of Technology, Jalandhar",201,"Bio Technology (4 Years, Bachelor of Technology)",4104,OS,OPEN,Gender-Neutral,3
7,"Dr. B R Ambedkar National Institute of Technology, Jalandhar",201,"Bio Technology (4 Years, Bachelor of Technology)",4104,OS,OPEN,Female-only (including Supernumerary),2
8,"Dr. B R Ambedkar National Institute of Technology, Jalandhar",201,"Bio Technology (4 Years, Bachelor of Technology)",4104,OS,GEN-EWS,Gender-Neutral,1
9,"Dr. B R Ambedkar National Institute of Technology, Jalandhar",201,"Bio Technology (4 Years, Bachelor of Technology)",4104,OS,OBC-NCL,Gender-Neutral,1
10,"Dr. B R Ambedkar National Institute of Technology, Jalandhar",201,"Bio Technology (4 Years, Bachelor of Technology)",4104,OS,OBC-NCL(PwD),Gender-Neutral,1
11,"Dr. B R Ambedkar National Institute of Technology, Jalandhar",201,"Bio Technology (4 Years, Bachelor of Technology)",4104,OS,SC,Gender-Neutral,1
12,"Dr. B R Ambedkar National Institute of Technology, Jalandhar",201,"Bio Technology (4 Years, Bachelor of Technology)",4104,OS,SC,Female-only (including Supernumerary),1
13,"Dr. B R Ambedkar National Institute of Technology, Jalandhar",201,"Bio Technology (4 Years, Bachelor of Technology)",4104,OS,ST,Gender-Neutral,1
14,"Dr. B R Ambedkar National Institute of Technology, Jalandhar",201,"Chemical Engineering (4 Years, Bachelor of Technology)",4107,HS,OPEN,Gender-Neutral,3
15,"Dr. B R Ambedkar National Institute of Technology, Jalandhar",201,"Chemical Engineering (4 Years, Bachelor of Technology)",4107,HS,OPEN,Female-only (including Supernumerary),1
16,"Dr. B R Ambedkar National Institute of Technology, Jalandhar",201,"Chemical Engineering (4 Years, Bachelor of Technology)",4107,HS,OBC-NCL(PwD),Gender-Neutral,1
17,"Dr. B R Ambedkar National Institute of Technology, Jalandhar",201,"Chemical Engineering (4 Years, Bachelor of Technology)",4107,HS,SC,Female-only (including Supernumerary),2
18,"Dr. B R Ambedkar National Institute of Technology, Jalandhar",201,"Chemical Engineering (4 Years, Bachelor of Technology)",4107,OS,OPEN,Gender-Neutral,3
19,"Dr. B R Ambedkar National Institute of Technology, Jalandhar",201,"Chemical Engineering (4 Years, Bachelor of Technology)",4107,OS,SC,Female-only (including Supernumerary),1
20,"Dr. B R Ambedkar National Institute of Technology, Jalandhar",201,"Chemical Engineering (4 Years, Bachelor of Technology)",4107,OS,SC (PwD),Gender-Neutral,1
21,"Dr. B R Ambedkar National Institute of Technology, Jalandhar",201,"Civil Engineering (4 Years, Bachelor of Technology)",4109,HS,OPEN,Gender-Neutral,3
22,"Dr. B R Ambedkar National Institute of Technology, Jalandhar",201,"Civil Engineering (4 Years, Bachelor of Technology)",4109,HS,ST,Female-only (including Supernumerary),1
23,"Dr. B R Ambedkar National Institute of Technology, Jalandhar",201,"Civil Engineering (4 Years, Bachelor of Technology)",4109,OS,OPEN,Gender-Neutral,3
24,"Dr. B R Ambedkar National Institute of Technology, Jalandhar",201,"Civil Engineering (4 Years, Bachelor of Technology)",4109,OS,SC,Gender-Neutral,1
25,"Dr. B R Ambedkar National Institute of Technology, Jalandhar",201,"Electronics and VLSI Engineering (4 Years, Bachelor of Technology)",410V,HS,OBC-NCL(PwD),Gender-Neutral,1
26,"Dr. B R Ambedkar National Institute of Technology, Jalandhar",201,"Electronics and VLSI Engineering (4 Years, Bachelor of Technology)",410V,OS,OPEN,Gender-Neutral,2
27,"Dr. B R Ambedkar National Institute of Technology, Jalandhar",201,"Electronics and VLSI Engineering (4 Years, Bachelor of Technology)",410V,OS,OPEN (PwD),Gender-Neutral,1
28,"Dr. B R Ambedkar National Institute of Technology, Jalandhar",201,"Electronics and VLSI Engineering (4 Years, Bachelor of Technology)",410V,OS,SC,Female-only (including Supernumerary),1
29,"Dr. B R Ambedkar National Institute of Technology, Jalandhar",201,"Computer Science and Engineering (4 Years, Bachelor of Technology)",4110,HS,OPEN,Gender-Neutral,1
30,"Dr. B R Ambedkar National Institute of Technology, Jalandhar",201,"Computer Science and Engineering (4 Years, Bachelor of Technology)",4110,HS,OBC-NCL,Female-only (including Supernumerary),1
31,"Dr. B R Ambedkar National Institute of Technology, Jalandhar",201,"Computer Science and Engineering (4 Years, Bachelor of Technology)",4110,HS,SC,Gender-Neutral,1
32,"Dr. B R Ambedkar National Institute of Technology, Jalandhar",201,"Computer Science and Engineering (4 Years, Bachelor of Technology)",4110,OS,OPEN,Gender-Neutral,1
33,"Dr. B R Ambedkar National Institute of Technology, Jalandhar",201,"Computer Science and Engineering (4 Years, Bachelor of Technology)",4110,OS,GEN-EWS,Gender-Neutral,1
34,"Dr. B R Ambedkar National Institute of Technology, Jalandhar",201,"Computer Science and Engineering (4 Years, Bachelor of Technology)",4110,OS,OBC-NCL,Gender-Neutral,3
35,"Dr. B R Ambedkar National Institute of Technology, Jalandhar",201,"Computer Science and Engineering (4 Years, Bachelor of Technology)",4110,OS,SC,Gender-Neutral,2
36,"Dr. B R Ambedkar National Institute of Technology, Jalandhar",201,"Electrical Engineering (4 Years, Bachelor of Technology)",4111,HS,OPEN,Female-only (including Supernumerary),1
37,"Dr. B R Ambedkar National Institute of Technology, Jalandhar",201,"Electrical Engineering (4 Years, Bachelor of Technology)",4111,HS,OBC-NCL,Gender-Neutral,1
38,"Dr. B R Ambedkar National Institute of Technology, Jalandhar",201,"Electrical Engineering (4 Years, Bachelor of Technology)",4111,HS,OBC-NCL,Female-only (including Supernumerary),1
39,"Dr. B R Ambedkar National Institute of Technology, Jalandhar",201,"Electrical Engineering (4 Years, Bachelor of Technology)",4111,HS,SC,Female-only (including Supernumerary),1
40,"Dr. B R Ambedkar National Institute of Technology, Jalandhar",201,"Electrical Engineering (4 Years, Bachelor of Technology)",4111,OS,OPEN,Gender-Neutral,1
41,"Dr. B R Ambedkar National Institute of Technology, Jalandhar",201,"Electrical Engineering (4 Years, Bachelor of Technology)",4111,OS,OPEN,Female-only (including Supernumerary),1
42,"Dr. B R Ambedkar National Institute of Technology, Jalandhar",201,"Electrical Engineering (4 Years, Bachelor of Technology)",4111,OS,GEN-EWS,Gender-Neutral,1
43,"Dr. B R Ambedkar National Institute of Technology, Jalandhar",201,"Electrical Engineering (4 Years, Bachelor of Technology)",4111,OS,OBC-NCL,Gender-Neutral,1
44,"Dr. B R Ambedkar National Institute of Technology, Jalandhar",201,"Electronics and Communication Engineering (4 Years, Bachelor of Technology)",4114,HS,OPEN,Female-only (including Supernumerary),1
45,"Dr. B R Ambedkar National Institute of Technology, Jalandhar",201,"Electronics and Communication Engineering (4 Years, Bachelor of Technology)",4114,HS,GEN-EWS(PwD),Female-only (including Supernumerary),1
46,"Dr. B R Ambedkar National Institute of Technology, Jalandhar",201,"Electronics and Communication Engineering (4 Years, Bachelor of Technology)",4114,HS,OBC-NCL,Gender-Neutral,2
47,"Dr. B R Ambedkar National Institute of Technology, Jalandhar",201,"Electronics and Communication Engineering (4 Years, Bachelor of Technology)",4114,OS,OPEN,Gender-Neutral,1
48,"Dr. B R Ambedkar National Institute of Technology, Jalandhar",201,"Electronics and Communication Engineering (4 Years, Bachelor of Technology)",4114,OS,GEN-EWS,Gender-Neutral,1
49,"Dr. B R Ambedkar National Institute of Technology, Jalandhar",201,"Electronics and Communication Engineering (4 Years, Bachelor of Technology)",4114,OS,OBC-NCL,Female-only (including Supernumerary),1
50,"Dr. B R Ambedkar National Institute of Technology, Jalandhar",201,"Electronics and Communication Engineering (4 Years, Bachelor of Technology)",4114,OS,OBC-NCL(PwD),Female-only (including Supernumerary),1
51,"Dr. B R Ambedkar National Institute of Technology, Jalandhar",201,"Mathematics and Computing (4 Years, Bachelor of Technology)",4124,HS,ST,Gender-Neutral,1
52,"Dr. B R Ambedkar National Institute of Technology, Jalandhar",201,"Mathematics and Computing (4 Years, Bachelor of Technology)",4124,OS,OPEN,Gender-Neutral,2
53,"Dr. B R Ambedkar National Institute of Technology, Jalandhar",201,"Mathematics and Computing (4 Years, Bachelor of Technology)",4124,OS,OPEN,Female-only (including Supernumerary),1
54,"Dr. B R Ambedkar National Institute of Technology, Jalandhar",201,"Mathematics and Computing (4 Years, Bachelor of Technology)",4124,OS,OPEN (PwD),Gender-Neutral,1
55,"Dr. B R Ambedkar National Institute of Technology, Jalandhar",201,"Mathematics and Computing (4 Years, Bachelor of Technology)",4124,OS,GEN-EWS,Gender-Neutral,1
56,"Dr. B R Ambedkar National Institute of Technology, Jalandhar",201,"Mechanical Engineering (4 Years, Bachelor of Technology)",4125,HS,OPEN,Gender-Neutral,1
57,"Dr. B R Ambedkar National Institute of Technology, Jalandhar",201,"Mechanical Engineering (4 Years, Bachelor of Technology)",4125,HS,GEN-EWS(PwD),Gender-Neutral,1
58,"Dr. B R Ambedkar National Institute of Technology, Jalandhar",201,"Mechanical Engineering (4 Years, Bachelor of Technology)",4125,HS,OBC-NCL,Gender-Neutral,1
59,"Dr. B R Ambedkar National Institute of Technology, Jalandhar",201,"Mechanical Engineering (4 Years, Bachelor of Technology)",4125,HS,SC,Gender-Neutral,1
60,"Dr. B R Ambedkar National Institute of Technology, Jalandhar",201,"Mechanical Engineering (4 Years, Bachelor of Technology)",4125,HS,ST,Female-only (including Supernumerary),1
61,"Dr. B R Ambedkar National Institute of Technology, Jalandhar",201,"Mechanical Engineering (4 Years, Bachelor of Technology)",4125,OS,OPEN,Gender-Neutral,3
62,"Dr. B R Ambedkar National Institute of Technology, Jalandhar",201,"Mechanical Engineering (4 Years, Bachelor of Technology)",4125,OS,OPEN,Female-only (including Supernumerary),2
63,"Dr. B R Ambedkar National Institute of Technology, Jalandhar",201,"Mechanical Engineering (4 Years, Bachelor of Technology)",4125,OS,OBC-NCL,Female-only (including Supernumerary),1
64,"Dr. B R Ambedkar National Institute of Technology, Jalandhar",201,"Mechanical Engineering (4 Years, Bachelor of Technology)",4125,OS,SC (PwD),Female-only (including Supernumerary),1
65,"Dr. B R Ambedkar National Institute of Technology, Jalandhar",201,"Textile Technology (4 Years, Bachelor of Technology)",4139,HS,OPEN,Gender-Neutral,6
66,"Dr. B R Ambedkar National Institute of Technology, Jalandhar",201,"Textile Technology (4 Years, Bachelor of Technology)",4139,HS,OPEN (PwD),Gender-Neutral,1
67,"Dr. B R Ambedkar National Institute of Technology, Jalandhar",201,"Textile Technology (4 Years, Bachelor of Technology)",4139,HS,GEN-EWS(PwD),Gender-Neutral,1
68,"Dr. B R Ambedkar National Institute of Technology, Jalandhar",201,"Textile Technology (4 Years, Bachelor of Technology)",4139,HS,OBC-NCL,Gender-Neutral,2
69,"Dr. B R Ambedkar National Institute of Technology, Jalandhar",201,"Textile Technology (4 Years, Bachelor of Technology)",4139,HS,SC,Gender-Neutral,1
70,"Dr. B R Ambedkar National Institute of Technology, Jalandhar",201,"Textile Technology (4 Years, Bachelor of Technology)",4139,HS,ST,Gender-Neutral,1
71,"Dr. B R Ambedkar National Institute of Technology, Jalandhar",201,"Textile Technology (4 Years, Bachelor of Technology)",4139,OS,OPEN,Gender-Neutral,3
72,"Dr. B R Ambedkar National Institute of Technology, Jalandhar",201,"Textile Technology (4 Years, Bachelor of Technology)",4139,OS,OPEN,Female-only (including Supernumerary),3
73,"Dr. B R Ambedkar National Institute of Technology, Jalandhar",201,"Textile Technology (4 Years, Bachelor of Technology)",4139,OS,GEN-EWS,Gender-Neutral,1
74,"Dr. B R Ambedkar National Institute of Technology, Jalandhar",201,"Textile Technology (4 Years, Bachelor of Technology)",4139,OS,OBC-NCL,Gender-Neutral,2
75,"Dr. B R Ambedkar National Institute of Technology, Jalandhar",201,"Textile Technology (4 Years, Bachelor of Technology)",4139,OS,OBC-NCL,Female-only (including Supernumerary),1
76,"Dr. B R Ambedkar National Institute of Technology, Jalandhar",201,"Textile Technology (4 Years, Bachelor of Technology)",4139,OS,SC,Gender-Neutral,1
77,"Dr. B R Ambedkar National Institute of Technology, Jalandhar",201,"Textile Technology (4 Years, Bachelor of Technology)",4139,OS,ST (PwD),Gender-Neutral,1
78,"Dr. B R Ambedkar National Institute of Technology, Jalandhar",201,"Information Technology (4 Years, Bachelor of Technology)",4146,HS,OPEN,Gender-Neutral,1
79,"Dr. B R Ambedkar National Institute of Technology, Jalandhar",201,"Information Technology (4 Years, Bachelor of Technology)",4146,HS,OBC-NCL(PwD),Gender-Neutral,1
80,"Dr. B R Ambedkar National Institute of Technology, Jalandhar",201,"Information Technology (4 Years, Bachelor of Technology)",4146,HS,SC (PwD),Gender-Neutral,1
81,"Dr. B R Ambedkar National Institute of Technology, Jalandhar",201,"Information Technology (4 Years, Bachelor of Technology)",4146,OS,OPEN,Gender-Neutral,1
82,"Dr. B R Ambedkar National Institute of Technology, Jalandhar",201,"Information Technology (4 Years, Bachelor of Technology)",4146,OS,OPEN,Female-only (including Supernumerary),1
83,"Dr. B R Ambedkar National Institute of Technology, Jalandhar",201,"Information Technology (4 Years, Bachelor of Technology)",4146,OS,OBC-NCL,Gender-Neutral,1
84,"Dr. B R Ambedkar National Institute of Technology, Jalandhar",201,"Information Technology (4 Years, Bachelor of Technology)",4146,OS,SC,Gender-Neutral,1
85,"Dr. B R Ambedkar National Institute of Technology, Jalandhar",201,"Instrumentation and Control Engineering (4 Years, Bachelor of Technology)",4148,HS,OPEN,Gender-Neutral,2
86,"Dr. B R Ambedkar National Institute of Technology, Jalandhar",201,"Instrumentation and Control Engineering (4 Years, Bachelor of Technology)",4148,HS,OPEN (PwD),Female-only (including Supernumerary),1
87,"Dr. B R Ambedkar National Institute of Technology, Jalandhar",201,"Instrumentation and Control Engineering (4 Years, Bachelor of Technology)",4148,HS,GEN-EWS(PwD),Gender-Neutral,1
88,"Dr. B R Ambedkar National Institute of Technology, Jalandhar",201,"Instrumentation and Control Engineering (4 Years, Bachelor of Technology)",4148,HS,OBC-NCL,Gender-Neutral,1
89,"Dr. B R Ambedkar National Institute of Technology, Jalandhar",201,"Instrumentation and Control Engineering (4 Years, Bachelor of Technology)",4148,HS,ST,Female-only (including Supernumerary),1
90,"Dr. B R Ambedkar National Institute of Technology, Jalandhar",201,"Instrumentation and Control Engineering (4 Years, Bachelor of Technology)",4148,HS,ST (PwD),Gender-Neutral,1
91,"Dr. B R Ambedkar National Institute of Technology, Jalandhar",201,"Instrumentation and Control Engineering (4 Years, Bachelor of Technology)",4148,OS,OPEN,Gender-Neutral,1
92,"Dr. B R Ambedkar National Institute of Technology, Jalandhar",201,"Instrumentation and Control Engineering (4 Years, Bachelor of Technology)",4148,OS,OPEN,Female-only (including Supernumerary),1
93,"Dr. B R Ambedkar National Institute of Technology, Jalandhar",201,"Instrumentation and Control Engineering (4 Years, Bachelor of Technology)",4148,OS,OBC-NCL(PwD),Gender-Neutral,1
94,"Dr. B R Ambedkar National Institute of Technology, Jalandhar",201,"Instrumentation and Control Engineering (4 Years, Bachelor of Technology)",4148,OS,ST,Gender-Neutral,1
95,"Dr. B R Ambedkar National Institute of Technology, Jalandhar",201,"Industrial and Production Engineering (4 Years, Bachelor of Technology)",4149,HS,OPEN,Gender-Neutral,2
96,"Dr. B R Ambedkar National Institute of Technology, Jalandhar",201,"Industrial and Production Engineering (4 Years, Bachelor of Technology)",4149,HS,GEN-EWS(PwD),Gender-Neutral,1
97,"Dr. B R Ambedkar National Institute of Technology, Jalandhar",201,"Industrial and Production Engineering (4 Years, Bachelor of Technology)",4149,HS,SC (PwD),Gender-Neutral,1
98,"Dr. B R Ambedkar National Institute of Technology, Jalandhar",201,"Industrial and Production Engineering (4 Years, Bachelor of Technology)",4149,HS,ST,Gender-Neutral,2
99,"Dr. B R Ambedkar National Institute of Technology, Jalandhar",201,"Industrial and Production Engineering (4 Years, Bachelor of Technology)",4149,OS,OPEN,Gender-Neutral,4
100,"Dr. B R Ambedkar National Institute of Technology, Jalandhar",201,"Industrial and Production Engineering (4 Years, Bachelor of Technology)",4149,OS,OPEN (PwD),Gender-Neutral,1
101,"Dr. B R Ambedkar National Institute of Technology, Jalandhar",201,"Industrial and Production Engineering (4 Years, Bachelor of Technology)",4149,OS,OBC-NCL,Female-only (including Supernumerary),1
102,"Dr. B R Ambedkar National Institute of Technology, Jalandhar",201,"Industrial and Production Engineering (4 Years, Bachelor of Technology)",4149,OS,OBC-NCL(PwD),Gender-Neutral,1
103,"Dr. B R Ambedkar National Institute of Technology, Jalandhar",201,"Industrial and Production Engineering (4 Years, Bachelor of Technology)",4149,OS,ST,Gender-Neutral,1
104,"Dr. B R Ambedkar National Institute of Technology, Jalandhar",201,"Artificial Intelligence (4 Years, Bachelor of Technology)",4185,OS,OPEN,Gender-Neutral,1
105,"Dr. B R Ambedkar National Institute of Technology, Jalandhar",201,"Artificial Intelligence (4 Years, Bachelor of Technology)",4185,OS,OBC-NCL,Female-only (including Supernumerary),1
106,"Dr. B R Ambedkar National Institute of Technology, Jalandhar",201,"Data Science and Engineering (4 Years, Bachelor of Technology)",4187,HS,OPEN,Gender-Neutral,1
107,"Dr. B R Ambedkar National Institute of Technology, Jalandhar",201,"Data Science and Engineering (4 Years, Bachelor of Technology)",4187,HS,OPEN,Female-only (including Supernumerary),1
108,"Dr. B R Ambedkar National Institute of Technology, Jalandhar",201,"Data Science and Engineering (4 Years, Bachelor of Technology)",4187,HS,OBC-NCL,Female-only (including Supernumerary),1
109,"Dr. B R Ambedkar National Institute of Technology, Jalandhar",201,"Data Science and Engineering (4 Years, Bachelor of Technology)",4187,HS,OBC-NCL(PwD),Female-only (including Supernumerary),1
110,"Dr. B R Ambedkar National Institute of Technology, Jalandhar",201,"Data Science and Engineering (4 Years, Bachelor of Technology)",4187,OS,OPEN,Gender-Neutral,3
111,"Dr. B R Ambedkar National Institute of Technology, Jalandhar",201,"Data Science and Engineering (4 Years, Bachelor of Technology)",4187,OS,SC,Gender-Neutral,1
112,"Dr. B R Ambedkar National Institute of Technology, Jalandhar",201,"Data Science and Engineering (4 Years, Bachelor of Technology)",4187,OS,ST,Gender-Neutral,1
113,Malaviya National Institute of Technology Jaipur,202,"Chemical Engineering (4 Years, Bachelor of Technology)",4107,HS,OPEN,Gender-Neutral,2
114,Malaviya National Institute of Technology Jaipur,202,"Chemical Engineering (4 Years, Bachelor of Technology)",4107,HS,OPEN,Female-only (including Supernumerary),1
115,Malaviya National Institute of Technology Jaipur,202,"Chemical Engineering (4 Years, Bachelor of Technology)",4107,HS,OBC-NCL,Gender-Neutral,1
116,Malaviya National Institute of Technology Jaipur,202,"Chemical Engineering (4 Years, Bachelor of Technology)",4107,OS,OPEN,Gender-Neutral,3
117,Malaviya National Institute of Technology Jaipur,202,"Chemical Engineering (4 Years, Bachelor of Technology)",4107,OS,OPEN,Female-only (including Supernumerary),1
118,Malaviya National Institute of Technology Jaipur,202,"Chemical Engineering (4 Years, Bachelor of Technology)",4107,OS,GEN-EWS,Female-only (including Supernumerary),1
119,Malaviya National Institute of Technology Jaipur,202,"Chemical Engineering (4 Years, Bachelor of Technology)",4107,OS,OBC-NCL,Gender-Neutral,1
120,Malaviya National Institute of Technology Jaipur,202,"Civil Engineering (4 Years, Bachelor of Technology)",4109,HS,OPEN,Gender-Neutral,1
121,Malaviya National Institute of Technology Jaipur,202,"Civil Engineering (4 Years, Bachelor of Technology)",4109,HS,SC,Female-only (including Supernumerary),1
122,Malaviya National Institute of Technology Jaipur,202,"Civil Engineering (4 Years, Bachelor of Technology)",4109,HS,SC (PwD),Gender-Neutral,1
123,Malaviya National Institute of Technology Jaipur,202,"Civil Engineering (4 Years, Bachelor of Technology)",4109,OS,OPEN,Gender-Neutral,2
124,Malaviya National Institute of Technology Jaipur,202,"Civil Engineering (4 Years, Bachelor of Technology)",4109,OS,OPEN (PwD),Gender-Neutral,1
125,Malaviya National Institute of Technology Jaipur,202,"Civil Engineering (4 Years, Bachelor of Technology)",4109,OS,OBC-NCL,Female-only (including Supernumerary),2
126,Malaviya National Institute of Technology Jaipur,202,"Computer Science and Engineering (4 Years, Bachelor of Technology)",4110,HS,OPEN,Gender-Neutral,1
127,Malaviya National Institute of Technology Jaipur,202,"Computer Science and Engineering (4 Years, Bachelor of Technology)",4110,HS,SC,Gender-Neutral,1
128,Malaviya National Institute of Technology Jaipur,202,"Computer Science and Engineering (4 Years, Bachelor of Technology)",4110,OS,OPEN,Gender-Neutral,2
129,Malaviya National Institute of Technology Jaipur,202,"Computer Science and Engineering (4 Years, Bachelor of Technology)",4110,OS,OPEN,Female-only (including Supernumerary),2
130,Malaviya National Institute of Technology Jaipur,202,"Computer Science and Engineering (4 Years, Bachelor of Technology)",4110,OS,OBC-NCL,Gender-Neutral,2
131,Malaviya National Institute of Technology Jaipur,202,"Electrical Engineering (4 Years, Bachelor of Technology)",4111,HS,OPEN,Gender-Neutral,5
132,Malaviya National Institute of Technology Jaipur,202,"Electrical Engineering (4 Years, Bachelor of Technology)",4111,HS,OPEN,Female-only (including Supernumerary),1
133,Malaviya National Institute of Technology Jaipur,202,"Electrical Engineering (4 Years, Bachelor of Technology)",4111,HS,GEN-EWS,Gender-Neutral,1
134,Malaviya National Institute of Technology Jaipur,202,"Electrical Engineering (4 Years, Bachelor of Technology)",4111,HS,SC (PwD),Gender-Neutral,1
135,Malaviya National Institute of Technology Jaipur,202,"Electrical Engineering (4 Years, Bachelor of Technology)",4111,OS,OPEN,Gender-Neutral,2
136,Malaviya National Institute of Technology Jaipur,202,"Electrical Engineering (4 Years, Bachelor of Technology)",4111,OS,OPEN,Female-only (including Supernumerary),1
137,Malaviya National Institute of Technology Jaipur,202,"Electronics and Communication Engineering (4 Years, Bachelor of Technology)",4114,HS,OPEN,Gender-Neutral,2
138,Malaviya National Institute of Technology Jaipur,202,"Electronics and Communication Engineering (4 Years, Bachelor of Technology)",4114,HS,OPEN,Female-only (including Supernumerary),1
139,Malaviya National Institute of Technology Jaipur,202,"Electronics and Communication Engineering (4 Years, Bachelor of Technology)",4114,HS,OBC-NCL,Gender-Neutral,1
140,Malaviya National Institute of Technology Jaipur,202,"Electronics and Communication Engineering (4 Years, Bachelor of Technology)",4114,HS,OBC-NCL(PwD),Gender-Neutral,1
141,Malaviya National Institute of Technology Jaipur,202,"Electronics and Communication Engineering (4 Years, Bachelor of Technology)",4114,HS,ST (PwD),Gender-Neutral,1
142,Malaviya National Institute of Technology Jaipur,202,"Electronics and Communication Engineering (4 Years, Bachelor of Technology)",4114,OS,OPEN,Gender-Neutral,5
143,Malaviya National Institute of Technology Jaipur,202,"Electronics and Communication Engineering (4 Years, Bachelor of Technology)",4114,OS,SC,Gender-Neutral,1
144,Malaviya National Institute of Technology Jaipur,202,"Electronics and Communication Engineering (4 Years, Bachelor of Technology)",4114,OS,ST,Female-only (including Supernumerary),1
145,Malaviya National Institute of Technology Jaipur,202,"Engineering Physics (4 Years, Bachelor of Technology)",4117,HS,OPEN,Gender-Neutral,2
146,Malaviya National Institute of Technology Jaipur,202,"Engineering Physics (4 Years, Bachelor of Technology)",4117,HS,OPEN (PwD),Gender-Neutral,1
147,Malaviya National Institute of Technology Jaipur,202,"Engineering Physics (4 Years, Bachelor of Technology)",4117,OS,OPEN,Gender-Neutral,1
148,Malaviya National Institute of Technology Jaipur,202,"Engineering Physics (4 Years, Bachelor of Technology)",4117,OS,OPEN (PwD),Gender-Neutral,1
149,Malaviya National Institute of Technology Jaipur,202,"Engineering Physics (4 Years, Bachelor of Technology)",4117,OS,OBC-NCL,Gender-Neutral,1
150,Malaviya National Institute of Technology Jaipur,202,"Engineering Physics (4 Years, Bachelor of Technology)",4117,OS,SC (PwD),Gender-Neutral,1
151,Malaviya National Institute of Technology Jaipur,202,"Engineering Physics (4 Years, Bachelor of Technology)",4117,OS,ST,Gender-Neutral,1
152,Malaviya National Institute of Technology Jaipur,202,"Artificial Intelligence and Data Engineering (4 Years, Bachelor of Technology)",411G,HS,OPEN,Gender-Neutral,3
153,Malaviya National Institute of Technology Jaipur,202,"Artificial Intelligence and Data Engineering (4 Years, Bachelor of Technology)",411G,OS,OPEN,Gender-Neutral,3
154,Malaviya National Institute of Technology Jaipur,202,"Artificial Intelligence and Data Engineering (4 Years, Bachelor of Technology)",411G,OS,OPEN,Female-only (including Supernumerary),1
155,Malaviya National Institute of Technology Jaipur,202,"Artificial Intelligence and Data Engineering (4 Years, Bachelor of Technology)",411G,OS,GEN-EWS,Gender-Neutral,1
156,Malaviya National Institute of Technology Jaipur,202,"Artificial Intelligence and Data Engineering (4 Years, Bachelor of Technology)",411G,OS,OBC-NCL,Gender-Neutral,1
157,Malaviya National Institute of Technology Jaipur,202,"Mathematics and Computing (4 Years, Bachelor of Technology)",4124,HS,OPEN,Gender-Neutral,2
158,Malaviya National Institute of Technology Jaipur,202,"Mathematics and Computing (4 Years, Bachelor of Technology)",4124,OS,OPEN,Gender-Neutral,1
159,Malaviya National Institute of Technology Jaipur,202,"Mathematics and Computing (4 Years, Bachelor of Technology)",4124,OS,OPEN,Female-only (including Supernumerary),1
160,Malaviya National Institute of Technology Jaipur,202,"Mechanical Engineering (4 Years, Bachelor of Technology)",4125,HS,SC (PwD),Gender-Neutral,1
161,Malaviya National Institute of Technology Jaipur,202,"Mechanical Engineering (4 Years, Bachelor of Technology)",4125,HS,ST,Gender-Neutral,1
162,Malaviya National Institute of Technology Jaipur,202,"Mechanical Engineering (4 Years, Bachelor of Technology)",4125,OS,OPEN,Gender-Neutral,3
163,Malaviya National Institute of Technology Jaipur,202,"Metallurgical and Materials Engineering (4 Years, Bachelor of Technology)",4127,HS,OPEN,Gender-Neutral,1
164,Malaviya National Institute of Technology Jaipur,202,"Metallurgical and Materials Engineering (4 Years, Bachelor of Technology)",4127,HS,OPEN (PwD),Gender-Neutral,1
165,Malaviya National Institute of Technology Jaipur,202,"Metallurgical and Materials Engineering (4 Years, Bachelor of Technology)",4127,HS,OBC-NCL,Gender-Neutral,1
166,Malaviya National Institute of Technology Jaipur,202,"Metallurgical and Materials Engineering (4 Years, Bachelor of Technology)",4127,HS,SC (PwD),Female-only (including Supernumerary),1
167,Malaviya National Institute of Technology Jaipur,202,"Metallurgical and Materials Engineering (4 Years, Bachelor of Technology)",4127,HS,ST (PwD),Gender-Neutral,1
168,Malaviya National Institute of Technology Jaipur,202,"Metallurgical and Materials Engineering (4 Years, Bachelor of Technology)",4127,OS,OPEN,Gender-Neutral,3
169,Malaviya National Institute of Technology Jaipur,202,"Metallurgical and Materials Engineering (4 Years, Bachelor of Technology)",4127,OS,OPEN,Female-only (including Supernumerary),1
170,Malaviya National Institute of Technology Jaipur,202,"Architecture (5 Years, Bachelor of Architecture)",5101,HS,OPEN,Gender-Neutral,1
171,Malaviya National Institute of Technology Jaipur,202,"Architecture (5 Years, Bachelor of Architecture)",5101,HS,OPEN (PwD),Gender-Neutral,1
172,Malaviya National Institute of Technology Jaipur,202,"Architecture (5 Years, Bachelor of Architecture)",5101,HS,OBC-NCL,Gender-Neutral,1
173,Malaviya National Institute of Technology Jaipur,202,"Architecture (5 Years, Bachelor of Architecture)",5101,HS,OBC-NCL(PwD),Female-only (including Supernumerary),1
174,Malaviya National Institute of Technology Jaipur,202,"Architecture (5 Years, Bachelor of Architecture)",5101,HS,SC,Gender-Neutral,1
175,Malaviya National Institute of Technology Jaipur,202,"Architecture (5 Years, Bachelor of Architecture)",5101,OS,OPEN,Gender-Neutral,4
176,Malaviya National Institute of Technology Jaipur,202,"Architecture (5 Years, Bachelor of Architecture)",5101,OS,OBC-NCL,Gender-Neutral,1
177,Malaviya National Institute of Technology Jaipur,202,"Architecture (5 Years, Bachelor of Architecture)",5101,OS,OBC-NCL(PwD),Gender-Neutral,1
178,Malaviya National Institute of Technology Jaipur,202,"Architecture (5 Years, Bachelor of Architecture)",5101,OS,SC,Gender-Neutral,1
179,Maulana Azad National Institute of Technology Bhopal,203,"Chemical Engineering (4 Years, Bachelor of Technology)",4107,HS,OPEN,Gender-Neutral,1
180,Maulana Azad National Institute of Technology Bhopal,203,"Chemical Engineering (4 Years, Bachelor of Technology)",4107,HS,OPEN,Female-only (including Supernumerary),1
181,Maulana Azad National Institute of Technology Bhopal,203,"Chemical Engineering (4 Years, Bachelor of Technology)",4107,OS,SC,Gender-Neutral,1
182,Maulana Azad National Institute of Technology Bhopal,203,"Civil Engineering (4 Years, Bachelor of Technology)",4109,HS,OPEN,Gender-Neutral,2
183,Maulana Azad National Institute of Technology Bhopal,203,"Civil Engineering (4 Years, Bachelor of Technology)",4109,HS,OPEN,Female-only (including Supernumerary),1
184,Maulana Azad National Institute of Technology Bhopal,203,"Civil Engineering (4 Years, Bachelor of Technology)",4109,HS,GEN-EWS,Gender-Neutral,1
185,Maulana Azad National Institute of Technology Bhopal,203,"Civil Engineering (4 Years, Bachelor of Technology)",4109,HS,SC,Female-only (including Supernumerary),2
186,Maulana Azad National Institute of Technology Bhopal,203,"Civil Engineering (4 Years, Bachelor of Technology)",4109,OS,OPEN,Gender-Neutral,3
187,Maulana Azad National Institute of Technology Bhopal,203,"Civil Engineering (4 Years, Bachelor of Technology)",4109,OS,OBC-NCL,Gender-Neutral,1
188,Maulana Azad National Institute of Technology Bhopal,203,"Computer Science and Engineering (4 Years, Bachelor of Technology)",4110,HS,OPEN,Gender-Neutral,3
189,Maulana Azad National Institute of Technology Bhopal,203,"Computer Science and Engineering (4 Years, Bachelor of Technology)",4110,HS,OBC-NCL,Gender-Neutral,1
190,Maulana Azad National Institute of Technology Bhopal,203,"Computer Science and Engineering (4 Years, Bachelor of Technology)",4110,OS,OPEN,Gender-Neutral,1
191,Maulana Azad National Institute of Technology Bhopal,203,"Computer Science and Engineering (4 Years, Bachelor of Technology)",4110,OS,OPEN,Female-only (including Supernumerary),2
192,Maulana Azad National Institute of Technology Bhopal,203,"Computer Science and Engineering (4 Years, Bachelor of Technology)",4110,OS,GEN-EWS,Gender-Neutral,1
193,Maulana Azad National Institute of Technology Bhopal,203,"Computer Science and Engineering (4 Years, Bachelor of Technology)",4110,OS,OBC-NCL,Gender-Neutral,3
194,Maulana Azad National Institute of Technology Bhopal,203,"Computer Science and Engineering (4 Years, Bachelor of Technology)",4110,OS,OBC-NCL,Female-only (including Supernumerary),1
195,Maulana Azad National Institute of Technology Bhopal,203,"Computer Science and Engineering (4 Years, Bachelor of Technology)",4110,OS,OBC-NCL(PwD),Female-only (including Supernumerary),1
196,Maulana Azad National Institute of Technology Bhopal,203,"Electrical Engineering (4 Years, Bachelor of Technology)",4111,HS,OPEN,Gender-Neutral,1
197,Maulana Azad National Institute of Technology Bhopal,203,"Electrical Engineering (4 Years, Bachelor of Technology)",4111,HS,OBC-NCL,Gender-Neutral,1
198,Maulana Azad National Institute of Technology Bhopal,203,"Electrical Engineering (4 Years, Bachelor of Technology)",4111,HS,SC,Female-only (including Supernumerary),1
199,Maulana Azad National Institute of Technology Bhopal,203,"Electrical Engineering (4 Years, Bachelor of Technology)",4111,OS,OPEN,Gender-Neutral,3
200,Maulana Azad National Institute of Technology Bhopal,203,"Electrical Engineering (4 Years, Bachelor of Technology)",4111,OS,OPEN,Female-only (including Supernumerary),1
201,Maulana Azad National Institute of Technology Bhopal,203,"Electrical Engineering (4 Years, Bachelor of Technology)",4111,OS,SC,Gender-Neutral,1
202,Maulana Azad National Institute of Technology Bhopal,203,"Electronics and Communication Engineering (4 Years, Bachelor of Technology)",4114,HS,OPEN,Gender-Neutral,3
203,Maulana Azad National Institute of Technology Bhopal,203,"Electronics and Communication Engineering (4 Years, Bachelor of Technology)",4114,HS,OPEN,Female-only (including Supernumerary),1
204,Maulana Azad National Institute of Technology Bhopal,203,"Electronics and Communication Engineering (4 Years, Bachelor of Technology)",4114,HS,OBC-NCL(PwD),Female-only (including Supernumerary),1
205,Maulana Azad National Institute of Technology Bhopal,203,"Electronics and Communication Engineering (4 Years, Bachelor of Technology)",4114,OS,OPEN,Gender-Neutral,5
206,Maulana Azad National Institute of Technology Bhopal,203,"Electronics and Communication Engineering (4 Years, Bachelor of Technology)",4114,OS,OPEN,Female-only (including Supernumerary),1
207,Maulana Azad National Institute of Technology Bhopal,203,"Electronics and Communication Engineering (4 Years, Bachelor of Technology)",4114,OS,GEN-EWS,Gender-Neutral,1
208,Maulana Azad National Institute of Technology Bhopal,203,"Electronics and Communication Engineering (4 Years, Bachelor of Technology)",4114,OS,GEN-EWS(PwD),Female-only (including Supernumerary),1
209,Maulana Azad National Institute of Technology Bhopal,203,"Electronics and Communication Engineering (4 Years, Bachelor of Technology)",4114,OS,OBC-NCL,Gender-Neutral,3
210,Maulana Azad National Institute of Technology Bhopal,203,"Electronics and Communication Engineering (4 Years, Bachelor of Technology)",4114,OS,SC (PwD),Female-only (including Supernumerary),1
211,Maulana Azad National Institute of Technology Bhopal,203,"Electronics and Communication Engineering (4 Years, Bachelor of Technology)",4114,OS,ST,Gender-Neutral,1
212,Maulana Azad National Institute of Technology Bhopal,203,"Mechanical Engineering (4 Years, Bachelor of Technology)",4125,HS,OPEN,Gender-Neutral,1
213,Maulana Azad National Institute of Technology Bhopal,203,"Mechanical Engineering (4 Years, Bachelor of Technology)",4125,HS,OPEN,Female-only (including Supernumerary),1
214,Maulana Azad National Institute of Technology Bhopal,203,"Mechanical Engineering (4 Years, Bachelor of Technology)",4125,HS,GEN-EWS,Gender-Neutral,1
215,Maulana Azad National Institute of Technology Bhopal,203,"Mechanical Engineering (4 Years, Bachelor of Technology)",4125,HS,GEN-EWS(PwD),Gender-Neutral,1
216,Maulana Azad National Institute of Technology Bhopal,203,"Mechanical Engineering (4 Years, Bachelor of Technology)",4125,HS,OBC-NCL,Female-only (including Supernumerary),1
217,Maulana Azad National Institute of Technology Bhopal,203,"Mechanical Engineering (4 Years, Bachelor of Technology)",4125,HS,OBC-NCL(PwD),Female-only (including Supernumerary),1
218,Maulana Azad National Institute of Technology Bhopal,203,"Mechanical Engineering (4 Years, Bachelor of Technology)",4125,HS,SC,Gender-Neutral,1
219,Maulana Azad National Institute of Technology Bhopal,203,"Mechanical Engineering (4 Years, Bachelor of Technology)",4125,HS,SC (PwD),Gender-Neutral,2
220,Maulana Azad National Institute of Technology Bhopal,203,"Mechanical Engineering (4 Years, Bachelor of Technology)",4125,HS,ST (PwD),Gender-Neutral,1
221,Maulana Azad National Institute of Technology Bhopal,203,"Mechanical Engineering (4 Years, Bachelor of Technology)",4125,OS,OPEN,Gender-Neutral,4
222,Maulana Azad National Institute of Technology Bhopal,203,"Mechanical Engineering (4 Years, Bachelor of Technology)",4125,OS,OPEN,Female-only (including Supernumerary),1
223,Maulana Azad National Institute of Technology Bhopal,203,"Mechanical Engineering (4 Years, Bachelor of Technology)",4125,OS,OPEN (PwD),Female-only (including Supernumerary),1
224,Maulana Azad National Institute of Technology Bhopal,203,"Mechanical Engineering (4 Years, Bachelor of Technology)",4125,OS,GEN-EWS,Gender-Neutral,3
225,Maulana Azad National Institute of Technology Bhopal,203,"Mechanical Engineering (4 Years, Bachelor of Technology)",4125,OS,OBC-NCL,Gender-Neutral,4
226,Maulana Azad National Institute of Technology Bhopal,203,"Mechanical Engineering (4 Years, Bachelor of Technology)",4125,OS,SC,Gender-Neutral,2
227,Maulana Azad National Institute of Technology Bhopal,203,"Mechanical Engineering (4 Years, Bachelor of Technology)",4125,OS,ST,Gender-Neutral,2
228,Maulana Azad National Institute of Technology Bhopal,203,"Energy and Electrical Vehicle Engineering (4 Years, Bachelor of Technology)",412X,OS,OPEN,Gender-Neutral,2
229,Maulana Azad National Institute of Technology Bhopal,203,"Energy and Electrical Vehicle Engineering (4 Years, Bachelor of Technology)",412X,OS,SC,Gender-Neutral,1
230,Maulana Azad National Institute of Technology Bhopal,203,"Electrical Engineering with E Mobility (4 Years, Bachelor of Technology)",413N,HS,GEN-EWS,Gender-Neutral,1
231,Maulana Azad National Institute of Technology Bhopal,203,"Electrical Engineering with E Mobility (4 Years, Bachelor of Technology)",413N,OS,OPEN,Gender-Neutral,2
232,Maulana Azad National Institute of Technology Bhopal,203,"Electrical Engineering with E Mobility (4 Years, Bachelor of Technology)",413N,OS,SC,Female-only (including Supernumerary),1
233,Maulana Azad National Institute of Technology Bhopal,203,"Materials and Metallurgical Engineering (4 Years, Bachelor of Technology)",4180,HS,OPEN (PwD),Gender-Neutral,1
234,Maulana Azad National Institute of Technology Bhopal,203,"Materials and Metallurgical Engineering (4 Years, Bachelor of Technology)",4180,HS,OBC-NCL,Gender-Neutral,1
235,Maulana Azad National Institute of Technology Bhopal,203,"Materials and Metallurgical Engineering (4 Years, Bachelor of Technology)",4180,HS,OBC-NCL,Female-only (including Supernumerary),1
236,Maulana Azad National Institute of Technology Bhopal,203,"Materials and Metallurgical Engineering (4 Years, Bachelor of Technology)",4180,HS,SC,Gender-Neutral,1
237,Maulana Azad National Institute of Technology Bhopal,203,"Materials and Metallurgical Engineering (4 Years, Bachelor of Technology)",4180,OS,OPEN,Gender-Neutral,4
238,Maulana Azad National Institute of Technology Bhopal,203,"Materials and Metallurgical Engineering (4 Years, Bachelor of Technology)",4180,OS,OPEN,Female-only (including Supernumerary),2
239,Maulana Azad National Institute of Technology Bhopal,203,"Materials and Metallurgical Engineering (4 Years, Bachelor of Technology)",4180,OS,SC,Gender-Neutral,1
240,Maulana Azad National Institute of Technology Bhopal,203,"Planning (4 Years, Bachelor of Planning)",4501,HS,OPEN,Gender-Neutral,3
241,Maulana Azad National Institute of Technology Bhopal,203,"Planning (4 Years, Bachelor of Planning)",4501,HS,OPEN (PwD),Gender-Neutral,1
242,Maulana Azad National Institute of Technology Bhopal,203,"Planning (4 Years, Bachelor of Planning)",4501,HS,GEN-EWS,Gender-Neutral,2
243,Maulana Azad National Institute of Technology Bhopal,203,"Planning (4 Years, Bachelor of Planning)",4501,HS,GEN-EWS,Female-only (including Supernumerary),1
244,Maulana Azad National Institute of Technology Bhopal,203,"Planning (4 Years, Bachelor of Planning)",4501,HS,OBC-NCL,Gender-Neutral,2
245,Maulana Azad National Institute of Technology Bhopal,203,"Planning (4 Years, Bachelor of Planning)",4501,HS,OBC-NCL,Female-only (including Supernumerary),1
246,Maulana Azad National Institute of Technology Bhopal,203,"Planning (4 Years, Bachelor of Planning)",4501,HS,OBC-NCL(PwD),Gender-Neutral,1
247,Maulana Azad National Institute of Technology Bhopal,203,"Planning (4 Years, Bachelor of Planning)",4501,HS,SC,Gender-Neutral,1
248,Maulana Azad National Institute of Technology Bhopal,203,"Planning (4 Years, Bachelor of Planning)",4501,HS,ST,Gender-Neutral,1
249,Maulana Azad National Institute of Technology Bhopal,203,"Planning (4 Years, Bachelor of Planning)",4501,OS,OPEN,Gender-Neutral,2
250,Maulana Azad National Institute of Technology Bhopal,203,"Planning (4 Years, Bachelor of Planning)",4501,OS,OPEN,Female-only (including Supernumerary),2
251,Maulana Azad National Institute of Technology Bhopal,203,"Planning (4 Years, Bachelor of Planning)",4501,OS,GEN-EWS,Gender-Neutral,1
252,Maulana Azad National Institute of Technology Bhopal,203,"Planning (4 Years, Bachelor of Planning)",4501,OS,OBC-NCL,Female-only (including Supernumerary),1
253,Maulana Azad National Institute of Technology Bhopal,203,"Planning (4 Years, Bachelor of Planning)",4501,OS,SC,Gender-Neutral,2
254,Maulana Azad National Institute of Technology Bhopal,203,"Planning (4 Years, Bachelor of Planning)",4501,OS,SC,Female-only (including Supernumerary),1
255,Maulana Azad National Institute of Technology Bhopal,203,"Planning (4 Years, Bachelor of Planning)",4501,OS,SC (PwD),Gender-Neutral,1
256,Maulana Azad National Institute of Technology Bhopal,203,"Architecture (5 Years, Bachelor of Architecture)",5101,HS,OPEN,Gender-Neutral,2
257,Maulana Azad National Institute of Technology Bhopal,203,"Architecture (5 Years, Bachelor of Architecture)",5101,HS,OPEN,Female-only (including Supernumerary),1
258,Maulana Azad National Institute of Technology Bhopal,203,"Architecture (5 Years, Bachelor of Architecture)",5101,HS,OBC-NCL,Gender-Neutral,4
259,Maulana Azad National Institute of Technology Bhopal,203,"Architecture (5 Years, Bachelor of Architecture)",5101,HS,OBC-NCL,Female-only (including Supernumerary),1
260,Maulana Azad National Institute of Technology Bhopal,203,"Architecture (5 Years, Bachelor of Architecture)",5101,HS,OBC-NCL(PwD),Gender-Neutral,1
261,Maulana Azad National Institute of Technology Bhopal,203,"Architecture (5 Years, Bachelor of Architecture)",5101,HS,SC,Gender-Neutral,1
262,Maulana Azad National Institute of Technology Bhopal,203,"Architecture (5 Years, Bachelor of Architecture)",5101,OS,OPEN,Gender-Neutral,5
263,Maulana Azad National Institute of Technology Bhopal,203,"Architecture (5 Years, Bachelor of Architecture)",5101,OS,OPEN,Female-only (including Supernumerary),1
264,Maulana Azad National Institute of Technology Bhopal,203,"Architecture (5 Years, Bachelor of Architecture)",5101,OS,OPEN (PwD),Gender-Neutral,1
265,Maulana Azad National Institute of Technology Bhopal,203,"Architecture (5 Years, Bachelor of Architecture)",5101,OS,GEN-EWS,Female-only (including Supernumerary),1
266,Maulana Azad National Institute of Technology Bhopal,203,"Architecture (5 Years, Bachelor of Architecture)",5101,OS,OBC-NCL,Female-only (including Supernumerary),1
267,Maulana Azad National Institute of Technology Bhopal,203,"Architecture (5 Years, Bachelor of Architecture)",5101,OS,OBC-NCL(PwD),Gender-Neutral,1
268,Maulana Azad National Institute of Technology Bhopal,203,"Architecture (5 Years, Bachelor of Architecture)",5101,OS,SC,Gender-Neutral,1
269,Maulana Azad National Institute of Technology Bhopal,203,"Architecture (5 Years, Bachelor of Architecture)",5101,OS,ST,Gender-Neutral,1
270,Maulana Azad National Institute of Technology Bhopal,203,"Mathematics and Data Science (5 Years, Bachelor and Master of Technology (Dual Degree))",520F,OS,OBC-NCL,Gender-Neutral,1
271,Maulana Azad National Institute of Technology Bhopal,203,"B. Tech. and M. Tech. in Engineering and Computational Mechanics (Dual Degree) (5 Years, Bachelor and Master of Technology (Dual Degree))",522S,OS,OPEN,Gender-Neutral,2
272,Maulana Azad National Institute of Technology Bhopal,203,"B. Tech. and M. Tech. in Engineering and Computational Mechanics (Dual Degree) (5 Years, Bachelor and Master of Technology (Dual Degree))",522S,OS,OPEN,Female-only (including Supernumerary),1
273,Maulana Azad National Institute of Technology Bhopal,203,"B. Tech. and M. Tech. in Engineering and Computational Mechanics (Dual Degree) (5 Years, Bachelor and Master of Technology (Dual Degree))",522S,OS,OBC-NCL,Gender-Neutral,1
274,Maulana Azad National Institute of Technology Bhopal,203,"B. Tech. and M. Tech. in Engineering and Computational Mechanics (Dual Degree) (5 Years, Bachelor and Master of Technology (Dual Degree))",522S,OS,SC,Gender-Neutral,1
275,Motilal Nehru National Institute of Technology Allahabad,204,"Bio Technology (4 Years, Bachelor of Technology)",4104,HS,OPEN,Gender-Neutral,1
276,Motilal Nehru National Institute of Technology Allahabad,204,"Bio Technology (4 Years, Bachelor of Technology)",4104,HS,OPEN,Female-only (including Supernumerary),2
277,Motilal Nehru National Institute of Technology Allahabad,204,"Bio Technology (4 Years, Bachelor of Technology)",4104,HS,OBC-NCL,Gender-Neutral,1
278,Motilal Nehru National Institute of Technology Allahabad,204,"Bio Technology (4 Years, Bachelor of Technology)",4104,HS,SC (PwD),Gender-Neutral,1
279,Motilal Nehru National Institute of Technology Allahabad,204,"Bio Technology (4 Years, Bachelor of Technology)",4104,OS,OPEN,Gender-Neutral,7
280,Motilal Nehru National Institute of Technology Allahabad,204,"Bio Technology (4 Years, Bachelor of Technology)",4104,OS,OPEN,Female-only (including Supernumerary),1
281,Motilal Nehru National Institute of Technology Allahabad,204,"Bio Technology (4 Years, Bachelor of Technology)",4104,OS,GEN-EWS,Gender-Neutral,1
282,Motilal Nehru National Institute of Technology Allahabad,204,"Bio Technology (4 Years, Bachelor of Technology)",4104,OS,OBC-NCL,Gender-Neutral,2
283,Motilal Nehru National Institute of Technology Allahabad,204,"Bio Technology (4 Years, Bachelor of Technology)",4104,OS,ST,Gender-Neutral,1
284,Motilal Nehru National Institute of Technology Allahabad,204,"Bio Technology (4 Years, Bachelor of Technology)",4104,OS,ST,Female-only (including Supernumerary),1
285,Motilal Nehru National Institute of Technology Allahabad,204,"Chemical Engineering (4 Years, Bachelor of Technology)",4107,HS,OPEN,Gender-Neutral,1
286,Motilal Nehru National Institute of Technology Allahabad,204,"Chemical Engineering (4 Years, Bachelor of Technology)",4107,OS,OPEN,Gender-Neutral,1
287,Motilal Nehru National Institute of Technology Allahabad,204,"Chemical Engineering (4 Years, Bachelor of Technology)",4107,OS,OPEN,Female-only (including Supernumerary),1
288,Motilal Nehru National Institute of Technology Allahabad,204,"Chemical Engineering (4 Years, Bachelor of Technology)",4107,OS,GEN-EWS,Female-only (including Supernumerary),1
289,Motilal Nehru National Institute of Technology Allahabad,204,"Chemical Engineering (4 Years, Bachelor of Technology)",4107,OS,OBC-NCL,Gender-Neutral,1
290,Motilal Nehru National Institute of Technology Allahabad,204,"Civil Engineering (4 Years, Bachelor of Technology)",4109,HS,OPEN,Gender-Neutral,2
291,Motilal Nehru National Institute of Technology Allahabad,204,"Civil Engineering (4 Years, Bachelor of Technology)",4109,HS,OBC-NCL(PwD),Gender-Neutral,1
292,Motilal Nehru National Institute of Technology Allahabad,204,"Civil Engineering (4 Years, Bachelor of Technology)",4109,OS,OPEN,Gender-Neutral,3
293,Motilal Nehru National Institute of Technology Allahabad,204,"Civil Engineering (4 Years, Bachelor of Technology)",4109,OS,OPEN,Female-only (including Supernumerary),1
294,Motilal Nehru National Institute of Technology Allahabad,204,"Civil Engineering (4 Years, Bachelor of Technology)",4109,OS,SC,Gender-Neutral,1
295,Motilal Nehru National Institute of Technology Allahabad,204,"Civil Engineering (4 Years, Bachelor of Technology)",4109,OS,SC,Female-only (including Supernumerary),1
296,Motilal Nehru National Institute of Technology Allahabad,204,"Computer Science and Engineering (4 Years, Bachelor of Technology)",4110,HS,OPEN,Gender-Neutral,2
297,Motilal Nehru National Institute of Technology Allahabad,204,"Computer Science and Engineering (4 Years, Bachelor of Technology)",4110,HS,ST,Gender-Neutral,1
298,Motilal Nehru National Institute of Technology Allahabad,204,"Computer Science and Engineering (4 Years, Bachelor of Technology)",4110,OS,OPEN,Gender-Neutral,5
299,Motilal Nehru National Institute of Technology Allahabad,204,"Computer Science and Engineering (4 Years, Bachelor of Technology)",4110,OS,OPEN,Female-only (including Supernumerary),1
300,Motilal Nehru National Institute of Technology Allahabad,204,"Computer Science and Engineering (4 Years, Bachelor of Technology)",4110,OS,GEN-EWS,Gender-Neutral,2
301,Motilal Nehru National Institute of Technology Allahabad,204,"Computer Science and Engineering (4 Years, Bachelor of Technology)",4110,OS,OBC-NCL,Gender-Neutral,3
302,Motilal Nehru National Institute of Technology Allahabad,204,"Computer Science and Engineering (4 Years, Bachelor of Technology)",4110,OS,SC,Gender-Neutral,2
303,Motilal Nehru National Institute of Technology Allahabad,204,"Computer Science and Engineering (4 Years, Bachelor of Technology)",4110,OS,ST,Gender-Neutral,1
304,Motilal Nehru National Institute of Technology Allahabad,204,"Electrical Engineering (4 Years, Bachelor of Technology)",4111,HS,OPEN (PwD),Gender-Neutral,1
305,Motilal Nehru National Institute of Technology Allahabad,204,"Electrical Engineering (4 Years, Bachelor of Technology)",4111,HS,OBC-NCL,Gender-Neutral,1
306,Motilal Nehru National Institute of Technology Allahabad,204,"Electrical Engineering (4 Years, Bachelor of Technology)",4111,HS,SC,Female-only (including Supernumerary),1
307,Motilal Nehru National Institute of Technology Allahabad,204,"Electrical Engineering (4 Years, Bachelor of Technology)",4111,OS,OPEN,Female-only (including Supernumerary),2
308,Motilal Nehru National Institute of Technology Allahabad,204,"Electrical Engineering (4 Years, Bachelor of Technology)",4111,OS,OBC-NCL,Gender-Neutral,1
309,Motilal Nehru National Institute of Technology Allahabad,204,"Electrical Engineering (4 Years, Bachelor of Technology)",4111,OS,OBC-NCL,Female-only (including Supernumerary),1
310,Motilal Nehru National Institute of Technology Allahabad,204,"Electrical Engineering (4 Years, Bachelor of Technology)",4111,OS,ST,Gender-Neutral,1
311,Motilal Nehru National Institute of Technology Allahabad,204,"Electronics and Communication Engineering (4 Years, Bachelor of Technology)",4114,HS,OPEN,Gender-Neutral,3
312,Motilal Nehru National Institute of Technology Allahabad,204,"Electronics and Communication Engineering (4 Years, Bachelor of Technology)",4114,HS,GEN-EWS,Gender-Neutral,2
313,Motilal Nehru National Institute of Technology Allahabad,204,"Electronics and Communication Engineering (4 Years, Bachelor of Technology)",4114,HS,ST (PwD),Gender-Neutral,1
314,Motilal Nehru National Institute of Technology Allahabad,204,"Electronics and Communication Engineering (4 Years, Bachelor of Technology)",4114,OS,OPEN,Gender-Neutral,8
315,Motilal Nehru National Institute of Technology Allahabad,204,"Electronics and Communication Engineering (4 Years, Bachelor of Technology)",4114,OS,OPEN,Female-only (including Supernumerary),2
316,Motilal Nehru National Institute of Technology Allahabad,204,"Electronics and Communication Engineering (4 Years, Bachelor of Technology)",4114,OS,GEN-EWS(PwD),Female-only (including Supernumerary),1
317,Motilal Nehru National Institute of Technology Allahabad,204,"Electronics and Communication Engineering (4 Years, Bachelor of Technology)",4114,OS,OBC-NCL,Gender-Neutral,1
318,Motilal Nehru National Institute of Technology Allahabad,204,"Mathematics and Computing (4 Years, Bachelor of Technology)",4124,OS,OPEN,Gender-Neutral,1
319,Motilal Nehru National Institute of Technology Allahabad,204,"Mathematics and Computing (4 Years, Bachelor of Technology)",4124,OS,OBC-NCL,Gender-Neutral,2
320,Motilal Nehru National Institute of Technology Allahabad,204,"Mechanical Engineering (4 Years, Bachelor of Technology)",4125,HS,OBC-NCL,Gender-Neutral,1
321,Motilal Nehru National Institute of Technology Allahabad,204,"Mechanical Engineering (4 Years, Bachelor of Technology)",4125,HS,SC,Gender-Neutral,2
322,Motilal Nehru National Institute of Technology Allahabad,204,"Mechanical Engineering (4 Years, Bachelor of Technology)",4125,HS,SC,Female-only (including Supernumerary),1
323,Motilal Nehru National Institute of Technology Allahabad,204,"Mechanical Engineering (4 Years, Bachelor of Technology)",4125,HS,ST,Female-only (including Supernumerary),1
324,Motilal Nehru National Institute of Technology Allahabad,204,"Mechanical Engineering (4 Years, Bachelor of Technology)",4125,HS,ST (PwD),Gender-Neutral,1
325,Motilal Nehru National Institute of Technology Allahabad,204,"Mechanical Engineering (4 Years, Bachelor of Technology)",4125,OS,OPEN,Gender-Neutral,7
326,Motilal Nehru National Institute of Technology Allahabad,204,"Mechanical Engineering (4 Years, Bachelor of Technology)",4125,OS,OPEN (PwD),Gender-Neutral,1
327,Motilal Nehru National Institute of Technology Allahabad,204,"Mechanical Engineering (4 Years, Bachelor of Technology)",4125,OS,GEN-EWS,Gender-Neutral,1
328,Motilal Nehru National Institute of Technology Allahabad,204,"Mechanical Engineering (4 Years, Bachelor of Technology)",4125,OS,OBC-NCL,Gender-Neutral,4
329,Motilal Nehru National Institute of Technology Allahabad,204,"Mechanical Engineering (4 Years, Bachelor of Technology)",4125,OS,OBC-NCL,Female-only (including Supernumerary),1
330,Motilal Nehru National Institute of Technology Allahabad,204,"Mechanical Engineering (4 Years, Bachelor of Technology)",4125,OS,SC,Gender-Neutral,3
331,Motilal Nehru National Institute of Technology Allahabad,204,"Mechanical Engineering (4 Years, Bachelor of Technology)",4125,OS,ST,Gender-Neutral,1
332,Motilal Nehru National Institute of Technology Allahabad,204,"Materials Engineering (4 Years, Bachelor of Technology)",412H,HS,GEN-EWS,Gender-Neutral,1
333,Motilal Nehru National Institute of Technology Allahabad,204,"Materials Engineering (4 Years, Bachelor of Technology)",412H,HS,GEN-EWS(PwD),Female-only (including Supernumerary),1
334,Motilal Nehru National Institute of Technology Allahabad,204,"Materials Engineering (4 Years, Bachelor of Technology)",412H,HS,OBC-NCL,Gender-Neutral,1
335,Motilal Nehru National Institute of Technology Allahabad,204,"Materials Engineering (4 Years, Bachelor of Technology)",412H,HS,ST,Gender-Neutral,1
336,Motilal Nehru National Institute of Technology Allahabad,204,"Materials Engineering (4 Years, Bachelor of Technology)",412H,OS,OPEN,Gender-Neutral,1
337,Motilal Nehru National Institute of Technology Allahabad,204,"Materials Engineering (4 Years, Bachelor of Technology)",412H,OS,OPEN,Female-only (including Supernumerary),1
338,Motilal Nehru National Institute of Technology Allahabad,204,"Materials Engineering (4 Years, Bachelor of Technology)",412H,OS,SC,Gender-Neutral,1
339,Motilal Nehru National Institute of Technology Allahabad,204,"Engineering and Computational Mechanics (4 Years, Bachelor of Technology)",4192,HS,OPEN,Gender-Neutral,3
340,Motilal Nehru National Institute of Technology Allahabad,204,"Engineering and Computational Mechanics (4 Years, Bachelor of Technology)",4192,OS,OPEN,Gender-Neutral,3
341,Motilal Nehru National Institute of Technology Allahabad,204,"Engineering and Computational Mechanics (4 Years, Bachelor of Technology)",4192,OS,OPEN,Female-only (including Supernumerary),1
342,National Institute of Technology Agartala,205,"Biotechnology and Biochemical Engineering (4 Years, Bachelor of Technology)",4105,HS,OPEN,Gender-Neutral,1
343,National Institute of Technology Agartala,205,"Biotechnology and Biochemical Engineering (4 Years, Bachelor of Technology)",4105,HS,OPEN,Female-only (including Supernumerary),1
344,National Institute of Technology Agartala,205,"Biotechnology and Biochemical Engineering (4 Years, Bachelor of Technology)",4105,HS,GEN-EWS,Gender-Neutral,1
345,National Institute of Technology Agartala,205,"Biotechnology and Biochemical Engineering (4 Years, Bachelor of Technology)",4105,HS,SC,Gender-Neutral,1
346,National Institute of Technology Agartala,205,"Biotechnology and Biochemical Engineering (4 Years, Bachelor of Technology)",4105,HS,SC,Female-only (including Supernumerary),1
347,National Institute of Technology Agartala,205,"Biotechnology and Biochemical Engineering (4 Years, Bachelor of Technology)",4105,HS,SC (PwD),Gender-Neutral,1
348,National Institute of Technology Agartala,205,"Biotechnology and Biochemical Engineering (4 Years, Bachelor of Technology)",4105,HS,ST,Gender-Neutral,1
349,National Institute of Technology Agartala,205,"Biotechnology and Biochemical Engineering (4 Years, Bachelor of Technology)",4105,HS,ST (PwD),Gender-Neutral,1
350,National Institute of Technology Agartala,205,"Biotechnology and Biochemical Engineering (4 Years, Bachelor of Technology)",4105,OS,OPEN,Gender-Neutral,6
351,National Institute of Technology Agartala,205,"Biotechnology and Biochemical Engineering (4 Years, Bachelor of Technology)",4105,OS,OPEN,Female-only (including Supernumerary),2
352,National Institute of Technology Agartala,205,"Biotechnology and Biochemical Engineering (4 Years, Bachelor of Technology)",4105,OS,GEN-EWS,Gender-Neutral,1
353,National Institute of Technology Agartala,205,"Biotechnology and Biochemical Engineering (4 Years, Bachelor of Technology)",4105,OS,OBC-NCL,Gender-Neutral,4
354,National Institute of Technology Agartala,205,"Biotechnology and Biochemical Engineering (4 Years, Bachelor of Technology)",4105,OS,OBC-NCL,Female-only (including Supernumerary),1
355,National Institute of Technology Agartala,205,"Biotechnology and Biochemical Engineering (4 Years, Bachelor of Technology)",4105,OS,SC,Gender-Neutral,1
356,National Institute of Technology Agartala,205,"Biotechnology and Biochemical Engineering (4 Years, Bachelor of Technology)",4105,OS,SC,Female-only (including Supernumerary),1
357,National Institute of Technology Agartala,205,"Biotechnology and Biochemical Engineering (4 Years, Bachelor of Technology)",4105,OS,SC (PwD),Gender-Neutral,2
358,National Institute of Technology Agartala,205,"Biotechnology and Biochemical Engineering (4 Years, Bachelor of Technology)",4105,OS,ST,Gender-Neutral,1
359,National Institute of Technology Agartala,205,"Biotechnology and Biochemical Engineering (4 Years, Bachelor of Technology)",4105,OS,ST,Female-only (including Supernumerary),1
360,National Institute of Technology Agartala,205,"Chemical Engineering (4 Years, Bachelor of Technology)",4107,HS,OPEN,Gender-Neutral,1
361,National Institute of Technology Agartala,205,"Chemical Engineering (4 Years, Bachelor of Technology)",4107,HS,OPEN,Female-only (including Supernumerary),1
362,National Institute of Technology Agartala,205,"Chemical Engineering (4 Years, Bachelor of Technology)",4107,HS,OPEN (PwD),Gender-Neutral,1
363,National Institute of Technology Agartala,205,"Chemical Engineering (4 Years, Bachelor of Technology)",4107,HS,SC (PwD),Gender-Neutral,1
364,National Institute of Technology Agartala,205,"Chemical Engineering (4 Years, Bachelor of Technology)",4107,HS,ST,Gender-Neutral,6
365,National Institute of Technology Agartala,205,"Chemical Engineering (4 Years, Bachelor of Technology)",4107,HS,ST,Female-only (including Supernumerary),2
366,National Institute of Technology Agartala,205,"Chemical Engineering (4 Years, Bachelor of Technology)",4107,OS,OPEN,Gender-Neutral,4
367,National Institute of Technology Agartala,205,"Chemical Engineering (4 Years, Bachelor of Technology)",4107,OS,OPEN,Female-only (including Supernumerary),3
368,National Institute of Technology Agartala,205,"Chemical Engineering (4 Years, Bachelor of Technology)",4107,OS,GEN-EWS,Gender-Neutral,2
369,National Institute of Technology Agartala,205,"Chemical Engineering (4 Years, Bachelor of Technology)",4107,OS,OBC-NCL,Gender-Neutral,2
370,National Institute of Technology Agartala,205,"Chemical Engineering (4 Years, Bachelor of Technology)",4107,OS,SC (PwD),Gender-Neutral,1
371,National Institute of Technology Agartala,205,"Civil Engineering (4 Years, Bachelor of Technology)",4109,HS,OPEN,Gender-Neutral,1
372,National Institute of Technology Agartala,205,"Civil Engineering (4 Years, Bachelor of Technology)",4109,HS,OPEN (PwD),Gender-Neutral,1
373,National Institute of Technology Agartala,205,"Civil Engineering (4 Years, Bachelor of Technology)",4109,HS,SC,Gender-Neutral,1
374,National Institute of Technology Agartala,205,"Civil Engineering (4 Years, Bachelor of Technology)",4109,HS,SC (PwD),Gender-Neutral,1
375,National Institute of Technology Agartala,205,"Civil Engineering (4 Years, Bachelor of Technology)",4109,HS,ST,Gender-Neutral,1
376,National Institute of Technology Agartala,205,"Civil Engineering (4 Years, Bachelor of Technology)",4109,HS,ST,Female-only (including Supernumerary),1
377,National Institute of Technology Agartala,205,"Civil Engineering (4 Years, Bachelor of Technology)",4109,HS,ST (PwD),Gender-Neutral,1
378,National Institute of Technology Agartala,205,"Civil Engineering (4 Years, Bachelor of Technology)",4109,OS,OPEN,Gender-Neutral,6
379,National Institute of Technology Agartala,205,"Civil Engineering (4 Years, Bachelor of Technology)",4109,OS,OPEN,Female-only (including Supernumerary),2
380,National Institute of Technology Agartala,205,"Civil Engineering (4 Years, Bachelor of Technology)",4109,OS,GEN-EWS,Gender-Neutral,2
381,National Institute of Technology Agartala,205,"Civil Engineering (4 Years, Bachelor of Technology)",4109,OS,OBC-NCL,Gender-Neutral,3
382,National Institute of Technology Agartala,205,"Civil Engineering (4 Years, Bachelor of Technology)",4109,OS,OBC-NCL,Female-only (including Supernumerary),3
383,National Institute of Technology Agartala,205,"Civil Engineering (4 Years, Bachelor of Technology)",4109,OS,SC,Gender-Neutral,3
384,National Institute of Technology Agartala,205,"Civil Engineering (4 Years, Bachelor of Technology)",4109,OS,ST,Female-only (including Supernumerary),1
385,National Institute of Technology Agartala,205,"Computer Science and Engineering (4 Years, Bachelor of Technology)",4110,HS,OPEN,Gender-Neutral,2
386,National Institute of Technology Agartala,205,"Computer Science and Engineering (4 Years, Bachelor of Technology)",4110,HS,OPEN,Female-only (including Supernumerary),2
387,National Institute of Technology Agartala,205,"Computer Science and Engineering (4 Years, Bachelor of Technology)",4110,HS,GEN-EWS,Gender-Neutral,1
388,National Institute of Technology Agartala,205,"Computer Science and Engineering (4 Years, Bachelor of Technology)",4110,HS,GEN-EWS(PwD),Gender-Neutral,2
389,National Institute of Technology Agartala,205,"Computer Science and Engineering (4 Years, Bachelor of Technology)",4110,HS,SC,Gender-Neutral,1
390,National Institute of Technology Agartala,205,"Computer Science and Engineering (4 Years, Bachelor of Technology)",4110,HS,ST,Gender-Neutral,1
391,National Institute of Technology Agartala,205,"Computer Science and Engineering (4 Years, Bachelor of Technology)",4110,HS,ST,Female-only (including Supernumerary),1
392,National Institute of Technology Agartala,205,"Computer Science and Engineering (4 Years, Bachelor of Technology)",4110,HS,ST (PwD),Gender-Neutral,1
393,National Institute of Technology Agartala,205,"Computer Science and Engineering (4 Years, Bachelor of Technology)",4110,OS,OPEN,Gender-Neutral,3
394,National Institute of Technology Agartala,205,"Computer Science and Engineering (4 Years, Bachelor of Technology)",4110,OS,OPEN,Female-only (including Supernumerary),2
395,National Institute of Technology Agartala,205,"Computer Science and Engineering (4 Years, Bachelor of Technology)",4110,OS,OBC-NCL,Gender-Neutral,2
396,National Institute of Technology Agartala,205,"Computer Science and Engineering (4 Years, Bachelor of Technology)",4110,OS,OBC-NCL(PwD),Gender-Neutral,1
397,National Institute of Technology Agartala,205,"Computer Science and Engineering (4 Years, Bachelor of Technology)",4110,OS,SC,Female-only (including Supernumerary),1
398,National Institute of Technology Agartala,205,"Computer Science and Engineering (4 Years, Bachelor of Technology)",4110,OS,ST,Gender-Neutral,1
399,National Institute of Technology Agartala,205,"Electrical Engineering (4 Years, Bachelor of Technology)",4111,HS,OPEN,Gender-Neutral,6
400,National Institute of Technology Agartala,205,"Electrical Engineering (4 Years, Bachelor of Technology)",4111,HS,OPEN,Female-only (including Supernumerary),1
401,National Institute of Technology Agartala,205,"Electrical Engineering (4 Years, Bachelor of Technology)",4111,HS,GEN-EWS(PwD),Gender-Neutral,1
402,National Institute of Technology Agartala,205,"Electrical Engineering (4 Years, Bachelor of Technology)",4111,HS,SC,Female-only (including Supernumerary),1
403,National Institute of Technology Agartala,205,"Electrical Engineering (4 Years, Bachelor of Technology)",4111,HS,ST,Gender-Neutral,1
404,National Institute of Technology Agartala,205,"Electrical Engineering (4 Years, Bachelor of Technology)",4111,HS,ST (PwD),Gender-Neutral,1
405,National Institute of Technology Agartala,205,"Electrical Engineering (4 Years, Bachelor of Technology)",4111,OS,OPEN,Gender-Neutral,2
406,National Institute of Technology Agartala,205,"Electrical Engineering (4 Years, Bachelor of Technology)",4111,OS,OPEN,Female-only (including Supernumerary),4
407,National Institute of Technology Agartala,205,"Electrical Engineering (4 Years, Bachelor of Technology)",4111,OS,OBC-NCL(PwD),Gender-Neutral,1
408,National Institute of Technology Agartala,205,"Electrical Engineering (4 Years, Bachelor of Technology)",4111,OS,SC,Gender-Neutral,1
409,National Institute of Technology Agartala,205,"Electrical Engineering (4 Years, Bachelor of Technology)",4111,OS,SC,Female-only (including Supernumerary),1
410,National Institute of Technology Agartala,205,"Electronics and Communication Engineering (4 Years, Bachelor of Technology)",4114,HS,OPEN,Gender-Neutral,6
411,National Institute of Technology Agartala,205,"Electronics and Communication Engineering (4 Years, Bachelor of Technology)",4114,HS,SC,Gender-Neutral,1
412,National Institute of Technology Agartala,205,"Electronics and Communication Engineering (4 Years, Bachelor of Technology)",4114,HS,SC (PwD),Gender-Neutral,1
413,National Institute of Technology Agartala,205,"Electronics and Communication Engineering (4 Years, Bachelor of Technology)",4114,HS,ST,Gender-Neutral,2
414,National Institute of Technology Agartala,205,"Electronics and Communication Engineering (4 Years, Bachelor of Technology)",4114,HS,ST (PwD),Gender-Neutral,1
415,National Institute of Technology Agartala,205,"Electronics and Communication Engineering (4 Years, Bachelor of Technology)",4114,OS,OPEN,Gender-Neutral,2
416,National Institute of Technology Agartala,205,"Electronics and Communication Engineering (4 Years, Bachelor of Technology)",4114,OS,OPEN,Female-only (including Supernumerary),1
417,National Institute of Technology Agartala,205,"Electronics and Communication Engineering (4 Years, Bachelor of Technology)",4114,OS,OBC-NCL,Gender-Neutral,1
418,National Institute of Technology Agartala,205,"Electronics and Communication Engineering (4 Years, Bachelor of Technology)",4114,OS,OBC-NCL,Female-only (including Supernumerary),2
419,National Institute of Technology Agartala,205,"Mechanical Engineering (4 Years, Bachelor of Technology)",4125,HS,OPEN,Gender-Neutral,1
420,National Institute of Technology Agartala,205,"Mechanical Engineering (4 Years, Bachelor of Technology)",4125,HS,GEN-EWS,Gender-Neutral,1
421,National Institute of Technology Agartala,205,"Mechanical Engineering (4 Years, Bachelor of Technology)",4125,HS,GEN-EWS(PwD),Gender-Neutral,2
422,National Institute of Technology Agartala,205,"Mechanical Engineering (4 Years, Bachelor of Technology)",4125,HS,SC,Gender-Neutral,1
423,National Institute of Technology Agartala,205,"Mechanical Engineering (4 Years, Bachelor of Technology)",4125,HS,ST,Gender-Neutral,2
424,National Institute of Technology Agartala,205,"Mechanical Engineering (4 Years, Bachelor of Technology)",4125,HS,ST,Female-only (including Supernumerary),1
425,National Institute of Technology Agartala,205,"Mechanical Engineering (4 Years, Bachelor of Technology)",4125,HS,ST (PwD),Gender-Neutral,1
426,National Institute of Technology Agartala,205,"Mechanical Engineering (4 Years, Bachelor of Technology)",4125,OS,OPEN,Gender-Neutral,4
427,National Institute of Technology Agartala,205,"Mechanical Engineering (4 Years, Bachelor of Technology)",4125,OS,OPEN,Female-only (including Supernumerary),3
428,National Institute of Technology Agartala,205,"Mechanical Engineering (4 Years, Bachelor of Technology)",4125,OS,GEN-EWS(PwD),Gender-Neutral,1
429,National Institute of Technology Agartala,205,"Mechanical Engineering (4 Years, Bachelor of Technology)",4125,OS,OBC-NCL,Gender-Neutral,5
430,National Institute of Technology Agartala,205,"Mechanical Engineering (4 Years, Bachelor of Technology)",4125,OS,OBC-NCL,Female-only (including Supernumerary),2
431,National Institute of Technology Agartala,205,"Mechanical Engineering (4 Years, Bachelor of Technology)",4125,OS,SC,Gender-Neutral,1
432,National Institute of Technology Agartala,205,"Electronics and Instrumentation Engineering (4 Years, Bachelor of Technology)",4142,HS,OPEN,Gender-Neutral,1
433,National Institute of Technology Agartala,205,"Electronics and Instrumentation Engineering (4 Years, Bachelor of Technology)",4142,HS,OPEN,Female-only (including Supernumerary),2
434,National Institute of Technology Agartala,205,"Electronics and Instrumentation Engineering (4 Years, Bachelor of Technology)",4142,HS,OPEN (PwD),Gender-Neutral,1
435,National Institute of Technology Agartala,205,"Electronics and Instrumentation Engineering (4 Years, Bachelor of Technology)",4142,HS,ST,Female-only (including Supernumerary),2
436,National Institute of Technology Agartala,205,"Electronics and Instrumentation Engineering (4 Years, Bachelor of Technology)",4142,HS,ST (PwD),Gender-Neutral,1
437,National Institute of Technology Agartala,205,"Electronics and Instrumentation Engineering (4 Years, Bachelor of Technology)",4142,OS,OPEN,Gender-Neutral,3
438,National Institute of Technology Agartala,205,"Electronics and Instrumentation Engineering (4 Years, Bachelor of Technology)",4142,OS,OPEN,Female-only (including Supernumerary),2
439,National Institute of Technology Agartala,205,"Electronics and Instrumentation Engineering (4 Years, Bachelor of Technology)",4142,OS,GEN-EWS,Female-only (including Supernumerary),1
440,National Institute of Technology Agartala,205,"Electronics and Instrumentation Engineering (4 Years, Bachelor of Technology)",4142,OS,SC (PwD),Gender-Neutral,1
441,National Institute of Technology Agartala,205,"Production Engineering (4 Years, Bachelor of Technology)",4145,HS,OPEN,Gender-Neutral,1
442,National Institute of Technology Agartala,205,"Production Engineering (4 Years, Bachelor of Technology)",4145,HS,OPEN,Female-only (including Supernumerary),1
443,National Institute of Technology Agartala,205,"Production Engineering (4 Years, Bachelor of Technology)",4145,HS,OPEN (PwD),Gender-Neutral,2
444,National Institute of Technology Agartala,205,"Production Engineering (4 Years, Bachelor of Technology)",4145,HS,GEN-EWS,Gender-Neutral,2
445,National Institute of Technology Agartala,205,"Production Engineering (4 Years, Bachelor of Technology)",4145,HS,SC,Female-only (including Supernumerary),1
446,National Institute of Technology Agartala,205,"Production Engineering (4 Years, Bachelor of Technology)",4145,HS,SC (PwD),Gender-Neutral,1
447,National Institute of Technology Agartala,205,"Production Engineering (4 Years, Bachelor of Technology)",4145,HS,ST,Gender-Neutral,11
448,National Institute of Technology Agartala,205,"Production Engineering (4 Years, Bachelor of Technology)",4145,HS,ST,Female-only (including Supernumerary),3
449,National Institute of Technology Agartala,205,"Production Engineering (4 Years, Bachelor of Technology)",4145,OS,OPEN,Gender-Neutral,5
450,National Institute of Technology Agartala,205,"Production Engineering (4 Years, Bachelor of Technology)",4145,OS,OPEN,Female-only (including Supernumerary),4
451,National Institute of Technology Agartala,205,"Production Engineering (4 Years, Bachelor of Technology)",4145,OS,OPEN (PwD),Gender-Neutral,2
452,National Institute of Technology Agartala,205,"Production Engineering (4 Years, Bachelor of Technology)",4145,OS,GEN-EWS,Gender-Neutral,2
453,National Institute of Technology Agartala,205,"Production Engineering (4 Years, Bachelor of Technology)",4145,OS,GEN-EWS,Female-only (including Supernumerary),1
454,National Institute of Technology Agartala,205,"Production Engineering (4 Years, Bachelor of Technology)",4145,OS,OBC-NCL,Gender-Neutral,2
455,National Institute of Technology Agartala,205,"Production Engineering (4 Years, Bachelor of Technology)",4145,OS,OBC-NCL,Female-only (including Supernumerary),1
456,National Institute of Technology Agartala,205,"Production Engineering (4 Years, Bachelor of Technology)",4145,OS,SC,Gender-Neutral,1
457,National Institute of Technology Agartala,205,"Production Engineering (4 Years, Bachelor of Technology)",4145,OS,ST,Gender-Neutral,1
458,National Institute of Technology Agartala,205,"Production Engineering (4 Years, Bachelor of Technology)",4145,OS,ST,Female-only (including Supernumerary),1
459,National Institute of Technology Agartala,205,"Computational Mathematics (5 Years, Bachelor and Master of Technology (Dual Degree))",520G,OS,OPEN,Gender-Neutral,2
460,National Institute of Technology Agartala,205,"Computational Mathematics (5 Years, Bachelor and Master of Technology (Dual Degree))",520G,OS,SC,Gender-Neutral,1
461,National Institute of Technology Agartala,205,"Computational Mathematics (5 Years, Bachelor and Master of Technology (Dual Degree))",520G,OS,SC (PwD),Gender-Neutral,1
462,National Institute of Technology Agartala,205,"Engineering Physics (5 Years, Bachelor and Master of Technology (Dual Degree))",5267,HS,OPEN,Gender-Neutral,1
463,National Institute of Technology Agartala,205,"Engineering Physics (5 Years, Bachelor and Master of Technology (Dual Degree))",5267,HS,OPEN (PwD),Gender-Neutral,1
464,National Institute of Technology Agartala,205,"Engineering Physics (5 Years, Bachelor and Master of Technology (Dual Degree))",5267,HS,SC,Gender-Neutral,1
465,National Institute of Technology Agartala,205,"Engineering Physics (5 Years, Bachelor and Master of Technology (Dual Degree))",5267,HS,ST,Gender-Neutral,3
466,National Institute of Technology Agartala,205,"Engineering Physics (5 Years, Bachelor and Master of Technology (Dual Degree))",5267,OS,OPEN,Gender-Neutral,1
467,National Institute of Technology Agartala,205,"Physics (5 Years, Bachelor of Science and Master of Science (Dual Degree))",5602,HS,OPEN,Gender-Neutral,3
468,National Institute of Technology Agartala,205,"Physics (5 Years, Bachelor of Science and Master of Science (Dual Degree))",5602,HS,GEN-EWS,Gender-Neutral,2
469,National Institute of Technology Agartala,205,"Physics (5 Years, Bachelor of Science and Master of Science (Dual Degree))",5602,HS,SC,Gender-Neutral,1
470,National Institute of Technology Agartala,205,"Physics (5 Years, Bachelor of Science and Master of Science (Dual Degree))",5602,HS,SC (PwD),Gender-Neutral,1
471,National Institute of Technology Agartala,205,"Physics (5 Years, Bachelor of Science and Master of Science (Dual Degree))",5602,HS,ST,Gender-Neutral,7
472,National Institute of Technology Agartala,205,"Physics (5 Years, Bachelor of Science and Master of Science (Dual Degree))",5602,HS,ST (PwD),Gender-Neutral,1
473,National Institute of Technology Agartala,205,"Physics (5 Years, Bachelor of Science and Master of Science (Dual Degree))",5602,OS,OPEN,Gender-Neutral,4
474,National Institute of Technology Agartala,205,"Physics (5 Years, Bachelor of Science and Master of Science (Dual Degree))",5602,OS,OPEN (PwD),Gender-Neutral,1
475,National Institute of Technology Agartala,205,"Physics (5 Years, Bachelor of Science and Master of Science (Dual Degree))",5602,OS,OBC-NCL,Gender-Neutral,6
476,National Institute of Technology Agartala,205,"Physics (5 Years, Bachelor of Science and Master of Science (Dual Degree))",5602,OS,SC,Gender-Neutral,2
477,National Institute of Technology Agartala,205,"Physics (5 Years, Bachelor of Science and Master of Science (Dual Degree))",5602,OS,ST,Gender-Neutral,2
478,National Institute of Technology Agartala,205,"Chemistry (5 Years, Bachelor of Science and Master of Science (Dual Degree))",5604,HS,OPEN,Gender-Neutral,4
479,National Institute of Technology Agartala,205,"Chemistry (5 Years, Bachelor of Science and Master of Science (Dual Degree))",5604,HS,GEN-EWS,Gender-Neutral,2
480,National Institute of Technology Agartala,205,"Chemistry (5 Years, Bachelor of Science and Master of Science (Dual Degree))",5604,HS,GEN-EWS(PwD),Gender-Neutral,1
481,National Institute of Technology Agartala,205,"Chemistry (5 Years, Bachelor of Science and Master of Science (Dual Degree))",5604,HS,ST,Gender-Neutral,8
482,National Institute of Technology Agartala,205,"Chemistry (5 Years, Bachelor of Science and Master of Science (Dual Degree))",5604,HS,ST (PwD),Gender-Neutral,1
483,National Institute of Technology Agartala,205,"Chemistry (5 Years, Bachelor of Science and Master of Science (Dual Degree))",5604,OS,OPEN,Gender-Neutral,7
484,National Institute of Technology Agartala,205,"Chemistry (5 Years, Bachelor of Science and Master of Science (Dual Degree))",5604,OS,GEN-EWS,Gender-Neutral,2
485,National Institute of Technology Agartala,205,"Chemistry (5 Years, Bachelor of Science and Master of Science (Dual Degree))",5604,OS,OBC-NCL,Gender-Neutral,3
486,National Institute of Technology Agartala,205,"Chemistry (5 Years, Bachelor of Science and Master of Science (Dual Degree))",5604,OS,OBC-NCL(PwD),Gender-Neutral,1
487,National Institute of Technology Agartala,205,"Mathematics & Computing (5 Years, Bachelor of Science and Master of Science (Dual Degree))",5606,HS,OPEN,Gender-Neutral,3
488,National Institute of Technology Agartala,205,"Mathematics & Computing (5 Years, Bachelor of Science and Master of Science (Dual Degree))",5606,HS,GEN-EWS,Gender-Neutral,1
489,National Institute of Technology Agartala,205,"Mathematics & Computing (5 Years, Bachelor of Science and Master of Science (Dual Degree))",5606,HS,ST,Gender-Neutral,1
490,National Institute of Technology Agartala,205,"Mathematics & Computing (5 Years, Bachelor of Science and Master of Science (Dual Degree))",5606,HS,ST (PwD),Gender-Neutral,1
491,National Institute of Technology Agartala,205,"Mathematics & Computing (5 Years, Bachelor of Science and Master of Science (Dual Degree))",5606,OS,OPEN,Gender-Neutral,5
492,National Institute of Technology Agartala,205,"Mathematics & Computing (5 Years, Bachelor of Science and Master of Science (Dual Degree))",5606,OS,OBC-NCL,Gender-Neutral,2
493,National Institute of Technology Agartala,205,"Mathematics & Computing (5 Years, Bachelor of Science and Master of Science (Dual Degree))",5606,OS,OBC-NCL(PwD),Gender-Neutral,1
494,National Institute of Technology Agartala,205,"Mathematics & Computing (5 Years, Bachelor of Science and Master of Science (Dual Degree))",5606,OS,SC,Gender-Neutral,2
495,National Institute of Technology Agartala,205,"Mathematics & Computing (5 Years, Bachelor of Science and Master of Science (Dual Degree))",5606,OS,ST,Gender-Neutral,1
496,National Institute of Technology Calicut,206,"Bio Technology (4 Years, Bachelor of Technology)",4104,HS,OPEN,Gender-Neutral,2
497,National Institute of Technology Calicut,206,"Bio Technology (4 Years, Bachelor of Technology)",4104,HS,OPEN,Female-only (including Supernumerary),2
498,National Institute of Technology Calicut,206,"Bio Technology (4 Years, Bachelor of Technology)",4104,HS,OPEN (PwD),Gender-Neutral,1
499,National Institute of Technology Calicut,206,"Bio Technology (4 Years, Bachelor of Technology)",4104,HS,GEN-EWS,Gender-Neutral,1
500,National Institute of Technology Calicut,206,"Bio Technology (4 Years, Bachelor of Technology)",4104,HS,OBC-NCL,Gender-Neutral,3
501,National Institute of Technology Calicut,206,"Bio Technology (4 Years, Bachelor of Technology)",4104,HS,OBC-NCL,Female-only (including Supernumerary),1
502,National Institute of Technology Calicut,206,"Bio Technology (4 Years, Bachelor of Technology)",4104,HS,SC,Gender-Neutral,1
503,National Institute of Technology Calicut,206,"Bio Technology (4 Years, Bachelor of Technology)",4104,HS,SC,Female-only (including Supernumerary),1
504,National Institute of Technology Calicut,206,"Bio Technology (4 Years, Bachelor of Technology)",4104,OS,OPEN,Gender-Neutral,3
505,National Institute of Technology Calicut,206,"Bio Technology (4 Years, Bachelor of Technology)",4104,OS,OBC-NCL,Gender-Neutral,1
506,National Institute of Technology Calicut,206,"Bio Technology (4 Years, Bachelor of Technology)",4104,OS,SC,Gender-Neutral,1
507,National Institute of Technology Calicut,206,"Chemical Engineering (4 Years, Bachelor of Technology)",4107,HS,OPEN,Gender-Neutral,2
508,National Institute of Technology Calicut,206,"Chemical Engineering (4 Years, Bachelor of Technology)",4107,HS,OPEN,Female-only (including Supernumerary),4
509,National Institute of Technology Calicut,206,"Chemical Engineering (4 Years, Bachelor of Technology)",4107,HS,GEN-EWS,Gender-Neutral,1
510,National Institute of Technology Calicut,206,"Chemical Engineering (4 Years, Bachelor of Technology)",4107,HS,OBC-NCL,Gender-Neutral,3
511,National Institute of Technology Calicut,206,"Chemical Engineering (4 Years, Bachelor of Technology)",4107,HS,OBC-NCL,Female-only (including Supernumerary),2
512,National Institute of Technology Calicut,206,"Chemical Engineering (4 Years, Bachelor of Technology)",4107,HS,SC,Gender-Neutral,1
513,National Institute of Technology Calicut,206,"Chemical Engineering (4 Years, Bachelor of Technology)",4107,HS,SC,Female-only (including Supernumerary),1
514,National Institute of Technology Calicut,206,"Chemical Engineering (4 Years, Bachelor of Technology)",4107,OS,OPEN,Gender-Neutral,5
515,National Institute of Technology Calicut,206,"Chemical Engineering (4 Years, Bachelor of Technology)",4107,OS,OPEN,Female-only (including Supernumerary),2
516,National Institute of Technology Calicut,206,"Chemical Engineering (4 Years, Bachelor of Technology)",4107,OS,OBC-NCL,Gender-Neutral,2
517,National Institute of Technology Calicut,206,"Chemical Engineering (4 Years, Bachelor of Technology)",4107,OS,OBC-NCL,Female-only (including Supernumerary),1
518,National Institute of Technology Calicut,206,"Chemical Engineering (4 Years, Bachelor of Technology)",4107,OS,SC,Female-only (including Supernumerary),1
519,National Institute of Technology Calicut,206,"Chemical Engineering (4 Years, Bachelor of Technology)",4107,OS,ST,Female-only (including Supernumerary),1
520,National Institute of Technology Calicut,206,"Civil Engineering (4 Years, Bachelor of Technology)",4109,HS,OPEN,Gender-Neutral,9
521,National Institute of Technology Calicut,206,"Civil Engineering (4 Years, Bachelor of Technology)",4109,HS,OPEN,Female-only (including Supernumerary),5
522,National Institute of Technology Calicut,206,"Civil Engineering (4 Years, Bachelor of Technology)",4109,HS,GEN-EWS,Gender-Neutral,2
523,National Institute of Technology Calicut,206,"Civil Engineering (4 Years, Bachelor of Technology)",4109,HS,OBC-NCL,Gender-Neutral,7
524,National Institute of Technology Calicut,206,"Civil Engineering (4 Years, Bachelor of Technology)",4109,HS,OBC-NCL,Female-only (including Supernumerary),3
525,National Institute of Technology Calicut,206,"Civil Engineering (4 Years, Bachelor of Technology)",4109,HS,SC,Gender-Neutral,4
526,National Institute of Technology Calicut,206,"Civil Engineering (4 Years, Bachelor of Technology)",4109,HS,SC,Female-only (including Supernumerary),2
527,National Institute of Technology Calicut,206,"Civil Engineering (4 Years, Bachelor of Technology)",4109,HS,ST (PwD),Gender-Neutral,1
528,National Institute of Technology Calicut,206,"Civil Engineering (4 Years, Bachelor of Technology)",4109,OS,OPEN,Gender-Neutral,5
529,National Institute of Technology Calicut,206,"Civil Engineering (4 Years, Bachelor of Technology)",4109,OS,OPEN,Female-only (including Supernumerary),3
530,National Institute of Technology Calicut,206,"Civil Engineering (4 Years, Bachelor of Technology)",4109,OS,GEN-EWS,Gender-Neutral,2
531,National Institute of Technology Calicut,206,"Civil Engineering (4 Years, Bachelor of Technology)",4109,OS,OBC-NCL,Gender-Neutral,3
532,National Institute of Technology Calicut,206,"Civil Engineering (4 Years, Bachelor of Technology)",4109,OS,OBC-NCL,Female-only (including Supernumerary),1
533,National Institute of Technology Calicut,206,"Civil Engineering (4 Years, Bachelor of Technology)",4109,OS,SC,Gender-Neutral,1
534,National Institute of Technology Calicut,206,"Civil Engineering (4 Years, Bachelor of Technology)",4109,OS,ST,Female-only (including Supernumerary),1
535,National Institute of Technology Calicut,206,"Computer Science and Engineering (4 Years, Bachelor of Technology)",4110,HS,OPEN,Gender-Neutral,5
536,National Institute of Technology Calicut,206,"Computer Science and Engineering (4 Years, Bachelor of Technology)",4110,HS,OPEN,Female-only (including Supernumerary),3
537,National Institute of Technology Calicut,206,"Computer Science and Engineering (4 Years, Bachelor of Technology)",4110,HS,OPEN (PwD),Gender-Neutral,1
538,National Institute of Technology Calicut,206,"Computer Science and Engineering (4 Years, Bachelor of Technology)",4110,HS,GEN-EWS,Gender-Neutral,1
539,National Institute of Technology Calicut,206,"Computer Science and Engineering (4 Years, Bachelor of Technology)",4110,HS,OBC-NCL,Gender-Neutral,1
540,National Institute of Technology Calicut,206,"Computer Science and Engineering (4 Years, Bachelor of Technology)",4110,HS,OBC-NCL,Female-only (including Supernumerary),1
541,National Institute of Technology Calicut,206,"Computer Science and Engineering (4 Years, Bachelor of Technology)",4110,HS,SC,Gender-Neutral,1
542,National Institute of Technology Calicut,206,"Computer Science and Engineering (4 Years, Bachelor of Technology)",4110,HS,SC,Female-only (including Supernumerary),1
543,National Institute of Technology Calicut,206,"Computer Science and Engineering (4 Years, Bachelor of Technology)",4110,HS,ST,Female-only (including Supernumerary),1
544,National Institute of Technology Calicut,206,"Computer Science and Engineering (4 Years, Bachelor of Technology)",4110,HS,ST (PwD),Gender-Neutral,1
545,National Institute of Technology Calicut,206,"Computer Science and Engineering (4 Years, Bachelor of Technology)",4110,OS,OPEN,Gender-Neutral,6
546,National Institute of Technology Calicut,206,"Computer Science and Engineering (4 Years, Bachelor of Technology)",4110,OS,OPEN,Female-only (including Supernumerary),1
547,National Institute of Technology Calicut,206,"Computer Science and Engineering (4 Years, Bachelor of Technology)",4110,OS,GEN-EWS,Gender-Neutral,1
548,National Institute of Technology Calicut,206,"Computer Science and Engineering (4 Years, Bachelor of Technology)",4110,OS,OBC-NCL(PwD),Gender-Neutral,1
549,National Institute of Technology Calicut,206,"Computer Science and Engineering (4 Years, Bachelor of Technology)",4110,OS,SC,Gender-Neutral,1
550,National Institute of Technology Calicut,206,"Computer Science and Engineering (4 Years, Bachelor of Technology)",4110,OS,SC,Female-only (including Supernumerary),2
551,National Institute of Technology Calicut,206,"Computer Science and Engineering (4 Years, Bachelor of Technology)",4110,OS,ST,Female-only (including Supernumerary),1
552,National Institute of Technology Calicut,206,"Electronics and Communication Engineering (4 Years, Bachelor of Technology)",4114,HS,OPEN,Gender-Neutral,4
553,National Institute of Technology Calicut,206,"Electronics and Communication Engineering (4 Years, Bachelor of Technology)",4114,HS,OPEN,Female-only (including Supernumerary),3
554,National Institute of Technology Calicut,206,"Electronics and Communication Engineering (4 Years, Bachelor of Technology)",4114,HS,OBC-NCL,Gender-Neutral,2
555,National Institute of Technology Calicut,206,"Electronics and Communication Engineering (4 Years, Bachelor of Technology)",4114,HS,OBC-NCL,Female-only (including Supernumerary),2
556,National Institute of Technology Calicut,206,"Electronics and Communication Engineering (4 Years, Bachelor of Technology)",4114,HS,SC,Gender-Neutral,1
557,National Institute of Technology Calicut,206,"Electronics and Communication Engineering (4 Years, Bachelor of Technology)",4114,HS,SC,Female-only (including Supernumerary),1
558,National Institute of Technology Calicut,206,"Electronics and Communication Engineering (4 Years, Bachelor of Technology)",4114,HS,SC (PwD),Gender-Neutral,1
559,National Institute of Technology Calicut,206,"Electronics and Communication Engineering (4 Years, Bachelor of Technology)",4114,HS,ST,Gender-Neutral,1
560,National Institute of Technology Calicut,206,"Electronics and Communication Engineering (4 Years, Bachelor of Technology)",4114,OS,OPEN,Gender-Neutral,8
561,National Institute of Technology Calicut,206,"Electronics and Communication Engineering (4 Years, Bachelor of Technology)",4114,OS,OPEN,Female-only (including Supernumerary),2
562,National Institute of Technology Calicut,206,"Electronics and Communication Engineering (4 Years, Bachelor of Technology)",4114,OS,OPEN (PwD),Female-only (including Supernumerary),1
563,National Institute of Technology Calicut,206,"Electronics and Communication Engineering (4 Years, Bachelor of Technology)",4114,OS,OBC-NCL,Gender-Neutral,1
564,National Institute of Technology Calicut,206,"Electronics and Communication Engineering (4 Years, Bachelor of Technology)",4114,OS,OBC-NCL,Female-only (including Supernumerary),1
565,National Institute of Technology Calicut,206,"Electronics and Communication Engineering (4 Years, Bachelor of Technology)",4114,OS,SC,Gender-Neutral,3
566,National Institute of Technology Calicut,206,"Electronics and Communication Engineering (4 Years, Bachelor of Technology)",4114,OS,SC,Female-only (including Supernumerary),1
567,National Institute of Technology Calicut,206,"Electronics and Communication Engineering (4 Years, Bachelor of Technology)",4114,OS,SC (PwD),Gender-Neutral,1
568,National Institute of Technology Calicut,206,"Engineering Physics (4 Years, Bachelor of Technology)",4117,HS,OPEN,Gender-Neutral,2
569,National Institute of Technology Calicut,206,"Engineering Physics (4 Years, Bachelor of Technology)",4117,HS,OPEN,Female-only (including Supernumerary),1
570,National Institute of Technology Calicut,206,"Engineering Physics (4 Years, Bachelor of Technology)",4117,HS,GEN-EWS,Gender-Neutral,1
571,National Institute of Technology Calicut,206,"Engineering Physics (4 Years, Bachelor of Technology)",4117,HS,OBC-NCL,Gender-Neutral,1
572,National Institute of Technology Calicut,206,"Engineering Physics (4 Years, Bachelor of Technology)",4117,HS,OBC-NCL,Female-only (including Supernumerary),1
573,National Institute of Technology Calicut,206,"Engineering Physics (4 Years, Bachelor of Technology)",4117,HS,OBC-NCL(PwD),Gender-Neutral,1
574,National Institute of Technology Calicut,206,"Engineering Physics (4 Years, Bachelor of Technology)",4117,HS,SC,Gender-Neutral,1
575,National Institute of Technology Calicut,206,"Engineering Physics (4 Years, Bachelor of Technology)",4117,HS,ST,Gender-Neutral,1
576,National Institute of Technology Calicut,206,"Engineering Physics (4 Years, Bachelor of Technology)",4117,HS,ST,Female-only (including Supernumerary),1
577,National Institute of Technology Calicut,206,"Engineering Physics (4 Years, Bachelor of Technology)",4117,OS,OPEN,Female-only (including Supernumerary),1
578,National Institute of Technology Calicut,206,"Engineering Physics (4 Years, Bachelor of Technology)",4117,OS,GEN-EWS,Gender-Neutral,1
579,National Institute of Technology Calicut,206,"Engineering Physics (4 Years, Bachelor of Technology)",4117,OS,GEN-EWS,Female-only (including Supernumerary),1
580,National Institute of Technology Calicut,206,"Materials Science and Engineering (4 Years, Bachelor of Technology)",4123,HS,OPEN,Gender-Neutral,2
581,National Institute of Technology Calicut,206,"Materials Science and Engineering (4 Years, Bachelor of Technology)",4123,HS,GEN-EWS,Female-only (including Supernumerary),1
582,National Institute of Technology Calicut,206,"Materials Science and Engineering (4 Years, Bachelor of Technology)",4123,HS,OBC-NCL,Gender-Neutral,2
583,National Institute of Technology Calicut,206,"Materials Science and Engineering (4 Years, Bachelor of Technology)",4123,HS,OBC-NCL,Female-only (including Supernumerary),1
584,National Institute of Technology Calicut,206,"Materials Science and Engineering (4 Years, Bachelor of Technology)",4123,HS,ST,Gender-Neutral,1
585,National Institute of Technology Calicut,206,"Materials Science and Engineering (4 Years, Bachelor of Technology)",4123,OS,OPEN (PwD),Gender-Neutral,1
586,National Institute of Technology Calicut,206,"Materials Science and Engineering (4 Years, Bachelor of Technology)",4123,OS,OBC-NCL,Gender-Neutral,1
587,National Institute of Technology Calicut,206,"Mechanical Engineering (4 Years, Bachelor of Technology)",4125,HS,OPEN,Gender-Neutral,4
588,National Institute of Technology Calicut,206,"Mechanical Engineering (4 Years, Bachelor of Technology)",4125,HS,OPEN,Female-only (including Supernumerary),2
589,National Institute of Technology Calicut,206,"Mechanical Engineering (4 Years, Bachelor of Technology)",4125,HS,GEN-EWS,Gender-Neutral,1
590,National Institute of Technology Calicut,206,"Mechanical Engineering (4 Years, Bachelor of Technology)",4125,HS,OBC-NCL,Gender-Neutral,1
591,National Institute of Technology Calicut,206,"Mechanical Engineering (4 Years, Bachelor of Technology)",4125,HS,OBC-NCL,Female-only (including Supernumerary),3
592,National Institute of Technology Calicut,206,"Mechanical Engineering (4 Years, Bachelor of Technology)",4125,HS,OBC-NCL(PwD),Gender-Neutral,1
593,National Institute of Technology Calicut,206,"Mechanical Engineering (4 Years, Bachelor of Technology)",4125,HS,SC,Gender-Neutral,1
594,National Institute of Technology Calicut,206,"Mechanical Engineering (4 Years, Bachelor of Technology)",4125,HS,SC (PwD),Gender-Neutral,1
595,National Institute of Technology Calicut,206,"Mechanical Engineering (4 Years, Bachelor of Technology)",4125,OS,OPEN,Gender-Neutral,14
596,National Institute of Technology Calicut,206,"Mechanical Engineering (4 Years, Bachelor of Technology)",4125,OS,OPEN,Female-only (including Supernumerary),2
597,National Institute of Technology Calicut,206,"Mechanical Engineering (4 Years, Bachelor of Technology)",4125,OS,OPEN (PwD),Gender-Neutral,1
598,National Institute of Technology Calicut,206,"Mechanical Engineering (4 Years, Bachelor of Technology)",4125,OS,OBC-NCL,Gender-Neutral,4
599,National Institute of Technology Calicut,206,"Mechanical Engineering (4 Years, Bachelor of Technology)",4125,OS,OBC-NCL,Female-only (including Supernumerary),1
600,National Institute of Technology Calicut,206,"Mechanical Engineering (4 Years, Bachelor of Technology)",4125,OS,SC,Female-only (including Supernumerary),2
601,National Institute of Technology Calicut,206,"Mechanical Engineering (4 Years, Bachelor of Technology)",4125,OS,ST,Gender-Neutral,1
602,National Institute of Technology Calicut,206,"Electrical and Electronics Engineering (4 Years, Bachelor of Technology)",4144,HS,OPEN,Gender-Neutral,6
603,National Institute of Technology Calicut,206,"Electrical and Electronics Engineering (4 Years, Bachelor of Technology)",4144,HS,OPEN,Female-only (including Supernumerary),1
604,National Institute of Technology Calicut,206,"Electrical and Electronics Engineering (4 Years, Bachelor of Technology)",4144,HS,GEN-EWS,Gender-Neutral,1
605,National Institute of Technology Calicut,206,"Electrical and Electronics Engineering (4 Years, Bachelor of Technology)",4144,HS,OBC-NCL,Gender-Neutral,3
606,National Institute of Technology Calicut,206,"Electrical and Electronics Engineering (4 Years, Bachelor of Technology)",4144,HS,OBC-NCL,Female-only (including Supernumerary),3
607,National Institute of Technology Calicut,206,"Electrical and Electronics Engineering (4 Years, Bachelor of Technology)",4144,OS,OPEN,Gender-Neutral,10
608,National Institute of Technology Calicut,206,"Electrical and Electronics Engineering (4 Years, Bachelor of Technology)",4144,OS,OPEN,Female-only (including Supernumerary),2
609,National Institute of Technology Calicut,206,"Electrical and Electronics Engineering (4 Years, Bachelor of Technology)",4144,OS,GEN-EWS,Gender-Neutral,1
610,National Institute of Technology Calicut,206,"Electrical and Electronics Engineering (4 Years, Bachelor of Technology)",4144,OS,OBC-NCL,Gender-Neutral,2
611,National Institute of Technology Calicut,206,"Electrical and Electronics Engineering (4 Years, Bachelor of Technology)",4144,OS,SC,Gender-Neutral,1
612,National Institute of Technology Calicut,206,"Electrical and Electronics Engineering (4 Years, Bachelor of Technology)",4144,OS,ST,Female-only (including Supernumerary),1
613,National Institute of Technology Calicut,206,"Electrical and Electronics Engineering (4 Years, Bachelor of Technology)",4144,OS,ST (PwD),Gender-Neutral,1
614,National Institute of Technology Calicut,206,"Production Engineering (4 Years, Bachelor of Technology)",4145,HS,OPEN,Gender-Neutral,1
615,National Institute of Technology Calicut,206,"Production Engineering (4 Years, Bachelor of Technology)",4145,HS,OPEN,Female-only (including Supernumerary),1
616,National Institute of Technology Calicut,206,"Production Engineering (4 Years, Bachelor of Technology)",4145,HS,GEN-EWS,Gender-Neutral,1
617,National Institute of Technology Calicut,206,"Production Engineering (4 Years, Bachelor of Technology)",4145,HS,OBC-NCL,Gender-Neutral,1
618,National Institute of Technology Calicut,206,"Production Engineering (4 Years, Bachelor of Technology)",4145,HS,OBC-NCL,Female-only (including Supernumerary),2
619,National Institute of Technology Calicut,206,"Production Engineering (4 Years, Bachelor of Technology)",4145,HS,SC,Gender-Neutral,1
620,National Institute of Technology Calicut,206,"Production Engineering (4 Years, Bachelor of Technology)",4145,HS,ST,Female-only (including Supernumerary),1
621,National Institute of Technology Calicut,206,"Production Engineering (4 Years, Bachelor of Technology)",4145,OS,OPEN,Gender-Neutral,3
622,National Institute of Technology Calicut,206,"Production Engineering (4 Years, Bachelor of Technology)",4145,OS,OBC-NCL,Female-only (including Supernumerary),1
623,National Institute of Technology Calicut,206,"Production Engineering (4 Years, Bachelor of Technology)",4145,OS,SC,Gender-Neutral,1
624,National Institute of Technology Calicut,206,"Production Engineering (4 Years, Bachelor of Technology)",4145,OS,SC,Female-only (including Supernumerary),1
625,National Institute of Technology Calicut,206,"Energy Engineering (4 Years, Bachelor of Technology)",4198,HS,OPEN,Female-only (including Supernumerary),2
626,National Institute of Technology Calicut,206,"Energy Engineering (4 Years, Bachelor of Technology)",4198,HS,OBC-NCL,Gender-Neutral,1
627,National Institute of Technology Calicut,206,"Energy Engineering (4 Years, Bachelor of Technology)",4198,HS,SC,Gender-Neutral,2
628,National Institute of Technology Calicut,206,"Energy Engineering (4 Years, Bachelor of Technology)",4198,HS,ST,Gender-Neutral,1
629,National Institute of Technology Calicut,206,"Energy Engineering (4 Years, Bachelor of Technology)",4198,OS,OPEN,Gender-Neutral,3
630,National Institute of Technology Calicut,206,"Energy Engineering (4 Years, Bachelor of Technology)",4198,OS,SC,Female-only (including Supernumerary),1
631,National Institute of Technology Calicut,206,"Architecture (5 Years, Bachelor of Architecture)",5101,HS,OBC-NCL,Gender-Neutral,1
632,National Institute of Technology Calicut,206,"Architecture (5 Years, Bachelor of Architecture)",5101,OS,OPEN,Gender-Neutral,1
633,National Institute of Technology Calicut,206,"Architecture (5 Years, Bachelor of Architecture)",5101,OS,OBC-NCL,Female-only (including Supernumerary),1
634,National Institute of Technology Calicut,206,"B. Tech. (Mathematics & Computing) M. Tech. in (Mathematics & Computing) (5 Years, B.Tech. + M.Tech./MS (Dual Degree))",5A09,HS,OPEN,Gender-Neutral,1
635,National Institute of Technology Calicut,206,"B. Tech. (Mathematics & Computing) M. Tech. in (Mathematics & Computing) (5 Years, B.Tech. + M.Tech./MS (Dual Degree))",5A09,HS,OPEN,Female-only (including Supernumerary),1
636,National Institute of Technology Calicut,206,"B. Tech. (Mathematics & Computing) M. Tech. in (Mathematics & Computing) (5 Years, B.Tech. + M.Tech./MS (Dual Degree))",5A09,HS,ST,Gender-Neutral,1
637,National Institute of Technology Calicut,206,"B. Tech. (Mathematics & Computing) M. Tech. in (Mathematics & Computing) (5 Years, B.Tech. + M.Tech./MS (Dual Degree))",5A09,HS,ST,Female-only (including Supernumerary),1
638,National Institute of Technology Calicut,206,"B. Tech. (Mathematics & Computing) M. Tech. in (Mathematics & Computing) (5 Years, B.Tech. + M.Tech./MS (Dual Degree))",5A09,OS,OPEN,Gender-Neutral,3
639,National Institute of Technology Calicut,206,"B. Tech. (Mathematics & Computing) M. Tech. in (Mathematics & Computing) (5 Years, B.Tech. + M.Tech./MS (Dual Degree))",5A09,OS,OPEN,Female-only (including Supernumerary),1
640,National Institute of Technology Calicut,206,"B. Tech. (Mathematics & Computing) M. Tech. in (Mathematics & Computing) (5 Years, B.Tech. + M.Tech./MS (Dual Degree))",5A09,OS,SC,Gender-Neutral,1
641,National Institute of Technology Delhi,207,"Aerospace Engineering (4 Years, Bachelor of Technology)",4101,HS,OPEN,Gender-Neutral,4
642,National Institute of Technology Delhi,207,"Aerospace Engineering (4 Years, Bachelor of Technology)",4101,HS,OPEN,Female-only (including Supernumerary),1
643,National Institute of Technology Delhi,207,"Aerospace Engineering (4 Years, Bachelor of Technology)",4101,HS,GEN-EWS,Female-only (including Supernumerary),1
644,National Institute of Technology Delhi,207,"Aerospace Engineering (4 Years, Bachelor of Technology)",4101,HS,OBC-NCL,Gender-Neutral,2
645,National Institute of Technology Delhi,207,"Aerospace Engineering (4 Years, Bachelor of Technology)",4101,OS,OPEN,Gender-Neutral,1
646,National Institute of Technology Delhi,207,"Aerospace Engineering (4 Years, Bachelor of Technology)",4101,OS,OBC-NCL,Gender-Neutral,1
647,National Institute of Technology Delhi,207,"Aerospace Engineering (4 Years, Bachelor of Technology)",4101,OS,SC,Gender-Neutral,1
648,National Institute of Technology Delhi,207,"Civil Engineering (4 Years, Bachelor of Technology)",4109,HS,OPEN,Gender-Neutral,3
649,National Institute of Technology Delhi,207,"Civil Engineering (4 Years, Bachelor of Technology)",4109,HS,OPEN,Female-only (including Supernumerary),1
650,National Institute of Technology Delhi,207,"Civil Engineering (4 Years, Bachelor of Technology)",4109,HS,OBC-NCL,Gender-Neutral,1
651,National Institute of Technology Delhi,207,"Civil Engineering (4 Years, Bachelor of Technology)",4109,OS,OPEN,Gender-Neutral,1
652,National Institute of Technology Delhi,207,"Civil Engineering (4 Years, Bachelor of Technology)",4109,OS,OPEN,Female-only (including Supernumerary),1
653,National Institute of Technology Delhi,207,"Civil Engineering (4 Years, Bachelor of Technology)",4109,OS,GEN-EWS,Female-only (including Supernumerary),1
654,National Institute of Technology Delhi,207,"Computer Science and Engineering (4 Years, Bachelor of Technology)",4110,HS,OPEN,Gender-Neutral,11
655,National Institute of Technology Delhi,207,"Computer Science and Engineering (4 Years, Bachelor of Technology)",4110,HS,OPEN,Female-only (including Supernumerary),3
656,National Institute of Technology Delhi,207,"Computer Science and Engineering (4 Years, Bachelor of Technology)",4110,HS,GEN-EWS,Gender-Neutral,1
657,National Institute of Technology Delhi,207,"Computer Science and Engineering (4 Years, Bachelor of Technology)",4110,HS,GEN-EWS,Female-only (including Supernumerary),1
658,National Institute of Technology Delhi,207,"Computer Science and Engineering (4 Years, Bachelor of Technology)",4110,HS,OBC-NCL,Gender-Neutral,4
659,National Institute of Technology Delhi,207,"Computer Science and Engineering (4 Years, Bachelor of Technology)",4110,HS,OBC-NCL,Female-only (including Supernumerary),1
660,National Institute of Technology Delhi,207,"Computer Science and Engineering (4 Years, Bachelor of Technology)",4110,HS,SC,Gender-Neutral,1
661,National Institute of Technology Delhi,207,"Computer Science and Engineering (4 Years, Bachelor of Technology)",4110,HS,SC,Female-only (including Supernumerary),1
662,National Institute of Technology Delhi,207,"Computer Science and Engineering (4 Years, Bachelor of Technology)",4110,HS,ST (PwD),Gender-Neutral,1
663,National Institute of Technology Delhi,207,"Computer Science and Engineering (4 Years, Bachelor of Technology)",4110,OS,OPEN,Gender-Neutral,7
664,National Institute of Technology Delhi,207,"Computer Science and Engineering (4 Years, Bachelor of Technology)",4110,OS,OPEN,Female-only (including Supernumerary),1
665,National Institute of Technology Delhi,207,"Computer Science and Engineering (4 Years, Bachelor of Technology)",4110,OS,OBC-NCL,Gender-Neutral,2
666,National Institute of Technology Delhi,207,"Computer Science and Engineering (4 Years, Bachelor of Technology)",4110,OS,OBC-NCL,Female-only (including Supernumerary),1
667,National Institute of Technology Delhi,207,"Computer Science and Engineering (4 Years, Bachelor of Technology)",4110,OS,SC,Gender-Neutral,1
668,National Institute of Technology Delhi,207,"Electrical Engineering (4 Years, Bachelor of Technology)",4111,HS,OPEN,Gender-Neutral,5
669,National Institute of Technology Delhi,207,"Electrical Engineering (4 Years, Bachelor of Technology)",4111,HS,OPEN,Female-only (including Supernumerary),3
670,National Institute of Technology Delhi,207,"Electrical Engineering (4 Years, Bachelor of Technology)",4111,HS,OBC-NCL,Gender-Neutral,1
671,National Institute of Technology Delhi,207,"Electrical Engineering (4 Years, Bachelor of Technology)",4111,HS,OBC-NCL,Female-only (including Supernumerary),1
672,National Institute of Technology Delhi,207,"Electrical Engineering (4 Years, Bachelor of Technology)",4111,HS,SC,Female-only (including Supernumerary),1
673,National Institute of Technology Delhi,207,"Electrical Engineering (4 Years, Bachelor of Technology)",4111,HS,ST,Gender-Neutral,1
674,National Institute of Technology Delhi,207,"Electrical Engineering (4 Years, Bachelor of Technology)",4111,OS,OPEN,Gender-Neutral,1
675,National Institute of Technology Delhi,207,"Electrical Engineering (4 Years, Bachelor of Technology)",4111,OS,OPEN (PwD),Gender-Neutral,1
676,National Institute of Technology Delhi,207,"Electrical Engineering (4 Years, Bachelor of Technology)",4111,OS,OBC-NCL,Gender-Neutral,1
677,National Institute of Technology Delhi,207,"Electronics and Communication Engineering (4 Years, Bachelor of Technology)",4114,HS,OPEN,Gender-Neutral,6
678,National Institute of Technology Delhi,207,"Electronics and Communication Engineering (4 Years, Bachelor of Technology)",4114,HS,OPEN,Female-only (including Supernumerary),3
679,National Institute of Technology Delhi,207,"Electronics and Communication Engineering (4 Years, Bachelor of Technology)",4114,HS,GEN-EWS,Gender-Neutral,1
680,National Institute of Technology Delhi,207,"Electronics and Communication Engineering (4 Years, Bachelor of Technology)",4114,HS,OBC-NCL,Gender-Neutral,2
681,National Institute of Technology Delhi,207,"Electronics and Communication Engineering (4 Years, Bachelor of Technology)",4114,HS,OBC-NCL,Female-only (including Supernumerary),2
682,National Institute of Technology Delhi,207,"Electronics and Communication Engineering (4 Years, Bachelor of Technology)",4114,OS,OPEN,Gender-Neutral,3
683,National Institute of Technology Delhi,207,"Electronics and Communication Engineering (4 Years, Bachelor of Technology)",4114,OS,OPEN,Female-only (including Supernumerary),1
684,National Institute of Technology Delhi,207,"Electronics and Communication Engineering (4 Years, Bachelor of Technology)",4114,OS,OPEN (PwD),Gender-Neutral,1
685,National Institute of Technology Delhi,207,"Electronics and Communication Engineering (4 Years, Bachelor of Technology)",4114,OS,OBC-NCL,Gender-Neutral,1
686,National Institute of Technology Delhi,207,"VLSI Design and Technology (4 Years, Bachelor of Technology)",411Z,HS,OPEN,Gender-Neutral,2
687,National Institute of Technology Delhi,207,"VLSI Design and Technology (4 Years, Bachelor of Technology)",411Z,HS,OPEN,Female-only (including Supernumerary),1
688,National Institute of Technology Delhi,207,"VLSI Design and Technology (4 Years, Bachelor of Technology)",411Z,HS,GEN-EWS,Gender-Neutral,1
689,National Institute of Technology Delhi,207,"VLSI Design and Technology (4 Years, Bachelor of Technology)",411Z,HS,OBC-NCL,Female-only (including Supernumerary),1
690,National Institute of Technology Delhi,207,"VLSI Design and Technology (4 Years, Bachelor of Technology)",411Z,HS,ST (PwD),Gender-Neutral,1
691,National Institute of Technology Delhi,207,"VLSI Design and Technology (4 Years, Bachelor of Technology)",411Z,OS,OPEN,Gender-Neutral,1
692,National Institute of Technology Delhi,207,"VLSI Design and Technology (4 Years, Bachelor of Technology)",411Z,OS,OBC-NCL,Gender-Neutral,1
693,National Institute of Technology Delhi,207,"VLSI Design and Technology (4 Years, Bachelor of Technology)",411Z,OS,SC,Gender-Neutral,1
694,National Institute of Technology Delhi,207,"VLSI Design and Technology (4 Years, Bachelor of Technology)",411Z,OS,ST,Gender-Neutral,1
695,National Institute of Technology Delhi,207,"Mechanical Engineering (4 Years, Bachelor of Technology)",4125,HS,OPEN,Gender-Neutral,5
696,National Institute of Technology Delhi,207,"Mechanical Engineering (4 Years, Bachelor of Technology)",4125,HS,OPEN,Female-only (including Supernumerary),2
697,National Institute of Technology Delhi,207,"Mechanical Engineering (4 Years, Bachelor of Technology)",4125,HS,GEN-EWS,Gender-Neutral,1
698,National Institute of Technology Delhi,207,"Mechanical Engineering (4 Years, Bachelor of Technology)",4125,HS,OBC-NCL,Gender-Neutral,2
699,National Institute of Technology Delhi,207,"Mechanical Engineering (4 Years, Bachelor of Technology)",4125,HS,OBC-NCL(PwD),Gender-Neutral,1
700,National Institute of Technology Delhi,207,"Mechanical Engineering (4 Years, Bachelor of Technology)",4125,HS,SC,Gender-Neutral,1
701,National Institute of Technology Delhi,207,"Mechanical Engineering (4 Years, Bachelor of Technology)",4125,HS,ST,Female-only (including Supernumerary),1
702,National Institute of Technology Delhi,207,"Mechanical Engineering (4 Years, Bachelor of Technology)",4125,OS,OPEN,Gender-Neutral,2
703,National Institute of Technology Delhi,207,"Mechanical Engineering (4 Years, Bachelor of Technology)",4125,OS,OBC-NCL,Gender-Neutral,1
704,National Institute of Technology Delhi,207,"Mechanical Engineering (4 Years, Bachelor of Technology)",4125,OS,SC,Gender-Neutral,1
705,National Institute of Technology Delhi,207,"Artificial Intelligence and Data Science (4 Years, Bachelor of Technology)",4188,HS,OPEN,Gender-Neutral,2
706,National Institute of Technology Delhi,207,"Artificial Intelligence and Data Science (4 Years, Bachelor of Technology)",4188,HS,OPEN,Female-only (including Supernumerary),1
707,National Institute of Technology Delhi,207,"Artificial Intelligence and Data Science (4 Years, Bachelor of Technology)",4188,HS,GEN-EWS,Gender-Neutral,1
708,National Institute of Technology Delhi,207,"Artificial Intelligence and Data Science (4 Years, Bachelor of Technology)",4188,HS,OBC-NCL,Female-only (including Supernumerary),1
709,National Institute of Technology Delhi,207,"Artificial Intelligence and Data Science (4 Years, Bachelor of Technology)",4188,HS,SC,Gender-Neutral,1
710,National Institute of Technology Delhi,207,"Artificial Intelligence and Data Science (4 Years, Bachelor of Technology)",4188,OS,OPEN,Gender-Neutral,1
711,National Institute of Technology Delhi,207,"Artificial Intelligence and Data Science (4 Years, Bachelor of Technology)",4188,OS,OPEN,Female-only (including Supernumerary),1
712,National Institute of Technology Delhi,207,"Artificial Intelligence and Data Science (4 Years, Bachelor of Technology)",4188,OS,SC,Gender-Neutral,1
713,National Institute of Technology Durgapur,208,"Bio Technology (4 Years, Bachelor of Technology)",4104,HS,OPEN,Gender-Neutral,6
714,National Institute of Technology Durgapur,208,"Bio Technology (4 Years, Bachelor of Technology)",4104,HS,GEN-EWS,Gender-Neutral,1
715,National Institute of Technology Durgapur,208,"Bio Technology (4 Years, Bachelor of Technology)",4104,HS,OBC-NCL,Gender-Neutral,3
716,National Institute of Technology Durgapur,208,"Bio Technology (4 Years, Bachelor of Technology)",4104,HS,OBC-NCL,Female-only (including Supernumerary),1
717,National Institute of Technology Durgapur,208,"Bio Technology (4 Years, Bachelor of Technology)",4104,HS,SC,Gender-Neutral,3
718,National Institute of Technology Durgapur,208,"Bio Technology (4 Years, Bachelor of Technology)",4104,HS,ST,Gender-Neutral,1
719,National Institute of Technology Durgapur,208,"Bio Technology (4 Years, Bachelor of Technology)",4104,OS,OPEN,Gender-Neutral,5
720,National Institute of Technology Durgapur,208,"Bio Technology (4 Years, Bachelor of Technology)",4104,OS,OPEN,Female-only (including Supernumerary),2
721,National Institute of Technology Durgapur,208,"Bio Technology (4 Years, Bachelor of Technology)",4104,OS,GEN-EWS,Gender-Neutral,1
722,National Institute of Technology Durgapur,208,"Bio Technology (4 Years, Bachelor of Technology)",4104,OS,OBC-NCL,Gender-Neutral,1
723,National Institute of Technology Durgapur,208,"Bio Technology (4 Years, Bachelor of Technology)",4104,OS,OBC-NCL,Female-only (including Supernumerary),2
724,National Institute of Technology Durgapur,208,"Bio Technology (4 Years, Bachelor of Technology)",4104,OS,SC,Gender-Neutral,1
725,National Institute of Technology Durgapur,208,"Bio Technology (4 Years, Bachelor of Technology)",4104,OS,SC,Female-only (including Supernumerary),1
726,National Institute of Technology Durgapur,208,"Bio Technology (4 Years, Bachelor of Technology)",4104,OS,ST,Gender-Neutral,1
727,National Institute of Technology Durgapur,208,"Chemical Engineering (4 Years, Bachelor of Technology)",4107,HS,OPEN,Gender-Neutral,4
728,National Institute of Technology Durgapur,208,"Chemical Engineering (4 Years, Bachelor of Technology)",4107,HS,OPEN,Female-only (including Supernumerary),2
729,National Institute of Technology Durgapur,208,"Chemical Engineering (4 Years, Bachelor of Technology)",4107,HS,OPEN (PwD),Gender-Neutral,1
730,National Institute of Technology Durgapur,208,"Chemical Engineering (4 Years, Bachelor of Technology)",4107,HS,OBC-NCL(PwD),Gender-Neutral,1
731,National Institute of Technology Durgapur,208,"Chemical Engineering (4 Years, Bachelor of Technology)",4107,HS,SC,Gender-Neutral,1
732,National Institute of Technology Durgapur,208,"Chemical Engineering (4 Years, Bachelor of Technology)",4107,OS,OPEN,Gender-Neutral,4
733,National Institute of Technology Durgapur,208,"Chemical Engineering (4 Years, Bachelor of Technology)",4107,OS,GEN-EWS,Gender-Neutral,1
734,National Institute of Technology Durgapur,208,"Chemical Engineering (4 Years, Bachelor of Technology)",4107,OS,GEN-EWS,Female-only (including Supernumerary),1
735,National Institute of Technology Durgapur,208,"Chemical Engineering (4 Years, Bachelor of Technology)",4107,OS,OBC-NCL,Female-only (including Supernumerary),1
736,National Institute of Technology Durgapur,208,"Chemical Engineering (4 Years, Bachelor of Technology)",4107,OS,SC,Gender-Neutral,2
737,National Institute of Technology Durgapur,208,"Chemical Engineering (4 Years, Bachelor of Technology)",4107,OS,SC,Female-only (including Supernumerary),1
738,National Institute of Technology Durgapur,208,"Chemical Engineering (4 Years, Bachelor of Technology)",4107,OS,ST,Female-only (including Supernumerary),1
739,National Institute of Technology Durgapur,208,"Civil Engineering (4 Years, Bachelor of Technology)",4109,HS,OPEN,Gender-Neutral,4
740,National Institute of Technology Durgapur,208,"Civil Engineering (4 Years, Bachelor of Technology)",4109,HS,OPEN,Female-only (including Supernumerary),1
741,National Institute of Technology Durgapur,208,"Civil Engineering (4 Years, Bachelor of Technology)",4109,HS,GEN-EWS,Gender-Neutral,2
742,National Institute of Technology Durgapur,208,"Civil Engineering (4 Years, Bachelor of Technology)",4109,HS,OBC-NCL,Gender-Neutral,4
743,National Institute of Technology Durgapur,208,"Civil Engineering (4 Years, Bachelor of Technology)",4109,HS,SC,Female-only (including Supernumerary),2
744,National Institute of Technology Durgapur,208,"Civil Engineering (4 Years, Bachelor of Technology)",4109,OS,GEN-EWS,Gender-Neutral,2
745,National Institute of Technology Durgapur,208,"Civil Engineering (4 Years, Bachelor of Technology)",4109,OS,OBC-NCL,Gender-Neutral,1
746,National Institute of Technology Durgapur,208,"Civil Engineering (4 Years, Bachelor of Technology)",4109,OS,OBC-NCL,Female-only (including Supernumerary),1
747,National Institute of Technology Durgapur,208,"Computer Science and Engineering (4 Years, Bachelor of Technology)",4110,HS,OPEN,Gender-Neutral,11
748,National Institute of Technology Durgapur,208,"Computer Science and Engineering (4 Years, Bachelor of Technology)",4110,HS,OPEN,Female-only (including Supernumerary),2
749,National Institute of Technology Durgapur,208,"Computer Science and Engineering (4 Years, Bachelor of Technology)",4110,HS,GEN-EWS,Female-only (including Supernumerary),1
750,National Institute of Technology Durgapur,208,"Computer Science and Engineering (4 Years, Bachelor of Technology)",4110,HS,GEN-EWS(PwD),Gender-Neutral,1
751,National Institute of Technology Durgapur,208,"Computer Science and Engineering (4 Years, Bachelor of Technology)",4110,HS,OBC-NCL,Gender-Neutral,7
752,National Institute of Technology Durgapur,208,"Computer Science and Engineering (4 Years, Bachelor of Technology)",4110,HS,OBC-NCL,Female-only (including Supernumerary),2
753,National Institute of Technology Durgapur,208,"Computer Science and Engineering (4 Years, Bachelor of Technology)",4110,HS,OBC-NCL(PwD),Gender-Neutral,1
754,National Institute of Technology Durgapur,208,"Computer Science and Engineering (4 Years, Bachelor of Technology)",4110,HS,SC,Gender-Neutral,3
755,National Institute of Technology Durgapur,208,"Computer Science and Engineering (4 Years, Bachelor of Technology)",4110,HS,SC,Female-only (including Supernumerary),2
756,National Institute of Technology Durgapur,208,"Computer Science and Engineering (4 Years, Bachelor of Technology)",4110,OS,OPEN,Gender-Neutral,5
757,National Institute of Technology Durgapur,208,"Computer Science and Engineering (4 Years, Bachelor of Technology)",4110,OS,OPEN,Female-only (including Supernumerary),1
758,National Institute of Technology Durgapur,208,"Computer Science and Engineering (4 Years, Bachelor of Technology)",4110,OS,SC,Gender-Neutral,1
759,National Institute of Technology Durgapur,208,"Computer Science and Engineering (4 Years, Bachelor of Technology)",4110,OS,SC,Female-only (including Supernumerary),1
760,National Institute of Technology Durgapur,208,"Electrical Engineering (4 Years, Bachelor of Technology)",4111,HS,OPEN,Gender-Neutral,7
761,National Institute of Technology Durgapur,208,"Electrical Engineering (4 Years, Bachelor of Technology)",4111,HS,OPEN,Female-only (including Supernumerary),2
762,National Institute of Technology Durgapur,208,"Electrical Engineering (4 Years, Bachelor of Technology)",4111,HS,GEN-EWS,Gender-Neutral,1
763,National Institute of Technology Durgapur,208,"Electrical Engineering (4 Years, Bachelor of Technology)",4111,HS,GEN-EWS,Female-only (including Supernumerary),1
764,National Institute of Technology Durgapur,208,"Electrical Engineering (4 Years, Bachelor of Technology)",4111,HS,OBC-NCL,Gender-Neutral,1
765,National Institute of Technology Durgapur,208,"Electrical Engineering (4 Years, Bachelor of Technology)",4111,HS,SC,Female-only (including Supernumerary),1
766,National Institute of Technology Durgapur,208,"Electrical Engineering (4 Years, Bachelor of Technology)",4111,HS,ST (PwD),Female-only (including Supernumerary),1
767,National Institute of Technology Durgapur,208,"Electrical Engineering (4 Years, Bachelor of Technology)",4111,OS,OPEN,Gender-Neutral,2
768,National Institute of Technology Durgapur,208,"Electrical Engineering (4 Years, Bachelor of Technology)",4111,OS,OPEN,Female-only (including Supernumerary),1
769,National Institute of Technology Durgapur,208,"Electrical Engineering (4 Years, Bachelor of Technology)",4111,OS,OBC-NCL,Gender-Neutral,1
770,National Institute of Technology Durgapur,208,"Electrical Engineering (4 Years, Bachelor of Technology)",4111,OS,SC,Gender-Neutral,3
771,National Institute of Technology Durgapur,208,"Electrical Engineering (4 Years, Bachelor of Technology)",4111,OS,ST,Gender-Neutral,1
772,National Institute of Technology Durgapur,208,"Electronics and Communication Engineering (4 Years, Bachelor of Technology)",4114,HS,OPEN,Gender-Neutral,7
773,National Institute of Technology Durgapur,208,"Electronics and Communication Engineering (4 Years, Bachelor of Technology)",4114,HS,OBC-NCL(PwD),Gender-Neutral,1
774,National Institute of Technology Durgapur,208,"Electronics and Communication Engineering (4 Years, Bachelor of Technology)",4114,HS,SC,Gender-Neutral,2
775,National Institute of Technology Durgapur,208,"Electronics and Communication Engineering (4 Years, Bachelor of Technology)",4114,OS,OPEN,Gender-Neutral,3
776,National Institute of Technology Durgapur,208,"Electronics and Communication Engineering (4 Years, Bachelor of Technology)",4114,OS,OPEN,Female-only (including Supernumerary),1
777,National Institute of Technology Durgapur,208,"B.Tech in Mathematics and Computing (4 Years, Bachelor of Technology)",411F,HS,OPEN,Gender-Neutral,3
778,National Institute of Technology Durgapur,208,"B.Tech in Mathematics and Computing (4 Years, Bachelor of Technology)",411F,HS,SC,Gender-Neutral,1
779,National Institute of Technology Durgapur,208,"B.Tech in Mathematics and Computing (4 Years, Bachelor of Technology)",411F,OS,OPEN,Female-only (including Supernumerary),1
780,National Institute of Technology Durgapur,208,"B.Tech in Mathematics and Computing (4 Years, Bachelor of Technology)",411F,OS,GEN-EWS,Gender-Neutral,1
781,National Institute of Technology Durgapur,208,"B.Tech in Mathematics and Computing (4 Years, Bachelor of Technology)",411F,OS,OBC-NCL,Gender-Neutral,2
782,National Institute of Technology Durgapur,208,"B.Tech in Mathematics and Computing (4 Years, Bachelor of Technology)",411F,OS,SC,Gender-Neutral,1
783,National Institute of Technology Durgapur,208,"Mechanical Engineering (4 Years, Bachelor of Technology)",4125,HS,OPEN,Gender-Neutral,12
784,National Institute of Technology Durgapur,208,"Mechanical Engineering (4 Years, Bachelor of Technology)",4125,HS,OPEN,Female-only (including Supernumerary),1
785,National Institute of Technology Durgapur,208,"Mechanical Engineering (4 Years, Bachelor of Technology)",4125,HS,GEN-EWS,Gender-Neutral,1
786,National Institute of Technology Durgapur,208,"Mechanical Engineering (4 Years, Bachelor of Technology)",4125,HS,GEN-EWS(PwD),Gender-Neutral,1
787,National Institute of Technology Durgapur,208,"Mechanical Engineering (4 Years, Bachelor of Technology)",4125,HS,OBC-NCL,Gender-Neutral,1
788,National Institute of Technology Durgapur,208,"Mechanical Engineering (4 Years, Bachelor of Technology)",4125,HS,OBC-NCL(PwD),Gender-Neutral,1
789,National Institute of Technology Durgapur,208,"Mechanical Engineering (4 Years, Bachelor of Technology)",4125,HS,SC,Gender-Neutral,5
790,National Institute of Technology Durgapur,208,"Mechanical Engineering (4 Years, Bachelor of Technology)",4125,HS,SC,Female-only (including Supernumerary),1
791,National Institute of Technology Durgapur,208,"Mechanical Engineering (4 Years, Bachelor of Technology)",4125,HS,ST (PwD),Female-only (including Supernumerary),1
792,National Institute of Technology Durgapur,208,"Mechanical Engineering (4 Years, Bachelor of Technology)",4125,OS,OPEN,Gender-Neutral,4
793,National Institute of Technology Durgapur,208,"Mechanical Engineering (4 Years, Bachelor of Technology)",4125,OS,OPEN,Female-only (including Supernumerary),2
794,National Institute of Technology Durgapur,208,"Mechanical Engineering (4 Years, Bachelor of Technology)",4125,OS,OBC-NCL,Gender-Neutral,2
795,National Institute of Technology Durgapur,208,"Mechanical Engineering (4 Years, Bachelor of Technology)",4125,OS,OBC-NCL,Female-only (including Supernumerary),1
796,National Institute of Technology Durgapur,208,"Mechanical Engineering (4 Years, Bachelor of Technology)",4125,OS,SC,Gender-Neutral,1
797,National Institute of Technology Durgapur,208,"Metallurgical and Materials Engineering (4 Years, Bachelor of Technology)",4127,HS,OPEN,Gender-Neutral,2
798,National Institute of Technology Durgapur,208,"Metallurgical and Materials Engineering (4 Years, Bachelor of Technology)",4127,HS,GEN-EWS,Female-only (including Supernumerary),1
799,National Institute of Technology Durgapur,208,"Metallurgical and Materials Engineering (4 Years, Bachelor of Technology)",4127,HS,OBC-NCL,Gender-Neutral,1
800,National Institute of Technology Durgapur,208,"Metallurgical and Materials Engineering (4 Years, Bachelor of Technology)",4127,HS,OBC-NCL,Female-only (including Supernumerary),1
801,National Institute of Technology Durgapur,208,"Metallurgical and Materials Engineering (4 Years, Bachelor of Technology)",4127,HS,SC,Female-only (including Supernumerary),1
802,National Institute of Technology Durgapur,208,"Metallurgical and Materials Engineering (4 Years, Bachelor of Technology)",4127,HS,ST (PwD),Gender-Neutral,1
803,National Institute of Technology Durgapur,208,"Metallurgical and Materials Engineering (4 Years, Bachelor of Technology)",4127,OS,OPEN,Gender-Neutral,8
804,National Institute of Technology Durgapur,208,"Metallurgical and Materials Engineering (4 Years, Bachelor of Technology)",4127,OS,OPEN,Female-only (including Supernumerary),2
805,National Institute of Technology Durgapur,208,"Chemical Engineering (5 Years, Bachelor and Master of Technology (Dual Degree))",5257,HS,OPEN,Gender-Neutral,1
806,National Institute of Technology Durgapur,208,"Biotechnology (5 Years, Bachelor and Master of Technology (Dual Degree))",5296,HS,OPEN,Gender-Neutral,1
807,National Institute of Technology Durgapur,208,"Biotechnology (5 Years, Bachelor and Master of Technology (Dual Degree))",5296,HS,SC,Gender-Neutral,1
808,National Institute of Technology Durgapur,208,"Biotechnology (5 Years, Bachelor and Master of Technology (Dual Degree))",5296,OS,OPEN,Gender-Neutral,2
809,National Institute of Technology Durgapur,208,"Biotechnology (5 Years, Bachelor and Master of Technology (Dual Degree))",5296,OS,ST,Gender-Neutral,1
810,National Institute of Technology Durgapur,208,"Chemistry (5 Years, Integrated Master of Science)",5503,HS,OPEN,Gender-Neutral,3
811,National Institute of Technology Durgapur,208,"Chemistry (5 Years, Integrated Master of Science)",5503,HS,OPEN,Female-only (including Supernumerary),1
812,National Institute of Technology Durgapur,208,"Chemistry (5 Years, Integrated Master of Science)",5503,HS,OBC-NCL,Gender-Neutral,2
813,National Institute of Technology Durgapur,208,"Chemistry (5 Years, Integrated Master of Science)",5503,OS,OPEN,Gender-Neutral,3
814,National Institute of Technology Durgapur,208,"Chemistry (5 Years, Integrated Master of Science)",5503,OS,OPEN,Female-only (including Supernumerary),1
815,National Institute of Technology Durgapur,208,"Chemistry (5 Years, Integrated Master of Science)",5503,OS,OBC-NCL,Gender-Neutral,1
816,National Institute of Technology Durgapur,208,"Chemistry (5 Years, Integrated Master of Science)",5503,OS,OBC-NCL,Female-only (including Supernumerary),1
817,National Institute of Technology Durgapur,208,"Chemistry (5 Years, Integrated Master of Science)",5503,OS,ST,Gender-Neutral,1
818,National Institute of Technology Goa,209,"Civil Engineering (4 Years, Bachelor of Technology)",4109,GO,OPEN,Gender-Neutral,2
819,National Institute of Technology Goa,209,"Civil Engineering (4 Years, Bachelor of Technology)",4109,GO,GEN-EWS,Gender-Neutral,1
820,National Institute of Technology Goa,209,"Civil Engineering (4 Years, Bachelor of Technology)",4109,GO,OBC-NCL,Gender-Neutral,3
821,National Institute of Technology Goa,209,"Civil Engineering (4 Years, Bachelor of Technology)",4109,GO,OBC-NCL(PwD),Gender-Neutral,1
822,National Institute of Technology Goa,209,"Civil Engineering (4 Years, Bachelor of Technology)",4109,GO,ST,Female-only (including Supernumerary),1
823,National Institute of Technology Goa,209,"Civil Engineering (4 Years, Bachelor of Technology)",4109,OS,OPEN,Gender-Neutral,4
824,National Institute of Technology Goa,209,"Civil Engineering (4 Years, Bachelor of Technology)",4109,OS,OPEN,Female-only (including Supernumerary),2
825,National Institute of Technology Goa,209,"Civil Engineering (4 Years, Bachelor of Technology)",4109,OS,OBC-NCL,Female-only (including Supernumerary),1
826,National Institute of Technology Goa,209,"Computer Science and Engineering (4 Years, Bachelor of Technology)",4110,GO,OPEN,Gender-Neutral,3
827,National Institute of Technology Goa,209,"Computer Science and Engineering (4 Years, Bachelor of Technology)",4110,OS,OPEN,Gender-Neutral,5
828,National Institute of Technology Goa,209,"Computer Science and Engineering (4 Years, Bachelor of Technology)",4110,OS,OPEN,Female-only (including Supernumerary),1
829,National Institute of Technology Goa,209,"Computer Science and Engineering (4 Years, Bachelor of Technology)",4110,OS,OBC-NCL,Gender-Neutral,1
830,National Institute of Technology Goa,209,"Computer Science and Engineering (4 Years, Bachelor of Technology)",4110,OS,SC,Gender-Neutral,1
831,National Institute of Technology Goa,209,"Electronics and Communication Engineering (4 Years, Bachelor of Technology)",4114,GO,OPEN,Gender-Neutral,1
832,National Institute of Technology Goa,209,"Electronics and Communication Engineering (4 Years, Bachelor of Technology)",4114,GO,SC,Female-only (including Supernumerary),1
833,National Institute of Technology Goa,209,"Electronics and Communication Engineering (4 Years, Bachelor of Technology)",4114,GO,SC (PwD),Gender-Neutral,1
834,National Institute of Technology Goa,209,"Electronics and Communication Engineering (4 Years, Bachelor of Technology)",4114,OS,OPEN,Gender-Neutral,3
835,National Institute of Technology Goa,209,"Electronics and Communication Engineering (4 Years, Bachelor of Technology)",4114,OS,OPEN,Female-only (including Supernumerary),1
836,National Institute of Technology Goa,209,"Electronics and Communication Engineering (4 Years, Bachelor of Technology)",4114,OS,SC,Gender-Neutral,1
837,National Institute of Technology Goa,209,"Mechanical Engineering (4 Years, Bachelor of Technology)",4125,GO,OPEN (PwD),Gender-Neutral,1
838,National Institute of Technology Goa,209,"Mechanical Engineering (4 Years, Bachelor of Technology)",4125,GO,GEN-EWS,Gender-Neutral,1
839,National Institute of Technology Goa,209,"Mechanical Engineering (4 Years, Bachelor of Technology)",4125,GO,SC,Gender-Neutral,1
840,National Institute of Technology Goa,209,"Mechanical Engineering (4 Years, Bachelor of Technology)",4125,GO,SC,Female-only (including Supernumerary),1
841,National Institute of Technology Goa,209,"Mechanical Engineering (4 Years, Bachelor of Technology)",4125,OS,OPEN,Gender-Neutral,2
842,National Institute of Technology Goa,209,"Mechanical Engineering (4 Years, Bachelor of Technology)",4125,OS,GEN-EWS,Gender-Neutral,1
843,National Institute of Technology Goa,209,"Mechanical Engineering (4 Years, Bachelor of Technology)",4125,OS,OBC-NCL,Gender-Neutral,2
844,National Institute of Technology Goa,209,"Mechanical Engineering (4 Years, Bachelor of Technology)",4125,OS,OBC-NCL,Female-only (including Supernumerary),1
845,National Institute of Technology Goa,209,"Mechanical Engineering (4 Years, Bachelor of Technology)",4125,OS,SC,Gender-Neutral,1
846,National Institute of Technology Goa,209,"Mechanical Engineering (4 Years, Bachelor of Technology)",4125,OS,SC (PwD),Gender-Neutral,1
847,National Institute of Technology Goa,209,"Mechanical Engineering (4 Years, Bachelor of Technology)",4125,OS,ST,Female-only (including Supernumerary),1
848,National Institute of Technology Goa,209,"Electrical and Electronics Engineering (4 Years, Bachelor of Technology)",4144,GO,GEN-EWS,Gender-Neutral,1
849,National Institute of Technology Goa,209,"Electrical and Electronics Engineering (4 Years, Bachelor of Technology)",4144,GO,OBC-NCL(PwD),Female-only (including Supernumerary),1
850,National Institute of Technology Goa,209,"Electrical and Electronics Engineering (4 Years, Bachelor of Technology)",4144,GO,SC,Female-only (including Supernumerary),1
851,National Institute of Technology Goa,209,"Electrical and Electronics Engineering (4 Years, Bachelor of Technology)",4144,HS,GEN-EWS,Female-only (including Supernumerary),1
852,National Institute of Technology Goa,209,"Electrical and Electronics Engineering (4 Years, Bachelor of Technology)",4144,OS,OPEN,Gender-Neutral,1
853,National Institute of Technology Goa,209,"Electrical and Electronics Engineering (4 Years, Bachelor of Technology)",4144,OS,OPEN,Female-only (including Supernumerary),2
854,National Institute of Technology Goa,209,"Electrical and Electronics Engineering (4 Years, Bachelor of Technology)",4144,OS,OBC-NCL,Gender-Neutral,2
855,National Institute of Technology Goa,209,"Electrical and Electronics Engineering (4 Years, Bachelor of Technology)",4144,OS,SC,Gender-Neutral,1
856,National Institute of Technology Goa,209,"Electrical and Electronics Engineering (4 Years, Bachelor of Technology)",4144,OS,ST,Gender-Neutral,1
857,National Institute of Technology Hamirpur,210,"Chemical Engineering (4 Years, Bachelor of Technology)",4107,HS,OPEN,Gender-Neutral,2
858,National Institute of Technology Hamirpur,210,"Chemical Engineering (4 Years, Bachelor of Technology)",4107,HS,OPEN,Female-only (including Supernumerary),1
859,National Institute of Technology Hamirpur,210,"Chemical Engineering (4 Years, Bachelor of Technology)",4107,HS,OBC-NCL,Female-only (including Supernumerary),1
860,National Institute of Technology Hamirpur,210,"Chemical Engineering (4 Years, Bachelor of Technology)",4107,HS,SC (PwD),Gender-Neutral,1
861,National Institute of Technology Hamirpur,210,"Chemical Engineering (4 Years, Bachelor of Technology)",4107,OS,OPEN,Gender-Neutral,2
862,National Institute of Technology Hamirpur,210,"Chemical Engineering (4 Years, Bachelor of Technology)",4107,OS,OPEN,Female-only (including Supernumerary),2
863,National Institute of Technology Hamirpur,210,"Chemical Engineering (4 Years, Bachelor of Technology)",4107,OS,GEN-EWS,Gender-Neutral,1
864,National Institute of Technology Hamirpur,210,"Chemical Engineering (4 Years, Bachelor of Technology)",4107,OS,OBC-NCL,Gender-Neutral,2
865,National Institute of Technology Hamirpur,210,"Chemical Engineering (4 Years, Bachelor of Technology)",4107,OS,OBC-NCL(PwD),Gender-Neutral,1
866,National Institute of Technology Hamirpur,210,"Chemical Engineering (4 Years, Bachelor of Technology)",4107,OS,SC,Female-only (including Supernumerary),1
867,National Institute of Technology Hamirpur,210,"Chemical Engineering (4 Years, Bachelor of Technology)",4107,OS,ST,Gender-Neutral,2
868,National Institute of Technology Hamirpur,210,"Civil Engineering (4 Years, Bachelor of Technology)",4109,HS,OPEN,Gender-Neutral,2
869,National Institute of Technology Hamirpur,210,"Civil Engineering (4 Years, Bachelor of Technology)",4109,HS,OPEN (PwD),Female-only (including Supernumerary),1
870,National Institute of Technology Hamirpur,210,"Civil Engineering (4 Years, Bachelor of Technology)",4109,HS,GEN-EWS,Female-only (including Supernumerary),1
871,National Institute of Technology Hamirpur,210,"Civil Engineering (4 Years, Bachelor of Technology)",4109,HS,OBC-NCL(PwD),Gender-Neutral,1
872,National Institute of Technology Hamirpur,210,"Civil Engineering (4 Years, Bachelor of Technology)",4109,HS,SC (PwD),Gender-Neutral,1
873,National Institute of Technology Hamirpur,210,"Civil Engineering (4 Years, Bachelor of Technology)",4109,OS,OPEN,Gender-Neutral,2
874,National Institute of Technology Hamirpur,210,"Civil Engineering (4 Years, Bachelor of Technology)",4109,OS,OPEN,Female-only (including Supernumerary),2
875,National Institute of Technology Hamirpur,210,"Civil Engineering (4 Years, Bachelor of Technology)",4109,OS,GEN-EWS(PwD),Gender-Neutral,1
876,National Institute of Technology Hamirpur,210,"Civil Engineering (4 Years, Bachelor of Technology)",4109,OS,OBC-NCL,Gender-Neutral,3
877,National Institute of Technology Hamirpur,210,"Civil Engineering (4 Years, Bachelor of Technology)",4109,OS,OBC-NCL,Female-only (including Supernumerary),1
878,National Institute of Technology Hamirpur,210,"Computer Science and Engineering (4 Years, Bachelor of Technology)",4110,HS,OPEN,Gender-Neutral,1
879,National Institute of Technology Hamirpur,210,"Computer Science and Engineering (4 Years, Bachelor of Technology)",4110,HS,OPEN,Female-only (including Supernumerary),1
880,National Institute of Technology Hamirpur,210,"Computer Science and Engineering (4 Years, Bachelor of Technology)",4110,HS,GEN-EWS(PwD),Gender-Neutral,1
881,National Institute of Technology Hamirpur,210,"Computer Science and Engineering (4 Years, Bachelor of Technology)",4110,HS,SC,Gender-Neutral,1
882,National Institute of Technology Hamirpur,210,"Computer Science and Engineering (4 Years, Bachelor of Technology)",4110,HS,ST (PwD),Gender-Neutral,1
883,National Institute of Technology Hamirpur,210,"Computer Science and Engineering (4 Years, Bachelor of Technology)",4110,OS,OPEN,Gender-Neutral,5
884,National Institute of Technology Hamirpur,210,"Computer Science and Engineering (4 Years, Bachelor of Technology)",4110,OS,SC,Gender-Neutral,1
885,National Institute of Technology Hamirpur,210,"Computer Science and Engineering (4 Years, Bachelor of Technology)",4110,OS,ST,Female-only (including Supernumerary),1
886,National Institute of Technology Hamirpur,210,"Electrical Engineering (4 Years, Bachelor of Technology)",4111,HS,OPEN,Gender-Neutral,3
887,National Institute of Technology Hamirpur,210,"Electrical Engineering (4 Years, Bachelor of Technology)",4111,HS,OPEN,Female-only (including Supernumerary),1
888,National Institute of Technology Hamirpur,210,"Electrical Engineering (4 Years, Bachelor of Technology)",4111,HS,OBC-NCL(PwD),Gender-Neutral,1
889,National Institute of Technology Hamirpur,210,"Electrical Engineering (4 Years, Bachelor of Technology)",4111,HS,SC,Gender-Neutral,1
890,National Institute of Technology Hamirpur,210,"Electrical Engineering (4 Years, Bachelor of Technology)",4111,OS,OPEN,Gender-Neutral,3
891,National Institute of Technology Hamirpur,210,"Electrical Engineering (4 Years, Bachelor of Technology)",4111,OS,OPEN,Female-only (including Supernumerary),1
892,National Institute of Technology Hamirpur,210,"Electrical Engineering (4 Years, Bachelor of Technology)",4111,OS,OPEN (PwD),Gender-Neutral,1
893,National Institute of Technology Hamirpur,210,"Electrical Engineering (4 Years, Bachelor of Technology)",4111,OS,GEN-EWS,Gender-Neutral,1
894,National Institute of Technology Hamirpur,210,"Electrical Engineering (4 Years, Bachelor of Technology)",4111,OS,OBC-NCL,Gender-Neutral,1
895,National Institute of Technology Hamirpur,210,"Electrical Engineering (4 Years, Bachelor of Technology)",4111,OS,OBC-NCL,Female-only (including Supernumerary),2
896,National Institute of Technology Hamirpur,210,"Electrical Engineering (4 Years, Bachelor of Technology)",4111,OS,SC,Gender-Neutral,1
897,National Institute of Technology Hamirpur,210,"Electrical Engineering (4 Years, Bachelor of Technology)",4111,OS,ST (PwD),Gender-Neutral,1
898,National Institute of Technology Hamirpur,210,"Electronics and Communication Engineering (4 Years, Bachelor of Technology)",4114,HS,OPEN,Gender-Neutral,1
899,National Institute of Technology Hamirpur,210,"Electronics and Communication Engineering (4 Years, Bachelor of Technology)",4114,HS,GEN-EWS(PwD),Gender-Neutral,1
900,National Institute of Technology Hamirpur,210,"Electronics and Communication Engineering (4 Years, Bachelor of Technology)",4114,HS,OBC-NCL(PwD),Gender-Neutral,1
901,National Institute of Technology Hamirpur,210,"Electronics and Communication Engineering (4 Years, Bachelor of Technology)",4114,HS,SC (PwD),Gender-Neutral,1
902,National Institute of Technology Hamirpur,210,"Electronics and Communication Engineering (4 Years, Bachelor of Technology)",4114,OS,OPEN,Gender-Neutral,5
903,National Institute of Technology Hamirpur,210,"Electronics and Communication Engineering (4 Years, Bachelor of Technology)",4114,OS,OPEN,Female-only (including Supernumerary),2
904,National Institute of Technology Hamirpur,210,"Electronics and Communication Engineering (4 Years, Bachelor of Technology)",4114,OS,OBC-NCL,Female-only (including Supernumerary),1
905,National Institute of Technology Hamirpur,210,"Electronics and Communication Engineering (4 Years, Bachelor of Technology)",4114,OS,SC,Gender-Neutral,1
906,National Institute of Technology Hamirpur,210,"Electronics and Communication Engineering (4 Years, Bachelor of Technology)",4114,OS,SC,Female-only (including Supernumerary),1
907,National Institute of Technology Hamirpur,210,"Electronics and Communication Engineering (4 Years, Bachelor of Technology)",4114,OS,ST (PwD),Gender-Neutral,1
908,National Institute of Technology Hamirpur,210,"Engineering Physics (4 Years, Bachelor of Technology)",4117,HS,OPEN,Gender-Neutral,1
909,National Institute of Technology Hamirpur,210,"Engineering Physics (4 Years, Bachelor of Technology)",4117,HS,SC,Gender-Neutral,1
910,National Institute of Technology Hamirpur,210,"Engineering Physics (4 Years, Bachelor of Technology)",4117,OS,OPEN,Gender-Neutral,1
911,National Institute of Technology Hamirpur,210,"Engineering Physics (4 Years, Bachelor of Technology)",4117,OS,OBC-NCL,Gender-Neutral,1
912,National Institute of Technology Hamirpur,210,"Engineering Physics (4 Years, Bachelor of Technology)",4117,OS,OBC-NCL,Female-only (including Supernumerary),1
913,National Institute of Technology Hamirpur,210,"Engineering Physics (4 Years, Bachelor of Technology)",4117,OS,SC,Gender-Neutral,1
914,National Institute of Technology Hamirpur,210,"Engineering Physics (4 Years, Bachelor of Technology)",4117,OS,SC,Female-only (including Supernumerary),1
915,National Institute of Technology Hamirpur,210,"Materials Science and Engineering (4 Years, Bachelor of Technology)",4123,HS,OPEN,Gender-Neutral,2
916,National Institute of Technology Hamirpur,210,"Materials Science and Engineering (4 Years, Bachelor of Technology)",4123,HS,OPEN (PwD),Gender-Neutral,1
917,National Institute of Technology Hamirpur,210,"Materials Science and Engineering (4 Years, Bachelor of Technology)",4123,HS,OBC-NCL,Gender-Neutral,2
918,National Institute of Technology Hamirpur,210,"Materials Science and Engineering (4 Years, Bachelor of Technology)",4123,OS,OPEN,Gender-Neutral,1
919,National Institute of Technology Hamirpur,210,"Materials Science and Engineering (4 Years, Bachelor of Technology)",4123,OS,OPEN,Female-only (including Supernumerary),2
920,National Institute of Technology Hamirpur,210,"Materials Science and Engineering (4 Years, Bachelor of Technology)",4123,OS,OBC-NCL,Female-only (including Supernumerary),1
921,National Institute of Technology Hamirpur,210,"Materials Science and Engineering (4 Years, Bachelor of Technology)",4123,OS,OBC-NCL(PwD),Gender-Neutral,1
922,National Institute of Technology Hamirpur,210,"Mathematics and Computing (4 Years, Bachelor of Technology)",4124,HS,OBC-NCL(PwD),Gender-Neutral,1
923,National Institute of Technology Hamirpur,210,"Mathematics and Computing (4 Years, Bachelor of Technology)",4124,OS,OPEN,Gender-Neutral,1
924,National Institute of Technology Hamirpur,210,"Mathematics and Computing (4 Years, Bachelor of Technology)",4124,OS,OBC-NCL,Gender-Neutral,1
925,National Institute of Technology Hamirpur,210,"Mathematics and Computing (4 Years, Bachelor of Technology)",4124,OS,SC,Gender-Neutral,1
926,National Institute of Technology Hamirpur,210,"Mechanical Engineering (4 Years, Bachelor of Technology)",4125,HS,OPEN,Gender-Neutral,3
927,National Institute of Technology Hamirpur,210,"Mechanical Engineering (4 Years, Bachelor of Technology)",4125,HS,OPEN,Female-only (including Supernumerary),1
928,National Institute of Technology Hamirpur,210,"Mechanical Engineering (4 Years, Bachelor of Technology)",4125,HS,ST (PwD),Gender-Neutral,1
929,National Institute of Technology Hamirpur,210,"Mechanical Engineering (4 Years, Bachelor of Technology)",4125,OS,OPEN,Gender-Neutral,6
930,National Institute of Technology Hamirpur,210,"Mechanical Engineering (4 Years, Bachelor of Technology)",4125,OS,OPEN,Female-only (including Supernumerary),1
931,National Institute of Technology Hamirpur,210,"Mechanical Engineering (4 Years, Bachelor of Technology)",4125,OS,OBC-NCL,Female-only (including Supernumerary),1
932,National Institute of Technology Hamirpur,210,"Mechanical Engineering (4 Years, Bachelor of Technology)",4125,OS,SC,Female-only (including Supernumerary),1
933,National Institute of Technology Hamirpur,210,"Mechanical Engineering (4 Years, Bachelor of Technology)",4125,OS,SC (PwD),Gender-Neutral,1
934,National Institute of Technology Hamirpur,210,"Architecture (5 Years, Bachelor of Architecture)",5101,HS,OPEN,Gender-Neutral,1
935,National Institute of Technology Hamirpur,210,"Architecture (5 Years, Bachelor of Architecture)",5101,HS,GEN-EWS,Gender-Neutral,1
936,National Institute of Technology Hamirpur,210,"Architecture (5 Years, Bachelor of Architecture)",5101,HS,OBC-NCL,Gender-Neutral,1
937,National Institute of Technology Hamirpur,210,"Architecture (5 Years, Bachelor of Architecture)",5101,HS,OBC-NCL(PwD),Gender-Neutral,1
938,National Institute of Technology Hamirpur,210,"Architecture (5 Years, Bachelor of Architecture)",5101,OS,OPEN,Gender-Neutral,4
939,National Institute of Technology Hamirpur,210,"Architecture (5 Years, Bachelor of Architecture)",5101,OS,OPEN,Female-only (including Supernumerary),1
940,National Institute of Technology Hamirpur,210,"Architecture (5 Years, Bachelor of Architecture)",5101,OS,OBC-NCL,Gender-Neutral,2
941,National Institute of Technology Hamirpur,210,"Architecture (5 Years, Bachelor of Architecture)",5101,OS,OBC-NCL,Female-only (including Supernumerary),1
942,National Institute of Technology Hamirpur,210,"Architecture (5 Years, Bachelor of Architecture)",5101,OS,SC,Gender-Neutral,2
943,National Institute of Technology Hamirpur,210,"Computer Science and Engineering (5 Years, Bachelor and Master of Technology (Dual Degree))",5216,OS,OPEN,Gender-Neutral,1
944,National Institute of Technology Hamirpur,210,"Computer Science and Engineering (5 Years, Bachelor and Master of Technology (Dual Degree))",5216,OS,OPEN,Female-only (including Supernumerary),1
945,National Institute of Technology Hamirpur,210,"Electronics and Communication Engineering (5 Years, Bachelor and Master of Technology (Dual Degree))",5234,HS,OPEN,Gender-Neutral,1
946,National Institute of Technology Hamirpur,210,"Electronics and Communication Engineering (5 Years, Bachelor and Master of Technology (Dual Degree))",5234,HS,GEN-EWS,Gender-Neutral,1
947,National Institute of Technology Hamirpur,210,"Electronics and Communication Engineering (5 Years, Bachelor and Master of Technology (Dual Degree))",5234,OS,OPEN,Gender-Neutral,1
948,"National Institute of Technology Karnataka, Surathkal",211,"Chemical Engineering (4 Years, Bachelor of Technology)",4107,HS,OPEN,Gender-Neutral,4
949,"National Institute of Technology Karnataka, Surathkal",211,"Chemical Engineering (4 Years, Bachelor of Technology)",4107,HS,OPEN (PwD),Female-only (including Supernumerary),1
950,"National Institute of Technology Karnataka, Surathkal",211,"Chemical Engineering (4 Years, Bachelor of Technology)",4107,HS,OBC-NCL,Gender-Neutral,2
951,"National Institute of Technology Karnataka, Surathkal",211,"Chemical Engineering (4 Years, Bachelor of Technology)",4107,HS,SC,Gender-Neutral,1
952,"National Institute of Technology Karnataka, Surathkal",211,"Chemical Engineering (4 Years, Bachelor of Technology)",4107,HS,SC,Female-only (including Supernumerary),1
953,"National Institute of Technology Karnataka, Surathkal",211,"Chemical Engineering (4 Years, Bachelor of Technology)",4107,HS,ST,Gender-Neutral,1
954,"National Institute of Technology Karnataka, Surathkal",211,"Chemical Engineering (4 Years, Bachelor of Technology)",4107,HS,ST,Female-only (including Supernumerary),1
955,"National Institute of Technology Karnataka, Surathkal",211,"Chemical Engineering (4 Years, Bachelor of Technology)",4107,OS,OPEN,Gender-Neutral,2
956,"National Institute of Technology Karnataka, Surathkal",211,"Civil Engineering (4 Years, Bachelor of Technology)",4109,HS,OPEN,Gender-Neutral,7
957,"National Institute of Technology Karnataka, Surathkal",211,"Civil Engineering (4 Years, Bachelor of Technology)",4109,HS,OPEN,Female-only (including Supernumerary),2
958,"National Institute of Technology Karnataka, Surathkal",211,"Civil Engineering (4 Years, Bachelor of Technology)",4109,HS,GEN-EWS,Gender-Neutral,1
959,"National Institute of Technology Karnataka, Surathkal",211,"Civil Engineering (4 Years, Bachelor of Technology)",4109,HS,OBC-NCL,Gender-Neutral,1
960,"National Institute of Technology Karnataka, Surathkal",211,"Civil Engineering (4 Years, Bachelor of Technology)",4109,HS,OBC-NCL,Female-only (including Supernumerary),1
961,"National Institute of Technology Karnataka, Surathkal",211,"Civil Engineering (4 Years, Bachelor of Technology)",4109,HS,SC,Gender-Neutral,1
962,"National Institute of Technology Karnataka, Surathkal",211,"Civil Engineering (4 Years, Bachelor of Technology)",4109,HS,SC (PwD),Gender-Neutral,1
963,"National Institute of Technology Karnataka, Surathkal",211,"Civil Engineering (4 Years, Bachelor of Technology)",4109,OS,GEN-EWS,Female-only (including Supernumerary),1
964,"National Institute of Technology Karnataka, Surathkal",211,"Civil Engineering (4 Years, Bachelor of Technology)",4109,OS,SC,Gender-Neutral,2
965,"National Institute of Technology Karnataka, Surathkal",211,"Civil Engineering (4 Years, Bachelor of Technology)",4109,OS,SC,Female-only (including Supernumerary),1
966,"National Institute of Technology Karnataka, Surathkal",211,"Civil Engineering (4 Years, Bachelor of Technology)",4109,OS,ST,Female-only (including Supernumerary),1
967,"National Institute of Technology Karnataka, Surathkal",211,"Computational and Data Science (4 Years, Bachelor of Technology)",410Q,HS,OPEN,Gender-Neutral,1
968,"National Institute of Technology Karnataka, Surathkal",211,"Computational and Data Science (4 Years, Bachelor of Technology)",410Q,OS,OPEN,Gender-Neutral,1
969,"National Institute of Technology Karnataka, Surathkal",211,"Computational and Data Science (4 Years, Bachelor of Technology)",410Q,OS,OPEN,Female-only (including Supernumerary),1
970,"National Institute of Technology Karnataka, Surathkal",211,"Computational and Data Science (4 Years, Bachelor of Technology)",410Q,OS,OBC-NCL,Female-only (including Supernumerary),1
971,"National Institute of Technology Karnataka, Surathkal",211,"Computer Science and Engineering (4 Years, Bachelor of Technology)",4110,HS,OPEN,Gender-Neutral,4
972,"National Institute of Technology Karnataka, Surathkal",211,"Computer Science and Engineering (4 Years, Bachelor of Technology)",4110,HS,OPEN,Female-only (including Supernumerary),1
973,"National Institute of Technology Karnataka, Surathkal",211,"Computer Science and Engineering (4 Years, Bachelor of Technology)",4110,HS,SC,Female-only (including Supernumerary),1
974,"National Institute of Technology Karnataka, Surathkal",211,"Computer Science and Engineering (4 Years, Bachelor of Technology)",4110,OS,OPEN,Gender-Neutral,4
975,"National Institute of Technology Karnataka, Surathkal",211,"Computer Science and Engineering (4 Years, Bachelor of Technology)",4110,OS,OPEN,Female-only (including Supernumerary),2
976,"National Institute of Technology Karnataka, Surathkal",211,"Computer Science and Engineering (4 Years, Bachelor of Technology)",4110,OS,OBC-NCL,Female-only (including Supernumerary),2
977,"National Institute of Technology Karnataka, Surathkal",211,"Computer Science and Engineering (4 Years, Bachelor of Technology)",4110,OS,ST,Gender-Neutral,1
978,"National Institute of Technology Karnataka, Surathkal",211,"Electronics and Communication Engineering (4 Years, Bachelor of Technology)",4114,HS,OPEN,Gender-Neutral,6
979,"National Institute of Technology Karnataka, Surathkal",211,"Electronics and Communication Engineering (4 Years, Bachelor of Technology)",4114,HS,OPEN,Female-only (including Supernumerary),3
980,"National Institute of Technology Karnataka, Surathkal",211,"Electronics and Communication Engineering (4 Years, Bachelor of Technology)",4114,HS,ST,Gender-Neutral,1
981,"National Institute of Technology Karnataka, Surathkal",211,"Electronics and Communication Engineering (4 Years, Bachelor of Technology)",4114,HS,ST,Female-only (including Supernumerary),1
982,"National Institute of Technology Karnataka, Surathkal",211,"Electronics and Communication Engineering (4 Years, Bachelor of Technology)",4114,HS,ST (PwD),Gender-Neutral,1
983,"National Institute of Technology Karnataka, Surathkal",211,"Electronics and Communication Engineering (4 Years, Bachelor of Technology)",4114,OS,OPEN,Gender-Neutral,4
984,"National Institute of Technology Karnataka, Surathkal",211,"Electronics and Communication Engineering (4 Years, Bachelor of Technology)",4114,OS,OPEN,Female-only (including Supernumerary),1
985,"National Institute of Technology Karnataka, Surathkal",211,"Electronics and Communication Engineering (4 Years, Bachelor of Technology)",4114,OS,GEN-EWS,Gender-Neutral,1
986,"National Institute of Technology Karnataka, Surathkal",211,"Electronics and Communication Engineering (4 Years, Bachelor of Technology)",4114,OS,SC,Female-only (including Supernumerary),1
987,"National Institute of Technology Karnataka, Surathkal",211,"Mechanical Engineering (4 Years, Bachelor of Technology)",4125,HS,OPEN,Gender-Neutral,7
988,"National Institute of Technology Karnataka, Surathkal",211,"Mechanical Engineering (4 Years, Bachelor of Technology)",4125,HS,OPEN,Female-only (including Supernumerary),2
989,"National Institute of Technology Karnataka, Surathkal",211,"Mechanical Engineering (4 Years, Bachelor of Technology)",4125,HS,GEN-EWS,Gender-Neutral,1
990,"National Institute of Technology Karnataka, Surathkal",211,"Mechanical Engineering (4 Years, Bachelor of Technology)",4125,HS,OBC-NCL,Gender-Neutral,2
991,"National Institute of Technology Karnataka, Surathkal",211,"Mechanical Engineering (4 Years, Bachelor of Technology)",4125,HS,OBC-NCL,Female-only (including Supernumerary),1
992,"National Institute of Technology Karnataka, Surathkal",211,"Mechanical Engineering (4 Years, Bachelor of Technology)",4125,HS,SC,Gender-Neutral,5
993,"National Institute of Technology Karnataka, Surathkal",211,"Mechanical Engineering (4 Years, Bachelor of Technology)",4125,HS,SC,Female-only (including Supernumerary),1
994,"National Institute of Technology Karnataka, Surathkal",211,"Mechanical Engineering (4 Years, Bachelor of Technology)",4125,OS,OPEN,Gender-Neutral,5
995,"National Institute of Technology Karnataka, Surathkal",211,"Mechanical Engineering (4 Years, Bachelor of Technology)",4125,OS,OPEN,Female-only (including Supernumerary),1
996,"National Institute of Technology Karnataka, Surathkal",211,"Mechanical Engineering (4 Years, Bachelor of Technology)",4125,OS,OBC-NCL,Gender-Neutral,2
997,"National Institute of Technology Karnataka, Surathkal",211,"Mechanical Engineering (4 Years, Bachelor of Technology)",4125,OS,ST,Gender-Neutral,1
998,"National Institute of Technology Karnataka, Surathkal",211,"Metallurgical and Materials Engineering (4 Years, Bachelor of Technology)",4127,HS,OPEN,Gender-Neutral,3
999,"National Institute of Technology Karnataka, Surathkal",211,"Metallurgical and Materials Engineering (4 Years, Bachelor of Technology)",4127,HS,OPEN,Female-only (including Supernumerary),1
1000,"National Institute of Technology Karnataka, Surathkal",211,"Metallurgical and Materials Engineering (4 Years, Bachelor of Technology)",4127,HS,GEN-EWS,Gender-Neutral,1
1001,"National Institute of Technology Karnataka, Surathkal",211,"Metallurgical and Materials Engineering (4 Years, Bachelor of Technology)",4127,HS,OBC-NCL,Gender-Neutral,1
1002,"National Institute of Technology Karnataka, Surathkal",211,"Metallurgical and Materials Engineering (4 Years, Bachelor of Technology)",4127,HS,SC,Gender-Neutral,2
1003,"National Institute of Technology Karnataka, Surathkal",211,"Metallurgical and Materials Engineering (4 Years, Bachelor of Technology)",4127,HS,ST,Female-only (including Supernumerary),1
1004,"National Institute of Technology Karnataka, Surathkal",211,"Metallurgical and Materials Engineering (4 Years, Bachelor of Technology)",4127,OS,OPEN,Gender-Neutral,2
1005,"National Institute of Technology Karnataka, Surathkal",211,"Metallurgical and Materials Engineering (4 Years, Bachelor of Technology)",4127,OS,OPEN,Female-only (including Supernumerary),1
1006,"National Institute of Technology Karnataka, Surathkal",211,"Mining Engineering (4 Years, Bachelor of Technology)",4130,HS,OPEN,Gender-Neutral,4
1007,"National Institute of Technology Karnataka, Surathkal",211,"Mining Engineering (4 Years, Bachelor of Technology)",4130,HS,OPEN,Female-only (including Supernumerary),1
1008,"National Institute of Technology Karnataka, Surathkal",211,"Mining Engineering (4 Years, Bachelor of Technology)",4130,HS,GEN-EWS,Gender-Neutral,1
1009,"National Institute of Technology Karnataka, Surathkal",211,"Mining Engineering (4 Years, Bachelor of Technology)",4130,HS,OBC-NCL,Gender-Neutral,1
1010,"National Institute of Technology Karnataka, Surathkal",211,"Mining Engineering (4 Years, Bachelor of Technology)",4130,HS,SC,Gender-Neutral,1
1011,"National Institute of Technology Karnataka, Surathkal",211,"Mining Engineering (4 Years, Bachelor of Technology)",4130,OS,OPEN,Gender-Neutral,2
1012,"National Institute of Technology Karnataka, Surathkal",211,"Mining Engineering (4 Years, Bachelor of Technology)",4130,OS,OPEN,Female-only (including Supernumerary),1
1013,"National Institute of Technology Karnataka, Surathkal",211,"Mining Engineering (4 Years, Bachelor of Technology)",4130,OS,SC,Female-only (including Supernumerary),1
1014,"National Institute of Technology Karnataka, Surathkal",211,"Electrical and Electronics Engineering (4 Years, Bachelor of Technology)",4144,HS,OPEN,Gender-Neutral,10
1015,"National Institute of Technology Karnataka, Surathkal",211,"Electrical and Electronics Engineering (4 Years, Bachelor of Technology)",4144,HS,OPEN,Female-only (including Supernumerary),1
1016,"National Institute of Technology Karnataka, Surathkal",211,"Electrical and Electronics Engineering (4 Years, Bachelor of Technology)",4144,HS,OPEN (PwD),Gender-Neutral,1
1017,"National Institute of Technology Karnataka, Surathkal",211,"Electrical and Electronics Engineering (4 Years, Bachelor of Technology)",4144,HS,GEN-EWS,Gender-Neutral,1
1018,"National Institute of Technology Karnataka, Surathkal",211,"Electrical and Electronics Engineering (4 Years, Bachelor of Technology)",4144,HS,OBC-NCL,Gender-Neutral,2
1019,"National Institute of Technology Karnataka, Surathkal",211,"Electrical and Electronics Engineering (4 Years, Bachelor of Technology)",4144,HS,SC,Gender-Neutral,1
1020,"National Institute of Technology Karnataka, Surathkal",211,"Electrical and Electronics Engineering (4 Years, Bachelor of Technology)",4144,HS,SC,Female-only (including Supernumerary),1
1021,"National Institute of Technology Karnataka, Surathkal",211,"Electrical and Electronics Engineering (4 Years, Bachelor of Technology)",4144,HS,ST,Gender-Neutral,1
1022,"National Institute of Technology Karnataka, Surathkal",211,"Electrical and Electronics Engineering (4 Years, Bachelor of Technology)",4144,OS,OPEN,Gender-Neutral,6
1023,"National Institute of Technology Karnataka, Surathkal",211,"Electrical and Electronics Engineering (4 Years, Bachelor of Technology)",4144,OS,OBC-NCL,Gender-Neutral,1
1024,"National Institute of Technology Karnataka, Surathkal",211,"Information Technology (4 Years, Bachelor of Technology)",4146,HS,OPEN,Gender-Neutral,2
1025,"National Institute of Technology Karnataka, Surathkal",211,"Information Technology (4 Years, Bachelor of Technology)",4146,HS,OPEN,Female-only (including Supernumerary),1
1026,"National Institute of Technology Karnataka, Surathkal",211,"Information Technology (4 Years, Bachelor of Technology)",4146,HS,OBC-NCL,Gender-Neutral,1
1027,"National Institute of Technology Karnataka, Surathkal",211,"Information Technology (4 Years, Bachelor of Technology)",4146,OS,OPEN,Gender-Neutral,3
1028,"National Institute of Technology Karnataka, Surathkal",211,"Artificial Intelligence (4 Years, Bachelor of Technology)",4185,HS,OPEN,Gender-Neutral,3
1029,"National Institute of Technology Karnataka, Surathkal",211,"Artificial Intelligence (4 Years, Bachelor of Technology)",4185,HS,OPEN,Female-only (including Supernumerary),1
1030,"National Institute of Technology Karnataka, Surathkal",211,"Artificial Intelligence (4 Years, Bachelor of Technology)",4185,OS,OPEN,Gender-Neutral,4
1031,"National Institute of Technology Karnataka, Surathkal",211,"Artificial Intelligence (4 Years, Bachelor of Technology)",4185,OS,OBC-NCL,Gender-Neutral,2
1032,National Institute of Technology Meghalaya,212,"Civil Engineering (4 Years, Bachelor of Technology)",4109,HS,SC,Gender-Neutral,1
1033,National Institute of Technology Meghalaya,212,"Civil Engineering (4 Years, Bachelor of Technology)",4109,HS,SC,Female-only (including Supernumerary),1
1034,National Institute of Technology Meghalaya,212,"Civil Engineering (4 Years, Bachelor of Technology)",4109,OS,OPEN,Gender-Neutral,3
1035,National Institute of Technology Meghalaya,212,"Civil Engineering (4 Years, Bachelor of Technology)",4109,OS,OBC-NCL,Gender-Neutral,1
1036,National Institute of Technology Meghalaya,212,"Civil Engineering (4 Years, Bachelor of Technology)",4109,OS,SC,Gender-Neutral,2
1037,National Institute of Technology Meghalaya,212,"Civil Engineering (4 Years, Bachelor of Technology)",4109,OS,SC,Female-only (including Supernumerary),1
1038,National Institute of Technology Meghalaya,212,"Computer Science and Engineering (4 Years, Bachelor of Technology)",4110,HS,OPEN,Gender-Neutral,1
1039,National Institute of Technology Meghalaya,212,"Computer Science and Engineering (4 Years, Bachelor of Technology)",4110,HS,ST,Gender-Neutral,2
1040,National Institute of Technology Meghalaya,212,"Computer Science and Engineering (4 Years, Bachelor of Technology)",4110,HS,ST (PwD),Female-only (including Supernumerary),1
1041,National Institute of Technology Meghalaya,212,"Computer Science and Engineering (4 Years, Bachelor of Technology)",4110,OS,GEN-EWS,Gender-Neutral,1
1042,National Institute of Technology Meghalaya,212,"Computer Science and Engineering (4 Years, Bachelor of Technology)",4110,OS,SC,Female-only (including Supernumerary),1
1043,National Institute of Technology Meghalaya,212,"Electronics and Communication Engineering (4 Years, Bachelor of Technology)",4114,HS,OPEN,Gender-Neutral,1
1044,National Institute of Technology Meghalaya,212,"Electronics and Communication Engineering (4 Years, Bachelor of Technology)",4114,HS,GEN-EWS,Female-only (including Supernumerary),1
1045,National Institute of Technology Meghalaya,212,"Electronics and Communication Engineering (4 Years, Bachelor of Technology)",4114,HS,ST,Gender-Neutral,1
1046,National Institute of Technology Meghalaya,212,"Electronics and Communication Engineering (4 Years, Bachelor of Technology)",4114,HS,ST (PwD),Gender-Neutral,1
1047,National Institute of Technology Meghalaya,212,"Electronics and Communication Engineering (4 Years, Bachelor of Technology)",4114,OS,OPEN,Gender-Neutral,1
1048,National Institute of Technology Meghalaya,212,"Electronics and Communication Engineering (4 Years, Bachelor of Technology)",4114,OS,OBC-NCL,Gender-Neutral,1
1049,National Institute of Technology Meghalaya,212,"Electronics and Communication Engineering (4 Years, Bachelor of Technology)",4114,OS,OBC-NCL(PwD),Female-only (including Supernumerary),1
1050,National Institute of Technology Meghalaya,212,"Electronics and Communication Engineering (4 Years, Bachelor of Technology)",4114,OS,SC,Gender-Neutral,1
1051,National Institute of Technology Meghalaya,212,"Electronics and Communication Engineering (4 Years, Bachelor of Technology)",4114,OS,ST,Gender-Neutral,1
1052,National Institute of Technology Meghalaya,212,"Mechanical Engineering (4 Years, Bachelor of Technology)",4125,HS,SC,Gender-Neutral,1
1053,National Institute of Technology Meghalaya,212,"Mechanical Engineering (4 Years, Bachelor of Technology)",4125,HS,ST,Gender-Neutral,3
1054,National Institute of Technology Meghalaya,212,"Mechanical Engineering (4 Years, Bachelor of Technology)",4125,OS,OPEN,Gender-Neutral,4
1055,National Institute of Technology Meghalaya,212,"Mechanical Engineering (4 Years, Bachelor of Technology)",4125,OS,OPEN,Female-only (including Supernumerary),1
1056,National Institute of Technology Meghalaya,212,"Mechanical Engineering (4 Years, Bachelor of Technology)",4125,OS,SC,Gender-Neutral,1
1057,National Institute of Technology Meghalaya,212,"Mechanical Engineering (4 Years, Bachelor of Technology)",4125,OS,ST,Female-only (including Supernumerary),1
1058,National Institute of Technology Meghalaya,212,"Electrical and Electronics Engineering (4 Years, Bachelor of Technology)",4144,HS,OPEN (PwD),Gender-Neutral,1
1059,National Institute of Technology Meghalaya,212,"Electrical and Electronics Engineering (4 Years, Bachelor of Technology)",4144,HS,GEN-EWS,Gender-Neutral,1
1060,National Institute of Technology Meghalaya,212,"Electrical and Electronics Engineering (4 Years, Bachelor of Technology)",4144,HS,ST,Gender-Neutral,1
1061,National Institute of Technology Meghalaya,212,"Electrical and Electronics Engineering (4 Years, Bachelor of Technology)",4144,HS,ST,Female-only (including Supernumerary),1
1062,National Institute of Technology Meghalaya,212,"Electrical and Electronics Engineering (4 Years, Bachelor of Technology)",4144,HS,ST (PwD),Gender-Neutral,1
1063,National Institute of Technology Meghalaya,212,"Electrical and Electronics Engineering (4 Years, Bachelor of Technology)",4144,OS,OPEN,Gender-Neutral,2
1064,National Institute of Technology Meghalaya,212,"Electrical and Electronics Engineering (4 Years, Bachelor of Technology)",4144,OS,OPEN (PwD),Female-only (including Supernumerary),1
1065,National Institute of Technology Meghalaya,212,"Electrical and Electronics Engineering (4 Years, Bachelor of Technology)",4144,OS,OBC-NCL,Female-only (including Supernumerary),1
1066,National Institute of Technology Meghalaya,212,"Electrical and Electronics Engineering (4 Years, Bachelor of Technology)",4144,OS,SC (PwD),Gender-Neutral,1
1067,National Institute of Technology Nagaland,213,"Civil Engineering (4 Years, Bachelor of Technology)",4109,HS,ST,Gender-Neutral,1
1068,National Institute of Technology Nagaland,213,"Civil Engineering (4 Years, Bachelor of Technology)",4109,HS,ST,Female-only (including Supernumerary),1
1069,National Institute of Technology Nagaland,213,"Civil Engineering (4 Years, Bachelor of Technology)",4109,OS,OPEN,Gender-Neutral,1
1070,National Institute of Technology Nagaland,213,"Civil Engineering (4 Years, Bachelor of Technology)",4109,OS,GEN-EWS,Gender-Neutral,1
1071,National Institute of Technology Nagaland,213,"Civil Engineering (4 Years, Bachelor of Technology)",4109,OS,GEN-EWS,Female-only (including Supernumerary),1
1072,National Institute of Technology Nagaland,213,"Civil Engineering (4 Years, Bachelor of Technology)",4109,OS,OBC-NCL,Gender-Neutral,3
1073,National Institute of Technology Nagaland,213,"Civil Engineering (4 Years, Bachelor of Technology)",4109,OS,OBC-NCL,Female-only (including Supernumerary),1
1074,National Institute of Technology Nagaland,213,"Computer Science and Engineering (4 Years, Bachelor of Technology)",4110,HS,ST,Female-only (including Supernumerary),1
1075,National Institute of Technology Nagaland,213,"Computer Science and Engineering (4 Years, Bachelor of Technology)",4110,HS,ST (PwD),Gender-Neutral,1
1076,National Institute of Technology Nagaland,213,"Computer Science and Engineering (4 Years, Bachelor of Technology)",4110,OS,OPEN,Gender-Neutral,4
1077,National Institute of Technology Nagaland,213,"Computer Science and Engineering (4 Years, Bachelor of Technology)",4110,OS,OPEN,Female-only (including Supernumerary),2
1078,National Institute of Technology Nagaland,213,"Computer Science and Engineering (4 Years, Bachelor of Technology)",4110,OS,GEN-EWS,Gender-Neutral,1
1079,National Institute of Technology Nagaland,213,"Computer Science and Engineering (4 Years, Bachelor of Technology)",4110,OS,SC (PwD),Gender-Neutral,1
1080,National Institute of Technology Nagaland,213,"Electronics and Communication Engineering (4 Years, Bachelor of Technology)",4114,HS,ST,Gender-Neutral,1
1081,National Institute of Technology Nagaland,213,"Electronics and Communication Engineering (4 Years, Bachelor of Technology)",4114,HS,ST,Female-only (including Supernumerary),1
1082,National Institute of Technology Nagaland,213,"Electronics and Communication Engineering (4 Years, Bachelor of Technology)",4114,HS,ST (PwD),Gender-Neutral,1
1083,National Institute of Technology Nagaland,213,"Electronics and Communication Engineering (4 Years, Bachelor of Technology)",4114,HS,ST (PwD),Female-only (including Supernumerary),1
1084,National Institute of Technology Nagaland,213,"Electronics and Communication Engineering (4 Years, Bachelor of Technology)",4114,OS,OPEN,Gender-Neutral,3
1085,National Institute of Technology Nagaland,213,"Electronics and Communication Engineering (4 Years, Bachelor of Technology)",4114,OS,OPEN (PwD),Female-only (including Supernumerary),1
1086,National Institute of Technology Nagaland,213,"Electronics and Communication Engineering (4 Years, Bachelor of Technology)",4114,OS,GEN-EWS,Gender-Neutral,1
1087,National Institute of Technology Nagaland,213,"Electronics and Communication Engineering (4 Years, Bachelor of Technology)",4114,OS,OBC-NCL,Gender-Neutral,2
1088,National Institute of Technology Nagaland,213,"Mechanical Engineering (4 Years, Bachelor of Technology)",4125,HS,ST,Gender-Neutral,3
1089,National Institute of Technology Nagaland,213,"Mechanical Engineering (4 Years, Bachelor of Technology)",4125,HS,ST,Female-only (including Supernumerary),2
1090,National Institute of Technology Nagaland,213,"Mechanical Engineering (4 Years, Bachelor of Technology)",4125,OS,OPEN,Gender-Neutral,5
1091,National Institute of Technology Nagaland,213,"Mechanical Engineering (4 Years, Bachelor of Technology)",4125,OS,OPEN,Female-only (including Supernumerary),2
1092,National Institute of Technology Nagaland,213,"Mechanical Engineering (4 Years, Bachelor of Technology)",4125,OS,GEN-EWS,Gender-Neutral,1
1093,National Institute of Technology Nagaland,213,"Electronics and Instrumentation Engineering (4 Years, Bachelor of Technology)",4142,HS,ST,Gender-Neutral,9
1094,National Institute of Technology Nagaland,213,"Electronics and Instrumentation Engineering (4 Years, Bachelor of Technology)",4142,HS,ST,Female-only (including Supernumerary),1
1095,National Institute of Technology Nagaland,213,"Electronics and Instrumentation Engineering (4 Years, Bachelor of Technology)",4142,HS,ST (PwD),Gender-Neutral,1
1096,National Institute of Technology Nagaland,213,"Electronics and Instrumentation Engineering (4 Years, Bachelor of Technology)",4142,OS,OPEN,Gender-Neutral,3
1097,National Institute of Technology Nagaland,213,"Electronics and Instrumentation Engineering (4 Years, Bachelor of Technology)",4142,OS,OPEN (PwD),Gender-Neutral,1
1098,National Institute of Technology Nagaland,213,"Electronics and Instrumentation Engineering (4 Years, Bachelor of Technology)",4142,OS,OBC-NCL,Gender-Neutral,2
1099,National Institute of Technology Nagaland,213,"Electronics and Instrumentation Engineering (4 Years, Bachelor of Technology)",4142,OS,OBC-NCL,Female-only (including Supernumerary),1
1100,National Institute of Technology Nagaland,213,"Electronics and Instrumentation Engineering (4 Years, Bachelor of Technology)",4142,OS,OBC-NCL(PwD),Gender-Neutral,1
1101,National Institute of Technology Nagaland,213,"Electrical and Electronics Engineering (4 Years, Bachelor of Technology)",4144,HS,ST,Gender-Neutral,2
1102,National Institute of Technology Nagaland,213,"Electrical and Electronics Engineering (4 Years, Bachelor of Technology)",4144,HS,ST,Female-only (including Supernumerary),1
1103,National Institute of Technology Nagaland,213,"Electrical and Electronics Engineering (4 Years, Bachelor of Technology)",4144,HS,ST (PwD),Gender-Neutral,1
1104,National Institute of Technology Nagaland,213,"Electrical and Electronics Engineering (4 Years, Bachelor of Technology)",4144,OS,OPEN,Gender-Neutral,3
1105,National Institute of Technology Nagaland,213,"Electrical and Electronics Engineering (4 Years, Bachelor of Technology)",4144,OS,OPEN,Female-only (including Supernumerary),3
1106,National Institute of Technology Nagaland,213,"Electrical and Electronics Engineering (4 Years, Bachelor of Technology)",4144,OS,GEN-EWS,Gender-Neutral,1
1107,National Institute of Technology Nagaland,213,"Electrical and Electronics Engineering (4 Years, Bachelor of Technology)",4144,OS,OBC-NCL,Gender-Neutral,1
1108,National Institute of Technology Nagaland,213,"Electrical and Electronics Engineering (4 Years, Bachelor of Technology)",4144,OS,SC,Gender-Neutral,1
1109,National Institute of Technology Nagaland,213,"Electrical and Electronics Engineering (4 Years, Bachelor of Technology)",4144,OS,SC,Female-only (including Supernumerary),1
1110,National Institute of Technology Patna,214,"Civil Engineering (4 Years, Bachelor of Technology)",4109,HS,OPEN,Gender-Neutral,1
1111,National Institute of Technology Patna,214,"Civil Engineering (4 Years, Bachelor of Technology)",4109,HS,OPEN,Female-only (including Supernumerary),1
1112,National Institute of Technology Patna,214,"Civil Engineering (4 Years, Bachelor of Technology)",4109,HS,OBC-NCL,Gender-Neutral,1
1113,National Institute of Technology Patna,214,"Civil Engineering (4 Years, Bachelor of Technology)",4109,HS,SC,Gender-Neutral,1
1114,National Institute of Technology Patna,214,"Civil Engineering (4 Years, Bachelor of Technology)",4109,HS,ST (PwD),Gender-Neutral,1
1115,National Institute of Technology Patna,214,"Civil Engineering (4 Years, Bachelor of Technology)",4109,OS,OPEN,Gender-Neutral,2
1116,National Institute of Technology Patna,214,"Civil Engineering (4 Years, Bachelor of Technology)",4109,OS,OPEN,Female-only (including Supernumerary),2
1117,National Institute of Technology Patna,214,"Civil Engineering (4 Years, Bachelor of Technology)",4109,OS,OPEN (PwD),Gender-Neutral,1
1118,National Institute of Technology Patna,214,"Civil Engineering (4 Years, Bachelor of Technology)",4109,OS,GEN-EWS,Gender-Neutral,1
1119,National Institute of Technology Patna,214,"Civil Engineering (4 Years, Bachelor of Technology)",4109,OS,SC,Female-only (including Supernumerary),1
1120,National Institute of Technology Patna,214,"Computer Science and Engineering (4 Years, Bachelor of Technology)",4110,HS,OPEN,Gender-Neutral,1
1121,National Institute of Technology Patna,214,"Computer Science and Engineering (4 Years, Bachelor of Technology)",4110,HS,GEN-EWS,Gender-Neutral,1
1122,National Institute of Technology Patna,214,"Computer Science and Engineering (4 Years, Bachelor of Technology)",4110,HS,OBC-NCL,Gender-Neutral,2
1123,National Institute of Technology Patna,214,"Computer Science and Engineering (4 Years, Bachelor of Technology)",4110,HS,SC,Gender-Neutral,1
1124,National Institute of Technology Patna,214,"Computer Science and Engineering (4 Years, Bachelor of Technology)",4110,HS,SC (PwD),Gender-Neutral,1
1125,National Institute of Technology Patna,214,"Computer Science and Engineering (4 Years, Bachelor of Technology)",4110,OS,OPEN,Gender-Neutral,4
1126,National Institute of Technology Patna,214,"Computer Science and Engineering (4 Years, Bachelor of Technology)",4110,OS,OPEN,Female-only (including Supernumerary),1
1127,National Institute of Technology Patna,214,"Computer Science and Engineering (4 Years, Bachelor of Technology)",4110,OS,GEN-EWS,Gender-Neutral,1
1128,National Institute of Technology Patna,214,"Computer Science and Engineering (4 Years, Bachelor of Technology)",4110,OS,OBC-NCL,Gender-Neutral,1
1129,National Institute of Technology Patna,214,"Computer Science and Engineering (4 Years, Bachelor of Technology)",4110,OS,SC,Gender-Neutral,1
1130,National Institute of Technology Patna,214,"Electrical Engineering (4 Years, Bachelor of Technology)",4111,HS,OPEN,Female-only (including Supernumerary),1
1131,National Institute of Technology Patna,214,"Electrical Engineering (4 Years, Bachelor of Technology)",4111,HS,SC,Female-only (including Supernumerary),1
1132,National Institute of Technology Patna,214,"Electrical Engineering (4 Years, Bachelor of Technology)",4111,HS,SC (PwD),Gender-Neutral,1
1133,National Institute of Technology Patna,214,"Electrical Engineering (4 Years, Bachelor of Technology)",4111,OS,OPEN,Gender-Neutral,3
1134,National Institute of Technology Patna,214,"Electrical Engineering (4 Years, Bachelor of Technology)",4111,OS,OPEN,Female-only (including Supernumerary),1
1135,National Institute of Technology Patna,214,"Electrical Engineering (4 Years, Bachelor of Technology)",4111,OS,GEN-EWS,Gender-Neutral,1
1136,National Institute of Technology Patna,214,"Electronics and Communication Engineering (4 Years, Bachelor of Technology)",4114,HS,OPEN,Gender-Neutral,1
1137,National Institute of Technology Patna,214,"Electronics and Communication Engineering (4 Years, Bachelor of Technology)",4114,HS,SC,Gender-Neutral,1
1138,National Institute of Technology Patna,214,"Electronics and Communication Engineering (4 Years, Bachelor of Technology)",4114,HS,ST,Female-only (including Supernumerary),1
1139,National Institute of Technology Patna,214,"Electronics and Communication Engineering (4 Years, Bachelor of Technology)",4114,HS,ST (PwD),Gender-Neutral,1
1140,National Institute of Technology Patna,214,"Electronics and Communication Engineering (4 Years, Bachelor of Technology)",4114,OS,OPEN,Gender-Neutral,1
1141,National Institute of Technology Patna,214,"Electronics and Communication Engineering (4 Years, Bachelor of Technology)",4114,OS,OPEN,Female-only (including Supernumerary),3
1142,National Institute of Technology Patna,214,"Electronics and Communication Engineering (4 Years, Bachelor of Technology)",4114,OS,OBC-NCL,Gender-Neutral,1
1143,National Institute of Technology Patna,214,"Electronics and Communication Engineering (4 Years, Bachelor of Technology)",4114,OS,SC,Gender-Neutral,2
1144,National Institute of Technology Patna,214,"Mechatronics and Automation Engineering (4 Years, Bachelor of Technology)",411B,HS,OBC-NCL,Female-only (including Supernumerary),1
1145,National Institute of Technology Patna,214,"Mechatronics and Automation Engineering (4 Years, Bachelor of Technology)",411B,OS,OPEN,Gender-Neutral,2
1146,National Institute of Technology Patna,214,"Mechatronics and Automation Engineering (4 Years, Bachelor of Technology)",411B,OS,OBC-NCL,Gender-Neutral,1
1147,National Institute of Technology Patna,214,"Mechatronics and Automation Engineering (4 Years, Bachelor of Technology)",411B,OS,SC,Gender-Neutral,1
1148,National Institute of Technology Patna,214,"Electronics Engineering (VLSI Design and Technology) (4 Years, Bachelor of Technology)",411H,HS,OBC-NCL,Gender-Neutral,1
1149,National Institute of Technology Patna,214,"Electronics Engineering (VLSI Design and Technology) (4 Years, Bachelor of Technology)",411H,OS,OPEN,Gender-Neutral,2
1150,National Institute of Technology Patna,214,"Electronics Engineering (VLSI Design and Technology) (4 Years, Bachelor of Technology)",411H,OS,SC,Gender-Neutral,1
1151,National Institute of Technology Patna,214,"Electronics Engineering (VLSI Design and Technology) (4 Years, Bachelor of Technology)",411H,OS,ST,Female-only (including Supernumerary),1
1152,National Institute of Technology Patna,214,"Mechanical Engineering (4 Years, Bachelor of Technology)",4125,HS,OPEN,Gender-Neutral,1
1153,National Institute of Technology Patna,214,"Mechanical Engineering (4 Years, Bachelor of Technology)",4125,HS,OPEN (PwD),Gender-Neutral,1
1154,National Institute of Technology Patna,214,"Mechanical Engineering (4 Years, Bachelor of Technology)",4125,HS,OBC-NCL,Gender-Neutral,2
1155,National Institute of Technology Patna,214,"Mechanical Engineering (4 Years, Bachelor of Technology)",4125,HS,SC (PwD),Gender-Neutral,1
1156,National Institute of Technology Patna,214,"Mechanical Engineering (4 Years, Bachelor of Technology)",4125,OS,OPEN,Gender-Neutral,4
1157,National Institute of Technology Patna,214,"Mechanical Engineering (4 Years, Bachelor of Technology)",4125,OS,OPEN,Female-only (including Supernumerary),1
1158,National Institute of Technology Patna,214,"Mechanical Engineering (4 Years, Bachelor of Technology)",4125,OS,OPEN (PwD),Gender-Neutral,1
1159,National Institute of Technology Patna,214,"Mechanical Engineering (4 Years, Bachelor of Technology)",4125,OS,GEN-EWS,Gender-Neutral,1
1160,National Institute of Technology Patna,214,"Mechanical Engineering (4 Years, Bachelor of Technology)",4125,OS,OBC-NCL,Female-only (including Supernumerary),2
1161,National Institute of Technology Patna,214,"Mechanical Engineering (4 Years, Bachelor of Technology)",4125,OS,SC (PwD),Gender-Neutral,1
1162,National Institute of Technology Patna,214,"Mechanical Engineering (4 Years, Bachelor of Technology)",4125,OS,ST,Gender-Neutral,1
1163,National Institute of Technology Patna,214,"Artificial Intelligence and Data Science (4 Years, Bachelor of Technology)",4188,OS,OPEN,Gender-Neutral,2
1164,National Institute of Technology Patna,214,"Artificial Intelligence and Data Science (4 Years, Bachelor of Technology)",4188,OS,SC,Gender-Neutral,2
1165,National Institute of Technology Patna,214,"Architecture (5 Years, Bachelor of Architecture)",5101,HS,OPEN (PwD),Gender-Neutral,1
1166,National Institute of Technology Patna,214,"Architecture (5 Years, Bachelor of Architecture)",5101,HS,ST,Gender-Neutral,1
1167,National Institute of Technology Patna,214,"Architecture (5 Years, Bachelor of Architecture)",5101,HS,ST (PwD),Gender-Neutral,1
1168,National Institute of Technology Patna,214,"Architecture (5 Years, Bachelor of Architecture)",5101,OS,OPEN,Gender-Neutral,3
1169,National Institute of Technology Patna,214,"Architecture (5 Years, Bachelor of Architecture)",5101,OS,OPEN,Female-only (including Supernumerary),2
1170,National Institute of Technology Patna,214,"Architecture (5 Years, Bachelor of Architecture)",5101,OS,OPEN (PwD),Gender-Neutral,1
1171,National Institute of Technology Patna,214,"Architecture (5 Years, Bachelor of Architecture)",5101,OS,GEN-EWS,Gender-Neutral,2
1172,National Institute of Technology Patna,214,"Architecture (5 Years, Bachelor of Architecture)",5101,OS,OBC-NCL,Gender-Neutral,3
1173,National Institute of Technology Patna,214,"Architecture (5 Years, Bachelor of Architecture)",5101,OS,SC,Gender-Neutral,1
1174,National Institute of Technology Patna,214,"Architecture (5 Years, Bachelor of Architecture)",5101,OS,SC,Female-only (including Supernumerary),1
1175,National Institute of Technology Patna,214,"Architecture (5 Years, Bachelor of Architecture)",5101,OS,ST (PwD),Gender-Neutral,1
1176,National Institute of Technology Patna,214,"Computer Science and Engineering with Specialization in Data Science (5 Years, Bachelor and Master of Technology (Dual Degree))",520H,HS,OPEN,Female-only (including Supernumerary),1
1177,National Institute of Technology Patna,214,"Computer Science and Engineering with Specialization in Data Science (5 Years, Bachelor and Master of Technology (Dual Degree))",520H,HS,SC,Female-only (including Supernumerary),1
1178,National Institute of Technology Patna,214,"Computer Science and Engineering with Specialization in Data Science (5 Years, Bachelor and Master of Technology (Dual Degree))",520H,HS,SC (PwD),Gender-Neutral,1
1179,National Institute of Technology Patna,214,"Computer Science and Engineering with Specialization in Data Science (5 Years, Bachelor and Master of Technology (Dual Degree))",520H,OS,OBC-NCL,Gender-Neutral,1
1180,National Institute of Technology Patna,214,"Computer Science and Engineering with Specialization in Cyber Security (5 Years, Bachelor and Master of Technology (Dual Degree))",520I,HS,OPEN,Gender-Neutral,1
1181,National Institute of Technology Patna,214,"Computer Science and Engineering with Specialization in Cyber Security (5 Years, Bachelor and Master of Technology (Dual Degree))",520I,OS,OPEN,Gender-Neutral,2
1182,National Institute of Technology Patna,214,"Computer Science and Engineering with Specialization in Cyber Security (5 Years, Bachelor and Master of Technology (Dual Degree))",520I,OS,OBC-NCL,Female-only (including Supernumerary),1
1183,National Institute of Technology Patna,214,"Electronics and Communication Engineering with Specialization in Microelectronics and VLSI System Design (5 Years, Bachelor and Master of Technology (Dual Degree))",520J,OS,OPEN,Gender-Neutral,1
1184,National Institute of Technology Patna,214,"Electrical Engineering with Specialization In Power System Engineering (5 Years, Bachelor and Master of Technology (Dual Degree))",520K,HS,OPEN,Gender-Neutral,1
1185,National Institute of Technology Patna,214,"Electrical Engineering with Specialization In Power System Engineering (5 Years, Bachelor and Master of Technology (Dual Degree))",520K,HS,GEN-EWS,Gender-Neutral,1
1186,National Institute of Technology Patna,214,"Electrical Engineering with Specialization In Power System Engineering (5 Years, Bachelor and Master of Technology (Dual Degree))",520K,OS,OPEN,Gender-Neutral,2
1187,National Institute of Technology Patna,214,"Electrical Engineering with Specialization In Power System Engineering (5 Years, Bachelor and Master of Technology (Dual Degree))",520K,OS,OBC-NCL,Gender-Neutral,1
1188,National Institute of Technology Patna,214,"Mechanical Engineering with Specialization in Manufacturing and Industrial Engineering (5 Years, Bachelor and Master of Technology (Dual Degree))",520L,HS,OBC-NCL,Gender-Neutral,1
1189,National Institute of Technology Patna,214,"Mechanical Engineering with Specialization in Manufacturing and Industrial Engineering (5 Years, Bachelor and Master of Technology (Dual Degree))",520L,HS,SC (PwD),Gender-Neutral,1
1190,National Institute of Technology Patna,214,"Mechanical Engineering with Specialization in Manufacturing and Industrial Engineering (5 Years, Bachelor and Master of Technology (Dual Degree))",520L,HS,ST,Gender-Neutral,1
1191,National Institute of Technology Patna,214,"Mechanical Engineering with Specialization in Manufacturing and Industrial Engineering (5 Years, Bachelor and Master of Technology (Dual Degree))",520L,OS,OBC-NCL,Gender-Neutral,1
1192,National Institute of Technology Patna,214,"Mechanical Engineering with Specialization in Manufacturing and Industrial Engineering (5 Years, Bachelor and Master of Technology (Dual Degree))",520L,OS,OBC-NCL,Female-only (including Supernumerary),1
1193,National Institute of Technology Patna,214,"Mechanical Engineering with Specialization in Manufacturing and Industrial Engineering (5 Years, Bachelor and Master of Technology (Dual Degree))",520L,OS,SC,Female-only (including Supernumerary),1
1194,National Institute of Technology Patna,214,"Civil Engineering with Specialization in Construction Technology and Management (5 Years, Bachelor and Master of Technology (Dual Degree))",520M,OS,OPEN,Gender-Neutral,1
1195,National Institute of Technology Patna,214,"Civil Engineering with Specialization in Construction Technology and Management (5 Years, Bachelor and Master of Technology (Dual Degree))",520M,OS,GEN-EWS,Gender-Neutral,1
1196,National Institute of Technology Patna,214,"Material Science and Engineering (5 Years, Bachelor and Master of Technology (Dual Degree))",520N,HS,SC,Gender-Neutral,1
1197,National Institute of Technology Patna,214,"Material Science and Engineering (5 Years, Bachelor and Master of Technology (Dual Degree))",520N,OS,OPEN,Gender-Neutral,3
1198,National Institute of Technology Patna,214,"Material Science and Engineering (5 Years, Bachelor and Master of Technology (Dual Degree))",520N,OS,OPEN,Female-only (including Supernumerary),1
1199,National Institute of Technology Patna,214,"Material Science and Engineering (5 Years, Bachelor and Master of Technology (Dual Degree))",520N,OS,GEN-EWS,Gender-Neutral,1
1200,National Institute of Technology Patna,214,"Material Science and Engineering (5 Years, Bachelor and Master of Technology (Dual Degree))",520N,OS,SC,Gender-Neutral,1
1201,National Institute of Technology Patna,214,"Material Science and Engineering (5 Years, Bachelor and Master of Technology (Dual Degree))",520N,OS,SC,Female-only (including Supernumerary),1
1202,National Institute of Technology Patna,214,"Mathematics and Computing Technology (5 Years, Bachelor and Master of Technology (Dual Degree))",520O,OS,OPEN,Gender-Neutral,1
1203,National Institute of Technology Patna,214,"Chemical Technology (5 Years, Bachelor and Master of Technology (Dual Degree))",521R,HS,OPEN,Female-only (including Supernumerary),1
1204,National Institute of Technology Patna,214,"Chemical Technology (5 Years, Bachelor and Master of Technology (Dual Degree))",521R,HS,OBC-NCL,Gender-Neutral,1
1205,National Institute of Technology Patna,214,"Chemical Technology (5 Years, Bachelor and Master of Technology (Dual Degree))",521R,OS,OPEN,Gender-Neutral,2
1206,National Institute of Technology Patna,214,"Chemical Technology (5 Years, Bachelor and Master of Technology (Dual Degree))",521R,OS,OPEN,Female-only (including Supernumerary),1
1207,National Institute of Technology Patna,214,"Chemical Technology (5 Years, Bachelor and Master of Technology (Dual Degree))",521R,OS,GEN-EWS,Gender-Neutral,2
1208,National Institute of Technology Patna,214,"Chemical Technology (5 Years, Bachelor and Master of Technology (Dual Degree))",521R,OS,OBC-NCL,Gender-Neutral,1
1209,National Institute of Technology Patna,214,"Chemical Technology (5 Years, Bachelor and Master of Technology (Dual Degree))",521R,OS,SC,Gender-Neutral,1
1210,National Institute of Technology Patna,214,"Chemical Technology (5 Years, Bachelor and Master of Technology (Dual Degree))",521R,OS,SC (PwD),Gender-Neutral,1
1211,National Institute of Technology Puducherry,215,"Civil Engineering (4 Years, Bachelor of Technology)",4109,HS,OPEN,Gender-Neutral,1
1212,National Institute of Technology Puducherry,215,"Civil Engineering (4 Years, Bachelor of Technology)",4109,HS,OPEN,Female-only (including Supernumerary),2
1213,National Institute of Technology Puducherry,215,"Civil Engineering (4 Years, Bachelor of Technology)",4109,HS,GEN-EWS,Gender-Neutral,2
1214,National Institute of Technology Puducherry,215,"Civil Engineering (4 Years, Bachelor of Technology)",4109,HS,OBC-NCL,Gender-Neutral,1
1215,National Institute of Technology Puducherry,215,"Civil Engineering (4 Years, Bachelor of Technology)",4109,HS,OBC-NCL(PwD),Female-only (including Supernumerary),1
1216,National Institute of Technology Puducherry,215,"Civil Engineering (4 Years, Bachelor of Technology)",4109,HS,SC,Gender-Neutral,1
1217,National Institute of Technology Puducherry,215,"Civil Engineering (4 Years, Bachelor of Technology)",4109,HS,ST,Female-only (including Supernumerary),1
1218,National Institute of Technology Puducherry,215,"Civil Engineering (4 Years, Bachelor of Technology)",4109,OS,OPEN,Gender-Neutral,3
1219,National Institute of Technology Puducherry,215,"Civil Engineering (4 Years, Bachelor of Technology)",4109,OS,OPEN,Female-only (including Supernumerary),1
1220,National Institute of Technology Puducherry,215,"Civil Engineering (4 Years, Bachelor of Technology)",4109,OS,OPEN (PwD),Gender-Neutral,1
1221,National Institute of Technology Puducherry,215,"Civil Engineering (4 Years, Bachelor of Technology)",4109,OS,OBC-NCL,Female-only (including Supernumerary),1
1222,National Institute of Technology Puducherry,215,"Civil Engineering (4 Years, Bachelor of Technology)",4109,OS,SC,Gender-Neutral,2
1223,National Institute of Technology Puducherry,215,"Computer Science and Engineering (4 Years, Bachelor of Technology)",4110,HS,OPEN,Gender-Neutral,3
1224,National Institute of Technology Puducherry,215,"Computer Science and Engineering (4 Years, Bachelor of Technology)",4110,HS,OPEN,Female-only (including Supernumerary),1
1225,National Institute of Technology Puducherry,215,"Computer Science and Engineering (4 Years, Bachelor of Technology)",4110,HS,GEN-EWS,Female-only (including Supernumerary),1
1226,National Institute of Technology Puducherry,215,"Computer Science and Engineering (4 Years, Bachelor of Technology)",4110,HS,OBC-NCL,Gender-Neutral,3
1227,National Institute of Technology Puducherry,215,"Computer Science and Engineering (4 Years, Bachelor of Technology)",4110,HS,SC,Gender-Neutral,2
1228,National Institute of Technology Puducherry,215,"Computer Science and Engineering (4 Years, Bachelor of Technology)",4110,HS,ST,Gender-Neutral,2
1229,National Institute of Technology Puducherry,215,"Computer Science and Engineering (4 Years, Bachelor of Technology)",4110,OS,OPEN,Gender-Neutral,5
1230,National Institute of Technology Puducherry,215,"Computer Science and Engineering (4 Years, Bachelor of Technology)",4110,OS,OPEN,Female-only (including Supernumerary),1
1231,National Institute of Technology Puducherry,215,"Computer Science and Engineering (4 Years, Bachelor of Technology)",4110,OS,OPEN (PwD),Female-only (including Supernumerary),1
1232,National Institute of Technology Puducherry,215,"Computer Science and Engineering (4 Years, Bachelor of Technology)",4110,OS,OBC-NCL,Gender-Neutral,1
1233,National Institute of Technology Puducherry,215,"Computer Science and Engineering (4 Years, Bachelor of Technology)",4110,OS,SC,Female-only (including Supernumerary),1
1234,National Institute of Technology Puducherry,215,"Computer Science and Engineering (4 Years, Bachelor of Technology)",4110,OS,ST,Gender-Neutral,1
1235,National Institute of Technology Puducherry,215,"Electronics and Communication Engineering (4 Years, Bachelor of Technology)",4114,HS,OPEN,Gender-Neutral,1
1236,National Institute of Technology Puducherry,215,"Electronics and Communication Engineering (4 Years, Bachelor of Technology)",4114,HS,OPEN (PwD),Gender-Neutral,1
1237,National Institute of Technology Puducherry,215,"Electronics and Communication Engineering (4 Years, Bachelor of Technology)",4114,HS,GEN-EWS,Female-only (including Supernumerary),1
1238,National Institute of Technology Puducherry,215,"Electronics and Communication Engineering (4 Years, Bachelor of Technology)",4114,HS,OBC-NCL,Gender-Neutral,2
1239,National Institute of Technology Puducherry,215,"Electronics and Communication Engineering (4 Years, Bachelor of Technology)",4114,HS,OBC-NCL,Female-only (including Supernumerary),1
1240,National Institute of Technology Puducherry,215,"Electronics and Communication Engineering (4 Years, Bachelor of Technology)",4114,HS,SC,Female-only (including Supernumerary),1
1241,National Institute of Technology Puducherry,215,"Electronics and Communication Engineering (4 Years, Bachelor of Technology)",4114,HS,ST,Gender-Neutral,2
1242,National Institute of Technology Puducherry,215,"Electronics and Communication Engineering (4 Years, Bachelor of Technology)",4114,OS,OPEN,Gender-Neutral,4
1243,National Institute of Technology Puducherry,215,"Electronics and Communication Engineering (4 Years, Bachelor of Technology)",4114,OS,OPEN,Female-only (including Supernumerary),1
1244,National Institute of Technology Puducherry,215,"Electronics and Communication Engineering (4 Years, Bachelor of Technology)",4114,OS,OBC-NCL,Gender-Neutral,3
1245,National Institute of Technology Puducherry,215,"Electronics and Communication Engineering (4 Years, Bachelor of Technology)",4114,OS,OBC-NCL,Female-only (including Supernumerary),1
1246,National Institute of Technology Puducherry,215,"Electronics and Communication Engineering (4 Years, Bachelor of Technology)",4114,OS,SC,Gender-Neutral,1
1247,National Institute of Technology Puducherry,215,"Electronics and Communication Engineering (4 Years, Bachelor of Technology)",4114,OS,SC (PwD),Gender-Neutral,1
1248,National Institute of Technology Puducherry,215,"Mechanical Engineering (4 Years, Bachelor of Technology)",4125,HS,OPEN,Gender-Neutral,4
1249,National Institute of Technology Puducherry,215,"Mechanical Engineering (4 Years, Bachelor of Technology)",4125,HS,OPEN,Female-only (including Supernumerary),1
1250,National Institute of Technology Puducherry,215,"Mechanical Engineering (4 Years, Bachelor of Technology)",4125,HS,GEN-EWS,Gender-Neutral,2
1251,National Institute of Technology Puducherry,215,"Mechanical Engineering (4 Years, Bachelor of Technology)",4125,HS,GEN-EWS,Female-only (including Supernumerary),1
1252,National Institute of Technology Puducherry,215,"Mechanical Engineering (4 Years, Bachelor of Technology)",4125,HS,OBC-NCL,Gender-Neutral,2
1253,National Institute of Technology Puducherry,215,"Mechanical Engineering (4 Years, Bachelor of Technology)",4125,HS,SC,Gender-Neutral,1
1254,National Institute of Technology Puducherry,215,"Mechanical Engineering (4 Years, Bachelor of Technology)",4125,HS,ST,Female-only (including Supernumerary),1
1255,National Institute of Technology Puducherry,215,"Mechanical Engineering (4 Years, Bachelor of Technology)",4125,OS,OPEN,Gender-Neutral,4
1256,National Institute of Technology Puducherry,215,"Mechanical Engineering (4 Years, Bachelor of Technology)",4125,OS,OPEN,Female-only (including Supernumerary),2
1257,National Institute of Technology Puducherry,215,"Mechanical Engineering (4 Years, Bachelor of Technology)",4125,OS,OBC-NCL,Gender-Neutral,1
1258,National Institute of Technology Puducherry,215,"Mechanical Engineering (4 Years, Bachelor of Technology)",4125,OS,OBC-NCL,Female-only (including Supernumerary),2
1259,National Institute of Technology Puducherry,215,"Mechanical Engineering (4 Years, Bachelor of Technology)",4125,OS,SC,Gender-Neutral,2
1260,National Institute of Technology Puducherry,215,"Mechanical Engineering (4 Years, Bachelor of Technology)",4125,OS,SC,Female-only (including Supernumerary),1
1261,National Institute of Technology Puducherry,215,"Mechanical Engineering (4 Years, Bachelor of Technology)",4125,OS,SC (PwD),Gender-Neutral,1
1262,National Institute of Technology Puducherry,215,"Mechanical Engineering (4 Years, Bachelor of Technology)",4125,OS,ST,Gender-Neutral,2
1263,National Institute of Technology Puducherry,215,"Electrical and Electronics Engineering (4 Years, Bachelor of Technology)",4144,HS,OPEN,Gender-Neutral,3
1264,National Institute of Technology Puducherry,215,"Electrical and Electronics Engineering (4 Years, Bachelor of Technology)",4144,HS,OPEN (PwD),Gender-Neutral,1
1265,National Institute of Technology Puducherry,215,"Electrical and Electronics Engineering (4 Years, Bachelor of Technology)",4144,HS,GEN-EWS,Gender-Neutral,1
1266,National Institute of Technology Puducherry,215,"Electrical and Electronics Engineering (4 Years, Bachelor of Technology)",4144,HS,GEN-EWS,Female-only (including Supernumerary),1
1267,National Institute of Technology Puducherry,215,"Electrical and Electronics Engineering (4 Years, Bachelor of Technology)",4144,HS,OBC-NCL,Gender-Neutral,1
1268,National Institute of Technology Puducherry,215,"Electrical and Electronics Engineering (4 Years, Bachelor of Technology)",4144,HS,ST,Gender-Neutral,1
1269,National Institute of Technology Puducherry,215,"Electrical and Electronics Engineering (4 Years, Bachelor of Technology)",4144,HS,ST,Female-only (including Supernumerary),1
1270,National Institute of Technology Puducherry,215,"Electrical and Electronics Engineering (4 Years, Bachelor of Technology)",4144,OS,OPEN,Gender-Neutral,3
1271,National Institute of Technology Puducherry,215,"Electrical and Electronics Engineering (4 Years, Bachelor of Technology)",4144,OS,OPEN,Female-only (including Supernumerary),1
1272,National Institute of Technology Puducherry,215,"Electrical and Electronics Engineering (4 Years, Bachelor of Technology)",4144,OS,GEN-EWS,Gender-Neutral,1
1273,National Institute of Technology Puducherry,215,"Electrical and Electronics Engineering (4 Years, Bachelor of Technology)",4144,OS,OBC-NCL,Gender-Neutral,3
1274,National Institute of Technology Puducherry,215,"Electrical and Electronics Engineering (4 Years, Bachelor of Technology)",4144,OS,SC,Female-only (including Supernumerary),1
1275,National Institute of Technology Raipur,216,"Bio Technology (4 Years, Bachelor of Technology)",4104,HS,OPEN,Gender-Neutral,4
1276,National Institute of Technology Raipur,216,"Bio Technology (4 Years, Bachelor of Technology)",4104,HS,OPEN,Female-only (including Supernumerary),2
1277,National Institute of Technology Raipur,216,"Bio Technology (4 Years, Bachelor of Technology)",4104,HS,OPEN (PwD),Gender-Neutral,1
1278,National Institute of Technology Raipur,216,"Bio Technology (4 Years, Bachelor of Technology)",4104,HS,OBC-NCL,Gender-Neutral,5
1279,National Institute of Technology Raipur,216,"Bio Technology (4 Years, Bachelor of Technology)",4104,HS,OBC-NCL,Female-only (including Supernumerary),1
1280,National Institute of Technology Raipur,216,"Bio Technology (4 Years, Bachelor of Technology)",4104,HS,OBC-NCL(PwD),Gender-Neutral,1
1281,National Institute of Technology Raipur,216,"Bio Technology (4 Years, Bachelor of Technology)",4104,HS,SC,Gender-Neutral,1
1282,National Institute of Technology Raipur,216,"Bio Technology (4 Years, Bachelor of Technology)",4104,HS,ST,Gender-Neutral,2
1283,National Institute of Technology Raipur,216,"Bio Technology (4 Years, Bachelor of Technology)",4104,HS,ST,Female-only (including Supernumerary),1
1284,National Institute of Technology Raipur,216,"Bio Technology (4 Years, Bachelor of Technology)",4104,OS,OPEN,Gender-Neutral,6
1285,National Institute of Technology Raipur,216,"Bio Technology (4 Years, Bachelor of Technology)",4104,OS,OPEN,Female-only (including Supernumerary),2
1286,National Institute of Technology Raipur,216,"Bio Technology (4 Years, Bachelor of Technology)",4104,OS,OPEN (PwD),Female-only (including Supernumerary),1
1287,National Institute of Technology Raipur,216,"Bio Technology (4 Years, Bachelor of Technology)",4104,OS,GEN-EWS,Gender-Neutral,2
1288,National Institute of Technology Raipur,216,"Bio Technology (4 Years, Bachelor of Technology)",4104,OS,OBC-NCL,Gender-Neutral,4
1289,National Institute of Technology Raipur,216,"Bio Technology (4 Years, Bachelor of Technology)",4104,OS,OBC-NCL,Female-only (including Supernumerary),1
1290,National Institute of Technology Raipur,216,"Bio Technology (4 Years, Bachelor of Technology)",4104,OS,SC,Gender-Neutral,2
1291,National Institute of Technology Raipur,216,"Bio Technology (4 Years, Bachelor of Technology)",4104,OS,SC,Female-only (including Supernumerary),1
1292,National Institute of Technology Raipur,216,"Chemical Engineering (4 Years, Bachelor of Technology)",4107,HS,OPEN,Gender-Neutral,4
1293,National Institute of Technology Raipur,216,"Chemical Engineering (4 Years, Bachelor of Technology)",4107,HS,OPEN,Female-only (including Supernumerary),2
1294,National Institute of Technology Raipur,216,"Chemical Engineering (4 Years, Bachelor of Technology)",4107,HS,OPEN (PwD),Female-only (including Supernumerary),1
1295,National Institute of Technology Raipur,216,"Chemical Engineering (4 Years, Bachelor of Technology)",4107,HS,OBC-NCL,Gender-Neutral,1
1296,National Institute of Technology Raipur,216,"Chemical Engineering (4 Years, Bachelor of Technology)",4107,HS,SC,Gender-Neutral,1
1297,National Institute of Technology Raipur,216,"Chemical Engineering (4 Years, Bachelor of Technology)",4107,HS,ST (PwD),Gender-Neutral,1
1298,National Institute of Technology Raipur,216,"Chemical Engineering (4 Years, Bachelor of Technology)",4107,OS,OPEN,Gender-Neutral,4
1299,National Institute of Technology Raipur,216,"Chemical Engineering (4 Years, Bachelor of Technology)",4107,OS,OPEN,Female-only (including Supernumerary),2
1300,National Institute of Technology Raipur,216,"Chemical Engineering (4 Years, Bachelor of Technology)",4107,OS,GEN-EWS,Gender-Neutral,1
1301,National Institute of Technology Raipur,216,"Chemical Engineering (4 Years, Bachelor of Technology)",4107,OS,GEN-EWS,Female-only (including Supernumerary),1
1302,National Institute of Technology Raipur,216,"Chemical Engineering (4 Years, Bachelor of Technology)",4107,OS,OBC-NCL,Gender-Neutral,1
1303,National Institute of Technology Raipur,216,"Chemical Engineering (4 Years, Bachelor of Technology)",4107,OS,OBC-NCL,Female-only (including Supernumerary),1
1304,National Institute of Technology Raipur,216,"Chemical Engineering (4 Years, Bachelor of Technology)",4107,OS,SC,Gender-Neutral,1
1305,National Institute of Technology Raipur,216,"Civil Engineering (4 Years, Bachelor of Technology)",4109,HS,OPEN,Gender-Neutral,1
1306,National Institute of Technology Raipur,216,"Civil Engineering (4 Years, Bachelor of Technology)",4109,HS,OPEN,Female-only (including Supernumerary),1
1307,National Institute of Technology Raipur,216,"Civil Engineering (4 Years, Bachelor of Technology)",4109,HS,OBC-NCL,Gender-Neutral,1
1308,National Institute of Technology Raipur,216,"Civil Engineering (4 Years, Bachelor of Technology)",4109,HS,OBC-NCL,Female-only (including Supernumerary),1
1309,National Institute of Technology Raipur,216,"Civil Engineering (4 Years, Bachelor of Technology)",4109,HS,SC,Gender-Neutral,1
1310,National Institute of Technology Raipur,216,"Civil Engineering (4 Years, Bachelor of Technology)",4109,OS,OPEN,Gender-Neutral,3
1311,National Institute of Technology Raipur,216,"Civil Engineering (4 Years, Bachelor of Technology)",4109,OS,OPEN,Female-only (including Supernumerary),2
1312,National Institute of Technology Raipur,216,"Civil Engineering (4 Years, Bachelor of Technology)",4109,OS,GEN-EWS,Gender-Neutral,1
1313,National Institute of Technology Raipur,216,"Civil Engineering (4 Years, Bachelor of Technology)",4109,OS,GEN-EWS,Female-only (including Supernumerary),1
1314,National Institute of Technology Raipur,216,"Civil Engineering (4 Years, Bachelor of Technology)",4109,OS,OBC-NCL,Gender-Neutral,1
1315,National Institute of Technology Raipur,216,"Civil Engineering (4 Years, Bachelor of Technology)",4109,OS,SC,Gender-Neutral,2
1316,National Institute of Technology Raipur,216,"Civil Engineering (4 Years, Bachelor of Technology)",4109,OS,ST,Gender-Neutral,1
1317,National Institute of Technology Raipur,216,"Computer Science and Engineering (4 Years, Bachelor of Technology)",4110,HS,OPEN,Gender-Neutral,1
1318,National Institute of Technology Raipur,216,"Computer Science and Engineering (4 Years, Bachelor of Technology)",4110,HS,GEN-EWS,Gender-Neutral,1
1319,National Institute of Technology Raipur,216,"Computer Science and Engineering (4 Years, Bachelor of Technology)",4110,OS,OPEN,Gender-Neutral,1
1320,National Institute of Technology Raipur,216,"Computer Science and Engineering (4 Years, Bachelor of Technology)",4110,OS,OPEN,Female-only (including Supernumerary),2
1321,National Institute of Technology Raipur,216,"Computer Science and Engineering (4 Years, Bachelor of Technology)",4110,OS,GEN-EWS,Gender-Neutral,2
1322,National Institute of Technology Raipur,216,"Computer Science and Engineering (4 Years, Bachelor of Technology)",4110,OS,GEN-EWS,Female-only (including Supernumerary),1
1323,National Institute of Technology Raipur,216,"Computer Science and Engineering (4 Years, Bachelor of Technology)",4110,OS,SC,Gender-Neutral,1
1324,National Institute of Technology Raipur,216,"Computer Science and Engineering (4 Years, Bachelor of Technology)",4110,OS,SC (PwD),Gender-Neutral,1
1325,National Institute of Technology Raipur,216,"Computer Science and Engineering (4 Years, Bachelor of Technology)",4110,OS,ST (PwD),Female-only (including Supernumerary),1
1326,National Institute of Technology Raipur,216,"Electrical Engineering (4 Years, Bachelor of Technology)",4111,HS,OPEN,Gender-Neutral,6
1327,National Institute of Technology Raipur,216,"Electrical Engineering (4 Years, Bachelor of Technology)",4111,HS,OBC-NCL(PwD),Gender-Neutral,1
1328,National Institute of Technology Raipur,216,"Electrical Engineering (4 Years, Bachelor of Technology)",4111,HS,SC (PwD),Gender-Neutral,1
1329,National Institute of Technology Raipur,216,"Electrical Engineering (4 Years, Bachelor of Technology)",4111,OS,OPEN,Gender-Neutral,5
1330,National Institute of Technology Raipur,216,"Electrical Engineering (4 Years, Bachelor of Technology)",4111,OS,OPEN,Female-only (including Supernumerary),2
1331,National Institute of Technology Raipur,216,"Electrical Engineering (4 Years, Bachelor of Technology)",4111,OS,GEN-EWS,Female-only (including Supernumerary),2
1332,National Institute of Technology Raipur,216,"Electrical Engineering (4 Years, Bachelor of Technology)",4111,OS,OBC-NCL,Gender-Neutral,1
1333,National Institute of Technology Raipur,216,"Electrical Engineering (4 Years, Bachelor of Technology)",4111,OS,SC (PwD),Gender-Neutral,1
1334,National Institute of Technology Raipur,216,"Electronics and Communication Engineering (4 Years, Bachelor of Technology)",4114,HS,OPEN,Gender-Neutral,7
1335,National Institute of Technology Raipur,216,"Electronics and Communication Engineering (4 Years, Bachelor of Technology)",4114,HS,OPEN,Female-only (including Supernumerary),1
1336,National Institute of Technology Raipur,216,"Electronics and Communication Engineering (4 Years, Bachelor of Technology)",4114,HS,OBC-NCL,Gender-Neutral,1
1337,National Institute of Technology Raipur,216,"Electronics and Communication Engineering (4 Years, Bachelor of Technology)",4114,HS,OBC-NCL(PwD),Female-only (including Supernumerary),1
1338,National Institute of Technology Raipur,216,"Electronics and Communication Engineering (4 Years, Bachelor of Technology)",4114,HS,SC,Gender-Neutral,1
1339,National Institute of Technology Raipur,216,"Electronics and Communication Engineering (4 Years, Bachelor of Technology)",4114,HS,SC (PwD),Female-only (including Supernumerary),1
1340,National Institute of Technology Raipur,216,"Electronics and Communication Engineering (4 Years, Bachelor of Technology)",4114,HS,ST,Gender-Neutral,1
1341,National Institute of Technology Raipur,216,"Electronics and Communication Engineering (4 Years, Bachelor of Technology)",4114,OS,OPEN,Gender-Neutral,2
1342,National Institute of Technology Raipur,216,"Electronics and Communication Engineering (4 Years, Bachelor of Technology)",4114,OS,OPEN,Female-only (including Supernumerary),2
1343,National Institute of Technology Raipur,216,"Electronics and Communication Engineering (4 Years, Bachelor of Technology)",4114,OS,OBC-NCL,Gender-Neutral,2
1344,National Institute of Technology Raipur,216,"Mechanical Engineering (4 Years, Bachelor of Technology)",4125,HS,OPEN,Gender-Neutral,4
1345,National Institute of Technology Raipur,216,"Mechanical Engineering (4 Years, Bachelor of Technology)",4125,HS,OPEN,Female-only (including Supernumerary),1
1346,National Institute of Technology Raipur,216,"Mechanical Engineering (4 Years, Bachelor of Technology)",4125,HS,OPEN (PwD),Gender-Neutral,1
1347,National Institute of Technology Raipur,216,"Mechanical Engineering (4 Years, Bachelor of Technology)",4125,HS,OPEN (PwD),Female-only (including Supernumerary),1
1348,National Institute of Technology Raipur,216,"Mechanical Engineering (4 Years, Bachelor of Technology)",4125,HS,GEN-EWS(PwD),Gender-Neutral,1
1349,National Institute of Technology Raipur,216,"Mechanical Engineering (4 Years, Bachelor of Technology)",4125,HS,OBC-NCL,Female-only (including Supernumerary),1
1350,National Institute of Technology Raipur,216,"Mechanical Engineering (4 Years, Bachelor of Technology)",4125,HS,OBC-NCL(PwD),Gender-Neutral,1
1351,National Institute of Technology Raipur,216,"Mechanical Engineering (4 Years, Bachelor of Technology)",4125,OS,OPEN,Gender-Neutral,3
1352,National Institute of Technology Raipur,216,"Mechanical Engineering (4 Years, Bachelor of Technology)",4125,OS,OPEN,Female-only (including Supernumerary),2
1353,National Institute of Technology Raipur,216,"Mechanical Engineering (4 Years, Bachelor of Technology)",4125,OS,OPEN (PwD),Gender-Neutral,1
1354,National Institute of Technology Raipur,216,"Mechanical Engineering (4 Years, Bachelor of Technology)",4125,OS,GEN-EWS,Female-only (including Supernumerary),1
1355,National Institute of Technology Raipur,216,"Mechanical Engineering (4 Years, Bachelor of Technology)",4125,OS,SC,Gender-Neutral,1
1356,National Institute of Technology Raipur,216,"Mechanical Engineering (4 Years, Bachelor of Technology)",4125,OS,SC (PwD),Gender-Neutral,1
1357,National Institute of Technology Raipur,216,"Mechanical Engineering (4 Years, Bachelor of Technology)",4125,OS,ST,Gender-Neutral,1
1358,National Institute of Technology Raipur,216,"Mechanical Engineering (4 Years, Bachelor of Technology)",4125,OS,ST (PwD),Gender-Neutral,1
1359,National Institute of Technology Raipur,216,"Metallurgical and Materials Engineering (4 Years, Bachelor of Technology)",4127,HS,OPEN,Gender-Neutral,2
1360,National Institute of Technology Raipur,216,"Metallurgical and Materials Engineering (4 Years, Bachelor of Technology)",4127,HS,OPEN,Female-only (including Supernumerary),2
1361,National Institute of Technology Raipur,216,"Metallurgical and Materials Engineering (4 Years, Bachelor of Technology)",4127,HS,OPEN (PwD),Gender-Neutral,1
1362,National Institute of Technology Raipur,216,"Metallurgical and Materials Engineering (4 Years, Bachelor of Technology)",4127,HS,GEN-EWS(PwD),Gender-Neutral,1
1363,National Institute of Technology Raipur,216,"Metallurgical and Materials Engineering (4 Years, Bachelor of Technology)",4127,HS,OBC-NCL,Female-only (including Supernumerary),1
1364,National Institute of Technology Raipur,216,"Metallurgical and Materials Engineering (4 Years, Bachelor of Technology)",4127,HS,OBC-NCL(PwD),Gender-Neutral,1
1365,National Institute of Technology Raipur,216,"Metallurgical and Materials Engineering (4 Years, Bachelor of Technology)",4127,HS,ST,Gender-Neutral,2
1366,National Institute of Technology Raipur,216,"Metallurgical and Materials Engineering (4 Years, Bachelor of Technology)",4127,OS,OPEN,Gender-Neutral,5
1367,National Institute of Technology Raipur,216,"Metallurgical and Materials Engineering (4 Years, Bachelor of Technology)",4127,OS,OPEN,Female-only (including Supernumerary),2
1368,National Institute of Technology Raipur,216,"Metallurgical and Materials Engineering (4 Years, Bachelor of Technology)",4127,OS,GEN-EWS,Gender-Neutral,1
1369,National Institute of Technology Raipur,216,"Metallurgical and Materials Engineering (4 Years, Bachelor of Technology)",4127,OS,OBC-NCL,Gender-Neutral,1
1370,National Institute of Technology Raipur,216,"Metallurgical and Materials Engineering (4 Years, Bachelor of Technology)",4127,OS,OBC-NCL,Female-only (including Supernumerary),1
1371,National Institute of Technology Raipur,216,"Metallurgical and Materials Engineering (4 Years, Bachelor of Technology)",4127,OS,SC,Gender-Neutral,2
1372,National Institute of Technology Raipur,216,"Metallurgical and Materials Engineering (4 Years, Bachelor of Technology)",4127,OS,SC (PwD),Gender-Neutral,1
1373,National Institute of Technology Raipur,216,"Mining Engineering (4 Years, Bachelor of Technology)",4130,HS,OPEN,Gender-Neutral,2
1374,National Institute of Technology Raipur,216,"Mining Engineering (4 Years, Bachelor of Technology)",4130,HS,OPEN,Female-only (including Supernumerary),1
1375,National Institute of Technology Raipur,216,"Mining Engineering (4 Years, Bachelor of Technology)",4130,HS,GEN-EWS,Gender-Neutral,1
1376,National Institute of Technology Raipur,216,"Mining Engineering (4 Years, Bachelor of Technology)",4130,HS,OBC-NCL,Gender-Neutral,3
1377,National Institute of Technology Raipur,216,"Mining Engineering (4 Years, Bachelor of Technology)",4130,HS,OBC-NCL,Female-only (including Supernumerary),1
1378,National Institute of Technology Raipur,216,"Mining Engineering (4 Years, Bachelor of Technology)",4130,HS,SC,Female-only (including Supernumerary),2
1379,National Institute of Technology Raipur,216,"Mining Engineering (4 Years, Bachelor of Technology)",4130,OS,OPEN,Gender-Neutral,5
1380,National Institute of Technology Raipur,216,"Mining Engineering (4 Years, Bachelor of Technology)",4130,OS,GEN-EWS,Gender-Neutral,1
1381,National Institute of Technology Raipur,216,"Mining Engineering (4 Years, Bachelor of Technology)",4130,OS,OBC-NCL,Gender-Neutral,1
1382,National Institute of Technology Raipur,216,"Mining Engineering (4 Years, Bachelor of Technology)",4130,OS,OBC-NCL,Female-only (including Supernumerary),2
1383,National Institute of Technology Raipur,216,"Mining Engineering (4 Years, Bachelor of Technology)",4130,OS,SC,Gender-Neutral,1
1384,National Institute of Technology Raipur,216,"Mining Engineering (4 Years, Bachelor of Technology)",4130,OS,SC,Female-only (including Supernumerary),1
1385,National Institute of Technology Raipur,216,"Information Technology (4 Years, Bachelor of Technology)",4146,HS,OPEN,Gender-Neutral,3
1386,National Institute of Technology Raipur,216,"Information Technology (4 Years, Bachelor of Technology)",4146,HS,OPEN,Female-only (including Supernumerary),1
1387,National Institute of Technology Raipur,216,"Information Technology (4 Years, Bachelor of Technology)",4146,HS,OBC-NCL(PwD),Female-only (including Supernumerary),1
1388,National Institute of Technology Raipur,216,"Information Technology (4 Years, Bachelor of Technology)",4146,HS,SC (PwD),Gender-Neutral,1
1389,National Institute of Technology Raipur,216,"Information Technology (4 Years, Bachelor of Technology)",4146,OS,OPEN,Gender-Neutral,4
1390,National Institute of Technology Raipur,216,"Information Technology (4 Years, Bachelor of Technology)",4146,OS,OPEN (PwD),Gender-Neutral,1
1391,National Institute of Technology Raipur,216,"Information Technology (4 Years, Bachelor of Technology)",4146,OS,GEN-EWS,Gender-Neutral,1
1392,National Institute of Technology Raipur,216,"Information Technology (4 Years, Bachelor of Technology)",4146,OS,SC (PwD),Female-only (including Supernumerary),1
1393,National Institute of Technology Raipur,216,"Bio Medical Engineering (4 Years, Bachelor of Technology)",4152,HS,OPEN,Gender-Neutral,3
1394,National Institute of Technology Raipur,216,"Bio Medical Engineering (4 Years, Bachelor of Technology)",4152,HS,OPEN (PwD),Female-only (including Supernumerary),1
1395,National Institute of Technology Raipur,216,"Bio Medical Engineering (4 Years, Bachelor of Technology)",4152,HS,GEN-EWS,Gender-Neutral,1
1396,National Institute of Technology Raipur,216,"Bio Medical Engineering (4 Years, Bachelor of Technology)",4152,HS,OBC-NCL,Gender-Neutral,2
1397,National Institute of Technology Raipur,216,"Bio Medical Engineering (4 Years, Bachelor of Technology)",4152,HS,OBC-NCL,Female-only (including Supernumerary),1
1398,National Institute of Technology Raipur,216,"Bio Medical Engineering (4 Years, Bachelor of Technology)",4152,HS,OBC-NCL(PwD),Gender-Neutral,1
1399,National Institute of Technology Raipur,216,"Bio Medical Engineering (4 Years, Bachelor of Technology)",4152,HS,OBC-NCL(PwD),Female-only (including Supernumerary),1
1400,National Institute of Technology Raipur,216,"Bio Medical Engineering (4 Years, Bachelor of Technology)",4152,HS,ST,Gender-Neutral,2
1401,National Institute of Technology Raipur,216,"Bio Medical Engineering (4 Years, Bachelor of Technology)",4152,HS,ST (PwD),Gender-Neutral,1
1402,National Institute of Technology Raipur,216,"Bio Medical Engineering (4 Years, Bachelor of Technology)",4152,OS,OPEN,Gender-Neutral,5
1403,National Institute of Technology Raipur,216,"Bio Medical Engineering (4 Years, Bachelor of Technology)",4152,OS,OPEN,Female-only (including Supernumerary),2
1404,National Institute of Technology Raipur,216,"Bio Medical Engineering (4 Years, Bachelor of Technology)",4152,OS,GEN-EWS,Gender-Neutral,2
1405,National Institute of Technology Raipur,216,"Bio Medical Engineering (4 Years, Bachelor of Technology)",4152,OS,GEN-EWS,Female-only (including Supernumerary),1
1406,National Institute of Technology Raipur,216,"Bio Medical Engineering (4 Years, Bachelor of Technology)",4152,OS,OBC-NCL,Gender-Neutral,3
1407,National Institute of Technology Raipur,216,"Bio Medical Engineering (4 Years, Bachelor of Technology)",4152,OS,OBC-NCL,Female-only (including Supernumerary),1
1408,National Institute of Technology Raipur,216,"Bio Medical Engineering (4 Years, Bachelor of Technology)",4152,OS,SC,Gender-Neutral,1
1409,National Institute of Technology Raipur,216,"Bio Medical Engineering (4 Years, Bachelor of Technology)",4152,OS,SC,Female-only (including Supernumerary),1
1410,National Institute of Technology Raipur,216,"Architecture (5 Years, Bachelor of Architecture)",5101,HS,OPEN (PwD),Gender-Neutral,1
1411,National Institute of Technology Raipur,216,"Architecture (5 Years, Bachelor of Architecture)",5101,HS,GEN-EWS,Gender-Neutral,1
1412,National Institute of Technology Raipur,216,"Architecture (5 Years, Bachelor of Architecture)",5101,HS,GEN-EWS,Female-only (including Supernumerary),1
1413,National Institute of Technology Raipur,216,"Architecture (5 Years, Bachelor of Architecture)",5101,HS,OBC-NCL,Gender-Neutral,1
1414,National Institute of Technology Raipur,216,"Architecture (5 Years, Bachelor of Architecture)",5101,OS,OPEN,Gender-Neutral,2
1415,National Institute of Technology Raipur,216,"Architecture (5 Years, Bachelor of Architecture)",5101,OS,OPEN,Female-only (including Supernumerary),2
1416,National Institute of Technology Raipur,216,"Architecture (5 Years, Bachelor of Architecture)",5101,OS,GEN-EWS,Gender-Neutral,2
1417,National Institute of Technology Raipur,216,"Architecture (5 Years, Bachelor of Architecture)",5101,OS,OBC-NCL,Gender-Neutral,1
1418,National Institute of Technology Raipur,216,"Architecture (5 Years, Bachelor of Architecture)",5101,OS,OBC-NCL(PwD),Gender-Neutral,1
1419,National Institute of Technology Sikkim,217,"Civil Engineering (4 Years, Bachelor of Technology)",4109,HS,OPEN,Gender-Neutral,1
1420,National Institute of Technology Sikkim,217,"Civil Engineering (4 Years, Bachelor of Technology)",4109,HS,OBC-NCL,Gender-Neutral,1
1421,National Institute of Technology Sikkim,217,"Civil Engineering (4 Years, Bachelor of Technology)",4109,OS,OPEN,Gender-Neutral,4
1422,National Institute of Technology Sikkim,217,"Civil Engineering (4 Years, Bachelor of Technology)",4109,OS,OBC-NCL,Gender-Neutral,1
1423,National Institute of Technology Sikkim,217,"Civil Engineering (4 Years, Bachelor of Technology)",4109,OS,ST (PwD),Gender-Neutral,1
1424,National Institute of Technology Sikkim,217,"Artificial Intelligence and Machine Learning (4 Years, Bachelor of Technology)",410P,HS,OPEN,Gender-Neutral,1
1425,National Institute of Technology Sikkim,217,"Artificial Intelligence and Machine Learning (4 Years, Bachelor of Technology)",410P,HS,ST,Gender-Neutral,1
1426,National Institute of Technology Sikkim,217,"Artificial Intelligence and Machine Learning (4 Years, Bachelor of Technology)",410P,OS,OPEN,Gender-Neutral,4
1427,National Institute of Technology Sikkim,217,"Artificial Intelligence and Machine Learning (4 Years, Bachelor of Technology)",410P,OS,OBC-NCL,Gender-Neutral,1
1428,National Institute of Technology Sikkim,217,"Artificial Intelligence and Machine Learning (4 Years, Bachelor of Technology)",410P,OS,OBC-NCL,Female-only (including Supernumerary),1
1429,National Institute of Technology Sikkim,217,"Computer Science and Engineering (4 Years, Bachelor of Technology)",4110,HS,SC,Female-only (including Supernumerary),1
1430,National Institute of Technology Sikkim,217,"Computer Science and Engineering (4 Years, Bachelor of Technology)",4110,HS,SC (PwD),Gender-Neutral,1
1431,National Institute of Technology Sikkim,217,"Computer Science and Engineering (4 Years, Bachelor of Technology)",4110,OS,OPEN,Gender-Neutral,3
1432,National Institute of Technology Sikkim,217,"Computer Science and Engineering (4 Years, Bachelor of Technology)",4110,OS,OPEN,Female-only (including Supernumerary),1
1433,National Institute of Technology Sikkim,217,"Computer Science and Engineering (4 Years, Bachelor of Technology)",4110,OS,OBC-NCL,Gender-Neutral,1
1434,National Institute of Technology Sikkim,217,"Electronics and Communication Engineering (4 Years, Bachelor of Technology)",4114,HS,OPEN,Gender-Neutral,2
1435,National Institute of Technology Sikkim,217,"Electronics and Communication Engineering (4 Years, Bachelor of Technology)",4114,OS,OPEN,Gender-Neutral,1
1436,National Institute of Technology Sikkim,217,"Electronics and Communication Engineering (4 Years, Bachelor of Technology)",4114,OS,OPEN,Female-only (including Supernumerary),1
1437,National Institute of Technology Sikkim,217,"Electronics and Communication Engineering (4 Years, Bachelor of Technology)",4114,OS,SC,Female-only (including Supernumerary),1
1438,National Institute of Technology Sikkim,217,"Mechanical Engineering (4 Years, Bachelor of Technology)",4125,HS,OPEN,Gender-Neutral,1
1439,National Institute of Technology Sikkim,217,"Mechanical Engineering (4 Years, Bachelor of Technology)",4125,HS,OBC-NCL,Female-only (including Supernumerary),1
1440,National Institute of Technology Sikkim,217,"Mechanical Engineering (4 Years, Bachelor of Technology)",4125,OS,OPEN,Gender-Neutral,2
1441,National Institute of Technology Sikkim,217,"Mechanical Engineering (4 Years, Bachelor of Technology)",4125,OS,OPEN,Female-only (including Supernumerary),1
1442,National Institute of Technology Sikkim,217,"Mechanical Engineering (4 Years, Bachelor of Technology)",4125,OS,OBC-NCL,Female-only (including Supernumerary),1
1443,National Institute of Technology Sikkim,217,"Mechanical Engineering (4 Years, Bachelor of Technology)",4125,OS,SC (PwD),Gender-Neutral,1
1444,National Institute of Technology Sikkim,217,"Electrical and Electronics Engineering (4 Years, Bachelor of Technology)",4144,HS,OPEN,Gender-Neutral,1
1445,National Institute of Technology Sikkim,217,"Electrical and Electronics Engineering (4 Years, Bachelor of Technology)",4144,HS,OPEN (PwD),Gender-Neutral,1
1446,National Institute of Technology Sikkim,217,"Electrical and Electronics Engineering (4 Years, Bachelor of Technology)",4144,HS,OBC-NCL,Gender-Neutral,1
1447,National Institute of Technology Sikkim,217,"Electrical and Electronics Engineering (4 Years, Bachelor of Technology)",4144,HS,ST,Gender-Neutral,1
1448,National Institute of Technology Sikkim,217,"Electrical and Electronics Engineering (4 Years, Bachelor of Technology)",4144,OS,OPEN,Gender-Neutral,2
1449,National Institute of Technology Sikkim,217,"Electrical and Electronics Engineering (4 Years, Bachelor of Technology)",4144,OS,OBC-NCL(PwD),Gender-Neutral,1
1450,National Institute of Technology Sikkim,217,"Electrical and Electronics Engineering (4 Years, Bachelor of Technology)",4144,OS,SC,Gender-Neutral,1
1451,National Institute of Technology Sikkim,217,"Electrical and Electronics Engineering (4 Years, Bachelor of Technology)",4144,OS,SC,Female-only (including Supernumerary),1
1452,National Institute of Technology Arunachal Pradesh,218,"Civil Engineering (4 Years, Bachelor of Technology)",4109,HS,ST,Gender-Neutral,2
1453,National Institute of Technology Arunachal Pradesh,218,"Civil Engineering (4 Years, Bachelor of Technology)",4109,HS,ST,Female-only (including Supernumerary),2
1454,National Institute of Technology Arunachal Pradesh,218,"Civil Engineering (4 Years, Bachelor of Technology)",4109,OS,OPEN,Gender-Neutral,4
1455,National Institute of Technology Arunachal Pradesh,218,"Civil Engineering (4 Years, Bachelor of Technology)",4109,OS,OPEN,Female-only (including Supernumerary),3
1456,National Institute of Technology Arunachal Pradesh,218,"Civil Engineering (4 Years, Bachelor of Technology)",4109,OS,GEN-EWS,Gender-Neutral,2
1457,National Institute of Technology Arunachal Pradesh,218,"Civil Engineering (4 Years, Bachelor of Technology)",4109,OS,OBC-NCL,Female-only (including Supernumerary),2
1458,National Institute of Technology Arunachal Pradesh,218,"Civil Engineering (4 Years, Bachelor of Technology)",4109,OS,SC,Gender-Neutral,2
1459,National Institute of Technology Arunachal Pradesh,218,"Civil Engineering (4 Years, Bachelor of Technology)",4109,OS,SC (PwD),Gender-Neutral,1
1460,National Institute of Technology Arunachal Pradesh,218,"Computer Science and Engineering (4 Years, Bachelor of Technology)",4110,HS,ST,Gender-Neutral,5
1461,National Institute of Technology Arunachal Pradesh,218,"Computer Science and Engineering (4 Years, Bachelor of Technology)",4110,HS,ST,Female-only (including Supernumerary),2
1462,National Institute of Technology Arunachal Pradesh,218,"Computer Science and Engineering (4 Years, Bachelor of Technology)",4110,OS,OPEN,Gender-Neutral,4
1463,National Institute of Technology Arunachal Pradesh,218,"Computer Science and Engineering (4 Years, Bachelor of Technology)",4110,OS,OPEN,Female-only (including Supernumerary),2
1464,National Institute of Technology Arunachal Pradesh,218,"Computer Science and Engineering (4 Years, Bachelor of Technology)",4110,OS,OBC-NCL,Gender-Neutral,1
1465,National Institute of Technology Arunachal Pradesh,218,"Computer Science and Engineering (4 Years, Bachelor of Technology)",4110,OS,SC,Gender-Neutral,1
1466,National Institute of Technology Arunachal Pradesh,218,"Electrical Engineering (4 Years, Bachelor of Technology)",4111,HS,ST,Female-only (including Supernumerary),2
1467,National Institute of Technology Arunachal Pradesh,218,"Electrical Engineering (4 Years, Bachelor of Technology)",4111,OS,OPEN,Gender-Neutral,3
1468,National Institute of Technology Arunachal Pradesh,218,"Electrical Engineering (4 Years, Bachelor of Technology)",4111,OS,OPEN,Female-only (including Supernumerary),2
1469,National Institute of Technology Arunachal Pradesh,218,"Electrical Engineering (4 Years, Bachelor of Technology)",4111,OS,OBC-NCL,Gender-Neutral,2
1470,National Institute of Technology Arunachal Pradesh,218,"Electrical Engineering (4 Years, Bachelor of Technology)",4111,OS,OBC-NCL(PwD),Gender-Neutral,1
1471,National Institute of Technology Arunachal Pradesh,218,"Electrical Engineering (4 Years, Bachelor of Technology)",4111,OS,SC,Gender-Neutral,1
1472,National Institute of Technology Arunachal Pradesh,218,"Electrical Engineering (4 Years, Bachelor of Technology)",4111,OS,SC,Female-only (including Supernumerary),1
1473,National Institute of Technology Arunachal Pradesh,218,"Electrical Engineering (4 Years, Bachelor of Technology)",4111,OS,ST,Gender-Neutral,1
1474,National Institute of Technology Arunachal Pradesh,218,"Electronics and Communication Engineering (4 Years, Bachelor of Technology)",4114,HS,ST,Gender-Neutral,14
1475,National Institute of Technology Arunachal Pradesh,218,"Electronics and Communication Engineering (4 Years, Bachelor of Technology)",4114,HS,ST,Female-only (including Supernumerary),4
1476,National Institute of Technology Arunachal Pradesh,218,"Electronics and Communication Engineering (4 Years, Bachelor of Technology)",4114,OS,OPEN,Gender-Neutral,2
1477,National Institute of Technology Arunachal Pradesh,218,"Electronics and Communication Engineering (4 Years, Bachelor of Technology)",4114,OS,OPEN,Female-only (including Supernumerary),2
1478,National Institute of Technology Arunachal Pradesh,218,"Electronics and Communication Engineering (4 Years, Bachelor of Technology)",4114,OS,OBC-NCL,Gender-Neutral,1
1479,National Institute of Technology Arunachal Pradesh,218,"Electronics and Communication Engineering (4 Years, Bachelor of Technology)",4114,OS,SC,Gender-Neutral,1
1480,National Institute of Technology Arunachal Pradesh,218,"Electronics and Communication Engineering (4 Years, Bachelor of Technology)",4114,OS,SC,Female-only (including Supernumerary),1
1481,National Institute of Technology Arunachal Pradesh,218,"Mechanical Engineering (4 Years, Bachelor of Technology)",4125,HS,OPEN,Gender-Neutral,1
1482,National Institute of Technology Arunachal Pradesh,218,"Mechanical Engineering (4 Years, Bachelor of Technology)",4125,HS,ST,Gender-Neutral,12
1483,National Institute of Technology Arunachal Pradesh,218,"Mechanical Engineering (4 Years, Bachelor of Technology)",4125,HS,ST,Female-only (including Supernumerary),3
1484,National Institute of Technology Arunachal Pradesh,218,"Mechanical Engineering (4 Years, Bachelor of Technology)",4125,OS,OPEN,Gender-Neutral,2
1485,National Institute of Technology Arunachal Pradesh,218,"Mechanical Engineering (4 Years, Bachelor of Technology)",4125,OS,OPEN,Female-only (including Supernumerary),1
1486,National Institute of Technology Arunachal Pradesh,218,"Mechanical Engineering (4 Years, Bachelor of Technology)",4125,OS,GEN-EWS,Gender-Neutral,1
1487,National Institute of Technology Arunachal Pradesh,218,"Mechanical Engineering (4 Years, Bachelor of Technology)",4125,OS,OBC-NCL,Gender-Neutral,1
1488,National Institute of Technology Arunachal Pradesh,218,"Biosciences and Bioengineering (4 Years, Bachelor of Technology)",4194,HS,OPEN,Gender-Neutral,1
1489,National Institute of Technology Arunachal Pradesh,218,"Biosciences and Bioengineering (4 Years, Bachelor of Technology)",4194,HS,SC,Gender-Neutral,1
1490,National Institute of Technology Arunachal Pradesh,218,"Biosciences and Bioengineering (4 Years, Bachelor of Technology)",4194,HS,ST,Gender-Neutral,4
1491,National Institute of Technology Arunachal Pradesh,218,"Biosciences and Bioengineering (4 Years, Bachelor of Technology)",4194,HS,ST,Female-only (including Supernumerary),1
1492,National Institute of Technology Arunachal Pradesh,218,"Biosciences and Bioengineering (4 Years, Bachelor of Technology)",4194,HS,ST (PwD),Gender-Neutral,1
1493,National Institute of Technology Arunachal Pradesh,218,"Biosciences and Bioengineering (4 Years, Bachelor of Technology)",4194,OS,OPEN,Gender-Neutral,2
1494,National Institute of Technology Arunachal Pradesh,218,"Biosciences and Bioengineering (4 Years, Bachelor of Technology)",4194,OS,OPEN,Female-only (including Supernumerary),2
1495,National Institute of Technology Arunachal Pradesh,218,"Biosciences and Bioengineering (4 Years, Bachelor of Technology)",4194,OS,GEN-EWS,Gender-Neutral,1
1496,National Institute of Technology Arunachal Pradesh,218,"Biosciences and Bioengineering (4 Years, Bachelor of Technology)",4194,OS,OBC-NCL,Gender-Neutral,1
1497,National Institute of Technology Arunachal Pradesh,218,"Biosciences and Bioengineering (4 Years, Bachelor of Technology)",4194,OS,OBC-NCL,Female-only (including Supernumerary),1
1498,National Institute of Technology Arunachal Pradesh,218,"Biosciences and Bioengineering (4 Years, Bachelor of Technology)",4194,OS,OBC-NCL(PwD),Gender-Neutral,1
1499,National Institute of Technology Arunachal Pradesh,218,"Biosciences and Bioengineering (4 Years, Bachelor of Technology)",4194,OS,ST,Gender-Neutral,1
1500,"National Institute of Technology, Jamshedpur",219,"Civil Engineering (4 Years, Bachelor of Technology)",4109,HS,OPEN,Gender-Neutral,2
1501,"National Institute of Technology, Jamshedpur",219,"Civil Engineering (4 Years, Bachelor of Technology)",4109,HS,OPEN,Female-only (including Supernumerary),1
1502,"National Institute of Technology, Jamshedpur",219,"Civil Engineering (4 Years, Bachelor of Technology)",4109,HS,OBC-NCL,Female-only (including Supernumerary),1
1503,"National Institute of Technology, Jamshedpur",219,"Civil Engineering (4 Years, Bachelor of Technology)",4109,HS,SC,Gender-Neutral,1
1504,"National Institute of Technology, Jamshedpur",219,"Civil Engineering (4 Years, Bachelor of Technology)",4109,HS,SC (PwD),Gender-Neutral,1
1505,"National Institute of Technology, Jamshedpur",219,"Civil Engineering (4 Years, Bachelor of Technology)",4109,HS,ST (PwD),Gender-Neutral,1
1506,"National Institute of Technology, Jamshedpur",219,"Civil Engineering (4 Years, Bachelor of Technology)",4109,OS,OPEN,Gender-Neutral,1
1507,"National Institute of Technology, Jamshedpur",219,"Civil Engineering (4 Years, Bachelor of Technology)",4109,OS,OPEN,Female-only (including Supernumerary),2
1508,"National Institute of Technology, Jamshedpur",219,"Civil Engineering (4 Years, Bachelor of Technology)",4109,OS,OPEN (PwD),Gender-Neutral,1
1509,"National Institute of Technology, Jamshedpur",219,"Civil Engineering (4 Years, Bachelor of Technology)",4109,OS,SC,Gender-Neutral,1
1510,"National Institute of Technology, Jamshedpur",219,"Computer Science and Engineering (4 Years, Bachelor of Technology)",4110,HS,OPEN,Gender-Neutral,1
1511,"National Institute of Technology, Jamshedpur",219,"Computer Science and Engineering (4 Years, Bachelor of Technology)",4110,HS,GEN-EWS(PwD),Female-only (including Supernumerary),1
1512,"National Institute of Technology, Jamshedpur",219,"Computer Science and Engineering (4 Years, Bachelor of Technology)",4110,HS,SC,Gender-Neutral,1
1513,"National Institute of Technology, Jamshedpur",219,"Computer Science and Engineering (4 Years, Bachelor of Technology)",4110,OS,OPEN,Gender-Neutral,5
1514,"National Institute of Technology, Jamshedpur",219,"Computer Science and Engineering (4 Years, Bachelor of Technology)",4110,OS,GEN-EWS,Gender-Neutral,1
1515,"National Institute of Technology, Jamshedpur",219,"Electrical Engineering (4 Years, Bachelor of Technology)",4111,HS,OBC-NCL,Female-only (including Supernumerary),1
1516,"National Institute of Technology, Jamshedpur",219,"Electrical Engineering (4 Years, Bachelor of Technology)",4111,HS,SC,Gender-Neutral,1
1517,"National Institute of Technology, Jamshedpur",219,"Electrical Engineering (4 Years, Bachelor of Technology)",4111,HS,SC,Female-only (including Supernumerary),1
1518,"National Institute of Technology, Jamshedpur",219,"Electrical Engineering (4 Years, Bachelor of Technology)",4111,OS,OPEN,Gender-Neutral,1
1519,"National Institute of Technology, Jamshedpur",219,"Electrical Engineering (4 Years, Bachelor of Technology)",4111,OS,OPEN (PwD),Gender-Neutral,1
1520,"National Institute of Technology, Jamshedpur",219,"Electrical Engineering (4 Years, Bachelor of Technology)",4111,OS,OBC-NCL,Gender-Neutral,1
1521,"National Institute of Technology, Jamshedpur",219,"Electrical Engineering (4 Years, Bachelor of Technology)",4111,OS,SC,Gender-Neutral,1
1522,"National Institute of Technology, Jamshedpur",219,"Electrical Engineering (4 Years, Bachelor of Technology)",4111,OS,SC (PwD),Gender-Neutral,1
1523,"National Institute of Technology, Jamshedpur",219,"Electronics and Communication Engineering (4 Years, Bachelor of Technology)",4114,HS,OPEN,Gender-Neutral,2
1524,"National Institute of Technology, Jamshedpur",219,"Electronics and Communication Engineering (4 Years, Bachelor of Technology)",4114,HS,OBC-NCL,Gender-Neutral,1
1525,"National Institute of Technology, Jamshedpur",219,"Electronics and Communication Engineering (4 Years, Bachelor of Technology)",4114,OS,OPEN,Gender-Neutral,1
1526,"National Institute of Technology, Jamshedpur",219,"Electronics and Communication Engineering (4 Years, Bachelor of Technology)",4114,OS,SC,Gender-Neutral,1
1527,"National Institute of Technology, Jamshedpur",219,"Electronics and Communication Engineering (4 Years, Bachelor of Technology)",4114,OS,SC (PwD),Gender-Neutral,2
1528,"National Institute of Technology, Jamshedpur",219,"Electronics and Communication Engineering (4 Years, Bachelor of Technology)",4114,OS,ST,Female-only (including Supernumerary),1
1529,"National Institute of Technology, Jamshedpur",219,"Mechanical Engineering (4 Years, Bachelor of Technology)",4125,HS,ST,Female-only (including Supernumerary),1
1530,"National Institute of Technology, Jamshedpur",219,"Mechanical Engineering (4 Years, Bachelor of Technology)",4125,OS,OPEN,Gender-Neutral,1
1531,"National Institute of Technology, Jamshedpur",219,"Mechanical Engineering (4 Years, Bachelor of Technology)",4125,OS,OPEN,Female-only (including Supernumerary),1
1532,"National Institute of Technology, Jamshedpur",219,"Mechanical Engineering (4 Years, Bachelor of Technology)",4125,OS,GEN-EWS,Gender-Neutral,1
1533,"National Institute of Technology, Jamshedpur",219,"Mechanical Engineering (4 Years, Bachelor of Technology)",4125,OS,OBC-NCL,Gender-Neutral,1
1534,"National Institute of Technology, Jamshedpur",219,"Mechanical Engineering (4 Years, Bachelor of Technology)",4125,OS,SC,Gender-Neutral,1
1535,"National Institute of Technology, Jamshedpur",219,"Mechanical Engineering (4 Years, Bachelor of Technology)",4125,OS,SC (PwD),Gender-Neutral,1
1536,"National Institute of Technology, Jamshedpur",219,"Mechanical Engineering (4 Years, Bachelor of Technology)",4125,OS,SC (PwD),Female-only (including Supernumerary),1
1537,"National Institute of Technology, Jamshedpur",219,"Metallurgical and Materials Engineering (4 Years, Bachelor of Technology)",4127,HS,OPEN,Female-only (including Supernumerary),1
1538,"National Institute of Technology, Jamshedpur",219,"Metallurgical and Materials Engineering (4 Years, Bachelor of Technology)",4127,HS,ST,Gender-Neutral,1
1539,"National Institute of Technology, Jamshedpur",219,"Metallurgical and Materials Engineering (4 Years, Bachelor of Technology)",4127,OS,OPEN,Gender-Neutral,3
1540,"National Institute of Technology, Jamshedpur",219,"Metallurgical and Materials Engineering (4 Years, Bachelor of Technology)",4127,OS,OPEN,Female-only (including Supernumerary),2
1541,"National Institute of Technology, Jamshedpur",219,"Metallurgical and Materials Engineering (4 Years, Bachelor of Technology)",4127,OS,GEN-EWS,Gender-Neutral,1
1542,"National Institute of Technology, Jamshedpur",219,"Metallurgical and Materials Engineering (4 Years, Bachelor of Technology)",4127,OS,GEN-EWS(PwD),Female-only (including Supernumerary),1
1543,"National Institute of Technology, Jamshedpur",219,"Metallurgical and Materials Engineering (4 Years, Bachelor of Technology)",4127,OS,OBC-NCL,Gender-Neutral,1
1544,"National Institute of Technology, Jamshedpur",219,"Metallurgical and Materials Engineering (4 Years, Bachelor of Technology)",4127,OS,OBC-NCL,Female-only (including Supernumerary),1
1545,"National Institute of Technology, Jamshedpur",219,"Metallurgical and Materials Engineering (4 Years, Bachelor of Technology)",4127,OS,SC,Gender-Neutral,1
1546,"National Institute of Technology, Jamshedpur",219,"Production and Industrial Engineering (4 Years, Bachelor of Technology)",4136,HS,OPEN,Gender-Neutral,1
1547,"National Institute of Technology, Jamshedpur",219,"Production and Industrial Engineering (4 Years, Bachelor of Technology)",4136,HS,OBC-NCL(PwD),Gender-Neutral,1
1548,"National Institute of Technology, Jamshedpur",219,"Production and Industrial Engineering (4 Years, Bachelor of Technology)",4136,OS,OPEN,Gender-Neutral,1
1549,"National Institute of Technology, Jamshedpur",219,"Production and Industrial Engineering (4 Years, Bachelor of Technology)",4136,OS,GEN-EWS(PwD),Female-only (including Supernumerary),1
1550,"National Institute of Technology, Jamshedpur",219,"Production and Industrial Engineering (4 Years, Bachelor of Technology)",4136,OS,OBC-NCL,Gender-Neutral,2
1551,"National Institute of Technology, Kurukshetra",220,"Civil Engineering (4 Years, Bachelor of Technology)",4109,HS,OPEN,Female-only (including Supernumerary),1
1552,"National Institute of Technology, Kurukshetra",220,"Civil Engineering (4 Years, Bachelor of Technology)",4109,HS,GEN-EWS,Gender-Neutral,2
1553,"National Institute of Technology, Kurukshetra",220,"Civil Engineering (4 Years, Bachelor of Technology)",4109,HS,OBC-NCL,Gender-Neutral,3
1554,"National Institute of Technology, Kurukshetra",220,"Civil Engineering (4 Years, Bachelor of Technology)",4109,HS,OBC-NCL(PwD),Female-only (including Supernumerary),1
1555,"National Institute of Technology, Kurukshetra",220,"Civil Engineering (4 Years, Bachelor of Technology)",4109,HS,SC (PwD),Gender-Neutral,1
1556,"National Institute of Technology, Kurukshetra",220,"Civil Engineering (4 Years, Bachelor of Technology)",4109,HS,ST,Gender-Neutral,2
1557,"National Institute of Technology, Kurukshetra",220,"Civil Engineering (4 Years, Bachelor of Technology)",4109,HS,ST,Female-only (including Supernumerary),1
1558,"National Institute of Technology, Kurukshetra",220,"Civil Engineering (4 Years, Bachelor of Technology)",4109,OS,OPEN,Gender-Neutral,1
1559,"National Institute of Technology, Kurukshetra",220,"Civil Engineering (4 Years, Bachelor of Technology)",4109,OS,OPEN,Female-only (including Supernumerary),3
1560,"National Institute of Technology, Kurukshetra",220,"Civil Engineering (4 Years, Bachelor of Technology)",4109,OS,GEN-EWS(PwD),Gender-Neutral,1
1561,"National Institute of Technology, Kurukshetra",220,"Civil Engineering (4 Years, Bachelor of Technology)",4109,OS,OBC-NCL,Gender-Neutral,1
1562,"National Institute of Technology, Kurukshetra",220,"Civil Engineering (4 Years, Bachelor of Technology)",4109,OS,SC,Gender-Neutral,1
1563,"National Institute of Technology, Kurukshetra",220,"Artificial Intelligence and Machine Learning (4 Years, Bachelor of Technology)",410P,HS,OPEN,Gender-Neutral,1
1564,"National Institute of Technology, Kurukshetra",220,"Artificial Intelligence and Machine Learning (4 Years, Bachelor of Technology)",410P,HS,OBC-NCL,Gender-Neutral,1
1565,"National Institute of Technology, Kurukshetra",220,"Artificial Intelligence and Machine Learning (4 Years, Bachelor of Technology)",410P,HS,ST,Gender-Neutral,1
1566,"National Institute of Technology, Kurukshetra",220,"Artificial Intelligence and Machine Learning (4 Years, Bachelor of Technology)",410P,HS,ST (PwD),Gender-Neutral,1
1567,"National Institute of Technology, Kurukshetra",220,"Artificial Intelligence and Machine Learning (4 Years, Bachelor of Technology)",410P,OS,OPEN,Gender-Neutral,4
1568,"National Institute of Technology, Kurukshetra",220,"Artificial Intelligence and Machine Learning (4 Years, Bachelor of Technology)",410P,OS,OPEN,Female-only (including Supernumerary),1
1569,"National Institute of Technology, Kurukshetra",220,"Artificial Intelligence and Machine Learning (4 Years, Bachelor of Technology)",410P,OS,OBC-NCL,Gender-Neutral,1
1570,"National Institute of Technology, Kurukshetra",220,"Artificial Intelligence and Machine Learning (4 Years, Bachelor of Technology)",410P,OS,OBC-NCL,Female-only (including Supernumerary),1
1571,"National Institute of Technology, Kurukshetra",220,"Artificial Intelligence and Machine Learning (4 Years, Bachelor of Technology)",410P,OS,SC,Female-only (including Supernumerary),1
1572,"National Institute of Technology, Kurukshetra",220,"Computer Science and Engineering (4 Years, Bachelor of Technology)",4110,HS,OPEN,Gender-Neutral,6
1573,"National Institute of Technology, Kurukshetra",220,"Computer Science and Engineering (4 Years, Bachelor of Technology)",4110,HS,GEN-EWS,Gender-Neutral,1
1574,"National Institute of Technology, Kurukshetra",220,"Computer Science and Engineering (4 Years, Bachelor of Technology)",4110,HS,OBC-NCL,Female-only (including Supernumerary),1
1575,"National Institute of Technology, Kurukshetra",220,"Computer Science and Engineering (4 Years, Bachelor of Technology)",4110,HS,SC,Gender-Neutral,1
1576,"National Institute of Technology, Kurukshetra",220,"Computer Science and Engineering (4 Years, Bachelor of Technology)",4110,OS,OPEN,Gender-Neutral,9
1577,"National Institute of Technology, Kurukshetra",220,"Computer Science and Engineering (4 Years, Bachelor of Technology)",4110,OS,OPEN,Female-only (including Supernumerary),2
1578,"National Institute of Technology, Kurukshetra",220,"Computer Science and Engineering (4 Years, Bachelor of Technology)",4110,OS,OBC-NCL,Gender-Neutral,1
1579,"National Institute of Technology, Kurukshetra",220,"Computer Science and Engineering (4 Years, Bachelor of Technology)",4110,OS,SC,Gender-Neutral,1
1580,"National Institute of Technology, Kurukshetra",220,"Computer Science and Engineering (4 Years, Bachelor of Technology)",4110,OS,SC,Female-only (including Supernumerary),1
1581,"National Institute of Technology, Kurukshetra",220,"Electrical Engineering (4 Years, Bachelor of Technology)",4111,HS,OPEN,Gender-Neutral,1
1582,"National Institute of Technology, Kurukshetra",220,"Electrical Engineering (4 Years, Bachelor of Technology)",4111,HS,OPEN,Female-only (including Supernumerary),1
1583,"National Institute of Technology, Kurukshetra",220,"Electrical Engineering (4 Years, Bachelor of Technology)",4111,HS,GEN-EWS,Gender-Neutral,1
1584,"National Institute of Technology, Kurukshetra",220,"Electrical Engineering (4 Years, Bachelor of Technology)",4111,HS,OBC-NCL,Female-only (including Supernumerary),1
1585,"National Institute of Technology, Kurukshetra",220,"Electrical Engineering (4 Years, Bachelor of Technology)",4111,HS,SC (PwD),Gender-Neutral,1
1586,"National Institute of Technology, Kurukshetra",220,"Electrical Engineering (4 Years, Bachelor of Technology)",4111,HS,ST,Gender-Neutral,1
1587,"National Institute of Technology, Kurukshetra",220,"Electrical Engineering (4 Years, Bachelor of Technology)",4111,OS,OPEN,Gender-Neutral,2
1588,"National Institute of Technology, Kurukshetra",220,"Electrical Engineering (4 Years, Bachelor of Technology)",4111,OS,OPEN,Female-only (including Supernumerary),1
1589,"National Institute of Technology, Kurukshetra",220,"Electrical Engineering (4 Years, Bachelor of Technology)",4111,OS,OBC-NCL,Gender-Neutral,1
1590,"National Institute of Technology, Kurukshetra",220,"Electrical Engineering (4 Years, Bachelor of Technology)",4111,OS,SC,Gender-Neutral,2
1591,"National Institute of Technology, Kurukshetra",220,"Electrical Engineering (4 Years, Bachelor of Technology)",4111,OS,ST (PwD),Gender-Neutral,1
1592,"National Institute of Technology, Kurukshetra",220,"Electronics and Communication Engineering (4 Years, Bachelor of Technology)",4114,HS,OPEN,Gender-Neutral,2
1593,"National Institute of Technology, Kurukshetra",220,"Electronics and Communication Engineering (4 Years, Bachelor of Technology)",4114,HS,OPEN,Female-only (including Supernumerary),1
1594,"National Institute of Technology, Kurukshetra",220,"Electronics and Communication Engineering (4 Years, Bachelor of Technology)",4114,HS,GEN-EWS,Gender-Neutral,1
1595,"National Institute of Technology, Kurukshetra",220,"Electronics and Communication Engineering (4 Years, Bachelor of Technology)",4114,HS,GEN-EWS,Female-only (including Supernumerary),1
1596,"National Institute of Technology, Kurukshetra",220,"Electronics and Communication Engineering (4 Years, Bachelor of Technology)",4114,HS,OBC-NCL,Gender-Neutral,1
1597,"National Institute of Technology, Kurukshetra",220,"Electronics and Communication Engineering (4 Years, Bachelor of Technology)",4114,HS,OBC-NCL,Female-only (including Supernumerary),1
1598,"National Institute of Technology, Kurukshetra",220,"Electronics and Communication Engineering (4 Years, Bachelor of Technology)",4114,HS,ST,Gender-Neutral,1
1599,"National Institute of Technology, Kurukshetra",220,"Electronics and Communication Engineering (4 Years, Bachelor of Technology)",4114,HS,ST,Female-only (including Supernumerary),1
1600,"National Institute of Technology, Kurukshetra",220,"Electronics and Communication Engineering (4 Years, Bachelor of Technology)",4114,OS,OPEN,Gender-Neutral,9
1601,"National Institute of Technology, Kurukshetra",220,"Electronics and Communication Engineering (4 Years, Bachelor of Technology)",4114,OS,OPEN,Female-only (including Supernumerary),1
1602,"National Institute of Technology, Kurukshetra",220,"Electronics and Communication Engineering (4 Years, Bachelor of Technology)",4114,OS,OPEN (PwD),Gender-Neutral,1
1603,"National Institute of Technology, Kurukshetra",220,"Electronics and Communication Engineering (4 Years, Bachelor of Technology)",4114,OS,OBC-NCL,Gender-Neutral,1
1604,"National Institute of Technology, Kurukshetra",220,"Electronics and Communication Engineering (4 Years, Bachelor of Technology)",4114,OS,SC,Gender-Neutral,1
1605,"National Institute of Technology, Kurukshetra",220,"Industrial Internet of Things (4 Years, Bachelor of Technology)",411C,HS,OPEN,Female-only (including Supernumerary),1
1606,"National Institute of Technology, Kurukshetra",220,"Industrial Internet of Things (4 Years, Bachelor of Technology)",411C,HS,OBC-NCL,Gender-Neutral,1
1607,"National Institute of Technology, Kurukshetra",220,"Industrial Internet of Things (4 Years, Bachelor of Technology)",411C,HS,ST,Gender-Neutral,1
1608,"National Institute of Technology, Kurukshetra",220,"Industrial Internet of Things (4 Years, Bachelor of Technology)",411C,HS,ST,Female-only (including Supernumerary),1
1609,"National Institute of Technology, Kurukshetra",220,"Industrial Internet of Things (4 Years, Bachelor of Technology)",411C,OS,OPEN,Gender-Neutral,2
1610,"National Institute of Technology, Kurukshetra",220,"Industrial Internet of Things (4 Years, Bachelor of Technology)",411C,OS,OBC-NCL,Gender-Neutral,1
1611,"National Institute of Technology, Kurukshetra",220,"Industrial Internet of Things (4 Years, Bachelor of Technology)",411C,OS,SC (PwD),Gender-Neutral,1
1612,"National Institute of Technology, Kurukshetra",220,"Mathematics and Computing (4 Years, Bachelor of Technology)",4124,HS,OPEN,Gender-Neutral,4
1613,"National Institute of Technology, Kurukshetra",220,"Mathematics and Computing (4 Years, Bachelor of Technology)",4124,HS,OPEN,Female-only (including Supernumerary),1
1614,"National Institute of Technology, Kurukshetra",220,"Mathematics and Computing (4 Years, Bachelor of Technology)",4124,HS,ST,Female-only (including Supernumerary),1
1615,"National Institute of Technology, Kurukshetra",220,"Mathematics and Computing (4 Years, Bachelor of Technology)",4124,OS,OPEN,Gender-Neutral,3
1616,"National Institute of Technology, Kurukshetra",220,"Mathematics and Computing (4 Years, Bachelor of Technology)",4124,OS,OPEN,Female-only (including Supernumerary),1
1617,"National Institute of Technology, Kurukshetra",220,"Mathematics and Computing (4 Years, Bachelor of Technology)",4124,OS,OBC-NCL,Gender-Neutral,2
1618,"National Institute of Technology, Kurukshetra",220,"Mathematics and Computing (4 Years, Bachelor of Technology)",4124,OS,SC (PwD),Gender-Neutral,1
1619,"National Institute of Technology, Kurukshetra",220,"Mechanical Engineering (4 Years, Bachelor of Technology)",4125,HS,OPEN,Gender-Neutral,5
1620,"National Institute of Technology, Kurukshetra",220,"Mechanical Engineering (4 Years, Bachelor of Technology)",4125,HS,OPEN,Female-only (including Supernumerary),1
1621,"National Institute of Technology, Kurukshetra",220,"Mechanical Engineering (4 Years, Bachelor of Technology)",4125,HS,OPEN (PwD),Gender-Neutral,1
1622,"National Institute of Technology, Kurukshetra",220,"Mechanical Engineering (4 Years, Bachelor of Technology)",4125,HS,GEN-EWS,Gender-Neutral,1
1623,"National Institute of Technology, Kurukshetra",220,"Mechanical Engineering (4 Years, Bachelor of Technology)",4125,HS,OBC-NCL,Female-only (including Supernumerary),1
1624,"National Institute of Technology, Kurukshetra",220,"Mechanical Engineering (4 Years, Bachelor of Technology)",4125,HS,ST,Gender-Neutral,2
1625,"National Institute of Technology, Kurukshetra",220,"Mechanical Engineering (4 Years, Bachelor of Technology)",4125,HS,ST (PwD),Gender-Neutral,1
1626,"National Institute of Technology, Kurukshetra",220,"Mechanical Engineering (4 Years, Bachelor of Technology)",4125,OS,OPEN,Gender-Neutral,3
1627,"National Institute of Technology, Kurukshetra",220,"Mechanical Engineering (4 Years, Bachelor of Technology)",4125,OS,OBC-NCL(PwD),Gender-Neutral,1
1628,"National Institute of Technology, Kurukshetra",220,"Mechanical Engineering (4 Years, Bachelor of Technology)",4125,OS,SC (PwD),Gender-Neutral,1
1629,"National Institute of Technology, Kurukshetra",220,"ROBOTICS & AUTOMATION (4 Years, Bachelor of Technology)",412A,HS,OPEN,Gender-Neutral,2
1630,"National Institute of Technology, Kurukshetra",220,"ROBOTICS & AUTOMATION (4 Years, Bachelor of Technology)",412A,HS,OPEN,Female-only (including Supernumerary),1
1631,"National Institute of Technology, Kurukshetra",220,"ROBOTICS & AUTOMATION (4 Years, Bachelor of Technology)",412A,HS,OBC-NCL,Gender-Neutral,1
1632,"National Institute of Technology, Kurukshetra",220,"ROBOTICS & AUTOMATION (4 Years, Bachelor of Technology)",412A,HS,OBC-NCL,Female-only (including Supernumerary),1
1633,"National Institute of Technology, Kurukshetra",220,"ROBOTICS & AUTOMATION (4 Years, Bachelor of Technology)",412A,OS,OPEN,Gender-Neutral,4
1634,"National Institute of Technology, Kurukshetra",220,"ROBOTICS & AUTOMATION (4 Years, Bachelor of Technology)",412A,OS,OPEN,Female-only (including Supernumerary),1
1635,"National Institute of Technology, Kurukshetra",220,"ROBOTICS & AUTOMATION (4 Years, Bachelor of Technology)",412A,OS,OBC-NCL,Female-only (including Supernumerary),2
1636,"National Institute of Technology, Kurukshetra",220,"ROBOTICS & AUTOMATION (4 Years, Bachelor of Technology)",412A,OS,SC,Gender-Neutral,1
1637,"National Institute of Technology, Kurukshetra",220,"ROBOTICS & AUTOMATION (4 Years, Bachelor of Technology)",412A,OS,SC,Female-only (including Supernumerary),1
1638,"National Institute of Technology, Kurukshetra",220,"Microelectronics & VLSI Engineering (4 Years, Bachelor of Technology)",412B,HS,OPEN,Gender-Neutral,1
1639,"National Institute of Technology, Kurukshetra",220,"Microelectronics & VLSI Engineering (4 Years, Bachelor of Technology)",412B,HS,GEN-EWS(PwD),Gender-Neutral,1
1640,"National Institute of Technology, Kurukshetra",220,"Microelectronics & VLSI Engineering (4 Years, Bachelor of Technology)",412B,HS,ST,Gender-Neutral,2
1641,"National Institute of Technology, Kurukshetra",220,"Microelectronics & VLSI Engineering (4 Years, Bachelor of Technology)",412B,OS,OPEN,Gender-Neutral,1
1642,"National Institute of Technology, Kurukshetra",220,"Microelectronics & VLSI Engineering (4 Years, Bachelor of Technology)",412B,OS,GEN-EWS,Female-only (including Supernumerary),1
1643,"National Institute of Technology, Kurukshetra",220,"Microelectronics & VLSI Engineering (4 Years, Bachelor of Technology)",412B,OS,SC,Gender-Neutral,2
1644,"National Institute of Technology, Kurukshetra",220,"Microelectronics & VLSI Engineering (4 Years, Bachelor of Technology)",412B,OS,ST (PwD),Gender-Neutral,1
1645,"National Institute of Technology, Kurukshetra",220,"SUSTAINABLE ENERGY TECHNOLOGIES (4 Years, Bachelor of Technology)",412D,HS,OPEN,Gender-Neutral,4
1646,"National Institute of Technology, Kurukshetra",220,"SUSTAINABLE ENERGY TECHNOLOGIES (4 Years, Bachelor of Technology)",412D,HS,OPEN,Female-only (including Supernumerary),2
1647,"National Institute of Technology, Kurukshetra",220,"SUSTAINABLE ENERGY TECHNOLOGIES (4 Years, Bachelor of Technology)",412D,HS,OPEN (PwD),Gender-Neutral,1
1648,"National Institute of Technology, Kurukshetra",220,"SUSTAINABLE ENERGY TECHNOLOGIES (4 Years, Bachelor of Technology)",412D,HS,GEN-EWS(PwD),Gender-Neutral,1
1649,"National Institute of Technology, Kurukshetra",220,"SUSTAINABLE ENERGY TECHNOLOGIES (4 Years, Bachelor of Technology)",412D,HS,OBC-NCL,Gender-Neutral,1
1650,"National Institute of Technology, Kurukshetra",220,"SUSTAINABLE ENERGY TECHNOLOGIES (4 Years, Bachelor of Technology)",412D,HS,OBC-NCL,Female-only (including Supernumerary),1
1651,"National Institute of Technology, Kurukshetra",220,"SUSTAINABLE ENERGY TECHNOLOGIES (4 Years, Bachelor of Technology)",412D,HS,OBC-NCL(PwD),Female-only (including Supernumerary),1
1652,"National Institute of Technology, Kurukshetra",220,"SUSTAINABLE ENERGY TECHNOLOGIES (4 Years, Bachelor of Technology)",412D,HS,ST,Gender-Neutral,1
1653,"National Institute of Technology, Kurukshetra",220,"SUSTAINABLE ENERGY TECHNOLOGIES (4 Years, Bachelor of Technology)",412D,HS,ST,Female-only (including Supernumerary),1
1654,"National Institute of Technology, Kurukshetra",220,"SUSTAINABLE ENERGY TECHNOLOGIES (4 Years, Bachelor of Technology)",412D,OS,OPEN,Gender-Neutral,3
1655,"National Institute of Technology, Kurukshetra",220,"SUSTAINABLE ENERGY TECHNOLOGIES (4 Years, Bachelor of Technology)",412D,OS,OPEN,Female-only (including Supernumerary),2
1656,"National Institute of Technology, Kurukshetra",220,"SUSTAINABLE ENERGY TECHNOLOGIES (4 Years, Bachelor of Technology)",412D,OS,GEN-EWS,Female-only (including Supernumerary),1
1657,"National Institute of Technology, Kurukshetra",220,"SUSTAINABLE ENERGY TECHNOLOGIES (4 Years, Bachelor of Technology)",412D,OS,OBC-NCL,Gender-Neutral,1
1658,"National Institute of Technology, Kurukshetra",220,"SUSTAINABLE ENERGY TECHNOLOGIES (4 Years, Bachelor of Technology)",412D,OS,SC,Female-only (including Supernumerary),1
1659,"National Institute of Technology, Kurukshetra",220,"Production and Industrial Engineering (4 Years, Bachelor of Technology)",4136,HS,OPEN,Gender-Neutral,1
1660,"National Institute of Technology, Kurukshetra",220,"Production and Industrial Engineering (4 Years, Bachelor of Technology)",4136,HS,OBC-NCL,Gender-Neutral,1
1661,"National Institute of Technology, Kurukshetra",220,"Production and Industrial Engineering (4 Years, Bachelor of Technology)",4136,HS,OBC-NCL,Female-only (including Supernumerary),1
1662,"National Institute of Technology, Kurukshetra",220,"Production and Industrial Engineering (4 Years, Bachelor of Technology)",4136,HS,OBC-NCL(PwD),Gender-Neutral,1
1663,"National Institute of Technology, Kurukshetra",220,"Production and Industrial Engineering (4 Years, Bachelor of Technology)",4136,HS,SC,Gender-Neutral,1
1664,"National Institute of Technology, Kurukshetra",220,"Production and Industrial Engineering (4 Years, Bachelor of Technology)",4136,HS,ST,Gender-Neutral,1
1665,"National Institute of Technology, Kurukshetra",220,"Production and Industrial Engineering (4 Years, Bachelor of Technology)",4136,OS,OPEN,Gender-Neutral,1
1666,"National Institute of Technology, Kurukshetra",220,"Production and Industrial Engineering (4 Years, Bachelor of Technology)",4136,OS,OPEN,Female-only (including Supernumerary),1
1667,"National Institute of Technology, Kurukshetra",220,"Production and Industrial Engineering (4 Years, Bachelor of Technology)",4136,OS,OPEN (PwD),Gender-Neutral,1
1668,"National Institute of Technology, Kurukshetra",220,"Production and Industrial Engineering (4 Years, Bachelor of Technology)",4136,OS,OBC-NCL,Gender-Neutral,2
1669,"National Institute of Technology, Kurukshetra",220,"Production and Industrial Engineering (4 Years, Bachelor of Technology)",4136,OS,OBC-NCL,Female-only (including Supernumerary),1
1670,"National Institute of Technology, Kurukshetra",220,"Production and Industrial Engineering (4 Years, Bachelor of Technology)",4136,OS,ST,Gender-Neutral,1
1671,"National Institute of Technology, Kurukshetra",220,"Information Technology (4 Years, Bachelor of Technology)",4146,HS,OPEN,Gender-Neutral,2
1672,"National Institute of Technology, Kurukshetra",220,"Information Technology (4 Years, Bachelor of Technology)",4146,HS,OPEN,Female-only (including Supernumerary),1
1673,"National Institute of Technology, Kurukshetra",220,"Information Technology (4 Years, Bachelor of Technology)",4146,HS,OBC-NCL,Gender-Neutral,3
1674,"National Institute of Technology, Kurukshetra",220,"Information Technology (4 Years, Bachelor of Technology)",4146,HS,SC,Gender-Neutral,1
1675,"National Institute of Technology, Kurukshetra",220,"Information Technology (4 Years, Bachelor of Technology)",4146,HS,ST,Gender-Neutral,1
1676,"National Institute of Technology, Kurukshetra",220,"Information Technology (4 Years, Bachelor of Technology)",4146,OS,OPEN,Gender-Neutral,1
1677,"National Institute of Technology, Kurukshetra",220,"Information Technology (4 Years, Bachelor of Technology)",4146,OS,ST,Gender-Neutral,1
1678,"National Institute of Technology, Kurukshetra",220,"Artificial Intelligence and Data Science (4 Years, Bachelor of Technology)",4188,HS,OPEN,Gender-Neutral,3
1679,"National Institute of Technology, Kurukshetra",220,"Artificial Intelligence and Data Science (4 Years, Bachelor of Technology)",4188,HS,OBC-NCL,Gender-Neutral,1
1680,"National Institute of Technology, Kurukshetra",220,"Artificial Intelligence and Data Science (4 Years, Bachelor of Technology)",4188,HS,SC (PwD),Gender-Neutral,1
1681,"National Institute of Technology, Kurukshetra",220,"Artificial Intelligence and Data Science (4 Years, Bachelor of Technology)",4188,HS,ST,Female-only (including Supernumerary),1
1682,"National Institute of Technology, Kurukshetra",220,"Artificial Intelligence and Data Science (4 Years, Bachelor of Technology)",4188,OS,OPEN,Gender-Neutral,4
1683,"National Institute of Technology, Kurukshetra",220,"Artificial Intelligence and Data Science (4 Years, Bachelor of Technology)",4188,OS,OPEN,Female-only (including Supernumerary),1
1684,"National Institute of Technology, Kurukshetra",220,"Artificial Intelligence and Data Science (4 Years, Bachelor of Technology)",4188,OS,OBC-NCL,Gender-Neutral,1
1685,"National Institute of Technology, Kurukshetra",220,"Artificial Intelligence and Data Science (4 Years, Bachelor of Technology)",4188,OS,SC,Gender-Neutral,1
1686,"National Institute of Technology, Kurukshetra",220,"Architecture (5 Years, Bachelor of Architecture)",5101,HS,OPEN,Gender-Neutral,2
1687,"National Institute of Technology, Kurukshetra",220,"Architecture (5 Years, Bachelor of Architecture)",5101,HS,OPEN,Female-only (including Supernumerary),1
1688,"National Institute of Technology, Kurukshetra",220,"Architecture (5 Years, Bachelor of Architecture)",5101,HS,GEN-EWS,Gender-Neutral,1
1689,"National Institute of Technology, Kurukshetra",220,"Architecture (5 Years, Bachelor of Architecture)",5101,HS,OBC-NCL,Gender-Neutral,1
1690,"National Institute of Technology, Kurukshetra",220,"Architecture (5 Years, Bachelor of Architecture)",5101,HS,OBC-NCL,Female-only (including Supernumerary),1
1691,"National Institute of Technology, Kurukshetra",220,"Architecture (5 Years, Bachelor of Architecture)",5101,HS,SC (PwD),Gender-Neutral,1
1692,"National Institute of Technology, Kurukshetra",220,"Architecture (5 Years, Bachelor of Architecture)",5101,HS,ST,Gender-Neutral,1
1693,"National Institute of Technology, Kurukshetra",220,"Architecture (5 Years, Bachelor of Architecture)",5101,OS,OPEN,Gender-Neutral,4
1694,"National Institute of Technology, Kurukshetra",220,"Architecture (5 Years, Bachelor of Architecture)",5101,OS,SC,Gender-Neutral,1
1695,"National Institute of Technology, Kurukshetra",220,"Architecture (5 Years, Bachelor of Architecture)",5101,OS,ST,Gender-Neutral,1
1696,"National Institute of Technology, Kurukshetra",220,"Civil Engineering (5 Years, Bachelor and Master of Technology (Dual Degree))",5213,HS,OPEN,Female-only (including Supernumerary),1
1697,"National Institute of Technology, Kurukshetra",220,"Civil Engineering (5 Years, Bachelor and Master of Technology (Dual Degree))",5213,HS,OPEN (PwD),Gender-Neutral,1
1698,"National Institute of Technology, Kurukshetra",220,"Civil Engineering (5 Years, Bachelor and Master of Technology (Dual Degree))",5213,HS,OBC-NCL,Gender-Neutral,1
1699,"National Institute of Technology, Kurukshetra",220,"Civil Engineering (5 Years, Bachelor and Master of Technology (Dual Degree))",5213,HS,ST,Gender-Neutral,1
1700,"National Institute of Technology, Kurukshetra",220,"Civil Engineering (5 Years, Bachelor and Master of Technology (Dual Degree))",5213,OS,OPEN,Gender-Neutral,1
1701,"National Institute of Technology, Kurukshetra",220,"Civil Engineering (5 Years, Bachelor and Master of Technology (Dual Degree))",5213,OS,SC,Gender-Neutral,1
1702,"National Institute of Technology, Kurukshetra",220,"Computer Science and Engineering (5 Years, Bachelor and Master of Technology (Dual Degree))",5216,OS,OPEN,Gender-Neutral,1
1703,"National Institute of Technology, Kurukshetra",220,"Electrical Engineering (5 Years, Bachelor and Master of Technology (Dual Degree))",5217,HS,ST,Gender-Neutral,1
1704,"National Institute of Technology, Kurukshetra",220,"Electrical Engineering (5 Years, Bachelor and Master of Technology (Dual Degree))",5217,OS,OPEN,Female-only (including Supernumerary),1
1705,"National Institute of Technology, Kurukshetra",220,"Mechanical Engineering (5 Years, Bachelor and Master of Technology (Dual Degree))",5233,HS,ST,Gender-Neutral,1
1706,"National Institute of Technology, Kurukshetra",220,"Mechanical Engineering (5 Years, Bachelor and Master of Technology (Dual Degree))",5233,OS,OPEN,Female-only (including Supernumerary),1
1707,"National Institute of Technology, Kurukshetra",220,"Mechanical Engineering (5 Years, Bachelor and Master of Technology (Dual Degree))",5233,OS,OBC-NCL(PwD),Gender-Neutral,1
1708,"National Institute of Technology, Kurukshetra",220,"Electronics and Communication Engineering (5 Years, Bachelor and Master of Technology (Dual Degree))",5234,HS,OPEN,Gender-Neutral,1
1709,"National Institute of Technology, Kurukshetra",220,"Electronics and Communication Engineering (5 Years, Bachelor and Master of Technology (Dual Degree))",5234,HS,OPEN,Female-only (including Supernumerary),1
1710,"National Institute of Technology, Kurukshetra",220,"Electronics and Communication Engineering (5 Years, Bachelor and Master of Technology (Dual Degree))",5234,HS,ST,Gender-Neutral,1
1711,"National Institute of Technology, Kurukshetra",220,"Electronics and Communication Engineering (5 Years, Bachelor and Master of Technology (Dual Degree))",5234,OS,OPEN,Gender-Neutral,1
1712,"National Institute of Technology, Kurukshetra",220,"Electronics and Communication Engineering (5 Years, Bachelor and Master of Technology (Dual Degree))",5234,OS,OBC-NCL,Gender-Neutral,1
1713,"National Institute of Technology, Manipur",221,"Civil Engineering (4 Years, Bachelor of Technology)",4109,HS,OPEN,Gender-Neutral,1
1714,"National Institute of Technology, Manipur",221,"Civil Engineering (4 Years, Bachelor of Technology)",4109,HS,GEN-EWS,Gender-Neutral,2
1715,"National Institute of Technology, Manipur",221,"Civil Engineering (4 Years, Bachelor of Technology)",4109,HS,OBC-NCL,Gender-Neutral,1
1716,"National Institute of Technology, Manipur",221,"Civil Engineering (4 Years, Bachelor of Technology)",4109,HS,ST,Female-only (including Supernumerary),1
1717,"National Institute of Technology, Manipur",221,"Civil Engineering (4 Years, Bachelor of Technology)",4109,OS,OPEN,Gender-Neutral,2
1718,"National Institute of Technology, Manipur",221,"Civil Engineering (4 Years, Bachelor of Technology)",4109,OS,OPEN,Female-only (including Supernumerary),2
1719,"National Institute of Technology, Manipur",221,"Civil Engineering (4 Years, Bachelor of Technology)",4109,OS,OBC-NCL,Gender-Neutral,3
1720,"National Institute of Technology, Manipur",221,"Civil Engineering (4 Years, Bachelor of Technology)",4109,OS,OBC-NCL,Female-only (including Supernumerary),1
1721,"National Institute of Technology, Manipur",221,"Civil Engineering (4 Years, Bachelor of Technology)",4109,OS,SC,Gender-Neutral,1
1722,"National Institute of Technology, Manipur",221,"Civil Engineering (4 Years, Bachelor of Technology)",4109,OS,SC (PwD),Gender-Neutral,1
1723,"National Institute of Technology, Manipur",221,"Civil Engineering (4 Years, Bachelor of Technology)",4109,OS,ST,Gender-Neutral,1
1724,"National Institute of Technology, Manipur",221,"Computer Science and Engineering (4 Years, Bachelor of Technology)",4110,HS,OPEN (PwD),Gender-Neutral,1
1725,"National Institute of Technology, Manipur",221,"Computer Science and Engineering (4 Years, Bachelor of Technology)",4110,HS,GEN-EWS,Gender-Neutral,2
1726,"National Institute of Technology, Manipur",221,"Computer Science and Engineering (4 Years, Bachelor of Technology)",4110,HS,GEN-EWS,Female-only (including Supernumerary),1
1727,"National Institute of Technology, Manipur",221,"Computer Science and Engineering (4 Years, Bachelor of Technology)",4110,HS,GEN-EWS(PwD),Gender-Neutral,1
1728,"National Institute of Technology, Manipur",221,"Computer Science and Engineering (4 Years, Bachelor of Technology)",4110,HS,SC,Gender-Neutral,1
1729,"National Institute of Technology, Manipur",221,"Computer Science and Engineering (4 Years, Bachelor of Technology)",4110,HS,ST,Gender-Neutral,1
1730,"National Institute of Technology, Manipur",221,"Computer Science and Engineering (4 Years, Bachelor of Technology)",4110,HS,ST (PwD),Gender-Neutral,1
1731,"National Institute of Technology, Manipur",221,"Computer Science and Engineering (4 Years, Bachelor of Technology)",4110,OS,OPEN,Gender-Neutral,3
1732,"National Institute of Technology, Manipur",221,"Computer Science and Engineering (4 Years, Bachelor of Technology)",4110,OS,OPEN,Female-only (including Supernumerary),1
1733,"National Institute of Technology, Manipur",221,"Computer Science and Engineering (4 Years, Bachelor of Technology)",4110,OS,GEN-EWS,Gender-Neutral,1
1734,"National Institute of Technology, Manipur",221,"Computer Science and Engineering (4 Years, Bachelor of Technology)",4110,OS,GEN-EWS,Female-only (including Supernumerary),1
1735,"National Institute of Technology, Manipur",221,"Computer Science and Engineering (4 Years, Bachelor of Technology)",4110,OS,OBC-NCL,Gender-Neutral,1
1736,"National Institute of Technology, Manipur",221,"Computer Science and Engineering (4 Years, Bachelor of Technology)",4110,OS,OBC-NCL,Female-only (including Supernumerary),1
1737,"National Institute of Technology, Manipur",221,"Computer Science and Engineering (4 Years, Bachelor of Technology)",4110,OS,ST,Gender-Neutral,2
1738,"National Institute of Technology, Manipur",221,"Electrical Engineering (4 Years, Bachelor of Technology)",4111,HS,OPEN,Gender-Neutral,1
1739,"National Institute of Technology, Manipur",221,"Electrical Engineering (4 Years, Bachelor of Technology)",4111,HS,OPEN (PwD),Gender-Neutral,1
1740,"National Institute of Technology, Manipur",221,"Electrical Engineering (4 Years, Bachelor of Technology)",4111,HS,GEN-EWS,Gender-Neutral,2
1741,"National Institute of Technology, Manipur",221,"Electrical Engineering (4 Years, Bachelor of Technology)",4111,HS,ST,Female-only (including Supernumerary),1
1742,"National Institute of Technology, Manipur",221,"Electrical Engineering (4 Years, Bachelor of Technology)",4111,OS,OPEN,Gender-Neutral,3
1743,"National Institute of Technology, Manipur",221,"Electrical Engineering (4 Years, Bachelor of Technology)",4111,OS,OPEN,Female-only (including Supernumerary),2
1744,"National Institute of Technology, Manipur",221,"Electrical Engineering (4 Years, Bachelor of Technology)",4111,OS,OBC-NCL,Gender-Neutral,2
1745,"National Institute of Technology, Manipur",221,"Electronics and Communication Engineering (4 Years, Bachelor of Technology)",4114,HS,OPEN,Gender-Neutral,2
1746,"National Institute of Technology, Manipur",221,"Electronics and Communication Engineering (4 Years, Bachelor of Technology)",4114,HS,OPEN,Female-only (including Supernumerary),2
1747,"National Institute of Technology, Manipur",221,"Electronics and Communication Engineering (4 Years, Bachelor of Technology)",4114,HS,OPEN (PwD),Gender-Neutral,1
1748,"National Institute of Technology, Manipur",221,"Electronics and Communication Engineering (4 Years, Bachelor of Technology)",4114,HS,GEN-EWS,Gender-Neutral,2
1749,"National Institute of Technology, Manipur",221,"Electronics and Communication Engineering (4 Years, Bachelor of Technology)",4114,HS,ST,Gender-Neutral,2
1750,"National Institute of Technology, Manipur",221,"Electronics and Communication Engineering (4 Years, Bachelor of Technology)",4114,HS,ST,Female-only (including Supernumerary),2
1751,"National Institute of Technology, Manipur",221,"Electronics and Communication Engineering (4 Years, Bachelor of Technology)",4114,OS,OPEN,Gender-Neutral,4
1752,"National Institute of Technology, Manipur",221,"Electronics and Communication Engineering (4 Years, Bachelor of Technology)",4114,OS,OPEN,Female-only (including Supernumerary),2
1753,"National Institute of Technology, Manipur",221,"Electronics and Communication Engineering (4 Years, Bachelor of Technology)",4114,OS,OBC-NCL,Gender-Neutral,1
1754,"National Institute of Technology, Manipur",221,"Electronics and Communication Engineering (4 Years, Bachelor of Technology)",4114,OS,SC,Gender-Neutral,1
1755,"National Institute of Technology, Manipur",221,"Electronics and Communication Engineering (4 Years, Bachelor of Technology)",4114,OS,ST,Gender-Neutral,1
1756,"National Institute of Technology, Manipur",221,"Mechanical Engineering (4 Years, Bachelor of Technology)",4125,HS,OPEN,Gender-Neutral,1
1757,"National Institute of Technology, Manipur",221,"Mechanical Engineering (4 Years, Bachelor of Technology)",4125,HS,OPEN,Female-only (including Supernumerary),1
1758,"National Institute of Technology, Manipur",221,"Mechanical Engineering (4 Years, Bachelor of Technology)",4125,HS,GEN-EWS,Gender-Neutral,1
1759,"National Institute of Technology, Manipur",221,"Mechanical Engineering (4 Years, Bachelor of Technology)",4125,HS,ST,Gender-Neutral,2
1760,"National Institute of Technology, Manipur",221,"Mechanical Engineering (4 Years, Bachelor of Technology)",4125,HS,ST,Female-only (including Supernumerary),1
1761,"National Institute of Technology, Manipur",221,"Mechanical Engineering (4 Years, Bachelor of Technology)",4125,OS,OPEN,Gender-Neutral,4
1762,"National Institute of Technology, Manipur",221,"Mechanical Engineering (4 Years, Bachelor of Technology)",4125,OS,OPEN,Female-only (including Supernumerary),1
1763,"National Institute of Technology, Manipur",221,"Mechanical Engineering (4 Years, Bachelor of Technology)",4125,OS,GEN-EWS,Gender-Neutral,1
1764,"National Institute of Technology, Manipur",221,"Mechanical Engineering (4 Years, Bachelor of Technology)",4125,OS,OBC-NCL,Gender-Neutral,1
1765,"National Institute of Technology, Manipur",221,"Mechanical Engineering (4 Years, Bachelor of Technology)",4125,OS,OBC-NCL,Female-only (including Supernumerary),1
1766,"National Institute of Technology, Manipur",221,"Mechanical Engineering (4 Years, Bachelor of Technology)",4125,OS,OBC-NCL(PwD),Gender-Neutral,1
1767,"National Institute of Technology, Manipur",221,"Mechanical Engineering (4 Years, Bachelor of Technology)",4125,OS,SC,Gender-Neutral,1
1768,"National Institute of Technology, Manipur",221,"Mechanical Engineering (4 Years, Bachelor of Technology)",4125,OS,ST,Gender-Neutral,1
1769,"National Institute of Technology, Manipur",221,"Civil Engineering (5 Years, Bachelor and Master of Technology (Dual Degree))",5213,HS,OPEN,Gender-Neutral,1
1770,"National Institute of Technology, Manipur",221,"Civil Engineering (5 Years, Bachelor and Master of Technology (Dual Degree))",5213,OS,OPEN,Gender-Neutral,2
1771,"National Institute of Technology, Manipur",221,"Civil Engineering (5 Years, Bachelor and Master of Technology (Dual Degree))",5213,OS,SC,Gender-Neutral,1
1772,"National Institute of Technology, Manipur",221,"Computer Science and Engineering (5 Years, Bachelor and Master of Technology (Dual Degree))",5216,OS,OPEN,Gender-Neutral,1
1773,"National Institute of Technology, Manipur",221,"Electrical Engineering (5 Years, Bachelor and Master of Technology (Dual Degree))",5217,HS,OBC-NCL,Gender-Neutral,1
1774,"National Institute of Technology, Manipur",221,"Electrical Engineering (5 Years, Bachelor and Master of Technology (Dual Degree))",5217,HS,ST,Gender-Neutral,2
1775,"National Institute of Technology, Manipur",221,"Electrical Engineering (5 Years, Bachelor and Master of Technology (Dual Degree))",5217,OS,OPEN,Gender-Neutral,2
1776,"National Institute of Technology, Manipur",221,"Electrical Engineering (5 Years, Bachelor and Master of Technology (Dual Degree))",5217,OS,SC,Gender-Neutral,1
1777,"National Institute of Technology, Manipur",221,"Mechanical Engineering (5 Years, Bachelor and Master of Technology (Dual Degree))",5233,HS,OPEN,Gender-Neutral,1
1778,"National Institute of Technology, Manipur",221,"Mechanical Engineering (5 Years, Bachelor and Master of Technology (Dual Degree))",5233,HS,ST,Gender-Neutral,2
1779,"National Institute of Technology, Manipur",221,"Mechanical Engineering (5 Years, Bachelor and Master of Technology (Dual Degree))",5233,OS,OPEN,Gender-Neutral,1
1780,"National Institute of Technology, Manipur",221,"Mechanical Engineering (5 Years, Bachelor and Master of Technology (Dual Degree))",5233,OS,OBC-NCL,Gender-Neutral,1
1781,"National Institute of Technology, Manipur",221,"Electronics and Communication Engineering (5 Years, Bachelor and Master of Technology (Dual Degree))",5234,HS,ST,Gender-Neutral,2
1782,"National Institute of Technology, Manipur",221,"Electronics and Communication Engineering (5 Years, Bachelor and Master of Technology (Dual Degree))",5234,OS,OPEN,Gender-Neutral,1
1783,"National Institute of Technology, Manipur",221,"Electronics and Communication Engineering (5 Years, Bachelor and Master of Technology (Dual Degree))",5234,OS,GEN-EWS,Gender-Neutral,1
1784,"National Institute of Technology, Manipur",221,"Electronics and Communication Engineering (5 Years, Bachelor and Master of Technology (Dual Degree))",5234,OS,OBC-NCL,Gender-Neutral,1
1785,"National Institute of Technology, Mizoram",222,"Chemical Science and Technology (4 Years, Bachelor of Technology)",4108,HS,OPEN,Gender-Neutral,2
1786,"National Institute of Technology, Mizoram",222,"Chemical Science and Technology (4 Years, Bachelor of Technology)",4108,HS,OPEN,Female-only (including Supernumerary),1
1787,"National Institute of Technology, Mizoram",222,"Chemical Science and Technology (4 Years, Bachelor of Technology)",4108,HS,OBC-NCL,Gender-Neutral,1
1788,"National Institute of Technology, Mizoram",222,"Chemical Science and Technology (4 Years, Bachelor of Technology)",4108,HS,SC,Gender-Neutral,1
1789,"National Institute of Technology, Mizoram",222,"Chemical Science and Technology (4 Years, Bachelor of Technology)",4108,OS,OPEN,Gender-Neutral,2
1790,"National Institute of Technology, Mizoram",222,"Chemical Science and Technology (4 Years, Bachelor of Technology)",4108,OS,OPEN,Female-only (including Supernumerary),1
1791,"National Institute of Technology, Mizoram",222,"Chemical Science and Technology (4 Years, Bachelor of Technology)",4108,OS,SC,Gender-Neutral,1
1792,"National Institute of Technology, Mizoram",222,"Civil Engineering (4 Years, Bachelor of Technology)",4109,HS,OPEN,Female-only (including Supernumerary),2
1793,"National Institute of Technology, Mizoram",222,"Civil Engineering (4 Years, Bachelor of Technology)",4109,HS,GEN-EWS,Gender-Neutral,1
1794,"National Institute of Technology, Mizoram",222,"Civil Engineering (4 Years, Bachelor of Technology)",4109,HS,OBC-NCL,Gender-Neutral,3
1795,"National Institute of Technology, Mizoram",222,"Civil Engineering (4 Years, Bachelor of Technology)",4109,HS,OBC-NCL,Female-only (including Supernumerary),1
1796,"National Institute of Technology, Mizoram",222,"Civil Engineering (4 Years, Bachelor of Technology)",4109,HS,SC,Gender-Neutral,2
1797,"National Institute of Technology, Mizoram",222,"Civil Engineering (4 Years, Bachelor of Technology)",4109,HS,SC,Female-only (including Supernumerary),1
1798,"National Institute of Technology, Mizoram",222,"Civil Engineering (4 Years, Bachelor of Technology)",4109,HS,ST,Gender-Neutral,1
1799,"National Institute of Technology, Mizoram",222,"Civil Engineering (4 Years, Bachelor of Technology)",4109,OS,OPEN,Gender-Neutral,2
1800,"National Institute of Technology, Mizoram",222,"Civil Engineering (4 Years, Bachelor of Technology)",4109,OS,OPEN,Female-only (including Supernumerary),1
1801,"National Institute of Technology, Mizoram",222,"Civil Engineering (4 Years, Bachelor of Technology)",4109,OS,OPEN (PwD),Gender-Neutral,1
1802,"National Institute of Technology, Mizoram",222,"Civil Engineering (4 Years, Bachelor of Technology)",4109,OS,GEN-EWS,Female-only (including Supernumerary),1
1803,"National Institute of Technology, Mizoram",222,"Civil Engineering (4 Years, Bachelor of Technology)",4109,OS,OBC-NCL,Gender-Neutral,2
1804,"National Institute of Technology, Mizoram",222,"Civil Engineering (4 Years, Bachelor of Technology)",4109,OS,OBC-NCL,Female-only (including Supernumerary),1
1805,"National Institute of Technology, Mizoram",222,"Computer Science and Engineering (4 Years, Bachelor of Technology)",4110,HS,OPEN (PwD),Female-only (including Supernumerary),1
1806,"National Institute of Technology, Mizoram",222,"Computer Science and Engineering (4 Years, Bachelor of Technology)",4110,HS,GEN-EWS,Gender-Neutral,1
1807,"National Institute of Technology, Mizoram",222,"Computer Science and Engineering (4 Years, Bachelor of Technology)",4110,HS,GEN-EWS,Female-only (including Supernumerary),1
1808,"National Institute of Technology, Mizoram",222,"Computer Science and Engineering (4 Years, Bachelor of Technology)",4110,HS,OBC-NCL,Gender-Neutral,3
1809,"National Institute of Technology, Mizoram",222,"Computer Science and Engineering (4 Years, Bachelor of Technology)",4110,OS,OPEN,Gender-Neutral,3
1810,"National Institute of Technology, Mizoram",222,"Computer Science and Engineering (4 Years, Bachelor of Technology)",4110,OS,GEN-EWS,Female-only (including Supernumerary),1
1811,"National Institute of Technology, Mizoram",222,"Computer Science and Engineering (4 Years, Bachelor of Technology)",4110,OS,OBC-NCL,Gender-Neutral,1
1812,"National Institute of Technology, Mizoram",222,"Computer Science and Engineering (4 Years, Bachelor of Technology)",4110,OS,OBC-NCL,Female-only (including Supernumerary),1
1813,"National Institute of Technology, Mizoram",222,"Computer Science and Engineering (4 Years, Bachelor of Technology)",4110,OS,OBC-NCL(PwD),Gender-Neutral,1
1814,"National Institute of Technology, Mizoram",222,"Electrical Engineering (4 Years, Bachelor of Technology)",4111,HS,OPEN,Gender-Neutral,2
1815,"National Institute of Technology, Mizoram",222,"Electrical Engineering (4 Years, Bachelor of Technology)",4111,HS,GEN-EWS,Gender-Neutral,1
1816,"National Institute of Technology, Mizoram",222,"Electrical Engineering (4 Years, Bachelor of Technology)",4111,HS,GEN-EWS,Female-only (including Supernumerary),1
1817,"National Institute of Technology, Mizoram",222,"Electrical Engineering (4 Years, Bachelor of Technology)",4111,HS,OBC-NCL,Gender-Neutral,4
1818,"National Institute of Technology, Mizoram",222,"Electrical Engineering (4 Years, Bachelor of Technology)",4111,HS,OBC-NCL,Female-only (including Supernumerary),1
1819,"National Institute of Technology, Mizoram",222,"Electrical Engineering (4 Years, Bachelor of Technology)",4111,HS,OBC-NCL(PwD),Gender-Neutral,1
1820,"National Institute of Technology, Mizoram",222,"Electrical Engineering (4 Years, Bachelor of Technology)",4111,HS,SC,Gender-Neutral,1
1821,"National Institute of Technology, Mizoram",222,"Electrical Engineering (4 Years, Bachelor of Technology)",4111,HS,SC,Female-only (including Supernumerary),1
1822,"National Institute of Technology, Mizoram",222,"Electrical Engineering (4 Years, Bachelor of Technology)",4111,OS,OPEN,Gender-Neutral,3
1823,"National Institute of Technology, Mizoram",222,"Electrical Engineering (4 Years, Bachelor of Technology)",4111,OS,OBC-NCL,Gender-Neutral,1
1824,"National Institute of Technology, Mizoram",222,"Electrical Engineering (4 Years, Bachelor of Technology)",4111,OS,SC,Female-only (including Supernumerary),1
1825,"National Institute of Technology, Mizoram",222,"Electronics and Communication Engineering (4 Years, Bachelor of Technology)",4114,HS,OPEN,Female-only (including Supernumerary),1
1826,"National Institute of Technology, Mizoram",222,"Electronics and Communication Engineering (4 Years, Bachelor of Technology)",4114,HS,GEN-EWS,Gender-Neutral,1
1827,"National Institute of Technology, Mizoram",222,"Electronics and Communication Engineering (4 Years, Bachelor of Technology)",4114,HS,GEN-EWS,Female-only (including Supernumerary),1
1828,"National Institute of Technology, Mizoram",222,"Electronics and Communication Engineering (4 Years, Bachelor of Technology)",4114,HS,OBC-NCL,Gender-Neutral,4
1829,"National Institute of Technology, Mizoram",222,"Electronics and Communication Engineering (4 Years, Bachelor of Technology)",4114,HS,OBC-NCL,Female-only (including Supernumerary),1
1830,"National Institute of Technology, Mizoram",222,"Electronics and Communication Engineering (4 Years, Bachelor of Technology)",4114,HS,SC,Gender-Neutral,2
1831,"National Institute of Technology, Mizoram",222,"Electronics and Communication Engineering (4 Years, Bachelor of Technology)",4114,HS,ST,Gender-Neutral,1
1832,"National Institute of Technology, Mizoram",222,"Electronics and Communication Engineering (4 Years, Bachelor of Technology)",4114,OS,OPEN,Female-only (including Supernumerary),1
1833,"National Institute of Technology, Mizoram",222,"Electronics and Communication Engineering (4 Years, Bachelor of Technology)",4114,OS,OPEN (PwD),Gender-Neutral,1
1834,"National Institute of Technology, Mizoram",222,"Electronics and Communication Engineering (4 Years, Bachelor of Technology)",4114,OS,GEN-EWS,Gender-Neutral,1
1835,"National Institute of Technology, Mizoram",222,"Electronics and Communication Engineering (4 Years, Bachelor of Technology)",4114,OS,GEN-EWS,Female-only (including Supernumerary),1
1836,"National Institute of Technology, Mizoram",222,"Electronics and Communication Engineering (4 Years, Bachelor of Technology)",4114,OS,OBC-NCL,Gender-Neutral,2
1837,"National Institute of Technology, Mizoram",222,"Electronics and Communication Engineering (4 Years, Bachelor of Technology)",4114,OS,OBC-NCL,Female-only (including Supernumerary),1
1838,"National Institute of Technology, Mizoram",222,"Electronics and Communication Engineering (4 Years, Bachelor of Technology)",4114,OS,SC,Female-only (including Supernumerary),1
1839,"National Institute of Technology, Mizoram",222,"Electronics and Communication Engineering (4 Years, Bachelor of Technology)",4114,OS,ST,Gender-Neutral,1
1840,"National Institute of Technology, Mizoram",222,"Mathematics and Computing (4 Years, Bachelor of Technology)",4124,HS,OPEN,Gender-Neutral,1
1841,"National Institute of Technology, Mizoram",222,"Mathematics and Computing (4 Years, Bachelor of Technology)",4124,HS,OPEN,Female-only (including Supernumerary),1
1842,"National Institute of Technology, Mizoram",222,"Mathematics and Computing (4 Years, Bachelor of Technology)",4124,HS,GEN-EWS,Gender-Neutral,1
1843,"National Institute of Technology, Mizoram",222,"Mathematics and Computing (4 Years, Bachelor of Technology)",4124,HS,SC,Gender-Neutral,1
1844,"National Institute of Technology, Mizoram",222,"Mathematics and Computing (4 Years, Bachelor of Technology)",4124,OS,OPEN,Gender-Neutral,1
1845,"National Institute of Technology, Mizoram",222,"Mechanical Engineering (4 Years, Bachelor of Technology)",4125,HS,OPEN,Gender-Neutral,2
1846,"National Institute of Technology, Mizoram",222,"Mechanical Engineering (4 Years, Bachelor of Technology)",4125,HS,OPEN,Female-only (including Supernumerary),1
1847,"National Institute of Technology, Mizoram",222,"Mechanical Engineering (4 Years, Bachelor of Technology)",4125,HS,OPEN (PwD),Female-only (including Supernumerary),1
1848,"National Institute of Technology, Mizoram",222,"Mechanical Engineering (4 Years, Bachelor of Technology)",4125,HS,GEN-EWS,Female-only (including Supernumerary),1
1849,"National Institute of Technology, Mizoram",222,"Mechanical Engineering (4 Years, Bachelor of Technology)",4125,HS,OBC-NCL,Gender-Neutral,4
1850,"National Institute of Technology, Mizoram",222,"Mechanical Engineering (4 Years, Bachelor of Technology)",4125,HS,SC,Gender-Neutral,2
1851,"National Institute of Technology, Mizoram",222,"Mechanical Engineering (4 Years, Bachelor of Technology)",4125,HS,ST,Gender-Neutral,2
1852,"National Institute of Technology, Mizoram",222,"Mechanical Engineering (4 Years, Bachelor of Technology)",4125,HS,ST,Female-only (including Supernumerary),1
1853,"National Institute of Technology, Mizoram",222,"Mechanical Engineering (4 Years, Bachelor of Technology)",4125,OS,OPEN,Gender-Neutral,4
1854,"National Institute of Technology, Mizoram",222,"Mechanical Engineering (4 Years, Bachelor of Technology)",4125,OS,GEN-EWS,Gender-Neutral,2
1855,"National Institute of Technology, Mizoram",222,"Mechanical Engineering (4 Years, Bachelor of Technology)",4125,OS,OBC-NCL,Gender-Neutral,1
1856,"National Institute of Technology, Mizoram",222,"Mechanical Engineering (4 Years, Bachelor of Technology)",4125,OS,OBC-NCL,Female-only (including Supernumerary),1
1857,"National Institute of Technology, Rourkela",223,"Bio Technology (4 Years, Bachelor of Technology)",4104,HS,OPEN,Gender-Neutral,3
1858,"National Institute of Technology, Rourkela",223,"Bio Technology (4 Years, Bachelor of Technology)",4104,HS,OPEN,Female-only (including Supernumerary),2
1859,"National Institute of Technology, Rourkela",223,"Bio Technology (4 Years, Bachelor of Technology)",4104,HS,SC,Gender-Neutral,2
1860,"National Institute of Technology, Rourkela",223,"Bio Technology (4 Years, Bachelor of Technology)",4104,OS,OPEN,Gender-Neutral,3
1861,"National Institute of Technology, Rourkela",223,"Bio Technology (4 Years, Bachelor of Technology)",4104,OS,OPEN,Female-only (including Supernumerary),1
1862,"National Institute of Technology, Rourkela",223,"Ceramic Engineering (4 Years, Bachelor of Technology)",4106,HS,OPEN,Gender-Neutral,1
1863,"National Institute of Technology, Rourkela",223,"Ceramic Engineering (4 Years, Bachelor of Technology)",4106,HS,OBC-NCL,Female-only (including Supernumerary),1
1864,"National Institute of Technology, Rourkela",223,"Ceramic Engineering (4 Years, Bachelor of Technology)",4106,HS,SC,Gender-Neutral,1
1865,"National Institute of Technology, Rourkela",223,"Ceramic Engineering (4 Years, Bachelor of Technology)",4106,OS,OPEN,Gender-Neutral,1
1866,"National Institute of Technology, Rourkela",223,"Ceramic Engineering (4 Years, Bachelor of Technology)",4106,OS,OPEN,Female-only (including Supernumerary),1
1867,"National Institute of Technology, Rourkela",223,"Ceramic Engineering (4 Years, Bachelor of Technology)",4106,OS,OPEN (PwD),Gender-Neutral,1
1868,"National Institute of Technology, Rourkela",223,"Ceramic Engineering (4 Years, Bachelor of Technology)",4106,OS,OBC-NCL,Gender-Neutral,1
1869,"National Institute of Technology, Rourkela",223,"Ceramic Engineering (4 Years, Bachelor of Technology)",4106,OS,SC,Gender-Neutral,2
1870,"National Institute of Technology, Rourkela",223,"Ceramic Engineering (4 Years, Bachelor of Technology)",4106,OS,ST,Female-only (including Supernumerary),1
1871,"National Institute of Technology, Rourkela",223,"Chemical Engineering (4 Years, Bachelor of Technology)",4107,HS,OPEN,Gender-Neutral,3
1872,"National Institute of Technology, Rourkela",223,"Chemical Engineering (4 Years, Bachelor of Technology)",4107,HS,OPEN,Female-only (including Supernumerary),1
1873,"National Institute of Technology, Rourkela",223,"Chemical Engineering (4 Years, Bachelor of Technology)",4107,HS,OBC-NCL,Gender-Neutral,1
1874,"National Institute of Technology, Rourkela",223,"Chemical Engineering (4 Years, Bachelor of Technology)",4107,HS,ST,Gender-Neutral,1
1875,"National Institute of Technology, Rourkela",223,"Chemical Engineering (4 Years, Bachelor of Technology)",4107,OS,OPEN,Gender-Neutral,1
1876,"National Institute of Technology, Rourkela",223,"Chemical Engineering (4 Years, Bachelor of Technology)",4107,OS,OPEN,Female-only (including Supernumerary),1
1877,"National Institute of Technology, Rourkela",223,"Chemical Engineering (4 Years, Bachelor of Technology)",4107,OS,ST,Gender-Neutral,1
1878,"National Institute of Technology, Rourkela",223,"Civil Engineering (4 Years, Bachelor of Technology)",4109,HS,OPEN,Gender-Neutral,3
1879,"National Institute of Technology, Rourkela",223,"Civil Engineering (4 Years, Bachelor of Technology)",4109,HS,OPEN,Female-only (including Supernumerary),2
1880,"National Institute of Technology, Rourkela",223,"Civil Engineering (4 Years, Bachelor of Technology)",4109,HS,OBC-NCL,Gender-Neutral,1
1881,"National Institute of Technology, Rourkela",223,"Civil Engineering (4 Years, Bachelor of Technology)",4109,HS,OBC-NCL,Female-only (including Supernumerary),1
1882,"National Institute of Technology, Rourkela",223,"Civil Engineering (4 Years, Bachelor of Technology)",4109,OS,OPEN,Gender-Neutral,2
1883,"National Institute of Technology, Rourkela",223,"Civil Engineering (4 Years, Bachelor of Technology)",4109,OS,OPEN,Female-only (including Supernumerary),3
1884,"National Institute of Technology, Rourkela",223,"Civil Engineering (4 Years, Bachelor of Technology)",4109,OS,SC,Gender-Neutral,1
1885,"National Institute of Technology, Rourkela",223,"Computer Science and Engineering (4 Years, Bachelor of Technology)",4110,HS,OPEN,Gender-Neutral,1
1886,"National Institute of Technology, Rourkela",223,"Computer Science and Engineering (4 Years, Bachelor of Technology)",4110,HS,GEN-EWS(PwD),Female-only (including Supernumerary),1
1887,"National Institute of Technology, Rourkela",223,"Computer Science and Engineering (4 Years, Bachelor of Technology)",4110,HS,OBC-NCL,Gender-Neutral,2
1888,"National Institute of Technology, Rourkela",223,"Computer Science and Engineering (4 Years, Bachelor of Technology)",4110,HS,SC,Gender-Neutral,1
1889,"National Institute of Technology, Rourkela",223,"Computer Science and Engineering (4 Years, Bachelor of Technology)",4110,HS,ST,Gender-Neutral,1
1890,"National Institute of Technology, Rourkela",223,"Computer Science and Engineering (4 Years, Bachelor of Technology)",4110,OS,OPEN,Gender-Neutral,2
1891,"National Institute of Technology, Rourkela",223,"Computer Science and Engineering (4 Years, Bachelor of Technology)",4110,OS,OPEN,Female-only (including Supernumerary),1
1892,"National Institute of Technology, Rourkela",223,"Computer Science and Engineering (4 Years, Bachelor of Technology)",4110,OS,OBC-NCL,Gender-Neutral,2
1893,"National Institute of Technology, Rourkela",223,"Computer Science and Engineering (4 Years, Bachelor of Technology)",4110,OS,SC,Gender-Neutral,1
1894,"National Institute of Technology, Rourkela",223,"Electrical Engineering (4 Years, Bachelor of Technology)",4111,HS,OPEN,Female-only (including Supernumerary),1
1895,"National Institute of Technology, Rourkela",223,"Electrical Engineering (4 Years, Bachelor of Technology)",4111,HS,OBC-NCL,Gender-Neutral,2
1896,"National Institute of Technology, Rourkela",223,"Electrical Engineering (4 Years, Bachelor of Technology)",4111,HS,SC (PwD),Gender-Neutral,1
1897,"National Institute of Technology, Rourkela",223,"Electrical Engineering (4 Years, Bachelor of Technology)",4111,HS,SC (PwD),Female-only (including Supernumerary),1
1898,"National Institute of Technology, Rourkela",223,"Electrical Engineering (4 Years, Bachelor of Technology)",4111,OS,OPEN,Gender-Neutral,4
1899,"National Institute of Technology, Rourkela",223,"Electrical Engineering (4 Years, Bachelor of Technology)",4111,OS,OBC-NCL,Gender-Neutral,2
1900,"National Institute of Technology, Rourkela",223,"Electrical Engineering (4 Years, Bachelor of Technology)",4111,OS,ST,Female-only (including Supernumerary),1
1901,"National Institute of Technology, Rourkela",223,"Electronics and Communication Engineering (4 Years, Bachelor of Technology)",4114,HS,OPEN,Gender-Neutral,2
1902,"National Institute of Technology, Rourkela",223,"Electronics and Communication Engineering (4 Years, Bachelor of Technology)",4114,HS,OBC-NCL,Gender-Neutral,1
1903,"National Institute of Technology, Rourkela",223,"Electronics and Communication Engineering (4 Years, Bachelor of Technology)",4114,HS,OBC-NCL,Female-only (including Supernumerary),1
1904,"National Institute of Technology, Rourkela",223,"Electronics and Communication Engineering (4 Years, Bachelor of Technology)",4114,HS,SC,Gender-Neutral,1
1905,"National Institute of Technology, Rourkela",223,"Electronics and Communication Engineering (4 Years, Bachelor of Technology)",4114,OS,OPEN,Gender-Neutral,4
1906,"National Institute of Technology, Rourkela",223,"Electronics and Communication Engineering (4 Years, Bachelor of Technology)",4114,OS,GEN-EWS,Female-only (including Supernumerary),1
1907,"National Institute of Technology, Rourkela",223,"Electronics and Communication Engineering (4 Years, Bachelor of Technology)",4114,OS,ST,Gender-Neutral,2
1908,"National Institute of Technology, Rourkela",223,"Engineering Physics (4 Years, Bachelor of Technology)",4117,OS,OPEN,Gender-Neutral,1
1909,"National Institute of Technology, Rourkela",223,"Engineering Physics (4 Years, Bachelor of Technology)",4117,OS,OPEN,Female-only (including Supernumerary),1
1910,"National Institute of Technology, Rourkela",223,"Engineering Physics (4 Years, Bachelor of Technology)",4117,OS,OBC-NCL,Gender-Neutral,1
1911,"National Institute of Technology, Rourkela",223,"B.Tech in Mathematics and Computing (4 Years, Bachelor of Technology)",411F,HS,OPEN,Gender-Neutral,1
1912,"National Institute of Technology, Rourkela",223,"B.Tech in Mathematics and Computing (4 Years, Bachelor of Technology)",411F,OS,OPEN,Gender-Neutral,1
1913,"National Institute of Technology, Rourkela",223,"B.Tech in Mathematics and Computing (4 Years, Bachelor of Technology)",411F,OS,GEN-EWS,Gender-Neutral,1
1914,"National Institute of Technology, Rourkela",223,"Mechanical Engineering (4 Years, Bachelor of Technology)",4125,HS,OPEN,Gender-Neutral,3
1915,"National Institute of Technology, Rourkela",223,"Mechanical Engineering (4 Years, Bachelor of Technology)",4125,HS,OPEN,Female-only (including Supernumerary),1
1916,"National Institute of Technology, Rourkela",223,"Mechanical Engineering (4 Years, Bachelor of Technology)",4125,HS,GEN-EWS,Female-only (including Supernumerary),1
1917,"National Institute of Technology, Rourkela",223,"Mechanical Engineering (4 Years, Bachelor of Technology)",4125,HS,OBC-NCL,Female-only (including Supernumerary),1
1918,"National Institute of Technology, Rourkela",223,"Mechanical Engineering (4 Years, Bachelor of Technology)",4125,HS,SC (PwD),Gender-Neutral,1
1919,"National Institute of Technology, Rourkela",223,"Mechanical Engineering (4 Years, Bachelor of Technology)",4125,HS,ST (PwD),Gender-Neutral,1
1920,"National Institute of Technology, Rourkela",223,"Mechanical Engineering (4 Years, Bachelor of Technology)",4125,HS,ST (PwD),Female-only (including Supernumerary),1
1921,"National Institute of Technology, Rourkela",223,"Mechanical Engineering (4 Years, Bachelor of Technology)",4125,OS,OPEN,Gender-Neutral,4
1922,"National Institute of Technology, Rourkela",223,"Mechanical Engineering (4 Years, Bachelor of Technology)",4125,OS,OPEN,Female-only (including Supernumerary),2
1923,"National Institute of Technology, Rourkela",223,"Mechanical Engineering (4 Years, Bachelor of Technology)",4125,OS,OBC-NCL,Gender-Neutral,1
1924,"National Institute of Technology, Rourkela",223,"Mechanical Engineering (4 Years, Bachelor of Technology)",4125,OS,OBC-NCL,Female-only (including Supernumerary),1
1925,"National Institute of Technology, Rourkela",223,"Metallurgical and Materials Engineering (4 Years, Bachelor of Technology)",4127,HS,OPEN,Gender-Neutral,2
1926,"National Institute of Technology, Rourkela",223,"Metallurgical and Materials Engineering (4 Years, Bachelor of Technology)",4127,HS,OPEN,Female-only (including Supernumerary),2
1927,"National Institute of Technology, Rourkela",223,"Metallurgical and Materials Engineering (4 Years, Bachelor of Technology)",4127,HS,OBC-NCL,Female-only (including Supernumerary),1
1928,"National Institute of Technology, Rourkela",223,"Metallurgical and Materials Engineering (4 Years, Bachelor of Technology)",4127,OS,OPEN,Gender-Neutral,2
1929,"National Institute of Technology, Rourkela",223,"Metallurgical and Materials Engineering (4 Years, Bachelor of Technology)",4127,OS,GEN-EWS,Gender-Neutral,1
1930,"National Institute of Technology, Rourkela",223,"Metallurgical and Materials Engineering (4 Years, Bachelor of Technology)",4127,OS,SC,Gender-Neutral,1
1931,"National Institute of Technology, Rourkela",223,"Mining Engineering (4 Years, Bachelor of Technology)",4130,HS,GEN-EWS,Gender-Neutral,1
1932,"National Institute of Technology, Rourkela",223,"Mining Engineering (4 Years, Bachelor of Technology)",4130,HS,OBC-NCL,Gender-Neutral,1
1933,"National Institute of Technology, Rourkela",223,"Mining Engineering (4 Years, Bachelor of Technology)",4130,HS,SC,Gender-Neutral,1
1934,"National Institute of Technology, Rourkela",223,"Mining Engineering (4 Years, Bachelor of Technology)",4130,OS,OPEN,Female-only (including Supernumerary),1
1935,"National Institute of Technology, Rourkela",223,"Mining Engineering (4 Years, Bachelor of Technology)",4130,OS,SC,Female-only (including Supernumerary),1
1936,"National Institute of Technology, Rourkela",223,"Electronics and Instrumentation Engineering (4 Years, Bachelor of Technology)",4142,HS,OPEN,Gender-Neutral,1
1937,"National Institute of Technology, Rourkela",223,"Electronics and Instrumentation Engineering (4 Years, Bachelor of Technology)",4142,HS,SC,Gender-Neutral,1
1938,"National Institute of Technology, Rourkela",223,"Electronics and Instrumentation Engineering (4 Years, Bachelor of Technology)",4142,OS,OPEN,Gender-Neutral,1
1939,"National Institute of Technology, Rourkela",223,"Electronics and Instrumentation Engineering (4 Years, Bachelor of Technology)",4142,OS,OBC-NCL,Gender-Neutral,1
1940,"National Institute of Technology, Rourkela",223,"Electronics and Instrumentation Engineering (4 Years, Bachelor of Technology)",4142,OS,SC,Gender-Neutral,1
1941,"National Institute of Technology, Rourkela",223,"Bio Medical Engineering (4 Years, Bachelor of Technology)",4152,HS,OPEN,Gender-Neutral,1
1942,"National Institute of Technology, Rourkela",223,"Bio Medical Engineering (4 Years, Bachelor of Technology)",4152,HS,GEN-EWS,Gender-Neutral,1
1943,"National Institute of Technology, Rourkela",223,"Bio Medical Engineering (4 Years, Bachelor of Technology)",4152,OS,OPEN,Gender-Neutral,1
1944,"National Institute of Technology, Rourkela",223,"Bio Medical Engineering (4 Years, Bachelor of Technology)",4152,OS,OPEN,Female-only (including Supernumerary),2
1945,"National Institute of Technology, Rourkela",223,"Bio Medical Engineering (4 Years, Bachelor of Technology)",4152,OS,OBC-NCL,Female-only (including Supernumerary),1
1946,"National Institute of Technology, Rourkela",223,"Bio Medical Engineering (4 Years, Bachelor of Technology)",4152,OS,SC,Female-only (including Supernumerary),1
1947,"National Institute of Technology, Rourkela",223,"Industrial Design (4 Years, Bachelor of Technology)",4155,HS,OPEN,Gender-Neutral,2
1948,"National Institute of Technology, Rourkela",223,"Industrial Design (4 Years, Bachelor of Technology)",4155,OS,OPEN,Gender-Neutral,2
1949,"National Institute of Technology, Rourkela",223,"Industrial Design (4 Years, Bachelor of Technology)",4155,OS,OPEN,Female-only (including Supernumerary),1
1950,"National Institute of Technology, Rourkela",223,"Industrial Design (4 Years, Bachelor of Technology)",4155,OS,OBC-NCL,Gender-Neutral,1
1951,"National Institute of Technology, Rourkela",223,"Industrial Design (4 Years, Bachelor of Technology)",4155,OS,ST,Gender-Neutral,1
1952,"National Institute of Technology, Rourkela",223,"Food Process Engineering (4 Years, Bachelor of Technology)",4169,HS,OPEN,Gender-Neutral,2
1953,"National Institute of Technology, Rourkela",223,"Food Process Engineering (4 Years, Bachelor of Technology)",4169,HS,OPEN,Female-only (including Supernumerary),1
1954,"National Institute of Technology, Rourkela",223,"Food Process Engineering (4 Years, Bachelor of Technology)",4169,HS,GEN-EWS,Gender-Neutral,2
1955,"National Institute of Technology, Rourkela",223,"Food Process Engineering (4 Years, Bachelor of Technology)",4169,HS,SC,Female-only (including Supernumerary),1
1956,"National Institute of Technology, Rourkela",223,"Food Process Engineering (4 Years, Bachelor of Technology)",4169,OS,OPEN,Gender-Neutral,2
1957,"National Institute of Technology, Rourkela",223,"Food Process Engineering (4 Years, Bachelor of Technology)",4169,OS,ST,Gender-Neutral,1
1958,"National Institute of Technology, Rourkela",223,"Artificial Intelligence (4 Years, Bachelor of Technology)",4185,HS,OPEN,Gender-Neutral,2
1959,"National Institute of Technology, Rourkela",223,"Artificial Intelligence (4 Years, Bachelor of Technology)",4185,HS,OPEN,Female-only (including Supernumerary),1
1960,"National Institute of Technology, Rourkela",223,"Artificial Intelligence (4 Years, Bachelor of Technology)",4185,HS,SC,Gender-Neutral,1
1961,"National Institute of Technology, Rourkela",223,"Artificial Intelligence (4 Years, Bachelor of Technology)",4185,OS,OPEN,Gender-Neutral,2
1962,"National Institute of Technology, Rourkela",223,"Architecture (5 Years, Bachelor of Architecture)",5101,HS,ST,Gender-Neutral,1
1963,"National Institute of Technology, Rourkela",223,"Architecture (5 Years, Bachelor of Architecture)",5101,OS,OBC-NCL,Gender-Neutral,1
1964,"National Institute of Technology, Rourkela",223,"Architecture (5 Years, Bachelor of Architecture)",5101,OS,OBC-NCL,Female-only (including Supernumerary),1
1965,"National Institute of Technology, Rourkela",223,"Architecture (5 Years, Bachelor of Architecture)",5101,OS,ST,Gender-Neutral,1
1966,"National Institute of Technology, Rourkela",223,"Chemical Engineering (5 Years, Bachelor and Master of Technology (Dual Degree))",5210,HS,OPEN,Gender-Neutral,2
1967,"National Institute of Technology, Rourkela",223,"Chemical Engineering (5 Years, Bachelor and Master of Technology (Dual Degree))",5210,OS,OPEN,Gender-Neutral,1
1968,"National Institute of Technology, Rourkela",223,"Chemical Engineering (5 Years, Bachelor and Master of Technology (Dual Degree))",5210,OS,SC,Gender-Neutral,1
1969,"National Institute of Technology, Rourkela",223,"Metallurgical and Materials Engineering (5 Years, Bachelor and Master of Technology (Dual Degree))",5243,HS,OPEN,Gender-Neutral,1
1970,"National Institute of Technology, Rourkela",223,"Metallurgical and Materials Engineering (5 Years, Bachelor and Master of Technology (Dual Degree))",5243,OS,OPEN,Gender-Neutral,2
1971,"National Institute of Technology, Rourkela",223,"Ceramic Engineering and M.Tech Industrial Ceramic (5 Years, Bachelor and Master of Technology (Dual Degree))",5258,HS,OPEN,Gender-Neutral,1
1972,"National Institute of Technology, Rourkela",223,"Ceramic Engineering and M.Tech Industrial Ceramic (5 Years, Bachelor and Master of Technology (Dual Degree))",5258,HS,SC,Gender-Neutral,1
1973,"National Institute of Technology, Rourkela",223,"Ceramic Engineering and M.Tech Industrial Ceramic (5 Years, Bachelor and Master of Technology (Dual Degree))",5258,OS,OPEN,Gender-Neutral,1
1974,"National Institute of Technology, Rourkela",223,"Ceramic Engineering and M.Tech Industrial Ceramic (5 Years, Bachelor and Master of Technology (Dual Degree))",5258,OS,OBC-NCL,Gender-Neutral,2
1975,"National Institute of Technology, Rourkela",223,"Chemistry (5 Years, Integrated Master of Science)",5503,HS,OPEN,Gender-Neutral,1
1976,"National Institute of Technology, Rourkela",223,"Chemistry (5 Years, Integrated Master of Science)",5503,HS,OPEN,Female-only (including Supernumerary),1
1977,"National Institute of Technology, Rourkela",223,"Chemistry (5 Years, Integrated Master of Science)",5503,HS,OBC-NCL,Gender-Neutral,1
1978,"National Institute of Technology, Rourkela",223,"Chemistry (5 Years, Integrated Master of Science)",5503,HS,SC,Gender-Neutral,1
1979,"National Institute of Technology, Rourkela",223,"Chemistry (5 Years, Integrated Master of Science)",5503,OS,OPEN,Female-only (including Supernumerary),1
1980,"National Institute of Technology, Rourkela",223,"Chemistry (5 Years, Integrated Master of Science)",5503,OS,GEN-EWS,Gender-Neutral,1
1981,"National Institute of Technology, Rourkela",223,"Chemistry (5 Years, Integrated Master of Science)",5503,OS,OBC-NCL,Gender-Neutral,1
1982,"National Institute of Technology, Rourkela",223,"Chemistry (5 Years, Integrated Master of Science)",5503,OS,OBC-NCL,Female-only (including Supernumerary),1
1983,"National Institute of Technology, Rourkela",223,"Life Science (5 Years, Integrated Master of Science)",5509,HS,OPEN,Gender-Neutral,2
1984,"National Institute of Technology, Rourkela",223,"Life Science (5 Years, Integrated Master of Science)",5509,HS,OPEN,Female-only (including Supernumerary),1
1985,"National Institute of Technology, Rourkela",223,"Life Science (5 Years, Integrated Master of Science)",5509,HS,GEN-EWS,Gender-Neutral,1
1986,"National Institute of Technology, Rourkela",223,"Life Science (5 Years, Integrated Master of Science)",5509,HS,OBC-NCL,Gender-Neutral,1
1987,"National Institute of Technology, Rourkela",223,"Life Science (5 Years, Integrated Master of Science)",5509,HS,SC,Gender-Neutral,1
1988,"National Institute of Technology, Rourkela",223,"Life Science (5 Years, Integrated Master of Science)",5509,HS,ST,Gender-Neutral,1
1989,"National Institute of Technology, Rourkela",223,"Life Science (5 Years, Integrated Master of Science)",5509,OS,OPEN,Gender-Neutral,1
1990,"National Institute of Technology, Rourkela",223,"Life Science (5 Years, Integrated Master of Science)",5509,OS,OPEN,Female-only (including Supernumerary),1
1991,"National Institute of Technology, Rourkela",223,"Life Science (5 Years, Integrated Master of Science)",5509,OS,GEN-EWS,Gender-Neutral,1
1992,"National Institute of Technology, Rourkela",223,"Life Science (5 Years, Integrated Master of Science)",5509,OS,OBC-NCL,Gender-Neutral,1
1993,"National Institute of Technology, Rourkela",223,"Life Science (5 Years, Integrated Master of Science)",5509,OS,OBC-NCL,Female-only (including Supernumerary),1
1994,"National Institute of Technology, Rourkela",223,"Life Science (5 Years, Integrated Master of Science)",5509,OS,SC,Gender-Neutral,1
1995,"National Institute of Technology, Rourkela",223,"Life Science (5 Years, Integrated Master of Science)",5509,OS,ST,Gender-Neutral,1
1996,"National Institute of Technology, Silchar",224,"Civil Engineering (4 Years, Bachelor of Technology)",4109,HS,OPEN,Gender-Neutral,7
1997,"National Institute of Technology, Silchar",224,"Civil Engineering (4 Years, Bachelor of Technology)",4109,HS,OPEN,Female-only (including Supernumerary),2
1998,"National Institute of Technology, Silchar",224,"Civil Engineering (4 Years, Bachelor of Technology)",4109,HS,OPEN (PwD),Gender-Neutral,1
1999,"National Institute of Technology, Silchar",224,"Civil Engineering (4 Years, Bachelor of Technology)",4109,HS,OBC-NCL,Gender-Neutral,3
2000,"National Institute of Technology, Silchar",224,"Civil Engineering (4 Years, Bachelor of Technology)",4109,HS,OBC-NCL(PwD),Gender-Neutral,1
2001,"National Institute of Technology, Silchar",224,"Civil Engineering (4 Years, Bachelor of Technology)",4109,HS,SC,Gender-Neutral,1
2002,"National Institute of Technology, Silchar",224,"Civil Engineering (4 Years, Bachelor of Technology)",4109,HS,ST (PwD),Gender-Neutral,1
2003,"National Institute of Technology, Silchar",224,"Civil Engineering (4 Years, Bachelor of Technology)",4109,OS,OPEN,Gender-Neutral,8
2004,"National Institute of Technology, Silchar",224,"Civil Engineering (4 Years, Bachelor of Technology)",4109,OS,OPEN,Female-only (including Supernumerary),3
2005,"National Institute of Technology, Silchar",224,"Civil Engineering (4 Years, Bachelor of Technology)",4109,OS,GEN-EWS,Gender-Neutral,1
2006,"National Institute of Technology, Silchar",224,"Civil Engineering (4 Years, Bachelor of Technology)",4109,OS,GEN-EWS(PwD),Gender-Neutral,1
2007,"National Institute of Technology, Silchar",224,"Civil Engineering (4 Years, Bachelor of Technology)",4109,OS,OBC-NCL,Gender-Neutral,2
2008,"National Institute of Technology, Silchar",224,"Civil Engineering (4 Years, Bachelor of Technology)",4109,OS,OBC-NCL(PwD),Gender-Neutral,1
2009,"National Institute of Technology, Silchar",224,"Civil Engineering (4 Years, Bachelor of Technology)",4109,OS,SC,Gender-Neutral,1
2010,"National Institute of Technology, Silchar",224,"Civil Engineering (4 Years, Bachelor of Technology)",4109,OS,SC (PwD),Gender-Neutral,1
2011,"National Institute of Technology, Silchar",224,"Computer Science and Engineering (4 Years, Bachelor of Technology)",4110,HS,OPEN,Gender-Neutral,3
2012,"National Institute of Technology, Silchar",224,"Computer Science and Engineering (4 Years, Bachelor of Technology)",4110,HS,OPEN,Female-only (including Supernumerary),1
2013,"National Institute of Technology, Silchar",224,"Computer Science and Engineering (4 Years, Bachelor of Technology)",4110,HS,GEN-EWS(PwD),Gender-Neutral,1
2014,"National Institute of Technology, Silchar",224,"Computer Science and Engineering (4 Years, Bachelor of Technology)",4110,HS,OBC-NCL,Gender-Neutral,1
2015,"National Institute of Technology, Silchar",224,"Computer Science and Engineering (4 Years, Bachelor of Technology)",4110,HS,OBC-NCL,Female-only (including Supernumerary),1
2016,"National Institute of Technology, Silchar",224,"Computer Science and Engineering (4 Years, Bachelor of Technology)",4110,HS,SC,Gender-Neutral,2
2017,"National Institute of Technology, Silchar",224,"Computer Science and Engineering (4 Years, Bachelor of Technology)",4110,HS,SC (PwD),Female-only (including Supernumerary),1
2018,"National Institute of Technology, Silchar",224,"Computer Science and Engineering (4 Years, Bachelor of Technology)",4110,HS,ST,Gender-Neutral,2
2019,"National Institute of Technology, Silchar",224,"Computer Science and Engineering (4 Years, Bachelor of Technology)",4110,OS,OPEN,Gender-Neutral,8
2020,"National Institute of Technology, Silchar",224,"Computer Science and Engineering (4 Years, Bachelor of Technology)",4110,OS,OPEN,Female-only (including Supernumerary),3
2021,"National Institute of Technology, Silchar",224,"Computer Science and Engineering (4 Years, Bachelor of Technology)",4110,OS,OPEN (PwD),Gender-Neutral,1
2022,"National Institute of Technology, Silchar",224,"Computer Science and Engineering (4 Years, Bachelor of Technology)",4110,OS,OBC-NCL,Gender-Neutral,2
2023,"National Institute of Technology, Silchar",224,"Computer Science and Engineering (4 Years, Bachelor of Technology)",4110,OS,OBC-NCL,Female-only (including Supernumerary),2
2024,"National Institute of Technology, Silchar",224,"Computer Science and Engineering (4 Years, Bachelor of Technology)",4110,OS,SC (PwD),Gender-Neutral,1
2025,"National Institute of Technology, Silchar",224,"Computer Science and Engineering (4 Years, Bachelor of Technology)",4110,OS,ST,Female-only (including Supernumerary),1
2026,"National Institute of Technology, Silchar",224,"Electrical Engineering (4 Years, Bachelor of Technology)",4111,HS,OPEN,Gender-Neutral,1
2027,"National Institute of Technology, Silchar",224,"Electrical Engineering (4 Years, Bachelor of Technology)",4111,HS,OPEN,Female-only (including Supernumerary),1
2028,"National Institute of Technology, Silchar",224,"Electrical Engineering (4 Years, Bachelor of Technology)",4111,HS,OPEN (PwD),Female-only (including Supernumerary),1
2029,"National Institute of Technology, Silchar",224,"Electrical Engineering (4 Years, Bachelor of Technology)",4111,HS,GEN-EWS(PwD),Gender-Neutral,1
2030,"National Institute of Technology, Silchar",224,"Electrical Engineering (4 Years, Bachelor of Technology)",4111,HS,OBC-NCL,Female-only (including Supernumerary),1
2031,"National Institute of Technology, Silchar",224,"Electrical Engineering (4 Years, Bachelor of Technology)",4111,HS,OBC-NCL(PwD),Gender-Neutral,1
2032,"National Institute of Technology, Silchar",224,"Electrical Engineering (4 Years, Bachelor of Technology)",4111,HS,ST,Gender-Neutral,1
2033,"National Institute of Technology, Silchar",224,"Electrical Engineering (4 Years, Bachelor of Technology)",4111,HS,ST,Female-only (including Supernumerary),1
2034,"National Institute of Technology, Silchar",224,"Electrical Engineering (4 Years, Bachelor of Technology)",4111,HS,ST (PwD),Gender-Neutral,1
2035,"National Institute of Technology, Silchar",224,"Electrical Engineering (4 Years, Bachelor of Technology)",4111,OS,OPEN,Gender-Neutral,4
2036,"National Institute of Technology, Silchar",224,"Electrical Engineering (4 Years, Bachelor of Technology)",4111,OS,OPEN,Female-only (including Supernumerary),1
2037,"National Institute of Technology, Silchar",224,"Electrical Engineering (4 Years, Bachelor of Technology)",4111,OS,OBC-NCL,Gender-Neutral,1
2038,"National Institute of Technology, Silchar",224,"Electrical Engineering (4 Years, Bachelor of Technology)",4111,OS,OBC-NCL,Female-only (including Supernumerary),1
2039,"National Institute of Technology, Silchar",224,"Electrical Engineering (4 Years, Bachelor of Technology)",4111,OS,SC,Gender-Neutral,2
2040,"National Institute of Technology, Silchar",224,"Electrical Engineering (4 Years, Bachelor of Technology)",4111,OS,SC,Female-only (including Supernumerary),1
2041,"National Institute of Technology, Silchar",224,"Electrical Engineering (4 Years, Bachelor of Technology)",4111,OS,SC (PwD),Female-only (including Supernumerary),1
2042,"National Institute of Technology, Silchar",224,"Electronics and Communication Engineering (4 Years, Bachelor of Technology)",4114,HS,OPEN,Gender-Neutral,3
2043,"National Institute of Technology, Silchar",224,"Electronics and Communication Engineering (4 Years, Bachelor of Technology)",4114,HS,OPEN,Female-only (including Supernumerary),2
2044,"National Institute of Technology, Silchar",224,"Electronics and Communication Engineering (4 Years, Bachelor of Technology)",4114,HS,OPEN (PwD),Female-only (including Supernumerary),1
2045,"National Institute of Technology, Silchar",224,"Electronics and Communication Engineering (4 Years, Bachelor of Technology)",4114,HS,GEN-EWS,Gender-Neutral,1
2046,"National Institute of Technology, Silchar",224,"Electronics and Communication Engineering (4 Years, Bachelor of Technology)",4114,HS,GEN-EWS(PwD),Gender-Neutral,1
2047,"National Institute of Technology, Silchar",224,"Electronics and Communication Engineering (4 Years, Bachelor of Technology)",4114,HS,OBC-NCL(PwD),Gender-Neutral,1
2048,"National Institute of Technology, Silchar",224,"Electronics and Communication Engineering (4 Years, Bachelor of Technology)",4114,HS,ST,Gender-Neutral,1
2049,"National Institute of Technology, Silchar",224,"Electronics and Communication Engineering (4 Years, Bachelor of Technology)",4114,HS,ST (PwD),Gender-Neutral,1
2050,"National Institute of Technology, Silchar",224,"Electronics and Communication Engineering (4 Years, Bachelor of Technology)",4114,OS,OPEN,Gender-Neutral,10
2051,"National Institute of Technology, Silchar",224,"Electronics and Communication Engineering (4 Years, Bachelor of Technology)",4114,OS,OPEN,Female-only (including Supernumerary),1
2052,"National Institute of Technology, Silchar",224,"Electronics and Communication Engineering (4 Years, Bachelor of Technology)",4114,OS,OPEN (PwD),Gender-Neutral,1
2053,"National Institute of Technology, Silchar",224,"Electronics and Communication Engineering (4 Years, Bachelor of Technology)",4114,OS,OBC-NCL,Gender-Neutral,3
2054,"National Institute of Technology, Silchar",224,"Electronics and Communication Engineering (4 Years, Bachelor of Technology)",4114,OS,OBC-NCL,Female-only (including Supernumerary),1
2055,"National Institute of Technology, Silchar",224,"Electronics and Communication Engineering (4 Years, Bachelor of Technology)",4114,OS,SC,Gender-Neutral,1
2056,"National Institute of Technology, Silchar",224,"Electronics and Communication Engineering (4 Years, Bachelor of Technology)",4114,OS,SC,Female-only (including Supernumerary),1
2057,"National Institute of Technology, Silchar",224,"Mechanical Engineering (4 Years, Bachelor of Technology)",4125,HS,OPEN,Gender-Neutral,2
2058,"National Institute of Technology, Silchar",224,"Mechanical Engineering (4 Years, Bachelor of Technology)",4125,HS,OPEN (PwD),Gender-Neutral,1
2059,"National Institute of Technology, Silchar",224,"Mechanical Engineering (4 Years, Bachelor of Technology)",4125,HS,OPEN (PwD),Female-only (including Supernumerary),1
2060,"National Institute of Technology, Silchar",224,"Mechanical Engineering (4 Years, Bachelor of Technology)",4125,HS,OBC-NCL,Gender-Neutral,1
2061,"National Institute of Technology, Silchar",224,"Mechanical Engineering (4 Years, Bachelor of Technology)",4125,HS,OBC-NCL,Female-only (including Supernumerary),1
2062,"National Institute of Technology, Silchar",224,"Mechanical Engineering (4 Years, Bachelor of Technology)",4125,HS,OBC-NCL(PwD),Gender-Neutral,2
2063,"National Institute of Technology, Silchar",224,"Mechanical Engineering (4 Years, Bachelor of Technology)",4125,HS,SC,Gender-Neutral,1
2064,"National Institute of Technology, Silchar",224,"Mechanical Engineering (4 Years, Bachelor of Technology)",4125,HS,SC (PwD),Gender-Neutral,1
2065,"National Institute of Technology, Silchar",224,"Mechanical Engineering (4 Years, Bachelor of Technology)",4125,HS,ST,Gender-Neutral,1
2066,"National Institute of Technology, Silchar",224,"Mechanical Engineering (4 Years, Bachelor of Technology)",4125,HS,ST,Female-only (including Supernumerary),1
2067,"National Institute of Technology, Silchar",224,"Mechanical Engineering (4 Years, Bachelor of Technology)",4125,OS,OPEN,Gender-Neutral,6
2068,"National Institute of Technology, Silchar",224,"Mechanical Engineering (4 Years, Bachelor of Technology)",4125,OS,OPEN,Female-only (including Supernumerary),3
2069,"National Institute of Technology, Silchar",224,"Mechanical Engineering (4 Years, Bachelor of Technology)",4125,OS,GEN-EWS,Gender-Neutral,1
2070,"National Institute of Technology, Silchar",224,"Mechanical Engineering (4 Years, Bachelor of Technology)",4125,OS,GEN-EWS,Female-only (including Supernumerary),1
2071,"National Institute of Technology, Silchar",224,"Mechanical Engineering (4 Years, Bachelor of Technology)",4125,OS,OBC-NCL,Female-only (including Supernumerary),2
2072,"National Institute of Technology, Silchar",224,"Mechanical Engineering (4 Years, Bachelor of Technology)",4125,OS,SC,Gender-Neutral,2
2073,"National Institute of Technology, Silchar",224,"Mechanical Engineering (4 Years, Bachelor of Technology)",4125,OS,SC,Female-only (including Supernumerary),1
2074,"National Institute of Technology, Silchar",224,"Mechanical Engineering (4 Years, Bachelor of Technology)",4125,OS,ST,Gender-Neutral,1
2075,"National Institute of Technology, Silchar",224,"Electronics and Instrumentation Engineering (4 Years, Bachelor of Technology)",4142,HS,OPEN,Gender-Neutral,1
2076,"National Institute of Technology, Silchar",224,"Electronics and Instrumentation Engineering (4 Years, Bachelor of Technology)",4142,HS,GEN-EWS,Gender-Neutral,1
2077,"National Institute of Technology, Silchar",224,"Electronics and Instrumentation Engineering (4 Years, Bachelor of Technology)",4142,HS,OBC-NCL,Gender-Neutral,1
2078,"National Institute of Technology, Silchar",224,"Electronics and Instrumentation Engineering (4 Years, Bachelor of Technology)",4142,HS,SC (PwD),Gender-Neutral,1
2079,"National Institute of Technology, Silchar",224,"Electronics and Instrumentation Engineering (4 Years, Bachelor of Technology)",4142,HS,ST,Gender-Neutral,1
2080,"National Institute of Technology, Silchar",224,"Electronics and Instrumentation Engineering (4 Years, Bachelor of Technology)",4142,OS,OPEN,Female-only (including Supernumerary),2
2081,"National Institute of Technology, Silchar",224,"Electronics and Instrumentation Engineering (4 Years, Bachelor of Technology)",4142,OS,GEN-EWS,Female-only (including Supernumerary),1
2082,"National Institute of Technology, Silchar",224,"Electronics and Instrumentation Engineering (4 Years, Bachelor of Technology)",4142,OS,OBC-NCL,Gender-Neutral,3
2083,"National Institute of Technology, Srinagar",225,"Chemical Engineering (4 Years, Bachelor of Technology)",4107,JK,OPEN,Gender-Neutral,2
2084,"National Institute of Technology, Srinagar",225,"Chemical Engineering (4 Years, Bachelor of Technology)",4107,JK,OPEN,Female-only (including Supernumerary),2
2085,"National Institute of Technology, Srinagar",225,"Chemical Engineering (4 Years, Bachelor of Technology)",4107,JK,OPEN (PwD),Gender-Neutral,1
2086,"National Institute of Technology, Srinagar",225,"Chemical Engineering (4 Years, Bachelor of Technology)",4107,JK,GEN-EWS,Gender-Neutral,2
2087,"National Institute of Technology, Srinagar",225,"Chemical Engineering (4 Years, Bachelor of Technology)",4107,JK,GEN-EWS,Female-only (including Supernumerary),1
2088,"National Institute of Technology, Srinagar",225,"Chemical Engineering (4 Years, Bachelor of Technology)",4107,JK,OBC-NCL,Gender-Neutral,8
2089,"National Institute of Technology, Srinagar",225,"Chemical Engineering (4 Years, Bachelor of Technology)",4107,JK,OBC-NCL,Female-only (including Supernumerary),1
2090,"National Institute of Technology, Srinagar",225,"Chemical Engineering (4 Years, Bachelor of Technology)",4107,JK,SC,Gender-Neutral,2
2091,"National Institute of Technology, Srinagar",225,"Chemical Engineering (4 Years, Bachelor of Technology)",4107,JK,SC (PwD),Gender-Neutral,1
2092,"National Institute of Technology, Srinagar",225,"Chemical Engineering (4 Years, Bachelor of Technology)",4107,JK,ST,Gender-Neutral,1
2093,"National Institute of Technology, Srinagar",225,"Chemical Engineering (4 Years, Bachelor of Technology)",4107,LA,OBC-NCL,Gender-Neutral,1
2094,"National Institute of Technology, Srinagar",225,"Chemical Engineering (4 Years, Bachelor of Technology)",4107,OS,OPEN,Gender-Neutral,4
2095,"National Institute of Technology, Srinagar",225,"Chemical Engineering (4 Years, Bachelor of Technology)",4107,OS,OPEN,Female-only (including Supernumerary),3
2096,"National Institute of Technology, Srinagar",225,"Chemical Engineering (4 Years, Bachelor of Technology)",4107,OS,GEN-EWS,Female-only (including Supernumerary),1
2097,"National Institute of Technology, Srinagar",225,"Chemical Engineering (4 Years, Bachelor of Technology)",4107,OS,SC,Gender-Neutral,2
2098,"National Institute of Technology, Srinagar",225,"Chemical Engineering (4 Years, Bachelor of Technology)",4107,OS,SC,Female-only (including Supernumerary),1
2099,"National Institute of Technology, Srinagar",225,"Civil Engineering (4 Years, Bachelor of Technology)",4109,JK,OPEN,Gender-Neutral,5
2100,"National Institute of Technology, Srinagar",225,"Civil Engineering (4 Years, Bachelor of Technology)",4109,JK,OPEN (PwD),Gender-Neutral,1
2101,"National Institute of Technology, Srinagar",225,"Civil Engineering (4 Years, Bachelor of Technology)",4109,JK,GEN-EWS,Gender-Neutral,3
2102,"National Institute of Technology, Srinagar",225,"Civil Engineering (4 Years, Bachelor of Technology)",4109,JK,GEN-EWS,Female-only (including Supernumerary),2
2103,"National Institute of Technology, Srinagar",225,"Civil Engineering (4 Years, Bachelor of Technology)",4109,JK,OBC-NCL,Gender-Neutral,10
2104,"National Institute of Technology, Srinagar",225,"Civil Engineering (4 Years, Bachelor of Technology)",4109,JK,OBC-NCL,Female-only (including Supernumerary),4
2105,"National Institute of Technology, Srinagar",225,"Civil Engineering (4 Years, Bachelor of Technology)",4109,JK,OBC-NCL(PwD),Gender-Neutral,1
2106,"National Institute of Technology, Srinagar",225,"Civil Engineering (4 Years, Bachelor of Technology)",4109,JK,SC,Gender-Neutral,2
2107,"National Institute of Technology, Srinagar",225,"Civil Engineering (4 Years, Bachelor of Technology)",4109,JK,SC,Female-only (including Supernumerary),1
2108,"National Institute of Technology, Srinagar",225,"Civil Engineering (4 Years, Bachelor of Technology)",4109,JK,SC (PwD),Gender-Neutral,1
2109,"National Institute of Technology, Srinagar",225,"Civil Engineering (4 Years, Bachelor of Technology)",4109,JK,ST,Gender-Neutral,2
2110,"National Institute of Technology, Srinagar",225,"Civil Engineering (4 Years, Bachelor of Technology)",4109,JK,ST (PwD),Gender-Neutral,1
2111,"National Institute of Technology, Srinagar",225,"Civil Engineering (4 Years, Bachelor of Technology)",4109,LA,OBC-NCL,Gender-Neutral,1
2112,"National Institute of Technology, Srinagar",225,"Civil Engineering (4 Years, Bachelor of Technology)",4109,OS,OPEN,Gender-Neutral,10
2113,"National Institute of Technology, Srinagar",225,"Civil Engineering (4 Years, Bachelor of Technology)",4109,OS,OPEN,Female-only (including Supernumerary),4
2114,"National Institute of Technology, Srinagar",225,"Civil Engineering (4 Years, Bachelor of Technology)",4109,OS,OPEN (PwD),Gender-Neutral,2
2115,"National Institute of Technology, Srinagar",225,"Civil Engineering (4 Years, Bachelor of Technology)",4109,OS,GEN-EWS,Gender-Neutral,2
2116,"National Institute of Technology, Srinagar",225,"Civil Engineering (4 Years, Bachelor of Technology)",4109,OS,GEN-EWS,Female-only (including Supernumerary),1
2117,"National Institute of Technology, Srinagar",225,"Civil Engineering (4 Years, Bachelor of Technology)",4109,OS,GEN-EWS(PwD),Gender-Neutral,1
2118,"National Institute of Technology, Srinagar",225,"Civil Engineering (4 Years, Bachelor of Technology)",4109,OS,OBC-NCL,Gender-Neutral,4
2119,"National Institute of Technology, Srinagar",225,"Civil Engineering (4 Years, Bachelor of Technology)",4109,OS,OBC-NCL,Female-only (including Supernumerary),2
2120,"National Institute of Technology, Srinagar",225,"Civil Engineering (4 Years, Bachelor of Technology)",4109,OS,SC,Gender-Neutral,1
2121,"National Institute of Technology, Srinagar",225,"Civil Engineering (4 Years, Bachelor of Technology)",4109,OS,SC,Female-only (including Supernumerary),1
2122,"National Institute of Technology, Srinagar",225,"Civil Engineering (4 Years, Bachelor of Technology)",4109,OS,SC (PwD),Gender-Neutral,1
2123,"National Institute of Technology, Srinagar",225,"Civil Engineering (4 Years, Bachelor of Technology)",4109,OS,ST,Gender-Neutral,1
2124,"National Institute of Technology, Srinagar",225,"Computer Science and Engineering (4 Years, Bachelor of Technology)",4110,JK,OPEN,Gender-Neutral,2
2125,"National Institute of Technology, Srinagar",225,"Computer Science and Engineering (4 Years, Bachelor of Technology)",4110,JK,OPEN,Female-only (including Supernumerary),2
2126,"National Institute of Technology, Srinagar",225,"Computer Science and Engineering (4 Years, Bachelor of Technology)",4110,JK,OBC-NCL,Gender-Neutral,1
2127,"National Institute of Technology, Srinagar",225,"Computer Science and Engineering (4 Years, Bachelor of Technology)",4110,JK,OBC-NCL(PwD),Gender-Neutral,1
2128,"National Institute of Technology, Srinagar",225,"Computer Science and Engineering (4 Years, Bachelor of Technology)",4110,JK,SC,Female-only (including Supernumerary),1
2129,"National Institute of Technology, Srinagar",225,"Computer Science and Engineering (4 Years, Bachelor of Technology)",4110,JK,ST,Gender-Neutral,1
2130,"National Institute of Technology, Srinagar",225,"Computer Science and Engineering (4 Years, Bachelor of Technology)",4110,LA,OBC-NCL,Gender-Neutral,1
2131,"National Institute of Technology, Srinagar",225,"Computer Science and Engineering (4 Years, Bachelor of Technology)",4110,OS,OPEN,Gender-Neutral,7
2132,"National Institute of Technology, Srinagar",225,"Computer Science and Engineering (4 Years, Bachelor of Technology)",4110,OS,OPEN,Female-only (including Supernumerary),1
2133,"National Institute of Technology, Srinagar",225,"Computer Science and Engineering (4 Years, Bachelor of Technology)",4110,OS,OBC-NCL,Female-only (including Supernumerary),1
2134,"National Institute of Technology, Srinagar",225,"Computer Science and Engineering (4 Years, Bachelor of Technology)",4110,OS,SC,Female-only (including Supernumerary),1
2135,"National Institute of Technology, Srinagar",225,"Computer Science and Engineering (4 Years, Bachelor of Technology)",4110,OS,ST,Gender-Neutral,1
2136,"National Institute of Technology, Srinagar",225,"Computer Science and Engineering (4 Years, Bachelor of Technology)",4110,OS,ST (PwD),Gender-Neutral,1
2137,"National Institute of Technology, Srinagar",225,"Electrical Engineering (4 Years, Bachelor of Technology)",4111,JK,OPEN,Gender-Neutral,1
2138,"National Institute of Technology, Srinagar",225,"Electrical Engineering (4 Years, Bachelor of Technology)",4111,JK,OPEN,Female-only (including Supernumerary),1
2139,"National Institute of Technology, Srinagar",225,"Electrical Engineering (4 Years, Bachelor of Technology)",4111,JK,GEN-EWS,Female-only (including Supernumerary),1
2140,"National Institute of Technology, Srinagar",225,"Electrical Engineering (4 Years, Bachelor of Technology)",4111,JK,GEN-EWS(PwD),Gender-Neutral,1
2141,"National Institute of Technology, Srinagar",225,"Electrical Engineering (4 Years, Bachelor of Technology)",4111,JK,OBC-NCL,Gender-Neutral,4
2142,"National Institute of Technology, Srinagar",225,"Electrical Engineering (4 Years, Bachelor of Technology)",4111,JK,OBC-NCL,Female-only (including Supernumerary),2
2143,"National Institute of Technology, Srinagar",225,"Electrical Engineering (4 Years, Bachelor of Technology)",4111,JK,OBC-NCL(PwD),Gender-Neutral,1
2144,"National Institute of Technology, Srinagar",225,"Electrical Engineering (4 Years, Bachelor of Technology)",4111,JK,SC (PwD),Gender-Neutral,1
2145,"National Institute of Technology, Srinagar",225,"Electrical Engineering (4 Years, Bachelor of Technology)",4111,LA,OBC-NCL,Gender-Neutral,1
2146,"National Institute of Technology, Srinagar",225,"Electrical Engineering (4 Years, Bachelor of Technology)",4111,OS,OPEN,Gender-Neutral,8
2147,"National Institute of Technology, Srinagar",225,"Electrical Engineering (4 Years, Bachelor of Technology)",4111,OS,OPEN,Female-only (including Supernumerary),2
2148,"National Institute of Technology, Srinagar",225,"Electrical Engineering (4 Years, Bachelor of Technology)",4111,OS,OBC-NCL,Female-only (including Supernumerary),1
2149,"National Institute of Technology, Srinagar",225,"Electrical Engineering (4 Years, Bachelor of Technology)",4111,OS,SC,Gender-Neutral,1
2150,"National Institute of Technology, Srinagar",225,"Electronics and Communication Engineering (4 Years, Bachelor of Technology)",4114,JK,OPEN,Gender-Neutral,2
2151,"National Institute of Technology, Srinagar",225,"Electronics and Communication Engineering (4 Years, Bachelor of Technology)",4114,JK,OPEN,Female-only (including Supernumerary),1
2152,"National Institute of Technology, Srinagar",225,"Electronics and Communication Engineering (4 Years, Bachelor of Technology)",4114,JK,GEN-EWS,Gender-Neutral,1
2153,"National Institute of Technology, Srinagar",225,"Electronics and Communication Engineering (4 Years, Bachelor of Technology)",4114,JK,GEN-EWS,Female-only (including Supernumerary),1
2154,"National Institute of Technology, Srinagar",225,"Electronics and Communication Engineering (4 Years, Bachelor of Technology)",4114,JK,OBC-NCL,Female-only (including Supernumerary),1
2155,"National Institute of Technology, Srinagar",225,"Electronics and Communication Engineering (4 Years, Bachelor of Technology)",4114,JK,OBC-NCL(PwD),Gender-Neutral,1
2156,"National Institute of Technology, Srinagar",225,"Electronics and Communication Engineering (4 Years, Bachelor of Technology)",4114,LA,OBC-NCL,Gender-Neutral,1
2157,"National Institute of Technology, Srinagar",225,"Electronics and Communication Engineering (4 Years, Bachelor of Technology)",4114,OS,OPEN,Gender-Neutral,4
2158,"National Institute of Technology, Srinagar",225,"Electronics and Communication Engineering (4 Years, Bachelor of Technology)",4114,OS,OPEN,Female-only (including Supernumerary),1
2159,"National Institute of Technology, Srinagar",225,"Electronics and Communication Engineering (4 Years, Bachelor of Technology)",4114,OS,GEN-EWS,Gender-Neutral,1
2160,"National Institute of Technology, Srinagar",225,"Electronics and Communication Engineering (4 Years, Bachelor of Technology)",4114,OS,GEN-EWS,Female-only (including Supernumerary),1
2161,"National Institute of Technology, Srinagar",225,"Electronics and Communication Engineering (4 Years, Bachelor of Technology)",4114,OS,OBC-NCL,Gender-Neutral,1
2162,"National Institute of Technology, Srinagar",225,"Electronics and Communication Engineering (4 Years, Bachelor of Technology)",4114,OS,OBC-NCL,Female-only (including Supernumerary),3
2163,"National Institute of Technology, Srinagar",225,"Electronics and Communication Engineering (4 Years, Bachelor of Technology)",4114,OS,SC,Gender-Neutral,1
2164,"National Institute of Technology, Srinagar",225,"Electronics and Communication Engineering (4 Years, Bachelor of Technology)",4114,OS,ST,Gender-Neutral,1
2165,"National Institute of Technology, Srinagar",225,"Mechanical Engineering (4 Years, Bachelor of Technology)",4125,JK,OPEN,Gender-Neutral,2
2166,"National Institute of Technology, Srinagar",225,"Mechanical Engineering (4 Years, Bachelor of Technology)",4125,JK,OPEN,Female-only (including Supernumerary),1
2167,"National Institute of Technology, Srinagar",225,"Mechanical Engineering (4 Years, Bachelor of Technology)",4125,JK,OPEN (PwD),Gender-Neutral,1
2168,"National Institute of Technology, Srinagar",225,"Mechanical Engineering (4 Years, Bachelor of Technology)",4125,JK,GEN-EWS,Female-only (including Supernumerary),1
2169,"National Institute of Technology, Srinagar",225,"Mechanical Engineering (4 Years, Bachelor of Technology)",4125,JK,OBC-NCL,Gender-Neutral,5
2170,"National Institute of Technology, Srinagar",225,"Mechanical Engineering (4 Years, Bachelor of Technology)",4125,JK,OBC-NCL,Female-only (including Supernumerary),3
2171,"National Institute of Technology, Srinagar",225,"Mechanical Engineering (4 Years, Bachelor of Technology)",4125,JK,OBC-NCL(PwD),Gender-Neutral,1
2172,"National Institute of Technology, Srinagar",225,"Mechanical Engineering (4 Years, Bachelor of Technology)",4125,JK,SC,Gender-Neutral,1
2173,"National Institute of Technology, Srinagar",225,"Mechanical Engineering (4 Years, Bachelor of Technology)",4125,LA,OPEN,Gender-Neutral,1
2174,"National Institute of Technology, Srinagar",225,"Mechanical Engineering (4 Years, Bachelor of Technology)",4125,LA,OBC-NCL,Gender-Neutral,1
2175,"National Institute of Technology, Srinagar",225,"Mechanical Engineering (4 Years, Bachelor of Technology)",4125,OS,OPEN,Gender-Neutral,2
2176,"National Institute of Technology, Srinagar",225,"Mechanical Engineering (4 Years, Bachelor of Technology)",4125,OS,OPEN,Female-only (including Supernumerary),3
2177,"National Institute of Technology, Srinagar",225,"Mechanical Engineering (4 Years, Bachelor of Technology)",4125,OS,GEN-EWS,Female-only (including Supernumerary),1
2178,"National Institute of Technology, Srinagar",225,"Mechanical Engineering (4 Years, Bachelor of Technology)",4125,OS,GEN-EWS(PwD),Gender-Neutral,1
2179,"National Institute of Technology, Srinagar",225,"Mechanical Engineering (4 Years, Bachelor of Technology)",4125,OS,OBC-NCL,Gender-Neutral,1
2180,"National Institute of Technology, Srinagar",225,"Mechanical Engineering (4 Years, Bachelor of Technology)",4125,OS,OBC-NCL,Female-only (including Supernumerary),1
2181,"National Institute of Technology, Srinagar",225,"Mechanical Engineering (4 Years, Bachelor of Technology)",4125,OS,SC,Female-only (including Supernumerary),1
2182,"National Institute of Technology, Srinagar",225,"Mechanical Engineering (4 Years, Bachelor of Technology)",4125,OS,SC (PwD),Gender-Neutral,1
2183,"National Institute of Technology, Srinagar",225,"Mechanical Engineering (4 Years, Bachelor of Technology)",4125,OS,ST (PwD),Gender-Neutral,1
2184,"National Institute of Technology, Srinagar",225,"Metallurgical and Materials Engineering (4 Years, Bachelor of Technology)",4127,JK,OPEN,Gender-Neutral,5
2185,"National Institute of Technology, Srinagar",225,"Metallurgical and Materials Engineering (4 Years, Bachelor of Technology)",4127,JK,OPEN,Female-only (including Supernumerary),1
2186,"National Institute of Technology, Srinagar",225,"Metallurgical and Materials Engineering (4 Years, Bachelor of Technology)",4127,JK,OPEN (PwD),Gender-Neutral,1
2187,"National Institute of Technology, Srinagar",225,"Metallurgical and Materials Engineering (4 Years, Bachelor of Technology)",4127,JK,GEN-EWS,Gender-Neutral,3
2188,"National Institute of Technology, Srinagar",225,"Metallurgical and Materials Engineering (4 Years, Bachelor of Technology)",4127,JK,GEN-EWS,Female-only (including Supernumerary),1
2189,"National Institute of Technology, Srinagar",225,"Metallurgical and Materials Engineering (4 Years, Bachelor of Technology)",4127,JK,OBC-NCL,Gender-Neutral,7
2190,"National Institute of Technology, Srinagar",225,"Metallurgical and Materials Engineering (4 Years, Bachelor of Technology)",4127,JK,OBC-NCL,Female-only (including Supernumerary),2
2191,"National Institute of Technology, Srinagar",225,"Metallurgical and Materials Engineering (4 Years, Bachelor of Technology)",4127,JK,ST,Female-only (including Supernumerary),1
2192,"National Institute of Technology, Srinagar",225,"Metallurgical and Materials Engineering (4 Years, Bachelor of Technology)",4127,LA,OBC-NCL,Gender-Neutral,1
2193,"National Institute of Technology, Srinagar",225,"Metallurgical and Materials Engineering (4 Years, Bachelor of Technology)",4127,OS,OPEN,Gender-Neutral,7
2194,"National Institute of Technology, Srinagar",225,"Metallurgical and Materials Engineering (4 Years, Bachelor of Technology)",4127,OS,OPEN,Female-only (including Supernumerary),3
2195,"National Institute of Technology, Srinagar",225,"Metallurgical and Materials Engineering (4 Years, Bachelor of Technology)",4127,OS,GEN-EWS,Gender-Neutral,1
2196,"National Institute of Technology, Srinagar",225,"Metallurgical and Materials Engineering (4 Years, Bachelor of Technology)",4127,OS,GEN-EWS,Female-only (including Supernumerary),1
2197,"National Institute of Technology, Srinagar",225,"Metallurgical and Materials Engineering (4 Years, Bachelor of Technology)",4127,OS,OBC-NCL,Gender-Neutral,3
2198,"National Institute of Technology, Srinagar",225,"Metallurgical and Materials Engineering (4 Years, Bachelor of Technology)",4127,OS,OBC-NCL,Female-only (including Supernumerary),2
2199,"National Institute of Technology, Srinagar",225,"Metallurgical and Materials Engineering (4 Years, Bachelor of Technology)",4127,OS,SC,Gender-Neutral,1
2200,"National Institute of Technology, Srinagar",225,"Information Technology (4 Years, Bachelor of Technology)",4146,JK,OPEN,Gender-Neutral,3
2201,"National Institute of Technology, Srinagar",225,"Information Technology (4 Years, Bachelor of Technology)",4146,JK,OPEN,Female-only (including Supernumerary),2
2202,"National Institute of Technology, Srinagar",225,"Information Technology (4 Years, Bachelor of Technology)",4146,JK,OPEN (PwD),Gender-Neutral,1
2203,"National Institute of Technology, Srinagar",225,"Information Technology (4 Years, Bachelor of Technology)",4146,JK,GEN-EWS(PwD),Gender-Neutral,1
2204,"National Institute of Technology, Srinagar",225,"Information Technology (4 Years, Bachelor of Technology)",4146,JK,OBC-NCL(PwD),Gender-Neutral,1
2205,"National Institute of Technology, Srinagar",225,"Information Technology (4 Years, Bachelor of Technology)",4146,JK,ST,Gender-Neutral,1
2206,"National Institute of Technology, Srinagar",225,"Information Technology (4 Years, Bachelor of Technology)",4146,JK,ST,Female-only (including Supernumerary),1
2207,"National Institute of Technology, Srinagar",225,"Information Technology (4 Years, Bachelor of Technology)",4146,JK,ST (PwD),Gender-Neutral,1
2208,"National Institute of Technology, Srinagar",225,"Information Technology (4 Years, Bachelor of Technology)",4146,LA,OBC-NCL,Gender-Neutral,1
2209,"National Institute of Technology, Srinagar",225,"Information Technology (4 Years, Bachelor of Technology)",4146,OS,OPEN,Gender-Neutral,2
2210,"National Institute of Technology, Srinagar",225,"Information Technology (4 Years, Bachelor of Technology)",4146,OS,OPEN,Female-only (including Supernumerary),4
2211,"National Institute of Technology, Srinagar",225,"Information Technology (4 Years, Bachelor of Technology)",4146,OS,OBC-NCL,Gender-Neutral,1
2212,"National Institute of Technology, Srinagar",225,"Information Technology (4 Years, Bachelor of Technology)",4146,OS,SC,Gender-Neutral,1
2213,"National Institute of Technology, Srinagar",225,"Information Technology (4 Years, Bachelor of Technology)",4146,OS,SC (PwD),Gender-Neutral,1
2214,"National Institute of Technology, Srinagar",225,"Information Technology (4 Years, Bachelor of Technology)",4146,OS,ST,Gender-Neutral,1
2215,"National Institute of Technology, Tiruchirappalli",226,"Chemical Engineering (4 Years, Bachelor of Technology)",4107,HS,OPEN,Gender-Neutral,3
2216,"National Institute of Technology, Tiruchirappalli",226,"Chemical Engineering (4 Years, Bachelor of Technology)",4107,HS,OPEN,Female-only (including Supernumerary),1
2217,"National Institute of Technology, Tiruchirappalli",226,"Chemical Engineering (4 Years, Bachelor of Technology)",4107,HS,OBC-NCL,Gender-Neutral,1
2218,"National Institute of Technology, Tiruchirappalli",226,"Chemical Engineering (4 Years, Bachelor of Technology)",4107,HS,SC,Gender-Neutral,2
2219,"National Institute of Technology, Tiruchirappalli",226,"Chemical Engineering (4 Years, Bachelor of Technology)",4107,HS,SC,Female-only (including Supernumerary),1
2220,"National Institute of Technology, Tiruchirappalli",226,"Chemical Engineering (4 Years, Bachelor of Technology)",4107,HS,ST,Gender-Neutral,1
2221,"National Institute of Technology, Tiruchirappalli",226,"Chemical Engineering (4 Years, Bachelor of Technology)",4107,OS,OPEN,Gender-Neutral,1
2222,"National Institute of Technology, Tiruchirappalli",226,"Civil Engineering (4 Years, Bachelor of Technology)",4109,HS,OPEN,Gender-Neutral,2
2223,"National Institute of Technology, Tiruchirappalli",226,"Civil Engineering (4 Years, Bachelor of Technology)",4109,HS,OPEN,Female-only (including Supernumerary),3
2224,"National Institute of Technology, Tiruchirappalli",226,"Civil Engineering (4 Years, Bachelor of Technology)",4109,HS,GEN-EWS(PwD),Gender-Neutral,1
2225,"National Institute of Technology, Tiruchirappalli",226,"Civil Engineering (4 Years, Bachelor of Technology)",4109,HS,OBC-NCL,Gender-Neutral,4
2226,"National Institute of Technology, Tiruchirappalli",226,"Civil Engineering (4 Years, Bachelor of Technology)",4109,HS,OBC-NCL,Female-only (including Supernumerary),1
2227,"National Institute of Technology, Tiruchirappalli",226,"Civil Engineering (4 Years, Bachelor of Technology)",4109,HS,SC,Gender-Neutral,2
2228,"National Institute of Technology, Tiruchirappalli",226,"Civil Engineering (4 Years, Bachelor of Technology)",4109,HS,SC,Female-only (including Supernumerary),2
2229,"National Institute of Technology, Tiruchirappalli",226,"Civil Engineering (4 Years, Bachelor of Technology)",4109,OS,OPEN,Gender-Neutral,2
2230,"National Institute of Technology, Tiruchirappalli",226,"Civil Engineering (4 Years, Bachelor of Technology)",4109,OS,OPEN,Female-only (including Supernumerary),1
2231,"National Institute of Technology, Tiruchirappalli",226,"Civil Engineering (4 Years, Bachelor of Technology)",4109,OS,GEN-EWS,Gender-Neutral,2
2232,"National Institute of Technology, Tiruchirappalli",226,"Civil Engineering (4 Years, Bachelor of Technology)",4109,OS,OBC-NCL,Female-only (including Supernumerary),1
2233,"National Institute of Technology, Tiruchirappalli",226,"Civil Engineering (4 Years, Bachelor of Technology)",4109,OS,SC,Gender-Neutral,1
2234,"National Institute of Technology, Tiruchirappalli",226,"Computer Science and Engineering (4 Years, Bachelor of Technology)",4110,HS,OPEN,Gender-Neutral,2
2235,"National Institute of Technology, Tiruchirappalli",226,"Computer Science and Engineering (4 Years, Bachelor of Technology)",4110,HS,OPEN,Female-only (including Supernumerary),1
2236,"National Institute of Technology, Tiruchirappalli",226,"Computer Science and Engineering (4 Years, Bachelor of Technology)",4110,HS,GEN-EWS(PwD),Gender-Neutral,1
2237,"National Institute of Technology, Tiruchirappalli",226,"Computer Science and Engineering (4 Years, Bachelor of Technology)",4110,HS,SC,Gender-Neutral,1
2238,"National Institute of Technology, Tiruchirappalli",226,"Computer Science and Engineering (4 Years, Bachelor of Technology)",4110,HS,SC,Female-only (including Supernumerary),1
2239,"National Institute of Technology, Tiruchirappalli",226,"Computer Science and Engineering (4 Years, Bachelor of Technology)",4110,HS,ST,Gender-Neutral,2
2240,"National Institute of Technology, Tiruchirappalli",226,"Computer Science and Engineering (4 Years, Bachelor of Technology)",4110,OS,OPEN,Gender-Neutral,3
2241,"National Institute of Technology, Tiruchirappalli",226,"Computer Science and Engineering (4 Years, Bachelor of Technology)",4110,OS,OPEN,Female-only (including Supernumerary),2
2242,"National Institute of Technology, Tiruchirappalli",226,"Computer Science and Engineering (4 Years, Bachelor of Technology)",4110,OS,OBC-NCL,Gender-Neutral,2
2243,"National Institute of Technology, Tiruchirappalli",226,"Electronics and Communication Engineering (4 Years, Bachelor of Technology)",4114,HS,OPEN,Gender-Neutral,3
2244,"National Institute of Technology, Tiruchirappalli",226,"Electronics and Communication Engineering (4 Years, Bachelor of Technology)",4114,HS,OPEN,Female-only (including Supernumerary),2
2245,"National Institute of Technology, Tiruchirappalli",226,"Electronics and Communication Engineering (4 Years, Bachelor of Technology)",4114,HS,GEN-EWS(PwD),Female-only (including Supernumerary),1
2246,"National Institute of Technology, Tiruchirappalli",226,"Electronics and Communication Engineering (4 Years, Bachelor of Technology)",4114,HS,OBC-NCL,Gender-Neutral,4
2247,"National Institute of Technology, Tiruchirappalli",226,"Electronics and Communication Engineering (4 Years, Bachelor of Technology)",4114,OS,OPEN,Gender-Neutral,4
2248,"National Institute of Technology, Tiruchirappalli",226,"Electronics and Communication Engineering (4 Years, Bachelor of Technology)",4114,OS,OPEN,Female-only (including Supernumerary),2
2249,"National Institute of Technology, Tiruchirappalli",226,"Electronics and Communication Engineering (4 Years, Bachelor of Technology)",4114,OS,OBC-NCL,Gender-Neutral,1
2250,"National Institute of Technology, Tiruchirappalli",226,"Electronics and Communication Engineering (4 Years, Bachelor of Technology)",4114,OS,OBC-NCL,Female-only (including Supernumerary),1
2251,"National Institute of Technology, Tiruchirappalli",226,"Electronics and Communication Engineering (4 Years, Bachelor of Technology)",4114,OS,ST,Gender-Neutral,1
2252,"National Institute of Technology, Tiruchirappalli",226,"Mechanical Engineering (4 Years, Bachelor of Technology)",4125,HS,OPEN,Gender-Neutral,3
2253,"National Institute of Technology, Tiruchirappalli",226,"Mechanical Engineering (4 Years, Bachelor of Technology)",4125,HS,OPEN,Female-only (including Supernumerary),1
2254,"National Institute of Technology, Tiruchirappalli",226,"Mechanical Engineering (4 Years, Bachelor of Technology)",4125,HS,GEN-EWS(PwD),Gender-Neutral,1
2255,"National Institute of Technology, Tiruchirappalli",226,"Mechanical Engineering (4 Years, Bachelor of Technology)",4125,HS,OBC-NCL,Gender-Neutral,2
2256,"National Institute of Technology, Tiruchirappalli",226,"Mechanical Engineering (4 Years, Bachelor of Technology)",4125,HS,OBC-NCL,Female-only (including Supernumerary),1
2257,"National Institute of Technology, Tiruchirappalli",226,"Mechanical Engineering (4 Years, Bachelor of Technology)",4125,HS,SC,Gender-Neutral,1
2258,"National Institute of Technology, Tiruchirappalli",226,"Mechanical Engineering (4 Years, Bachelor of Technology)",4125,OS,OPEN,Gender-Neutral,3
2259,"National Institute of Technology, Tiruchirappalli",226,"Mechanical Engineering (4 Years, Bachelor of Technology)",4125,OS,OPEN,Female-only (including Supernumerary),1
2260,"National Institute of Technology, Tiruchirappalli",226,"Mechanical Engineering (4 Years, Bachelor of Technology)",4125,OS,OBC-NCL,Female-only (including Supernumerary),3
2261,"National Institute of Technology, Tiruchirappalli",226,"Metallurgical and Materials Engineering (4 Years, Bachelor of Technology)",4127,HS,OPEN,Gender-Neutral,1
2262,"National Institute of Technology, Tiruchirappalli",226,"Metallurgical and Materials Engineering (4 Years, Bachelor of Technology)",4127,HS,OBC-NCL,Gender-Neutral,3
2263,"National Institute of Technology, Tiruchirappalli",226,"Metallurgical and Materials Engineering (4 Years, Bachelor of Technology)",4127,HS,OBC-NCL,Female-only (including Supernumerary),1
2264,"National Institute of Technology, Tiruchirappalli",226,"Metallurgical and Materials Engineering (4 Years, Bachelor of Technology)",4127,HS,SC,Gender-Neutral,1
2265,"National Institute of Technology, Tiruchirappalli",226,"Metallurgical and Materials Engineering (4 Years, Bachelor of Technology)",4127,OS,OPEN,Gender-Neutral,2
2266,"National Institute of Technology, Tiruchirappalli",226,"Metallurgical and Materials Engineering (4 Years, Bachelor of Technology)",4127,OS,OPEN,Female-only (including Supernumerary),1
2267,"National Institute of Technology, Tiruchirappalli",226,"Metallurgical and Materials Engineering (4 Years, Bachelor of Technology)",4127,OS,SC,Gender-Neutral,1
2268,"National Institute of Technology, Tiruchirappalli",226,"Metallurgical and Materials Engineering (4 Years, Bachelor of Technology)",4127,OS,SC,Female-only (including Supernumerary),1
2269,"National Institute of Technology, Tiruchirappalli",226,"Electrical and Electronics Engineering (4 Years, Bachelor of Technology)",4144,HS,OPEN,Gender-Neutral,1
2270,"National Institute of Technology, Tiruchirappalli",226,"Electrical and Electronics Engineering (4 Years, Bachelor of Technology)",4144,HS,GEN-EWS(PwD),Gender-Neutral,1
2271,"National Institute of Technology, Tiruchirappalli",226,"Electrical and Electronics Engineering (4 Years, Bachelor of Technology)",4144,HS,OBC-NCL,Gender-Neutral,1
2272,"National Institute of Technology, Tiruchirappalli",226,"Electrical and Electronics Engineering (4 Years, Bachelor of Technology)",4144,HS,SC,Gender-Neutral,2
2273,"National Institute of Technology, Tiruchirappalli",226,"Electrical and Electronics Engineering (4 Years, Bachelor of Technology)",4144,HS,SC,Female-only (including Supernumerary),1
2274,"National Institute of Technology, Tiruchirappalli",226,"Electrical and Electronics Engineering (4 Years, Bachelor of Technology)",4144,OS,OPEN,Gender-Neutral,5
2275,"National Institute of Technology, Tiruchirappalli",226,"Electrical and Electronics Engineering (4 Years, Bachelor of Technology)",4144,OS,OPEN,Female-only (including Supernumerary),1
2276,"National Institute of Technology, Tiruchirappalli",226,"Electrical and Electronics Engineering (4 Years, Bachelor of Technology)",4144,OS,GEN-EWS,Gender-Neutral,1
2277,"National Institute of Technology, Tiruchirappalli",226,"Production Engineering (4 Years, Bachelor of Technology)",4145,HS,OPEN,Gender-Neutral,5
2278,"National Institute of Technology, Tiruchirappalli",226,"Production Engineering (4 Years, Bachelor of Technology)",4145,HS,OPEN,Female-only (including Supernumerary),1
2279,"National Institute of Technology, Tiruchirappalli",226,"Production Engineering (4 Years, Bachelor of Technology)",4145,HS,GEN-EWS(PwD),Gender-Neutral,1
2280,"National Institute of Technology, Tiruchirappalli",226,"Production Engineering (4 Years, Bachelor of Technology)",4145,HS,OBC-NCL,Gender-Neutral,2
2281,"National Institute of Technology, Tiruchirappalli",226,"Production Engineering (4 Years, Bachelor of Technology)",4145,HS,SC,Gender-Neutral,1
2282,"National Institute of Technology, Tiruchirappalli",226,"Production Engineering (4 Years, Bachelor of Technology)",4145,OS,OPEN,Gender-Neutral,3
2283,"National Institute of Technology, Tiruchirappalli",226,"Production Engineering (4 Years, Bachelor of Technology)",4145,OS,OPEN,Female-only (including Supernumerary),1
2284,"National Institute of Technology, Tiruchirappalli",226,"Instrumentation and Control Engineering (4 Years, Bachelor of Technology)",4148,HS,OPEN,Gender-Neutral,3
2285,"National Institute of Technology, Tiruchirappalli",226,"Instrumentation and Control Engineering (4 Years, Bachelor of Technology)",4148,HS,GEN-EWS(PwD),Gender-Neutral,1
2286,"National Institute of Technology, Tiruchirappalli",226,"Instrumentation and Control Engineering (4 Years, Bachelor of Technology)",4148,HS,GEN-EWS(PwD),Female-only (including Supernumerary),1
2287,"National Institute of Technology, Tiruchirappalli",226,"Instrumentation and Control Engineering (4 Years, Bachelor of Technology)",4148,OS,OPEN,Gender-Neutral,5
2288,"National Institute of Technology, Tiruchirappalli",226,"Instrumentation and Control Engineering (4 Years, Bachelor of Technology)",4148,OS,OPEN,Female-only (including Supernumerary),1
2289,"National Institute of Technology, Tiruchirappalli",226,"Instrumentation and Control Engineering (4 Years, Bachelor of Technology)",4148,OS,SC (PwD),Gender-Neutral,1
2290,"National Institute of Technology, Tiruchirappalli",226,"Instrumentation and Control Engineering (4 Years, Bachelor of Technology)",4148,OS,ST,Gender-Neutral,1
2291,"National Institute of Technology, Tiruchirappalli",226,"Architecture (5 Years, Bachelor of Architecture)",5101,HS,OBC-NCL,Gender-Neutral,1
2292,"National Institute of Technology, Tiruchirappalli",226,"Architecture (5 Years, Bachelor of Architecture)",5101,HS,ST,Gender-Neutral,2
2293,"National Institute of Technology, Tiruchirappalli",226,"Architecture (5 Years, Bachelor of Architecture)",5101,OS,OPEN,Female-only (including Supernumerary),1
2294,"National Institute of Technology, Tiruchirappalli",226,"Architecture (5 Years, Bachelor of Architecture)",5101,OS,OBC-NCL(PwD),Gender-Neutral,1
2295,"National Institute of Technology, Uttarakhand",227,"Civil Engineering (4 Years, Bachelor of Technology)",4109,HS,OPEN,Gender-Neutral,3
2296,"National Institute of Technology, Uttarakhand",227,"Civil Engineering (4 Years, Bachelor of Technology)",4109,HS,GEN-EWS(PwD),Gender-Neutral,1
2297,"National Institute of Technology, Uttarakhand",227,"Civil Engineering (4 Years, Bachelor of Technology)",4109,HS,OBC-NCL,Female-only (including Supernumerary),1
2298,"National Institute of Technology, Uttarakhand",227,"Civil Engineering (4 Years, Bachelor of Technology)",4109,HS,OBC-NCL(PwD),Female-only (including Supernumerary),1
2299,"National Institute of Technology, Uttarakhand",227,"Civil Engineering (4 Years, Bachelor of Technology)",4109,OS,OPEN (PwD),Female-only (including Supernumerary),1
2300,"National Institute of Technology, Uttarakhand",227,"Civil Engineering (4 Years, Bachelor of Technology)",4109,OS,SC,Gender-Neutral,2
2301,"National Institute of Technology, Uttarakhand",227,"Civil Engineering (4 Years, Bachelor of Technology)",4109,OS,SC,Female-only (including Supernumerary),1
2302,"National Institute of Technology, Uttarakhand",227,"Civil Engineering (4 Years, Bachelor of Technology)",4109,OS,SC (PwD),Gender-Neutral,1
2303,"National Institute of Technology, Uttarakhand",227,"Civil Engineering (4 Years, Bachelor of Technology)",4109,OS,ST,Gender-Neutral,1
2304,"National Institute of Technology, Uttarakhand",227,"Computer Science and Engineering (4 Years, Bachelor of Technology)",4110,HS,OPEN,Gender-Neutral,1
2305,"National Institute of Technology, Uttarakhand",227,"Computer Science and Engineering (4 Years, Bachelor of Technology)",4110,HS,OPEN,Female-only (including Supernumerary),1
2306,"National Institute of Technology, Uttarakhand",227,"Computer Science and Engineering (4 Years, Bachelor of Technology)",4110,HS,GEN-EWS,Female-only (including Supernumerary),1
2307,"National Institute of Technology, Uttarakhand",227,"Computer Science and Engineering (4 Years, Bachelor of Technology)",4110,HS,OBC-NCL,Gender-Neutral,1
2308,"National Institute of Technology, Uttarakhand",227,"Computer Science and Engineering (4 Years, Bachelor of Technology)",4110,HS,SC,Gender-Neutral,1
2309,"National Institute of Technology, Uttarakhand",227,"Computer Science and Engineering (4 Years, Bachelor of Technology)",4110,OS,OPEN,Gender-Neutral,2
2310,"National Institute of Technology, Uttarakhand",227,"Computer Science and Engineering (4 Years, Bachelor of Technology)",4110,OS,OPEN,Female-only (including Supernumerary),1
2311,"National Institute of Technology, Uttarakhand",227,"Computer Science and Engineering (4 Years, Bachelor of Technology)",4110,OS,OBC-NCL,Female-only (including Supernumerary),1
2312,"National Institute of Technology, Uttarakhand",227,"Computer Science and Engineering (4 Years, Bachelor of Technology)",4110,OS,SC,Gender-Neutral,1
2313,"National Institute of Technology, Uttarakhand",227,"Electronics and Communication Engineering (4 Years, Bachelor of Technology)",4114,HS,OPEN,Gender-Neutral,2
2314,"National Institute of Technology, Uttarakhand",227,"Electronics and Communication Engineering (4 Years, Bachelor of Technology)",4114,HS,OPEN (PwD),Gender-Neutral,1
2315,"National Institute of Technology, Uttarakhand",227,"Electronics and Communication Engineering (4 Years, Bachelor of Technology)",4114,HS,OBC-NCL,Gender-Neutral,1
2316,"National Institute of Technology, Uttarakhand",227,"Electronics and Communication Engineering (4 Years, Bachelor of Technology)",4114,OS,OPEN,Gender-Neutral,2
2317,"National Institute of Technology, Uttarakhand",227,"Electronics and Communication Engineering (4 Years, Bachelor of Technology)",4114,OS,SC,Gender-Neutral,1
2318,"National Institute of Technology, Uttarakhand",227,"Mechanical Engineering (4 Years, Bachelor of Technology)",4125,HS,OPEN,Gender-Neutral,1
2319,"National Institute of Technology, Uttarakhand",227,"Mechanical Engineering (4 Years, Bachelor of Technology)",4125,HS,OPEN,Female-only (including Supernumerary),1
2320,"National Institute of Technology, Uttarakhand",227,"Mechanical Engineering (4 Years, Bachelor of Technology)",4125,HS,OPEN (PwD),Female-only (including Supernumerary),1
2321,"National Institute of Technology, Uttarakhand",227,"Mechanical Engineering (4 Years, Bachelor of Technology)",4125,HS,OBC-NCL,Gender-Neutral,1
2322,"National Institute of Technology, Uttarakhand",227,"Mechanical Engineering (4 Years, Bachelor of Technology)",4125,HS,SC,Gender-Neutral,1
2323,"National Institute of Technology, Uttarakhand",227,"Mechanical Engineering (4 Years, Bachelor of Technology)",4125,OS,OPEN,Gender-Neutral,5
2324,"National Institute of Technology, Uttarakhand",227,"Mechanical Engineering (4 Years, Bachelor of Technology)",4125,OS,OPEN,Female-only (including Supernumerary),1
2325,"National Institute of Technology, Uttarakhand",227,"Mechanical Engineering (4 Years, Bachelor of Technology)",4125,OS,OBC-NCL,Gender-Neutral,2
2326,"National Institute of Technology, Uttarakhand",227,"Electrical and Electronics Engineering (4 Years, Bachelor of Technology)",4144,HS,OPEN,Gender-Neutral,5
2327,"National Institute of Technology, Uttarakhand",227,"Electrical and Electronics Engineering (4 Years, Bachelor of Technology)",4144,HS,OBC-NCL,Female-only (including Supernumerary),1
2328,"National Institute of Technology, Uttarakhand",227,"Electrical and Electronics Engineering (4 Years, Bachelor of Technology)",4144,HS,ST,Gender-Neutral,1
2329,"National Institute of Technology, Uttarakhand",227,"Electrical and Electronics Engineering (4 Years, Bachelor of Technology)",4144,OS,OPEN,Gender-Neutral,2
2330,"National Institute of Technology, Uttarakhand",227,"Electrical and Electronics Engineering (4 Years, Bachelor of Technology)",4144,OS,GEN-EWS,Gender-Neutral,1
2331,"National Institute of Technology, Warangal",228,"Bio Technology (4 Years, Bachelor of Technology)",4104,HS,OPEN,Gender-Neutral,4
2332,"National Institute of Technology, Warangal",228,"Bio Technology (4 Years, Bachelor of Technology)",4104,HS,GEN-EWS,Gender-Neutral,1
2333,"National Institute of Technology, Warangal",228,"Bio Technology (4 Years, Bachelor of Technology)",4104,HS,OBC-NCL,Gender-Neutral,3
2334,"National Institute of Technology, Warangal",228,"Bio Technology (4 Years, Bachelor of Technology)",4104,OS,OPEN,Gender-Neutral,4
2335,"National Institute of Technology, Warangal",228,"Bio Technology (4 Years, Bachelor of Technology)",4104,OS,OPEN,Female-only (including Supernumerary),3
2336,"National Institute of Technology, Warangal",228,"Bio Technology (4 Years, Bachelor of Technology)",4104,OS,GEN-EWS,Gender-Neutral,2
2337,"National Institute of Technology, Warangal",228,"Bio Technology (4 Years, Bachelor of Technology)",4104,OS,OBC-NCL,Gender-Neutral,1
2338,"National Institute of Technology, Warangal",228,"Bio Technology (4 Years, Bachelor of Technology)",4104,OS,OBC-NCL,Female-only (including Supernumerary),1
2339,"National Institute of Technology, Warangal",228,"Bio Technology (4 Years, Bachelor of Technology)",4104,OS,ST,Gender-Neutral,1
2340,"National Institute of Technology, Warangal",228,"Bio Technology (4 Years, Bachelor of Technology)",4104,OS,ST,Female-only (including Supernumerary),1
2341,"National Institute of Technology, Warangal",228,"Chemical Engineering (4 Years, Bachelor of Technology)",4107,HS,OPEN,Gender-Neutral,1
2342,"National Institute of Technology, Warangal",228,"Chemical Engineering (4 Years, Bachelor of Technology)",4107,HS,OBC-NCL,Female-only (including Supernumerary),1
2343,"National Institute of Technology, Warangal",228,"Chemical Engineering (4 Years, Bachelor of Technology)",4107,OS,OPEN,Gender-Neutral,2
2344,"National Institute of Technology, Warangal",228,"Chemical Engineering (4 Years, Bachelor of Technology)",4107,OS,OPEN,Female-only (including Supernumerary),1
2345,"National Institute of Technology, Warangal",228,"Chemical Engineering (4 Years, Bachelor of Technology)",4107,OS,SC,Female-only (including Supernumerary),1
2346,"National Institute of Technology, Warangal",228,"Chemical Engineering (4 Years, Bachelor of Technology)",4107,OS,ST (PwD),Gender-Neutral,1
2347,"National Institute of Technology, Warangal",228,"Civil Engineering (4 Years, Bachelor of Technology)",4109,HS,OPEN,Gender-Neutral,1
2348,"National Institute of Technology, Warangal",228,"Civil Engineering (4 Years, Bachelor of Technology)",4109,HS,OPEN,Female-only (including Supernumerary),1
2349,"National Institute of Technology, Warangal",228,"Civil Engineering (4 Years, Bachelor of Technology)",4109,HS,GEN-EWS,Gender-Neutral,1
2350,"National Institute of Technology, Warangal",228,"Civil Engineering (4 Years, Bachelor of Technology)",4109,HS,GEN-EWS,Female-only (including Supernumerary),1
2351,"National Institute of Technology, Warangal",228,"Civil Engineering (4 Years, Bachelor of Technology)",4109,HS,ST,Gender-Neutral,1
2352,"National Institute of Technology, Warangal",228,"Civil Engineering (4 Years, Bachelor of Technology)",4109,OS,OPEN,Gender-Neutral,2
2353,"National Institute of Technology, Warangal",228,"Civil Engineering (4 Years, Bachelor of Technology)",4109,OS,OBC-NCL,Female-only (including Supernumerary),1
2354,"National Institute of Technology, Warangal",228,"Electronics and Communication Engineering (VLSI Design and Technology) (4 Years, Bachelor of Technology)",410Z,HS,OPEN,Gender-Neutral,2
2355,"National Institute of Technology, Warangal",228,"Electronics and Communication Engineering (VLSI Design and Technology) (4 Years, Bachelor of Technology)",410Z,HS,SC,Gender-Neutral,1
2356,"National Institute of Technology, Warangal",228,"Electronics and Communication Engineering (VLSI Design and Technology) (4 Years, Bachelor of Technology)",410Z,OS,OPEN,Gender-Neutral,1
2357,"National Institute of Technology, Warangal",228,"Electronics and Communication Engineering (VLSI Design and Technology) (4 Years, Bachelor of Technology)",410Z,OS,OPEN,Female-only (including Supernumerary),1
2358,"National Institute of Technology, Warangal",228,"Electronics and Communication Engineering (VLSI Design and Technology) (4 Years, Bachelor of Technology)",410Z,OS,SC,Gender-Neutral,1
2359,"National Institute of Technology, Warangal",228,"Electronics and Communication Engineering (VLSI Design and Technology) (4 Years, Bachelor of Technology)",410Z,OS,ST,Female-only (including Supernumerary),1
2360,"National Institute of Technology, Warangal",228,"Computer Science and Engineering (4 Years, Bachelor of Technology)",4110,HS,OPEN,Gender-Neutral,3
2361,"National Institute of Technology, Warangal",228,"Computer Science and Engineering (4 Years, Bachelor of Technology)",4110,HS,OPEN,Female-only (including Supernumerary),3
2362,"National Institute of Technology, Warangal",228,"Computer Science and Engineering (4 Years, Bachelor of Technology)",4110,HS,OBC-NCL,Gender-Neutral,1
2363,"National Institute of Technology, Warangal",228,"Computer Science and Engineering (4 Years, Bachelor of Technology)",4110,OS,OPEN,Gender-Neutral,4
2364,"National Institute of Technology, Warangal",228,"Computer Science and Engineering (4 Years, Bachelor of Technology)",4110,OS,OPEN,Female-only (including Supernumerary),1
2365,"National Institute of Technology, Warangal",228,"Computer Science and Engineering (4 Years, Bachelor of Technology)",4110,OS,GEN-EWS,Gender-Neutral,2
2366,"National Institute of Technology, Warangal",228,"Computer Science and Engineering (4 Years, Bachelor of Technology)",4110,OS,SC,Gender-Neutral,1
2367,"National Institute of Technology, Warangal",228,"Electronics and Communication Engineering (4 Years, Bachelor of Technology)",4114,HS,OPEN,Gender-Neutral,4
2368,"National Institute of Technology, Warangal",228,"Electronics and Communication Engineering (4 Years, Bachelor of Technology)",4114,HS,GEN-EWS,Gender-Neutral,1
2369,"National Institute of Technology, Warangal",228,"Electronics and Communication Engineering (4 Years, Bachelor of Technology)",4114,OS,OPEN,Gender-Neutral,3
2370,"National Institute of Technology, Warangal",228,"Electronics and Communication Engineering (4 Years, Bachelor of Technology)",4114,OS,OPEN,Female-only (including Supernumerary),1
2371,"National Institute of Technology, Warangal",228,"Electronics and Communication Engineering (4 Years, Bachelor of Technology)",4114,OS,ST,Gender-Neutral,1
2372,"National Institute of Technology, Warangal",228,"Mathematics and Computing (4 Years, Bachelor of Technology)",4124,HS,OPEN,Gender-Neutral,2
2373,"National Institute of Technology, Warangal",228,"Mathematics and Computing (4 Years, Bachelor of Technology)",4124,OS,OPEN,Gender-Neutral,2
2374,"National Institute of Technology, Warangal",228,"Mechanical Engineering (4 Years, Bachelor of Technology)",4125,HS,OPEN,Gender-Neutral,4
2375,"National Institute of Technology, Warangal",228,"Mechanical Engineering (4 Years, Bachelor of Technology)",4125,HS,GEN-EWS,Female-only (including Supernumerary),1
2376,"National Institute of Technology, Warangal",228,"Mechanical Engineering (4 Years, Bachelor of Technology)",4125,OS,OPEN,Gender-Neutral,8
2377,"National Institute of Technology, Warangal",228,"Mechanical Engineering (4 Years, Bachelor of Technology)",4125,OS,OPEN,Female-only (including Supernumerary),1
2378,"National Institute of Technology, Warangal",228,"Mechanical Engineering (4 Years, Bachelor of Technology)",4125,OS,GEN-EWS,Gender-Neutral,1
2379,"National Institute of Technology, Warangal",228,"Mechanical Engineering (4 Years, Bachelor of Technology)",4125,OS,OBC-NCL,Gender-Neutral,1
2380,"National Institute of Technology, Warangal",228,"Mechanical Engineering (4 Years, Bachelor of Technology)",4125,OS,SC,Gender-Neutral,1
2381,"National Institute of Technology, Warangal",228,"Mechanical Engineering (4 Years, Bachelor of Technology)",4125,OS,SC,Female-only (including Supernumerary),1
2382,"National Institute of Technology, Warangal",228,"Metallurgical and Materials Engineering (4 Years, Bachelor of Technology)",4127,HS,OPEN,Gender-Neutral,1
2383,"National Institute of Technology, Warangal",228,"Metallurgical and Materials Engineering (4 Years, Bachelor of Technology)",4127,HS,OBC-NCL,Gender-Neutral,1
2384,"National Institute of Technology, Warangal",228,"Metallurgical and Materials Engineering (4 Years, Bachelor of Technology)",4127,OS,OPEN,Gender-Neutral,2
2385,"National Institute of Technology, Warangal",228,"Metallurgical and Materials Engineering (4 Years, Bachelor of Technology)",4127,OS,OBC-NCL,Gender-Neutral,1
2386,"National Institute of Technology, Warangal",228,"Metallurgical and Materials Engineering (4 Years, Bachelor of Technology)",4127,OS,SC,Gender-Neutral,1
2387,"National Institute of Technology, Warangal",228,"Computer Science and Engineering ( Artificial Intelligence & Data Science) (4 Years, Bachelor of Technology)",412F,HS,OPEN,Gender-Neutral,1
2388,"National Institute of Technology, Warangal",228,"Computer Science and Engineering ( Artificial Intelligence & Data Science) (4 Years, Bachelor of Technology)",412F,OS,OPEN,Gender-Neutral,2
2389,"National Institute of Technology, Warangal",228,"Computer Science and Engineering ( Artificial Intelligence & Data Science) (4 Years, Bachelor of Technology)",412F,OS,OPEN (PwD),Gender-Neutral,1
2390,"National Institute of Technology, Warangal",228,"Electrical and Electronics Engineering (Electric Mobility) (4 Years, Bachelor of Technology)",413O,HS,OPEN,Gender-Neutral,3
2391,"National Institute of Technology, Warangal",228,"Electrical and Electronics Engineering (Electric Mobility) (4 Years, Bachelor of Technology)",413O,OS,OPEN,Gender-Neutral,3
2392,"National Institute of Technology, Warangal",228,"Electrical and Electronics Engineering (4 Years, Bachelor of Technology)",4144,HS,OPEN,Gender-Neutral,3
2393,"National Institute of Technology, Warangal",228,"Electrical and Electronics Engineering (4 Years, Bachelor of Technology)",4144,HS,SC,Gender-Neutral,1
2394,"National Institute of Technology, Warangal",228,"Electrical and Electronics Engineering (4 Years, Bachelor of Technology)",4144,OS,OPEN,Gender-Neutral,8
2395,"National Institute of Technology, Warangal",228,"Electrical and Electronics Engineering (4 Years, Bachelor of Technology)",4144,OS,OPEN,Female-only (including Supernumerary),2
2396,"National Institute of Technology, Warangal",228,"Electrical and Electronics Engineering (4 Years, Bachelor of Technology)",4144,OS,GEN-EWS,Gender-Neutral,1
2397,"National Institute of Technology, Warangal",228,"Electrical and Electronics Engineering (4 Years, Bachelor of Technology)",4144,OS,OBC-NCL,Gender-Neutral,1
2398,"National Institute of Technology, Warangal",228,"Electrical and Electronics Engineering (4 Years, Bachelor of Technology)",4144,OS,SC,Gender-Neutral,1
2399,"National Institute of Technology, Warangal",228,"Chemical Engineering (5 Years, Bachelor and Master of Technology (Dual Degree))",5210,HS,OPEN,Female-only (including Supernumerary),1
2400,"National Institute of Technology, Warangal",228,"Chemical Engineering (5 Years, Bachelor and Master of Technology (Dual Degree))",5210,OS,OBC-NCL(PwD),Gender-Neutral,1
2401,"National Institute of Technology, Warangal",228,"Chemical Engineering (5 Years, Bachelor and Master of Technology (Dual Degree))",5210,OS,SC,Gender-Neutral,1
2402,"National Institute of Technology, Warangal",228,"Chemistry (5 Years, Integrated Master of Science)",5503,HS,OPEN,Gender-Neutral,2
2403,"National Institute of Technology, Warangal",228,"Chemistry (5 Years, Integrated Master of Science)",5503,HS,OBC-NCL,Gender-Neutral,1
2404,"National Institute of Technology, Warangal",228,"Chemistry (5 Years, Integrated Master of Science)",5503,OS,OPEN,Gender-Neutral,1
2405,"National Institute of Technology, Warangal",228,"Chemistry (5 Years, Integrated Master of Science)",5503,OS,OPEN,Female-only (including Supernumerary),1
2406,"National Institute of Technology, Warangal",228,"Chemistry (5 Years, Integrated Master of Science)",5503,OS,OBC-NCL,Gender-Neutral,1
2407,"National Institute of Technology, Warangal",228,"Chemistry (5 Years, Integrated Master of Science)",5503,OS,ST,Gender-Neutral,1
2408,"National Institute of Technology, Warangal",228,"Physics (5 Years, Integrated Master of Science)",5507,HS,OPEN,Gender-Neutral,1
2409,"National Institute of Technology, Warangal",228,"Physics (5 Years, Integrated Master of Science)",5507,HS,OBC-NCL,Gender-Neutral,1
2410,"National Institute of Technology, Warangal",228,"Physics (5 Years, Integrated Master of Science)",5507,HS,SC,Gender-Neutral,1
2411,"National Institute of Technology, Warangal",228,"Physics (5 Years, Integrated Master of Science)",5507,OS,OPEN,Gender-Neutral,3
2412,"National Institute of Technology, Warangal",228,"Physics (5 Years, Integrated Master of Science)",5507,OS,OPEN,Female-only (including Supernumerary),1
2413,"National Institute of Technology, Warangal",228,"Physics (5 Years, Integrated Master of Science)",5507,OS,OBC-NCL,Gender-Neutral,1
2414,"National Institute of Technology, Warangal",228,"Mathematics (5 Years, Integrated Master of Science)",5508,HS,OPEN,Gender-Neutral,2
2415,"National Institute of Technology, Warangal",228,"Mathematics (5 Years, Integrated Master of Science)",5508,HS,GEN-EWS,Gender-Neutral,1
2416,"National Institute of Technology, Warangal",228,"Mathematics (5 Years, Integrated Master of Science)",5508,HS,OBC-NCL,Gender-Neutral,1
2417,"National Institute of Technology, Warangal",228,"Mathematics (5 Years, Integrated Master of Science)",5508,HS,ST,Female-only (including Supernumerary),1
2418,"National Institute of Technology, Warangal",228,"Mathematics (5 Years, Integrated Master of Science)",5508,OS,OPEN,Gender-Neutral,1
2419,"National Institute of Technology, Warangal",228,"Mathematics (5 Years, Integrated Master of Science)",5508,OS,OPEN,Female-only (including Supernumerary),1
2420,"National Institute of Technology, Warangal",228,"Mathematics (5 Years, Integrated Master of Science)",5508,OS,GEN-EWS,Gender-Neutral,1
2421,"National Institute of Technology, Warangal",228,"Mathematics (5 Years, Integrated Master of Science)",5508,OS,OBC-NCL,Female-only (including Supernumerary),1
2422,"National Institute of Technology, Warangal",228,"Mathematics (5 Years, Integrated Master of Science)",5508,OS,SC,Gender-Neutral,1
2423,"Sardar Vallabhbhai National Institute of Technology, Surat",229,"Chemical Engineering (4 Years, Bachelor of Technology)",4107,HS,OPEN,Gender-Neutral,4
2424,"Sardar Vallabhbhai National Institute of Technology, Surat",229,"Chemical Engineering (4 Years, Bachelor of Technology)",4107,HS,OPEN,Female-only (including Supernumerary),2
2425,"Sardar Vallabhbhai National Institute of Technology, Surat",229,"Chemical Engineering (4 Years, Bachelor of Technology)",4107,HS,OPEN (PwD),Female-only (including Supernumerary),1
2426,"Sardar Vallabhbhai National Institute of Technology, Surat",229,"Chemical Engineering (4 Years, Bachelor of Technology)",4107,HS,GEN-EWS(PwD),Gender-Neutral,1
2427,"Sardar Vallabhbhai National Institute of Technology, Surat",229,"Chemical Engineering (4 Years, Bachelor of Technology)",4107,HS,OBC-NCL,Gender-Neutral,2
2428,"Sardar Vallabhbhai National Institute of Technology, Surat",229,"Chemical Engineering (4 Years, Bachelor of Technology)",4107,HS,SC,Gender-Neutral,1
2429,"Sardar Vallabhbhai National Institute of Technology, Surat",229,"Chemical Engineering (4 Years, Bachelor of Technology)",4107,HS,SC,Female-only (including Supernumerary),1
2430,"Sardar Vallabhbhai National Institute of Technology, Surat",229,"Chemical Engineering (4 Years, Bachelor of Technology)",4107,HS,ST,Gender-Neutral,1
2431,"Sardar Vallabhbhai National Institute of Technology, Surat",229,"Chemical Engineering (4 Years, Bachelor of Technology)",4107,OS,OPEN,Gender-Neutral,2
2432,"Sardar Vallabhbhai National Institute of Technology, Surat",229,"Chemical Engineering (4 Years, Bachelor of Technology)",4107,OS,OPEN,Female-only (including Supernumerary),2
2433,"Sardar Vallabhbhai National Institute of Technology, Surat",229,"Chemical Engineering (4 Years, Bachelor of Technology)",4107,OS,GEN-EWS,Gender-Neutral,2
2434,"Sardar Vallabhbhai National Institute of Technology, Surat",229,"Chemical Engineering (4 Years, Bachelor of Technology)",4107,OS,SC,Female-only (including Supernumerary),1
2435,"Sardar Vallabhbhai National Institute of Technology, Surat",229,"Chemical Engineering (4 Years, Bachelor of Technology)",4107,OS,SC (PwD),Gender-Neutral,1
2436,"Sardar Vallabhbhai National Institute of Technology, Surat",229,"Civil Engineering (4 Years, Bachelor of Technology)",4109,HS,OPEN,Gender-Neutral,2
2437,"Sardar Vallabhbhai National Institute of Technology, Surat",229,"Civil Engineering (4 Years, Bachelor of Technology)",4109,HS,OPEN,Female-only (including Supernumerary),3
2438,"Sardar Vallabhbhai National Institute of Technology, Surat",229,"Civil Engineering (4 Years, Bachelor of Technology)",4109,HS,OPEN (PwD),Gender-Neutral,1
2439,"Sardar Vallabhbhai National Institute of Technology, Surat",229,"Civil Engineering (4 Years, Bachelor of Technology)",4109,HS,GEN-EWS,Female-only (including Supernumerary),1
2440,"Sardar Vallabhbhai National Institute of Technology, Surat",229,"Civil Engineering (4 Years, Bachelor of Technology)",4109,HS,OBC-NCL,Gender-Neutral,6
2441,"Sardar Vallabhbhai National Institute of Technology, Surat",229,"Civil Engineering (4 Years, Bachelor of Technology)",4109,HS,OBC-NCL,Female-only (including Supernumerary),1
2442,"Sardar Vallabhbhai National Institute of Technology, Surat",229,"Civil Engineering (4 Years, Bachelor of Technology)",4109,HS,OBC-NCL(PwD),Gender-Neutral,1
2443,"Sardar Vallabhbhai National Institute of Technology, Surat",229,"Civil Engineering (4 Years, Bachelor of Technology)",4109,HS,SC (PwD),Gender-Neutral,1
2444,"Sardar Vallabhbhai National Institute of Technology, Surat",229,"Civil Engineering (4 Years, Bachelor of Technology)",4109,HS,ST,Female-only (including Supernumerary),1
2445,"Sardar Vallabhbhai National Institute of Technology, Surat",229,"Civil Engineering (4 Years, Bachelor of Technology)",4109,HS,ST (PwD),Gender-Neutral,1
2446,"Sardar Vallabhbhai National Institute of Technology, Surat",229,"Civil Engineering (4 Years, Bachelor of Technology)",4109,OS,OPEN,Gender-Neutral,6
2447,"Sardar Vallabhbhai National Institute of Technology, Surat",229,"Civil Engineering (4 Years, Bachelor of Technology)",4109,OS,OPEN,Female-only (including Supernumerary),1
2448,"Sardar Vallabhbhai National Institute of Technology, Surat",229,"Civil Engineering (4 Years, Bachelor of Technology)",4109,OS,GEN-EWS,Gender-Neutral,1
2449,"Sardar Vallabhbhai National Institute of Technology, Surat",229,"Civil Engineering (4 Years, Bachelor of Technology)",4109,OS,GEN-EWS,Female-only (including Supernumerary),1
2450,"Sardar Vallabhbhai National Institute of Technology, Surat",229,"Civil Engineering (4 Years, Bachelor of Technology)",4109,OS,OBC-NCL,Female-only (including Supernumerary),1
2451,"Sardar Vallabhbhai National Institute of Technology, Surat",229,"Industrial Chemistry (4 Years, Bachelor of Technology)",410B,HS,OPEN,Gender-Neutral,3
2452,"Sardar Vallabhbhai National Institute of Technology, Surat",229,"Industrial Chemistry (4 Years, Bachelor of Technology)",410B,HS,OPEN,Female-only (including Supernumerary),1
2453,"Sardar Vallabhbhai National Institute of Technology, Surat",229,"Industrial Chemistry (4 Years, Bachelor of Technology)",410B,HS,OBC-NCL,Gender-Neutral,1
2454,"Sardar Vallabhbhai National Institute of Technology, Surat",229,"Industrial Chemistry (4 Years, Bachelor of Technology)",410B,HS,OBC-NCL(PwD),Gender-Neutral,1
2455,"Sardar Vallabhbhai National Institute of Technology, Surat",229,"Industrial Chemistry (4 Years, Bachelor of Technology)",410B,OS,OPEN,Female-only (including Supernumerary),1
2456,"Sardar Vallabhbhai National Institute of Technology, Surat",229,"Industrial Chemistry (4 Years, Bachelor of Technology)",410B,OS,GEN-EWS,Gender-Neutral,2
2457,"Sardar Vallabhbhai National Institute of Technology, Surat",229,"Industrial Chemistry (4 Years, Bachelor of Technology)",410B,OS,OBC-NCL,Gender-Neutral,2
2458,"Sardar Vallabhbhai National Institute of Technology, Surat",229,"Electronics and VLSI Engineering (4 Years, Bachelor of Technology)",410V,HS,OPEN,Gender-Neutral,4
2459,"Sardar Vallabhbhai National Institute of Technology, Surat",229,"Electronics and VLSI Engineering (4 Years, Bachelor of Technology)",410V,HS,OPEN,Female-only (including Supernumerary),2
2460,"Sardar Vallabhbhai National Institute of Technology, Surat",229,"Electronics and VLSI Engineering (4 Years, Bachelor of Technology)",410V,HS,OBC-NCL,Gender-Neutral,3
2461,"Sardar Vallabhbhai National Institute of Technology, Surat",229,"Electronics and VLSI Engineering (4 Years, Bachelor of Technology)",410V,HS,OBC-NCL(PwD),Female-only (including Supernumerary),1
2462,"Sardar Vallabhbhai National Institute of Technology, Surat",229,"Electronics and VLSI Engineering (4 Years, Bachelor of Technology)",410V,OS,OPEN,Gender-Neutral,1
2463,"Sardar Vallabhbhai National Institute of Technology, Surat",229,"Electronics and VLSI Engineering (4 Years, Bachelor of Technology)",410V,OS,OPEN,Female-only (including Supernumerary),1
2464,"Sardar Vallabhbhai National Institute of Technology, Surat",229,"Electronics and VLSI Engineering (4 Years, Bachelor of Technology)",410V,OS,SC,Gender-Neutral,1
2465,"Sardar Vallabhbhai National Institute of Technology, Surat",229,"Electronics and VLSI Engineering (4 Years, Bachelor of Technology)",410V,OS,ST (PwD),Gender-Neutral,1
2466,"Sardar Vallabhbhai National Institute of Technology, Surat",229,"Computer Science and Engineering (4 Years, Bachelor of Technology)",4110,HS,OPEN,Gender-Neutral,1
2467,"Sardar Vallabhbhai National Institute of Technology, Surat",229,"Computer Science and Engineering (4 Years, Bachelor of Technology)",4110,HS,OPEN,Female-only (including Supernumerary),2
2468,"Sardar Vallabhbhai National Institute of Technology, Surat",229,"Computer Science and Engineering (4 Years, Bachelor of Technology)",4110,HS,OBC-NCL,Gender-Neutral,1
2469,"Sardar Vallabhbhai National Institute of Technology, Surat",229,"Computer Science and Engineering (4 Years, Bachelor of Technology)",4110,HS,SC,Female-only (including Supernumerary),1
2470,"Sardar Vallabhbhai National Institute of Technology, Surat",229,"Computer Science and Engineering (4 Years, Bachelor of Technology)",4110,HS,ST,Female-only (including Supernumerary),1
2471,"Sardar Vallabhbhai National Institute of Technology, Surat",229,"Computer Science and Engineering (4 Years, Bachelor of Technology)",4110,OS,OPEN,Gender-Neutral,5
2472,"Sardar Vallabhbhai National Institute of Technology, Surat",229,"Computer Science and Engineering (4 Years, Bachelor of Technology)",4110,OS,OPEN,Female-only (including Supernumerary),3
2473,"Sardar Vallabhbhai National Institute of Technology, Surat",229,"Computer Science and Engineering (4 Years, Bachelor of Technology)",4110,OS,OBC-NCL,Gender-Neutral,2
2474,"Sardar Vallabhbhai National Institute of Technology, Surat",229,"Electrical Engineering (4 Years, Bachelor of Technology)",4111,HS,OPEN,Gender-Neutral,8
2475,"Sardar Vallabhbhai National Institute of Technology, Surat",229,"Electrical Engineering (4 Years, Bachelor of Technology)",4111,HS,OPEN,Female-only (including Supernumerary),2
2476,"Sardar Vallabhbhai National Institute of Technology, Surat",229,"Electrical Engineering (4 Years, Bachelor of Technology)",4111,HS,OBC-NCL,Gender-Neutral,1
2477,"Sardar Vallabhbhai National Institute of Technology, Surat",229,"Electrical Engineering (4 Years, Bachelor of Technology)",4111,HS,OBC-NCL,Female-only (including Supernumerary),2
2478,"Sardar Vallabhbhai National Institute of Technology, Surat",229,"Electrical Engineering (4 Years, Bachelor of Technology)",4111,HS,OBC-NCL(PwD),Gender-Neutral,1
2479,"Sardar Vallabhbhai National Institute of Technology, Surat",229,"Electrical Engineering (4 Years, Bachelor of Technology)",4111,HS,SC,Gender-Neutral,3
2480,"Sardar Vallabhbhai National Institute of Technology, Surat",229,"Electrical Engineering (4 Years, Bachelor of Technology)",4111,HS,ST,Gender-Neutral,1
2481,"Sardar Vallabhbhai National Institute of Technology, Surat",229,"Electrical Engineering (4 Years, Bachelor of Technology)",4111,OS,OPEN,Gender-Neutral,2
2482,"Sardar Vallabhbhai National Institute of Technology, Surat",229,"Electrical Engineering (4 Years, Bachelor of Technology)",4111,OS,GEN-EWS,Gender-Neutral,1
2483,"Sardar Vallabhbhai National Institute of Technology, Surat",229,"Electrical Engineering (4 Years, Bachelor of Technology)",4111,OS,ST,Gender-Neutral,1
2484,"Sardar Vallabhbhai National Institute of Technology, Surat",229,"Electronics and Communication Engineering (4 Years, Bachelor of Technology)",4114,HS,OPEN,Gender-Neutral,6
2485,"Sardar Vallabhbhai National Institute of Technology, Surat",229,"Electronics and Communication Engineering (4 Years, Bachelor of Technology)",4114,HS,OBC-NCL(PwD),Gender-Neutral,1
2486,"Sardar Vallabhbhai National Institute of Technology, Surat",229,"Electronics and Communication Engineering (4 Years, Bachelor of Technology)",4114,HS,SC,Gender-Neutral,1
2487,"Sardar Vallabhbhai National Institute of Technology, Surat",229,"Electronics and Communication Engineering (4 Years, Bachelor of Technology)",4114,HS,SC (PwD),Gender-Neutral,1
2488,"Sardar Vallabhbhai National Institute of Technology, Surat",229,"Electronics and Communication Engineering (4 Years, Bachelor of Technology)",4114,HS,ST,Female-only (including Supernumerary),1
2489,"Sardar Vallabhbhai National Institute of Technology, Surat",229,"Electronics and Communication Engineering (4 Years, Bachelor of Technology)",4114,OS,OPEN,Gender-Neutral,5
2490,"Sardar Vallabhbhai National Institute of Technology, Surat",229,"Electronics and Communication Engineering (4 Years, Bachelor of Technology)",4114,OS,OPEN,Female-only (including Supernumerary),1
2491,"Sardar Vallabhbhai National Institute of Technology, Surat",229,"Electronics and Communication Engineering (4 Years, Bachelor of Technology)",4114,OS,OBC-NCL,Gender-Neutral,2
2492,"Sardar Vallabhbhai National Institute of Technology, Surat",229,"Electronics and Communication Engineering (4 Years, Bachelor of Technology)",4114,OS,OBC-NCL,Female-only (including Supernumerary),1
2493,"Sardar Vallabhbhai National Institute of Technology, Surat",229,"Electronics and Communication Engineering (4 Years, Bachelor of Technology)",4114,OS,ST,Gender-Neutral,1
2494,"Sardar Vallabhbhai National Institute of Technology, Surat",229,"Engineering Physics (4 Years, Bachelor of Technology)",4117,HS,OPEN (PwD),Gender-Neutral,1
2495,"Sardar Vallabhbhai National Institute of Technology, Surat",229,"Engineering Physics (4 Years, Bachelor of Technology)",4117,HS,OBC-NCL,Gender-Neutral,1
2496,"Sardar Vallabhbhai National Institute of Technology, Surat",229,"Engineering Physics (4 Years, Bachelor of Technology)",4117,HS,SC,Female-only (including Supernumerary),1
2497,"Sardar Vallabhbhai National Institute of Technology, Surat",229,"Engineering Physics (4 Years, Bachelor of Technology)",4117,HS,ST (PwD),Gender-Neutral,1
2498,"Sardar Vallabhbhai National Institute of Technology, Surat",229,"Engineering Physics (4 Years, Bachelor of Technology)",4117,OS,OPEN,Gender-Neutral,2
2499,"Sardar Vallabhbhai National Institute of Technology, Surat",229,"Engineering Physics (4 Years, Bachelor of Technology)",4117,OS,OBC-NCL,Female-only (including Supernumerary),1
2500,"Sardar Vallabhbhai National Institute of Technology, Surat",229,"Engineering Physics (4 Years, Bachelor of Technology)",4117,OS,SC,Female-only (including Supernumerary),1
2501,"Sardar Vallabhbhai National Institute of Technology, Surat",229,"Engineering Physics (4 Years, Bachelor of Technology)",4117,OS,SC (PwD),Gender-Neutral,1
2502,"Sardar Vallabhbhai National Institute of Technology, Surat",229,"Mathematics and Computing (4 Years, Bachelor of Technology)",4124,HS,SC,Gender-Neutral,1
2503,"Sardar Vallabhbhai National Institute of Technology, Surat",229,"Mathematics and Computing (4 Years, Bachelor of Technology)",4124,HS,SC,Female-only (including Supernumerary),1
2504,"Sardar Vallabhbhai National Institute of Technology, Surat",229,"Mathematics and Computing (4 Years, Bachelor of Technology)",4124,OS,OPEN,Gender-Neutral,1
2505,"Sardar Vallabhbhai National Institute of Technology, Surat",229,"Mathematics and Computing (4 Years, Bachelor of Technology)",4124,OS,OPEN (PwD),Gender-Neutral,1
2506,"Sardar Vallabhbhai National Institute of Technology, Surat",229,"Mathematics and Computing (4 Years, Bachelor of Technology)",4124,OS,OBC-NCL,Gender-Neutral,1
2507,"Sardar Vallabhbhai National Institute of Technology, Surat",229,"Mechanical Engineering (4 Years, Bachelor of Technology)",4125,HS,OPEN,Gender-Neutral,8
2508,"Sardar Vallabhbhai National Institute of Technology, Surat",229,"Mechanical Engineering (4 Years, Bachelor of Technology)",4125,HS,OPEN,Female-only (including Supernumerary),3
2509,"Sardar Vallabhbhai National Institute of Technology, Surat",229,"Mechanical Engineering (4 Years, Bachelor of Technology)",4125,HS,OPEN (PwD),Gender-Neutral,2
2510,"Sardar Vallabhbhai National Institute of Technology, Surat",229,"Mechanical Engineering (4 Years, Bachelor of Technology)",4125,HS,OPEN (PwD),Female-only (including Supernumerary),1
2511,"Sardar Vallabhbhai National Institute of Technology, Surat",229,"Mechanical Engineering (4 Years, Bachelor of Technology)",4125,HS,GEN-EWS,Female-only (including Supernumerary),1
2512,"Sardar Vallabhbhai National Institute of Technology, Surat",229,"Mechanical Engineering (4 Years, Bachelor of Technology)",4125,HS,GEN-EWS(PwD),Gender-Neutral,1
2513,"Sardar Vallabhbhai National Institute of Technology, Surat",229,"Mechanical Engineering (4 Years, Bachelor of Technology)",4125,HS,OBC-NCL,Gender-Neutral,3
2514,"Sardar Vallabhbhai National Institute of Technology, Surat",229,"Mechanical Engineering (4 Years, Bachelor of Technology)",4125,HS,OBC-NCL(PwD),Gender-Neutral,1
2515,"Sardar Vallabhbhai National Institute of Technology, Surat",229,"Mechanical Engineering (4 Years, Bachelor of Technology)",4125,HS,OBC-NCL(PwD),Female-only (including Supernumerary),1
2516,"Sardar Vallabhbhai National Institute of Technology, Surat",229,"Mechanical Engineering (4 Years, Bachelor of Technology)",4125,HS,SC,Gender-Neutral,1
2517,"Sardar Vallabhbhai National Institute of Technology, Surat",229,"Mechanical Engineering (4 Years, Bachelor of Technology)",4125,HS,SC,Female-only (including Supernumerary),1
2518,"Sardar Vallabhbhai National Institute of Technology, Surat",229,"Mechanical Engineering (4 Years, Bachelor of Technology)",4125,HS,SC (PwD),Gender-Neutral,1
2519,"Sardar Vallabhbhai National Institute of Technology, Surat",229,"Mechanical Engineering (4 Years, Bachelor of Technology)",4125,HS,ST,Gender-Neutral,1
2520,"Sardar Vallabhbhai National Institute of Technology, Surat",229,"Mechanical Engineering (4 Years, Bachelor of Technology)",4125,OS,OPEN,Gender-Neutral,7
2521,"Sardar Vallabhbhai National Institute of Technology, Surat",229,"Mechanical Engineering (4 Years, Bachelor of Technology)",4125,OS,OPEN,Female-only (including Supernumerary),4
2522,"Sardar Vallabhbhai National Institute of Technology, Surat",229,"Mechanical Engineering (4 Years, Bachelor of Technology)",4125,OS,OPEN (PwD),Female-only (including Supernumerary),1
2523,"Sardar Vallabhbhai National Institute of Technology, Surat",229,"Mechanical Engineering (4 Years, Bachelor of Technology)",4125,OS,GEN-EWS,Gender-Neutral,1
2524,"Sardar Vallabhbhai National Institute of Technology, Surat",229,"Mechanical Engineering (4 Years, Bachelor of Technology)",4125,OS,GEN-EWS(PwD),Female-only (including Supernumerary),1
2525,"Sardar Vallabhbhai National Institute of Technology, Surat",229,"Mechanical Engineering (4 Years, Bachelor of Technology)",4125,OS,OBC-NCL,Gender-Neutral,3
2526,"Sardar Vallabhbhai National Institute of Technology, Surat",229,"Mechanical Engineering (4 Years, Bachelor of Technology)",4125,OS,OBC-NCL,Female-only (including Supernumerary),2
2527,"Sardar Vallabhbhai National Institute of Technology, Surat",229,"Mechanical Engineering (4 Years, Bachelor of Technology)",4125,OS,SC,Gender-Neutral,1
2528,"Sardar Vallabhbhai National Institute of Technology, Surat",229,"Mechanical Engineering (4 Years, Bachelor of Technology)",4125,OS,SC (PwD),Female-only (including Supernumerary),1
2529,"Sardar Vallabhbhai National Institute of Technology, Surat",229,"Artificial Intelligence (4 Years, Bachelor of Technology)",4185,HS,OPEN,Gender-Neutral,4
2530,"Sardar Vallabhbhai National Institute of Technology, Surat",229,"Artificial Intelligence (4 Years, Bachelor of Technology)",4185,HS,OBC-NCL,Gender-Neutral,1
2531,"Sardar Vallabhbhai National Institute of Technology, Surat",229,"Artificial Intelligence (4 Years, Bachelor of Technology)",4185,HS,SC (PwD),Female-only (including Supernumerary),1
2532,"Sardar Vallabhbhai National Institute of Technology, Surat",229,"Artificial Intelligence (4 Years, Bachelor of Technology)",4185,OS,OPEN,Gender-Neutral,4
2533,"Sardar Vallabhbhai National Institute of Technology, Surat",229,"Artificial Intelligence (4 Years, Bachelor of Technology)",4185,OS,OPEN,Female-only (including Supernumerary),2
2534,"Sardar Vallabhbhai National Institute of Technology, Surat",229,"Artificial Intelligence (4 Years, Bachelor of Technology)",4185,OS,GEN-EWS,Gender-Neutral,2
2535,"Sardar Vallabhbhai National Institute of Technology, Surat",229,"Artificial Intelligence (4 Years, Bachelor of Technology)",4185,OS,OBC-NCL,Female-only (including Supernumerary),1
2536,"Sardar Vallabhbhai National Institute of Technology, Surat",229,"Artificial Intelligence (4 Years, Bachelor of Technology)",4185,OS,SC,Gender-Neutral,2
2537,"Sardar Vallabhbhai National Institute of Technology, Surat",229,"Artificial Intelligence (4 Years, Bachelor of Technology)",4185,OS,ST,Gender-Neutral,1
2538,"Sardar Vallabhbhai National Institute of Technology, Surat",229,"Artificial Intelligence (5 Years, Integrated B. Tech. and M. Tech.)",5B06,HS,OPEN,Gender-Neutral,4
2539,"Sardar Vallabhbhai National Institute of Technology, Surat",229,"Artificial Intelligence (5 Years, Integrated B. Tech. and M. Tech.)",5B06,HS,OBC-NCL,Gender-Neutral,1
2540,"Sardar Vallabhbhai National Institute of Technology, Surat",229,"Artificial Intelligence (5 Years, Integrated B. Tech. and M. Tech.)",5B06,HS,SC,Gender-Neutral,1
2541,"Sardar Vallabhbhai National Institute of Technology, Surat",229,"Artificial Intelligence (5 Years, Integrated B. Tech. and M. Tech.)",5B06,HS,SC (PwD),Gender-Neutral,1
2542,"Sardar Vallabhbhai National Institute of Technology, Surat",229,"Artificial Intelligence (5 Years, Integrated B. Tech. and M. Tech.)",5B06,OS,OPEN,Gender-Neutral,3
2543,"Sardar Vallabhbhai National Institute of Technology, Surat",229,"Artificial Intelligence (5 Years, Integrated B. Tech. and M. Tech.)",5B06,OS,OBC-NCL,Gender-Neutral,1
2544,"Sardar Vallabhbhai National Institute of Technology, Surat",229,"Chemistry (5 Years, Integrated Bachelor of Science-Master of Science)",5H3C,HS,OPEN,Gender-Neutral,8
2545,"Sardar Vallabhbhai National Institute of Technology, Surat",229,"Chemistry (5 Years, Integrated Bachelor of Science-Master of Science)",5H3C,HS,GEN-EWS,Gender-Neutral,1
2546,"Sardar Vallabhbhai National Institute of Technology, Surat",229,"Chemistry (5 Years, Integrated Bachelor of Science-Master of Science)",5H3C,HS,GEN-EWS(PwD),Gender-Neutral,1
2547,"Sardar Vallabhbhai National Institute of Technology, Surat",229,"Chemistry (5 Years, Integrated Bachelor of Science-Master of Science)",5H3C,HS,OBC-NCL,Gender-Neutral,4
2548,"Sardar Vallabhbhai National Institute of Technology, Surat",229,"Chemistry (5 Years, Integrated Bachelor of Science-Master of Science)",5H3C,HS,OBC-NCL(PwD),Gender-Neutral,1
2549,"Sardar Vallabhbhai National Institute of Technology, Surat",229,"Chemistry (5 Years, Integrated Bachelor of Science-Master of Science)",5H3C,HS,SC,Gender-Neutral,2
2550,"Sardar Vallabhbhai National Institute of Technology, Surat",229,"Chemistry (5 Years, Integrated Bachelor of Science-Master of Science)",5H3C,HS,SC (PwD),Gender-Neutral,1
2551,"Sardar Vallabhbhai National Institute of Technology, Surat",229,"Chemistry (5 Years, Integrated Bachelor of Science-Master of Science)",5H3C,OS,OPEN,Gender-Neutral,5
2552,"Sardar Vallabhbhai National Institute of Technology, Surat",229,"Chemistry (5 Years, Integrated Bachelor of Science-Master of Science)",5H3C,OS,GEN-EWS,Gender-Neutral,1
2553,"Sardar Vallabhbhai National Institute of Technology, Surat",229,"Chemistry (5 Years, Integrated Bachelor of Science-Master of Science)",5H3C,OS,OBC-NCL,Gender-Neutral,4
2554,"Sardar Vallabhbhai National Institute of Technology, Surat",229,"Chemistry (5 Years, Integrated Bachelor of Science-Master of Science)",5H3C,OS,SC,Gender-Neutral,1
2555,"Sardar Vallabhbhai National Institute of Technology, Surat",229,"Chemistry (5 Years, Integrated Bachelor of Science-Master of Science)",5H3C,OS,ST,Gender-Neutral,1
2556,"Sardar Vallabhbhai National Institute of Technology, Surat",229,"Physics (5 Years, Integrated Bachelor of Science-Master of Science)",5H3D,HS,OPEN,Gender-Neutral,5
2557,"Sardar Vallabhbhai National Institute of Technology, Surat",229,"Physics (5 Years, Integrated Bachelor of Science-Master of Science)",5H3D,HS,OPEN (PwD),Gender-Neutral,1
2558,"Sardar Vallabhbhai National Institute of Technology, Surat",229,"Physics (5 Years, Integrated Bachelor of Science-Master of Science)",5H3D,HS,GEN-EWS,Gender-Neutral,1
2559,"Sardar Vallabhbhai National Institute of Technology, Surat",229,"Physics (5 Years, Integrated Bachelor of Science-Master of Science)",5H3D,HS,OBC-NCL,Gender-Neutral,2
2560,"Sardar Vallabhbhai National Institute of Technology, Surat",229,"Physics (5 Years, Integrated Bachelor of Science-Master of Science)",5H3D,HS,SC,Gender-Neutral,2
2561,"Sardar Vallabhbhai National Institute of Technology, Surat",229,"Physics (5 Years, Integrated Bachelor of Science-Master of Science)",5H3D,HS,ST,Gender-Neutral,1
2562,"Sardar Vallabhbhai National Institute of Technology, Surat",229,"Physics (5 Years, Integrated Bachelor of Science-Master of Science)",5H3D,OS,OPEN,Gender-Neutral,5
2563,"Sardar Vallabhbhai National Institute of Technology, Surat",229,"Physics (5 Years, Integrated Bachelor of Science-Master of Science)",5H3D,OS,OBC-NCL,Gender-Neutral,1
2564,"Sardar Vallabhbhai National Institute of Technology, Surat",229,"Physics (5 Years, Integrated Bachelor of Science-Master of Science)",5H3D,OS,SC,Gender-Neutral,2
2565,"Sardar Vallabhbhai National Institute of Technology, Surat",229,"Physics (5 Years, Integrated Bachelor of Science-Master of Science)",5H3D,OS,ST,Gender-Neutral,2
2566,"Sardar Vallabhbhai National Institute of Technology, Surat",229,"Mathematics (5 Years, Integrated Bachelor of Science-Master of Science)",5H3E,HS,OPEN,Gender-Neutral,2
2567,"Sardar Vallabhbhai National Institute of Technology, Surat",229,"Mathematics (5 Years, Integrated Bachelor of Science-Master of Science)",5H3E,HS,GEN-EWS,Gender-Neutral,2
2568,"Sardar Vallabhbhai National Institute of Technology, Surat",229,"Mathematics (5 Years, Integrated Bachelor of Science-Master of Science)",5H3E,HS,OBC-NCL,Gender-Neutral,2
2569,"Sardar Vallabhbhai National Institute of Technology, Surat",229,"Mathematics (5 Years, Integrated Bachelor of Science-Master of Science)",5H3E,HS,OBC-NCL(PwD),Gender-Neutral,1
2570,"Sardar Vallabhbhai National Institute of Technology, Surat",229,"Mathematics (5 Years, Integrated Bachelor of Science-Master of Science)",5H3E,HS,SC,Gender-Neutral,2
2571,"Sardar Vallabhbhai National Institute of Technology, Surat",229,"Mathematics (5 Years, Integrated Bachelor of Science-Master of Science)",5H3E,HS,ST,Gender-Neutral,1
2572,"Sardar Vallabhbhai National Institute of Technology, Surat",229,"Mathematics (5 Years, Integrated Bachelor of Science-Master of Science)",5H3E,OS,OPEN,Gender-Neutral,4
2573,"Sardar Vallabhbhai National Institute of Technology, Surat",229,"Mathematics (5 Years, Integrated Bachelor of Science-Master of Science)",5H3E,OS,GEN-EWS,Gender-Neutral,1
2574,"Sardar Vallabhbhai National Institute of Technology, Surat",229,"Mathematics (5 Years, Integrated Bachelor of Science-Master of Science)",5H3E,OS,OBC-NCL,Gender-Neutral,5
2575,"Sardar Vallabhbhai National Institute of Technology, Surat",229,"Mathematics (5 Years, Integrated Bachelor of Science-Master of Science)",5H3E,OS,SC,Gender-Neutral,1
2576,"Visvesvaraya National Institute of Technology, Nagpur",230,"Chemical Engineering (4 Years, Bachelor of Technology)",4107,HS,OPEN,Gender-Neutral,7
2577,"Visvesvaraya National Institute of Technology, Nagpur",230,"Chemical Engineering (4 Years, Bachelor of Technology)",4107,HS,OPEN,Female-only (including Supernumerary),1
2578,"Visvesvaraya National Institute of Technology, Nagpur",230,"Chemical Engineering (4 Years, Bachelor of Technology)",4107,HS,GEN-EWS,Gender-Neutral,1
2579,"Visvesvaraya National Institute of Technology, Nagpur",230,"Chemical Engineering (4 Years, Bachelor of Technology)",4107,HS,GEN-EWS,Female-only (including Supernumerary),1
2580,"Visvesvaraya National Institute of Technology, Nagpur",230,"Chemical Engineering (4 Years, Bachelor of Technology)",4107,HS,GEN-EWS(PwD),Gender-Neutral,1
2581,"Visvesvaraya National Institute of Technology, Nagpur",230,"Chemical Engineering (4 Years, Bachelor of Technology)",4107,HS,OBC-NCL,Gender-Neutral,5
2582,"Visvesvaraya National Institute of Technology, Nagpur",230,"Chemical Engineering (4 Years, Bachelor of Technology)",4107,HS,SC,Gender-Neutral,1
2583,"Visvesvaraya National Institute of Technology, Nagpur",230,"Chemical Engineering (4 Years, Bachelor of Technology)",4107,HS,SC,Female-only (including Supernumerary),1
2584,"Visvesvaraya National Institute of Technology, Nagpur",230,"Chemical Engineering (4 Years, Bachelor of Technology)",4107,HS,SC (PwD),Gender-Neutral,1
2585,"Visvesvaraya National Institute of Technology, Nagpur",230,"Chemical Engineering (4 Years, Bachelor of Technology)",4107,OS,OPEN,Gender-Neutral,6
2586,"Visvesvaraya National Institute of Technology, Nagpur",230,"Chemical Engineering (4 Years, Bachelor of Technology)",4107,OS,OBC-NCL(PwD),Gender-Neutral,1
2587,"Visvesvaraya National Institute of Technology, Nagpur",230,"Chemical Engineering (4 Years, Bachelor of Technology)",4107,OS,SC,Gender-Neutral,1
2588,"Visvesvaraya National Institute of Technology, Nagpur",230,"Chemical Engineering (4 Years, Bachelor of Technology)",4107,OS,ST,Gender-Neutral,1
2589,"Visvesvaraya National Institute of Technology, Nagpur",230,"Chemical Engineering (4 Years, Bachelor of Technology)",4107,OS,ST (PwD),Gender-Neutral,1
2590,"Visvesvaraya National Institute of Technology, Nagpur",230,"Civil Engineering (4 Years, Bachelor of Technology)",4109,HS,OPEN,Gender-Neutral,4
2591,"Visvesvaraya National Institute of Technology, Nagpur",230,"Civil Engineering (4 Years, Bachelor of Technology)",4109,HS,OPEN,Female-only (including Supernumerary),2
2592,"Visvesvaraya National Institute of Technology, Nagpur",230,"Civil Engineering (4 Years, Bachelor of Technology)",4109,HS,GEN-EWS,Female-only (including Supernumerary),1
2593,"Visvesvaraya National Institute of Technology, Nagpur",230,"Civil Engineering (4 Years, Bachelor of Technology)",4109,HS,OBC-NCL,Gender-Neutral,5
2594,"Visvesvaraya National Institute of Technology, Nagpur",230,"Civil Engineering (4 Years, Bachelor of Technology)",4109,HS,OBC-NCL,Female-only (including Supernumerary),1
2595,"Visvesvaraya National Institute of Technology, Nagpur",230,"Civil Engineering (4 Years, Bachelor of Technology)",4109,HS,SC,Gender-Neutral,1
2596,"Visvesvaraya National Institute of Technology, Nagpur",230,"Civil Engineering (4 Years, Bachelor of Technology)",4109,HS,ST,Gender-Neutral,1
2597,"Visvesvaraya National Institute of Technology, Nagpur",230,"Civil Engineering (4 Years, Bachelor of Technology)",4109,OS,OPEN,Gender-Neutral,1
2598,"Visvesvaraya National Institute of Technology, Nagpur",230,"Civil Engineering (4 Years, Bachelor of Technology)",4109,OS,GEN-EWS,Female-only (including Supernumerary),1
2599,"Visvesvaraya National Institute of Technology, Nagpur",230,"Civil Engineering (4 Years, Bachelor of Technology)",4109,OS,OBC-NCL,Gender-Neutral,1
2600,"Visvesvaraya National Institute of Technology, Nagpur",230,"Computer Science and Engineering (4 Years, Bachelor of Technology)",4110,HS,OPEN,Gender-Neutral,4
2601,"Visvesvaraya National Institute of Technology, Nagpur",230,"Computer Science and Engineering (4 Years, Bachelor of Technology)",4110,HS,OPEN,Female-only (including Supernumerary),2
2602,"Visvesvaraya National Institute of Technology, Nagpur",230,"Computer Science and Engineering (4 Years, Bachelor of Technology)",4110,HS,GEN-EWS,Gender-Neutral,1
2603,"Visvesvaraya National Institute of Technology, Nagpur",230,"Computer Science and Engineering (4 Years, Bachelor of Technology)",4110,HS,GEN-EWS,Female-only (including Supernumerary),1
2604,"Visvesvaraya National Institute of Technology, Nagpur",230,"Computer Science and Engineering (4 Years, Bachelor of Technology)",4110,HS,SC,Female-only (including Supernumerary),1
2605,"Visvesvaraya National Institute of Technology, Nagpur",230,"Computer Science and Engineering (4 Years, Bachelor of Technology)",4110,OS,OPEN,Gender-Neutral,8
2606,"Visvesvaraya National Institute of Technology, Nagpur",230,"Computer Science and Engineering (4 Years, Bachelor of Technology)",4110,OS,OBC-NCL,Gender-Neutral,1
2607,"Visvesvaraya National Institute of Technology, Nagpur",230,"Computer Science and Engineering (4 Years, Bachelor of Technology)",4110,OS,ST,Gender-Neutral,1
2608,"Visvesvaraya National Institute of Technology, Nagpur",230,"Electronics and Communication Engineering (4 Years, Bachelor of Technology)",4114,HS,OPEN,Gender-Neutral,4
2609,"Visvesvaraya National Institute of Technology, Nagpur",230,"Electronics and Communication Engineering (4 Years, Bachelor of Technology)",4114,HS,OPEN,Female-only (including Supernumerary),1
2610,"Visvesvaraya National Institute of Technology, Nagpur",230,"Electronics and Communication Engineering (4 Years, Bachelor of Technology)",4114,HS,OPEN (PwD),Gender-Neutral,1
2611,"Visvesvaraya National Institute of Technology, Nagpur",230,"Electronics and Communication Engineering (4 Years, Bachelor of Technology)",4114,HS,OBC-NCL,Female-only (including Supernumerary),1
2612,"Visvesvaraya National Institute of Technology, Nagpur",230,"Electronics and Communication Engineering (4 Years, Bachelor of Technology)",4114,OS,OPEN,Gender-Neutral,5
2613,"Visvesvaraya National Institute of Technology, Nagpur",230,"Electronics and Communication Engineering (4 Years, Bachelor of Technology)",4114,OS,OPEN,Female-only (including Supernumerary),1
2614,"Visvesvaraya National Institute of Technology, Nagpur",230,"Engineering Physics (4 Years, Bachelor of Technology)",4117,HS,OPEN,Gender-Neutral,2
2615,"Visvesvaraya National Institute of Technology, Nagpur",230,"Engineering Physics (4 Years, Bachelor of Technology)",4117,HS,OPEN,Female-only (including Supernumerary),1
2616,"Visvesvaraya National Institute of Technology, Nagpur",230,"Engineering Physics (4 Years, Bachelor of Technology)",4117,HS,SC,Gender-Neutral,1
2617,"Visvesvaraya National Institute of Technology, Nagpur",230,"Engineering Physics (4 Years, Bachelor of Technology)",4117,OS,OPEN,Gender-Neutral,1
2618,"Visvesvaraya National Institute of Technology, Nagpur",230,"Engineering Physics (4 Years, Bachelor of Technology)",4117,OS,OPEN,Female-only (including Supernumerary),1
2619,"Visvesvaraya National Institute of Technology, Nagpur",230,"Engineering Physics (4 Years, Bachelor of Technology)",4117,OS,OBC-NCL,Gender-Neutral,2
2620,"Visvesvaraya National Institute of Technology, Nagpur",230,"Electronics Engineering (VLSI Design and Technology) (4 Years, Bachelor of Technology)",411H,HS,OPEN,Gender-Neutral,1
2621,"Visvesvaraya National Institute of Technology, Nagpur",230,"Electronics Engineering (VLSI Design and Technology) (4 Years, Bachelor of Technology)",411H,HS,SC,Gender-Neutral,1
2622,"Visvesvaraya National Institute of Technology, Nagpur",230,"Electronics Engineering (VLSI Design and Technology) (4 Years, Bachelor of Technology)",411H,HS,SC,Female-only (including Supernumerary),1
2623,"Visvesvaraya National Institute of Technology, Nagpur",230,"Electronics Engineering (VLSI Design and Technology) (4 Years, Bachelor of Technology)",411H,OS,OPEN,Gender-Neutral,2
2624,"Visvesvaraya National Institute of Technology, Nagpur",230,"Electronics Engineering (VLSI Design and Technology) (4 Years, Bachelor of Technology)",411H,OS,OPEN,Female-only (including Supernumerary),2
2625,"Visvesvaraya National Institute of Technology, Nagpur",230,"Electronics Engineering (VLSI Design and Technology) (4 Years, Bachelor of Technology)",411H,OS,OPEN (PwD),Gender-Neutral,1
2626,"Visvesvaraya National Institute of Technology, Nagpur",230,"Electronics Engineering (VLSI Design and Technology) (4 Years, Bachelor of Technology)",411H,OS,OBC-NCL,Gender-Neutral,1
2627,"Visvesvaraya National Institute of Technology, Nagpur",230,"Mathematics and Computing (4 Years, Bachelor of Technology)",4124,HS,OPEN,Gender-Neutral,2
2628,"Visvesvaraya National Institute of Technology, Nagpur",230,"Mathematics and Computing (4 Years, Bachelor of Technology)",4124,HS,OPEN,Female-only (including Supernumerary),1
2629,"Visvesvaraya National Institute of Technology, Nagpur",230,"Mathematics and Computing (4 Years, Bachelor of Technology)",4124,HS,OBC-NCL,Female-only (including Supernumerary),1
2630,"Visvesvaraya National Institute of Technology, Nagpur",230,"Mathematics and Computing (4 Years, Bachelor of Technology)",4124,HS,SC (PwD),Gender-Neutral,1
2631,"Visvesvaraya National Institute of Technology, Nagpur",230,"Mathematics and Computing (4 Years, Bachelor of Technology)",4124,OS,OPEN,Gender-Neutral,2
2632,"Visvesvaraya National Institute of Technology, Nagpur",230,"Mathematics and Computing (4 Years, Bachelor of Technology)",4124,OS,OPEN,Female-only (including Supernumerary),1
2633,"Visvesvaraya National Institute of Technology, Nagpur",230,"Mechanical Engineering (4 Years, Bachelor of Technology)",4125,HS,OPEN,Gender-Neutral,6
2634,"Visvesvaraya National Institute of Technology, Nagpur",230,"Mechanical Engineering (4 Years, Bachelor of Technology)",4125,HS,OPEN,Female-only (including Supernumerary),2
2635,"Visvesvaraya National Institute of Technology, Nagpur",230,"Mechanical Engineering (4 Years, Bachelor of Technology)",4125,HS,OPEN (PwD),Gender-Neutral,1
2636,"Visvesvaraya National Institute of Technology, Nagpur",230,"Mechanical Engineering (4 Years, Bachelor of Technology)",4125,HS,GEN-EWS,Gender-Neutral,1
2637,"Visvesvaraya National Institute of Technology, Nagpur",230,"Mechanical Engineering (4 Years, Bachelor of Technology)",4125,HS,OBC-NCL,Gender-Neutral,1
2638,"Visvesvaraya National Institute of Technology, Nagpur",230,"Mechanical Engineering (4 Years, Bachelor of Technology)",4125,HS,ST,Female-only (including Supernumerary),1
2639,"Visvesvaraya National Institute of Technology, Nagpur",230,"Mechanical Engineering (4 Years, Bachelor of Technology)",4125,OS,OPEN,Gender-Neutral,5
2640,"Visvesvaraya National Institute of Technology, Nagpur",230,"Mechanical Engineering (4 Years, Bachelor of Technology)",4125,OS,OPEN,Female-only (including Supernumerary),1
2641,"Visvesvaraya National Institute of Technology, Nagpur",230,"Mechanical Engineering (4 Years, Bachelor of Technology)",4125,OS,OBC-NCL,Gender-Neutral,2
2642,"Visvesvaraya National Institute of Technology, Nagpur",230,"Mechanical Engineering (4 Years, Bachelor of Technology)",4125,OS,SC,Gender-Neutral,1
2643,"Visvesvaraya National Institute of Technology, Nagpur",230,"Metallurgical and Materials Engineering (4 Years, Bachelor of Technology)",4127,HS,OPEN,Gender-Neutral,8
2644,"Visvesvaraya National Institute of Technology, Nagpur",230,"Metallurgical and Materials Engineering (4 Years, Bachelor of Technology)",4127,HS,OPEN,Female-only (including Supernumerary),1
2645,"Visvesvaraya National Institute of Technology, Nagpur",230,"Metallurgical and Materials Engineering (4 Years, Bachelor of Technology)",4127,HS,GEN-EWS,Gender-Neutral,1
2646,"Visvesvaraya National Institute of Technology, Nagpur",230,"Metallurgical and Materials Engineering (4 Years, Bachelor of Technology)",4127,HS,OBC-NCL,Gender-Neutral,4
2647,"Visvesvaraya National Institute of Technology, Nagpur",230,"Metallurgical and Materials Engineering (4 Years, Bachelor of Technology)",4127,HS,OBC-NCL,Female-only (including Supernumerary),1
2648,"Visvesvaraya National Institute of Technology, Nagpur",230,"Metallurgical and Materials Engineering (4 Years, Bachelor of Technology)",4127,HS,OBC-NCL(PwD),Gender-Neutral,1
2649,"Visvesvaraya National Institute of Technology, Nagpur",230,"Metallurgical and Materials Engineering (4 Years, Bachelor of Technology)",4127,HS,SC,Gender-Neutral,1
2650,"Visvesvaraya National Institute of Technology, Nagpur",230,"Metallurgical and Materials Engineering (4 Years, Bachelor of Technology)",4127,HS,SC (PwD),Gender-Neutral,1
2651,"Visvesvaraya National Institute of Technology, Nagpur",230,"Metallurgical and Materials Engineering (4 Years, Bachelor of Technology)",4127,HS,ST (PwD),Gender-Neutral,1
2652,"Visvesvaraya National Institute of Technology, Nagpur",230,"Metallurgical and Materials Engineering (4 Years, Bachelor of Technology)",4127,OS,OPEN,Gender-Neutral,2
2653,"Visvesvaraya National Institute of Technology, Nagpur",230,"Metallurgical and Materials Engineering (4 Years, Bachelor of Technology)",4127,OS,OPEN,Female-only (including Supernumerary),1
2654,"Visvesvaraya National Institute of Technology, Nagpur",230,"Metallurgical and Materials Engineering (4 Years, Bachelor of Technology)",4127,OS,OBC-NCL,Gender-Neutral,1
2655,"Visvesvaraya National Institute of Technology, Nagpur",230,"Metallurgical and Materials Engineering (4 Years, Bachelor of Technology)",4127,OS,OBC-NCL,Female-only (including Supernumerary),1
2656,"Visvesvaraya National Institute of Technology, Nagpur",230,"Metallurgical and Materials Engineering (4 Years, Bachelor of Technology)",4127,OS,SC,Gender-Neutral,1
2657,"Visvesvaraya National Institute of Technology, Nagpur",230,"Metallurgical and Materials Engineering (4 Years, Bachelor of Technology)",4127,OS,SC,Female-only (including Supernumerary),1
2658,"Visvesvaraya National Institute of Technology, Nagpur",230,"Mining Engineering (4 Years, Bachelor of Technology)",4130,HS,OPEN,Gender-Neutral,1
2659,"Visvesvaraya National Institute of Technology, Nagpur",230,"Mining Engineering (4 Years, Bachelor of Technology)",4130,HS,OPEN,Female-only (including Supernumerary),1
2660,"Visvesvaraya National Institute of Technology, Nagpur",230,"Mining Engineering (4 Years, Bachelor of Technology)",4130,HS,GEN-EWS,Gender-Neutral,1
2661,"Visvesvaraya National Institute of Technology, Nagpur",230,"Mining Engineering (4 Years, Bachelor of Technology)",4130,HS,OBC-NCL,Gender-Neutral,2
2662,"Visvesvaraya National Institute of Technology, Nagpur",230,"Mining Engineering (4 Years, Bachelor of Technology)",4130,HS,SC,Gender-Neutral,1
2663,"Visvesvaraya National Institute of Technology, Nagpur",230,"Mining Engineering (4 Years, Bachelor of Technology)",4130,HS,ST,Gender-Neutral,1
2664,"Visvesvaraya National Institute of Technology, Nagpur",230,"Mining Engineering (4 Years, Bachelor of Technology)",4130,OS,OPEN,Gender-Neutral,3
2665,"Visvesvaraya National Institute of Technology, Nagpur",230,"Mining Engineering (4 Years, Bachelor of Technology)",4130,OS,GEN-EWS,Gender-Neutral,1
2666,"Visvesvaraya National Institute of Technology, Nagpur",230,"Mining Engineering (4 Years, Bachelor of Technology)",4130,OS,OBC-NCL,Gender-Neutral,1
2667,"Visvesvaraya National Institute of Technology, Nagpur",230,"Mining Engineering (4 Years, Bachelor of Technology)",4130,OS,SC,Gender-Neutral,1
2668,"Visvesvaraya National Institute of Technology, Nagpur",230,"Chemical Technology (Bioprocess Technology) (4 Years, Bachelor of Technology)",413Y,HS,OPEN,Gender-Neutral,2
2669,"Visvesvaraya National Institute of Technology, Nagpur",230,"Chemical Technology (Bioprocess Technology) (4 Years, Bachelor of Technology)",413Y,HS,OPEN,Female-only (including Supernumerary),2
2670,"Visvesvaraya National Institute of Technology, Nagpur",230,"Chemical Technology (Bioprocess Technology) (4 Years, Bachelor of Technology)",413Y,OS,OPEN,Gender-Neutral,3
2671,"Visvesvaraya National Institute of Technology, Nagpur",230,"Chemical Technology (Bioprocess Technology) (4 Years, Bachelor of Technology)",413Y,OS,GEN-EWS,Gender-Neutral,1
2672,"Visvesvaraya National Institute of Technology, Nagpur",230,"Chemical Technology (Bioprocess Technology) (4 Years, Bachelor of Technology)",413Y,OS,OBC-NCL,Gender-Neutral,1
2673,"Visvesvaraya National Institute of Technology, Nagpur",230,"Computer Science and Engineering (Artificial Intelligence and Data Science) (4 Years, Bachelor of Technology)",413Z,HS,OPEN,Gender-Neutral,1
2674,"Visvesvaraya National Institute of Technology, Nagpur",230,"Computer Science and Engineering (Artificial Intelligence and Data Science) (4 Years, Bachelor of Technology)",413Z,HS,OPEN (PwD),Gender-Neutral,1
2675,"Visvesvaraya National Institute of Technology, Nagpur",230,"Computer Science and Engineering (Artificial Intelligence and Data Science) (4 Years, Bachelor of Technology)",413Z,OS,OPEN,Gender-Neutral,2
2676,"Visvesvaraya National Institute of Technology, Nagpur",230,"Computer Science and Engineering (Artificial Intelligence and Data Science) (4 Years, Bachelor of Technology)",413Z,OS,OPEN,Female-only (including Supernumerary),1
2677,"Visvesvaraya National Institute of Technology, Nagpur",230,"Electrical and Electronics Engineering (4 Years, Bachelor of Technology)",4144,HS,OPEN,Gender-Neutral,6
2678,"Visvesvaraya National Institute of Technology, Nagpur",230,"Electrical and Electronics Engineering (4 Years, Bachelor of Technology)",4144,HS,OPEN,Female-only (including Supernumerary),2
2679,"Visvesvaraya National Institute of Technology, Nagpur",230,"Electrical and Electronics Engineering (4 Years, Bachelor of Technology)",4144,HS,OBC-NCL,Gender-Neutral,2
2680,"Visvesvaraya National Institute of Technology, Nagpur",230,"Electrical and Electronics Engineering (4 Years, Bachelor of Technology)",4144,OS,OPEN,Gender-Neutral,4
2681,"Visvesvaraya National Institute of Technology, Nagpur",230,"Electrical and Electronics Engineering (4 Years, Bachelor of Technology)",4144,OS,OPEN,Female-only (including Supernumerary),2
2682,"Visvesvaraya National Institute of Technology, Nagpur",230,"Electrical and Electronics Engineering (4 Years, Bachelor of Technology)",4144,OS,OBC-NCL,Gender-Neutral,1
2683,"Visvesvaraya National Institute of Technology, Nagpur",230,"Electrical and Electronics Engineering (4 Years, Bachelor of Technology)",4144,OS,ST,Gender-Neutral,1
2684,"Visvesvaraya National Institute of Technology, Nagpur",230,"Architecture (5 Years, Bachelor of Architecture)",5101,HS,OPEN,Gender-Neutral,2
2685,"Visvesvaraya National Institute of Technology, Nagpur",230,"Architecture (5 Years, Bachelor of Architecture)",5101,HS,GEN-EWS,Female-only (including Supernumerary),1
2686,"Visvesvaraya National Institute of Technology, Nagpur",230,"Architecture (5 Years, Bachelor of Architecture)",5101,HS,OBC-NCL,Gender-Neutral,2
2687,"Visvesvaraya National Institute of Technology, Nagpur",230,"Architecture (5 Years, Bachelor of Architecture)",5101,HS,OBC-NCL(PwD),Gender-Neutral,1
2688,"Visvesvaraya National Institute of Technology, Nagpur",230,"Architecture (5 Years, Bachelor of Architecture)",5101,HS,ST,Gender-Neutral,1
2689,"Visvesvaraya National Institute of Technology, Nagpur",230,"Architecture (5 Years, Bachelor of Architecture)",5101,OS,OPEN,Gender-Neutral,1
2690,"Visvesvaraya National Institute of Technology, Nagpur",230,"Architecture (5 Years, Bachelor of Architecture)",5101,OS,OPEN,Female-only (including Supernumerary),1
2691,"Visvesvaraya National Institute of Technology, Nagpur",230,"Architecture (5 Years, Bachelor of Architecture)",5101,OS,SC,Gender-Neutral,1
2692,"Visvesvaraya National Institute of Technology, Nagpur",230,"Architecture (5 Years, Bachelor of Architecture)",5101,OS,ST,Gender-Neutral,1
2693,"National Institute of Technology, Andhra Pradesh",231,"Bio Technology (4 Years, Bachelor of Technology)",4104,HS,OPEN,Gender-Neutral,3
2694,"National Institute of Technology, Andhra Pradesh",231,"Bio Technology (4 Years, Bachelor of Technology)",4104,HS,OPEN,Female-only (including Supernumerary),1
2695,"National Institute of Technology, Andhra Pradesh",231,"Bio Technology (4 Years, Bachelor of Technology)",4104,HS,OBC-NCL,Gender-Neutral,2
2696,"National Institute of Technology, Andhra Pradesh",231,"Bio Technology (4 Years, Bachelor of Technology)",4104,HS,SC,Gender-Neutral,1
2697,"National Institute of Technology, Andhra Pradesh",231,"Bio Technology (4 Years, Bachelor of Technology)",4104,HS,ST,Gender-Neutral,1
2698,"National Institute of Technology, Andhra Pradesh",231,"Bio Technology (4 Years, Bachelor of Technology)",4104,OS,OPEN,Gender-Neutral,2
2699,"National Institute of Technology, Andhra Pradesh",231,"Bio Technology (4 Years, Bachelor of Technology)",4104,OS,OPEN,Female-only (including Supernumerary),1
2700,"National Institute of Technology, Andhra Pradesh",231,"Bio Technology (4 Years, Bachelor of Technology)",4104,OS,GEN-EWS,Female-only (including Supernumerary),1
2701,"National Institute of Technology, Andhra Pradesh",231,"Bio Technology (4 Years, Bachelor of Technology)",4104,OS,OBC-NCL,Gender-Neutral,2
2702,"National Institute of Technology, Andhra Pradesh",231,"Bio Technology (4 Years, Bachelor of Technology)",4104,OS,OBC-NCL,Female-only (including Supernumerary),1
2703,"National Institute of Technology, Andhra Pradesh",231,"Bio Technology (4 Years, Bachelor of Technology)",4104,OS,SC,Gender-Neutral,1
2704,"National Institute of Technology, Andhra Pradesh",231,"Chemical Engineering (4 Years, Bachelor of Technology)",4107,HS,OPEN,Gender-Neutral,1
2705,"National Institute of Technology, Andhra Pradesh",231,"Chemical Engineering (4 Years, Bachelor of Technology)",4107,OS,OPEN,Gender-Neutral,4
2706,"National Institute of Technology, Andhra Pradesh",231,"Chemical Engineering (4 Years, Bachelor of Technology)",4107,OS,OBC-NCL,Gender-Neutral,2
2707,"National Institute of Technology, Andhra Pradesh",231,"Chemical Engineering (4 Years, Bachelor of Technology)",4107,OS,OBC-NCL,Female-only (including Supernumerary),1
2708,"National Institute of Technology, Andhra Pradesh",231,"Chemical Engineering (4 Years, Bachelor of Technology)",4107,OS,SC,Gender-Neutral,1
2709,"National Institute of Technology, Andhra Pradesh",231,"Chemical Engineering (4 Years, Bachelor of Technology)",4107,OS,ST,Gender-Neutral,1
2710,"National Institute of Technology, Andhra Pradesh",231,"Civil Engineering (4 Years, Bachelor of Technology)",4109,HS,OPEN,Gender-Neutral,3
2711,"National Institute of Technology, Andhra Pradesh",231,"Civil Engineering (4 Years, Bachelor of Technology)",4109,HS,OPEN,Female-only (including Supernumerary),1
2712,"National Institute of Technology, Andhra Pradesh",231,"Civil Engineering (4 Years, Bachelor of Technology)",4109,HS,GEN-EWS,Female-only (including Supernumerary),1
2713,"National Institute of Technology, Andhra Pradesh",231,"Civil Engineering (4 Years, Bachelor of Technology)",4109,HS,OBC-NCL,Gender-Neutral,1
2714,"National Institute of Technology, Andhra Pradesh",231,"Civil Engineering (4 Years, Bachelor of Technology)",4109,HS,SC,Female-only (including Supernumerary),1
2715,"National Institute of Technology, Andhra Pradesh",231,"Civil Engineering (4 Years, Bachelor of Technology)",4109,OS,OPEN,Gender-Neutral,2
2716,"National Institute of Technology, Andhra Pradesh",231,"Civil Engineering (4 Years, Bachelor of Technology)",4109,OS,OPEN,Female-only (including Supernumerary),3
2717,"National Institute of Technology, Andhra Pradesh",231,"Civil Engineering (4 Years, Bachelor of Technology)",4109,OS,OPEN (PwD),Gender-Neutral,1
2718,"National Institute of Technology, Andhra Pradesh",231,"Civil Engineering (4 Years, Bachelor of Technology)",4109,OS,GEN-EWS,Gender-Neutral,1
2719,"National Institute of Technology, Andhra Pradesh",231,"Civil Engineering (4 Years, Bachelor of Technology)",4109,OS,GEN-EWS,Female-only (including Supernumerary),1
2720,"National Institute of Technology, Andhra Pradesh",231,"Civil Engineering (4 Years, Bachelor of Technology)",4109,OS,OBC-NCL,Gender-Neutral,2
2721,"National Institute of Technology, Andhra Pradesh",231,"Civil Engineering (4 Years, Bachelor of Technology)",4109,OS,OBC-NCL,Female-only (including Supernumerary),1
2722,"National Institute of Technology, Andhra Pradesh",231,"Civil Engineering (4 Years, Bachelor of Technology)",4109,OS,OBC-NCL(PwD),Gender-Neutral,1
2723,"National Institute of Technology, Andhra Pradesh",231,"Civil Engineering (4 Years, Bachelor of Technology)",4109,OS,SC,Gender-Neutral,1
2724,"National Institute of Technology, Andhra Pradesh",231,"Computer Science and Engineering (4 Years, Bachelor of Technology)",4110,HS,OPEN,Gender-Neutral,2
2725,"National Institute of Technology, Andhra Pradesh",231,"Computer Science and Engineering (4 Years, Bachelor of Technology)",4110,OS,OPEN,Gender-Neutral,4
2726,"National Institute of Technology, Andhra Pradesh",231,"Computer Science and Engineering (4 Years, Bachelor of Technology)",4110,OS,OBC-NCL,Gender-Neutral,1
2727,"National Institute of Technology, Andhra Pradesh",231,"Electronics and Communication Engineering (4 Years, Bachelor of Technology)",4114,HS,OPEN,Gender-Neutral,1
2728,"National Institute of Technology, Andhra Pradesh",231,"Electronics and Communication Engineering (4 Years, Bachelor of Technology)",4114,HS,GEN-EWS,Gender-Neutral,1
2729,"National Institute of Technology, Andhra Pradesh",231,"Electronics and Communication Engineering (4 Years, Bachelor of Technology)",4114,HS,OBC-NCL,Gender-Neutral,1
2730,"National Institute of Technology, Andhra Pradesh",231,"Electronics and Communication Engineering (4 Years, Bachelor of Technology)",4114,HS,ST,Female-only (including Supernumerary),1
2731,"National Institute of Technology, Andhra Pradesh",231,"Electronics and Communication Engineering (4 Years, Bachelor of Technology)",4114,OS,OPEN,Gender-Neutral,4
2732,"National Institute of Technology, Andhra Pradesh",231,"Electronics and Communication Engineering (4 Years, Bachelor of Technology)",4114,OS,OPEN,Female-only (including Supernumerary),3
2733,"National Institute of Technology, Andhra Pradesh",231,"Electronics and Communication Engineering (4 Years, Bachelor of Technology)",4114,OS,GEN-EWS,Gender-Neutral,1
2734,"National Institute of Technology, Andhra Pradesh",231,"Electronics and Communication Engineering (4 Years, Bachelor of Technology)",4114,OS,OBC-NCL,Gender-Neutral,2
2735,"National Institute of Technology, Andhra Pradesh",231,"Electronics and Communication Engineering (4 Years, Bachelor of Technology)",4114,OS,OBC-NCL,Female-only (including Supernumerary),1
2736,"National Institute of Technology, Andhra Pradesh",231,"Electronics and Communication Engineering (4 Years, Bachelor of Technology)",4114,OS,ST,Female-only (including Supernumerary),1
2737,"National Institute of Technology, Andhra Pradesh",231,"Mechanical Engineering (4 Years, Bachelor of Technology)",4125,HS,OPEN,Gender-Neutral,2
2738,"National Institute of Technology, Andhra Pradesh",231,"Mechanical Engineering (4 Years, Bachelor of Technology)",4125,HS,OPEN,Female-only (including Supernumerary),1
2739,"National Institute of Technology, Andhra Pradesh",231,"Mechanical Engineering (4 Years, Bachelor of Technology)",4125,HS,SC (PwD),Gender-Neutral,1
2740,"National Institute of Technology, Andhra Pradesh",231,"Mechanical Engineering (4 Years, Bachelor of Technology)",4125,OS,OPEN,Gender-Neutral,5
2741,"National Institute of Technology, Andhra Pradesh",231,"Mechanical Engineering (4 Years, Bachelor of Technology)",4125,OS,OPEN,Female-only (including Supernumerary),2
2742,"National Institute of Technology, Andhra Pradesh",231,"Mechanical Engineering (4 Years, Bachelor of Technology)",4125,OS,GEN-EWS,Gender-Neutral,1
2743,"National Institute of Technology, Andhra Pradesh",231,"Mechanical Engineering (4 Years, Bachelor of Technology)",4125,OS,GEN-EWS,Female-only (including Supernumerary),1
2744,"National Institute of Technology, Andhra Pradesh",231,"Mechanical Engineering (4 Years, Bachelor of Technology)",4125,OS,OBC-NCL,Gender-Neutral,1
2745,"National Institute of Technology, Andhra Pradesh",231,"Metallurgical and Materials Engineering (4 Years, Bachelor of Technology)",4127,HS,OPEN,Gender-Neutral,1
2746,"National Institute of Technology, Andhra Pradesh",231,"Metallurgical and Materials Engineering (4 Years, Bachelor of Technology)",4127,HS,OPEN,Female-only (including Supernumerary),1
2747,"National Institute of Technology, Andhra Pradesh",231,"Metallurgical and Materials Engineering (4 Years, Bachelor of Technology)",4127,HS,GEN-EWS,Gender-Neutral,1
2748,"National Institute of Technology, Andhra Pradesh",231,"Metallurgical and Materials Engineering (4 Years, Bachelor of Technology)",4127,OS,OPEN,Gender-Neutral,3
2749,"National Institute of Technology, Andhra Pradesh",231,"Metallurgical and Materials Engineering (4 Years, Bachelor of Technology)",4127,OS,OPEN,Female-only (including Supernumerary),1
2750,"National Institute of Technology, Andhra Pradesh",231,"Metallurgical and Materials Engineering (4 Years, Bachelor of Technology)",4127,OS,GEN-EWS,Gender-Neutral,1
2751,"National Institute of Technology, Andhra Pradesh",231,"Metallurgical and Materials Engineering (4 Years, Bachelor of Technology)",4127,OS,OBC-NCL,Gender-Neutral,1
2752,"National Institute of Technology, Andhra Pradesh",231,"Metallurgical and Materials Engineering (4 Years, Bachelor of Technology)",4127,OS,OBC-NCL,Female-only (including Supernumerary),1
2753,"National Institute of Technology, Andhra Pradesh",231,"Electrical and Electronics Engineering (4 Years, Bachelor of Technology)",4144,HS,OPEN,Gender-Neutral,1
2754,"National Institute of Technology, Andhra Pradesh",231,"Electrical and Electronics Engineering (4 Years, Bachelor of Technology)",4144,HS,OPEN,Female-only (including Supernumerary),1
2755,"National Institute of Technology, Andhra Pradesh",231,"Electrical and Electronics Engineering (4 Years, Bachelor of Technology)",4144,HS,GEN-EWS,Gender-Neutral,1
2756,"National Institute of Technology, Andhra Pradesh",231,"Electrical and Electronics Engineering (4 Years, Bachelor of Technology)",4144,HS,OBC-NCL,Gender-Neutral,1
2757,"National Institute of Technology, Andhra Pradesh",231,"Electrical and Electronics Engineering (4 Years, Bachelor of Technology)",4144,OS,OPEN,Gender-Neutral,6
2758,"National Institute of Technology, Andhra Pradesh",231,"Electrical and Electronics Engineering (4 Years, Bachelor of Technology)",4144,OS,OPEN,Female-only (including Supernumerary),3
2759,"National Institute of Technology, Andhra Pradesh",231,"Electrical and Electronics Engineering (4 Years, Bachelor of Technology)",4144,OS,OBC-NCL,Gender-Neutral,2
2760,"National Institute of Technology, Andhra Pradesh",231,"Electrical and Electronics Engineering (4 Years, Bachelor of Technology)",4144,OS,SC,Female-only (including Supernumerary),1
2761,"National Institute of Technology, Andhra Pradesh",231,"Electrical and Electronics Engineering (4 Years, Bachelor of Technology)",4144,OS,ST,Gender-Neutral,1
2762,"Indian Institute of Engineering Science and Technology, Shibpur",232,"Aerospace Engineering (4 Years, Bachelor of Technology)",4101,HS,OPEN,Gender-Neutral,2
2763,"Indian Institute of Engineering Science and Technology, Shibpur",232,"Aerospace Engineering (4 Years, Bachelor of Technology)",4101,HS,OPEN,Female-only (including Supernumerary),1
2764,"Indian Institute of Engineering Science and Technology, Shibpur",232,"Aerospace Engineering (4 Years, Bachelor of Technology)",4101,HS,OPEN (PwD),Gender-Neutral,1
2765,"Indian Institute of Engineering Science and Technology, Shibpur",232,"Aerospace Engineering (4 Years, Bachelor of Technology)",4101,HS,GEN-EWS(PwD),Gender-Neutral,1
2766,"Indian Institute of Engineering Science and Technology, Shibpur",232,"Aerospace Engineering (4 Years, Bachelor of Technology)",4101,HS,OBC-NCL,Gender-Neutral,3
2767,"Indian Institute of Engineering Science and Technology, Shibpur",232,"Aerospace Engineering (4 Years, Bachelor of Technology)",4101,HS,SC,Gender-Neutral,1
2768,"Indian Institute of Engineering Science and Technology, Shibpur",232,"Aerospace Engineering (4 Years, Bachelor of Technology)",4101,HS,ST,Gender-Neutral,1
2769,"Indian Institute of Engineering Science and Technology, Shibpur",232,"Aerospace Engineering (4 Years, Bachelor of Technology)",4101,OS,OPEN,Gender-Neutral,2
2770,"Indian Institute of Engineering Science and Technology, Shibpur",232,"Aerospace Engineering (4 Years, Bachelor of Technology)",4101,OS,OPEN,Female-only (including Supernumerary),2
2771,"Indian Institute of Engineering Science and Technology, Shibpur",232,"Aerospace Engineering (4 Years, Bachelor of Technology)",4101,OS,OBC-NCL,Gender-Neutral,1
2772,"Indian Institute of Engineering Science and Technology, Shibpur",232,"Aerospace Engineering (4 Years, Bachelor of Technology)",4101,OS,OBC-NCL,Female-only (including Supernumerary),1
2773,"Indian Institute of Engineering Science and Technology, Shibpur",232,"Aerospace Engineering (4 Years, Bachelor of Technology)",4101,OS,SC,Gender-Neutral,1
2774,"Indian Institute of Engineering Science and Technology, Shibpur",232,"Civil Engineering (4 Years, Bachelor of Technology)",4109,HS,OPEN,Gender-Neutral,13
2775,"Indian Institute of Engineering Science and Technology, Shibpur",232,"Civil Engineering (4 Years, Bachelor of Technology)",4109,HS,OPEN,Female-only (including Supernumerary),4
2776,"Indian Institute of Engineering Science and Technology, Shibpur",232,"Civil Engineering (4 Years, Bachelor of Technology)",4109,HS,GEN-EWS,Gender-Neutral,2
2777,"Indian Institute of Engineering Science and Technology, Shibpur",232,"Civil Engineering (4 Years, Bachelor of Technology)",4109,HS,GEN-EWS(PwD),Gender-Neutral,1
2778,"Indian Institute of Engineering Science and Technology, Shibpur",232,"Civil Engineering (4 Years, Bachelor of Technology)",4109,HS,OBC-NCL,Gender-Neutral,5
2779,"Indian Institute of Engineering Science and Technology, Shibpur",232,"Civil Engineering (4 Years, Bachelor of Technology)",4109,HS,SC,Female-only (including Supernumerary),2
2780,"Indian Institute of Engineering Science and Technology, Shibpur",232,"Civil Engineering (4 Years, Bachelor of Technology)",4109,HS,ST (PwD),Gender-Neutral,1
2781,"Indian Institute of Engineering Science and Technology, Shibpur",232,"Civil Engineering (4 Years, Bachelor of Technology)",4109,OS,OPEN,Gender-Neutral,11
2782,"Indian Institute of Engineering Science and Technology, Shibpur",232,"Civil Engineering (4 Years, Bachelor of Technology)",4109,OS,OPEN,Female-only (including Supernumerary),2
2783,"Indian Institute of Engineering Science and Technology, Shibpur",232,"Civil Engineering (4 Years, Bachelor of Technology)",4109,OS,GEN-EWS,Gender-Neutral,1
2784,"Indian Institute of Engineering Science and Technology, Shibpur",232,"Civil Engineering (4 Years, Bachelor of Technology)",4109,OS,GEN-EWS(PwD),Female-only (including Supernumerary),1
2785,"Indian Institute of Engineering Science and Technology, Shibpur",232,"Civil Engineering (4 Years, Bachelor of Technology)",4109,OS,OBC-NCL,Gender-Neutral,1
2786,"Indian Institute of Engineering Science and Technology, Shibpur",232,"Civil Engineering (4 Years, Bachelor of Technology)",4109,OS,OBC-NCL,Female-only (including Supernumerary),2
2787,"Indian Institute of Engineering Science and Technology, Shibpur",232,"Civil Engineering (4 Years, Bachelor of Technology)",4109,OS,OBC-NCL(PwD),Female-only (including Supernumerary),1
2788,"Indian Institute of Engineering Science and Technology, Shibpur",232,"Civil Engineering (4 Years, Bachelor of Technology)",4109,OS,SC (PwD),Gender-Neutral,1
2789,"Indian Institute of Engineering Science and Technology, Shibpur",232,"Civil Engineering (4 Years, Bachelor of Technology)",4109,OS,ST,Gender-Neutral,1
2790,"Indian Institute of Engineering Science and Technology, Shibpur",232,"Computer Science and Engineering (4 Years, Bachelor of Technology)",4110,HS,OPEN,Gender-Neutral,4
2791,"Indian Institute of Engineering Science and Technology, Shibpur",232,"Computer Science and Engineering (4 Years, Bachelor of Technology)",4110,HS,OPEN,Female-only (including Supernumerary),1
2792,"Indian Institute of Engineering Science and Technology, Shibpur",232,"Computer Science and Engineering (4 Years, Bachelor of Technology)",4110,HS,OBC-NCL,Gender-Neutral,1
2793,"Indian Institute of Engineering Science and Technology, Shibpur",232,"Computer Science and Engineering (4 Years, Bachelor of Technology)",4110,HS,SC,Gender-Neutral,1
2794,"Indian Institute of Engineering Science and Technology, Shibpur",232,"Computer Science and Engineering (4 Years, Bachelor of Technology)",4110,HS,SC,Female-only (including Supernumerary),1
2795,"Indian Institute of Engineering Science and Technology, Shibpur",232,"Computer Science and Engineering (4 Years, Bachelor of Technology)",4110,OS,OPEN,Gender-Neutral,2
2796,"Indian Institute of Engineering Science and Technology, Shibpur",232,"Computer Science and Engineering (4 Years, Bachelor of Technology)",4110,OS,OPEN,Female-only (including Supernumerary),1
2797,"Indian Institute of Engineering Science and Technology, Shibpur",232,"Computer Science and Engineering (4 Years, Bachelor of Technology)",4110,OS,GEN-EWS,Gender-Neutral,1
2798,"Indian Institute of Engineering Science and Technology, Shibpur",232,"Computer Science and Engineering (4 Years, Bachelor of Technology)",4110,OS,GEN-EWS,Female-only (including Supernumerary),1
2799,"Indian Institute of Engineering Science and Technology, Shibpur",232,"Computer Science and Engineering (4 Years, Bachelor of Technology)",4110,OS,OBC-NCL,Gender-Neutral,1
2800,"Indian Institute of Engineering Science and Technology, Shibpur",232,"Computer Science and Engineering (4 Years, Bachelor of Technology)",4110,OS,OBC-NCL,Female-only (including Supernumerary),1
2801,"Indian Institute of Engineering Science and Technology, Shibpur",232,"Computer Science and Engineering (4 Years, Bachelor of Technology)",4110,OS,SC,Gender-Neutral,1
2802,"Indian Institute of Engineering Science and Technology, Shibpur",232,"Computer Science and Engineering (4 Years, Bachelor of Technology)",4110,OS,SC,Female-only (including Supernumerary),1
2803,"Indian Institute of Engineering Science and Technology, Shibpur",232,"Electrical Engineering (4 Years, Bachelor of Technology)",4111,HS,OPEN,Gender-Neutral,6
2804,"Indian Institute of Engineering Science and Technology, Shibpur",232,"Electrical Engineering (4 Years, Bachelor of Technology)",4111,HS,OPEN,Female-only (including Supernumerary),4
2805,"Indian Institute of Engineering Science and Technology, Shibpur",232,"Electrical Engineering (4 Years, Bachelor of Technology)",4111,HS,GEN-EWS,Gender-Neutral,1
2806,"Indian Institute of Engineering Science and Technology, Shibpur",232,"Electrical Engineering (4 Years, Bachelor of Technology)",4111,HS,SC,Gender-Neutral,1
2807,"Indian Institute of Engineering Science and Technology, Shibpur",232,"Electrical Engineering (4 Years, Bachelor of Technology)",4111,HS,ST,Gender-Neutral,1
2808,"Indian Institute of Engineering Science and Technology, Shibpur",232,"Electrical Engineering (4 Years, Bachelor of Technology)",4111,HS,ST (PwD),Gender-Neutral,1
2809,"Indian Institute of Engineering Science and Technology, Shibpur",232,"Electrical Engineering (4 Years, Bachelor of Technology)",4111,OS,OPEN,Gender-Neutral,3
2810,"Indian Institute of Engineering Science and Technology, Shibpur",232,"Electrical Engineering (4 Years, Bachelor of Technology)",4111,OS,OPEN,Female-only (including Supernumerary),3
2811,"Indian Institute of Engineering Science and Technology, Shibpur",232,"Electrical Engineering (4 Years, Bachelor of Technology)",4111,OS,GEN-EWS,Gender-Neutral,1
2812,"Indian Institute of Engineering Science and Technology, Shibpur",232,"Electrical Engineering (4 Years, Bachelor of Technology)",4111,OS,OBC-NCL,Gender-Neutral,1
2813,"Indian Institute of Engineering Science and Technology, Shibpur",232,"Mathematics and Computing (4 Years, Bachelor of Technology)",4124,HS,OPEN,Gender-Neutral,2
2814,"Indian Institute of Engineering Science and Technology, Shibpur",232,"Mathematics and Computing (4 Years, Bachelor of Technology)",4124,HS,OPEN,Female-only (including Supernumerary),1
2815,"Indian Institute of Engineering Science and Technology, Shibpur",232,"Mathematics and Computing (4 Years, Bachelor of Technology)",4124,HS,SC,Gender-Neutral,1
2816,"Indian Institute of Engineering Science and Technology, Shibpur",232,"Mathematics and Computing (4 Years, Bachelor of Technology)",4124,HS,ST,Gender-Neutral,1
2817,"Indian Institute of Engineering Science and Technology, Shibpur",232,"Mathematics and Computing (4 Years, Bachelor of Technology)",4124,OS,OPEN,Gender-Neutral,3
2818,"Indian Institute of Engineering Science and Technology, Shibpur",232,"Mathematics and Computing (4 Years, Bachelor of Technology)",4124,OS,SC,Gender-Neutral,1
2819,"Indian Institute of Engineering Science and Technology, Shibpur",232,"Mathematics and Computing (4 Years, Bachelor of Technology)",4124,OS,SC (PwD),Gender-Neutral,1
2820,"Indian Institute of Engineering Science and Technology, Shibpur",232,"Mathematics and Computing (4 Years, Bachelor of Technology)",4124,OS,ST,Gender-Neutral,1
2821,"Indian Institute of Engineering Science and Technology, Shibpur",232,"Mechanical Engineering (4 Years, Bachelor of Technology)",4125,HS,OPEN,Gender-Neutral,2
2822,"Indian Institute of Engineering Science and Technology, Shibpur",232,"Mechanical Engineering (4 Years, Bachelor of Technology)",4125,HS,OBC-NCL,Gender-Neutral,1
2823,"Indian Institute of Engineering Science and Technology, Shibpur",232,"Mechanical Engineering (4 Years, Bachelor of Technology)",4125,HS,OBC-NCL(PwD),Gender-Neutral,1
2824,"Indian Institute of Engineering Science and Technology, Shibpur",232,"Mechanical Engineering (4 Years, Bachelor of Technology)",4125,HS,SC (PwD),Gender-Neutral,1
2825,"Indian Institute of Engineering Science and Technology, Shibpur",232,"Mechanical Engineering (4 Years, Bachelor of Technology)",4125,OS,OPEN,Gender-Neutral,5
2826,"Indian Institute of Engineering Science and Technology, Shibpur",232,"Mechanical Engineering (4 Years, Bachelor of Technology)",4125,OS,OPEN,Female-only (including Supernumerary),1
2827,"Indian Institute of Engineering Science and Technology, Shibpur",232,"Mechanical Engineering (4 Years, Bachelor of Technology)",4125,OS,GEN-EWS,Gender-Neutral,1
2828,"Indian Institute of Engineering Science and Technology, Shibpur",232,"Mechanical Engineering (4 Years, Bachelor of Technology)",4125,OS,OBC-NCL,Female-only (including Supernumerary),1
2829,"Indian Institute of Engineering Science and Technology, Shibpur",232,"Mechanical Engineering (4 Years, Bachelor of Technology)",4125,OS,SC,Gender-Neutral,1
2830,"Indian Institute of Engineering Science and Technology, Shibpur",232,"Mechanical Engineering (4 Years, Bachelor of Technology)",4125,OS,SC (PwD),Gender-Neutral,1
2831,"Indian Institute of Engineering Science and Technology, Shibpur",232,"Mining Engineering (4 Years, Bachelor of Technology)",4130,HS,GEN-EWS,Gender-Neutral,1
2832,"Indian Institute of Engineering Science and Technology, Shibpur",232,"Mining Engineering (4 Years, Bachelor of Technology)",4130,HS,OBC-NCL,Female-only (including Supernumerary),1
2833,"Indian Institute of Engineering Science and Technology, Shibpur",232,"Mining Engineering (4 Years, Bachelor of Technology)",4130,HS,OBC-NCL(PwD),Gender-Neutral,1
2834,"Indian Institute of Engineering Science and Technology, Shibpur",232,"Mining Engineering (4 Years, Bachelor of Technology)",4130,HS,SC,Gender-Neutral,2
2835,"Indian Institute of Engineering Science and Technology, Shibpur",232,"Mining Engineering (4 Years, Bachelor of Technology)",4130,OS,OPEN,Gender-Neutral,1
2836,"Indian Institute of Engineering Science and Technology, Shibpur",232,"Mining Engineering (4 Years, Bachelor of Technology)",4130,OS,OPEN,Female-only (including Supernumerary),1
2837,"Indian Institute of Engineering Science and Technology, Shibpur",232,"Mining Engineering (4 Years, Bachelor of Technology)",4130,OS,GEN-EWS,Gender-Neutral,1
2838,"Indian Institute of Engineering Science and Technology, Shibpur",232,"Mining Engineering (4 Years, Bachelor of Technology)",4130,OS,OBC-NCL,Gender-Neutral,2
2839,"Indian Institute of Engineering Science and Technology, Shibpur",232,"Mining Engineering (4 Years, Bachelor of Technology)",4130,OS,OBC-NCL,Female-only (including Supernumerary),2
2840,"Indian Institute of Engineering Science and Technology, Shibpur",232,"Mining Engineering (4 Years, Bachelor of Technology)",4130,OS,SC,Gender-Neutral,1
2841,"Indian Institute of Engineering Science and Technology, Shibpur",232,"Mining Engineering (4 Years, Bachelor of Technology)",4130,OS,SC (PwD),Female-only (including Supernumerary),1
2842,"Indian Institute of Engineering Science and Technology, Shibpur",232,"Mining Engineering (4 Years, Bachelor of Technology)",4130,OS,ST,Gender-Neutral,1
2843,"Indian Institute of Engineering Science and Technology, Shibpur",232,"Information Technology (4 Years, Bachelor of Technology)",4146,HS,OPEN,Gender-Neutral,2
2844,"Indian Institute of Engineering Science and Technology, Shibpur",232,"Information Technology (4 Years, Bachelor of Technology)",4146,HS,OPEN,Female-only (including Supernumerary),1
2845,"Indian Institute of Engineering Science and Technology, Shibpur",232,"Information Technology (4 Years, Bachelor of Technology)",4146,HS,GEN-EWS,Gender-Neutral,2
2846,"Indian Institute of Engineering Science and Technology, Shibpur",232,"Information Technology (4 Years, Bachelor of Technology)",4146,HS,OBC-NCL,Gender-Neutral,1
2847,"Indian Institute of Engineering Science and Technology, Shibpur",232,"Information Technology (4 Years, Bachelor of Technology)",4146,HS,OBC-NCL(PwD),Gender-Neutral,1
2848,"Indian Institute of Engineering Science and Technology, Shibpur",232,"Information Technology (4 Years, Bachelor of Technology)",4146,HS,SC,Gender-Neutral,3
2849,"Indian Institute of Engineering Science and Technology, Shibpur",232,"Information Technology (4 Years, Bachelor of Technology)",4146,HS,ST,Gender-Neutral,1
2850,"Indian Institute of Engineering Science and Technology, Shibpur",232,"Information Technology (4 Years, Bachelor of Technology)",4146,HS,ST,Female-only (including Supernumerary),1
2851,"Indian Institute of Engineering Science and Technology, Shibpur",232,"Information Technology (4 Years, Bachelor of Technology)",4146,OS,OPEN,Gender-Neutral,2
2852,"Indian Institute of Engineering Science and Technology, Shibpur",232,"Information Technology (4 Years, Bachelor of Technology)",4146,OS,OBC-NCL,Female-only (including Supernumerary),1
2853,"Indian Institute of Engineering Science and Technology, Shibpur",232,"Information Technology (4 Years, Bachelor of Technology)",4146,OS,OBC-NCL(PwD),Gender-Neutral,1
2854,"Indian Institute of Engineering Science and Technology, Shibpur",232,"Information Technology (4 Years, Bachelor of Technology)",4146,OS,SC (PwD),Female-only (including Supernumerary),1
2855,"Indian Institute of Engineering Science and Technology, Shibpur",232,"Electronics and Telecommunication Engineering (4 Years, Bachelor of Technology)",4153,HS,OPEN,Gender-Neutral,3
2856,"Indian Institute of Engineering Science and Technology, Shibpur",232,"Electronics and Telecommunication Engineering (4 Years, Bachelor of Technology)",4153,HS,OPEN,Female-only (including Supernumerary),1
2857,"Indian Institute of Engineering Science and Technology, Shibpur",232,"Electronics and Telecommunication Engineering (4 Years, Bachelor of Technology)",4153,HS,GEN-EWS,Female-only (including Supernumerary),1
2858,"Indian Institute of Engineering Science and Technology, Shibpur",232,"Electronics and Telecommunication Engineering (4 Years, Bachelor of Technology)",4153,HS,GEN-EWS(PwD),Female-only (including Supernumerary),1
2859,"Indian Institute of Engineering Science and Technology, Shibpur",232,"Electronics and Telecommunication Engineering (4 Years, Bachelor of Technology)",4153,HS,OBC-NCL,Gender-Neutral,1
2860,"Indian Institute of Engineering Science and Technology, Shibpur",232,"Electronics and Telecommunication Engineering (4 Years, Bachelor of Technology)",4153,HS,OBC-NCL,Female-only (including Supernumerary),1
2861,"Indian Institute of Engineering Science and Technology, Shibpur",232,"Electronics and Telecommunication Engineering (4 Years, Bachelor of Technology)",4153,HS,SC,Gender-Neutral,3
2862,"Indian Institute of Engineering Science and Technology, Shibpur",232,"Electronics and Telecommunication Engineering (4 Years, Bachelor of Technology)",4153,HS,SC,Female-only (including Supernumerary),1
2863,"Indian Institute of Engineering Science and Technology, Shibpur",232,"Electronics and Telecommunication Engineering (4 Years, Bachelor of Technology)",4153,HS,ST,Gender-Neutral,1
2864,"Indian Institute of Engineering Science and Technology, Shibpur",232,"Electronics and Telecommunication Engineering (4 Years, Bachelor of Technology)",4153,HS,ST (PwD),Gender-Neutral,1
2865,"Indian Institute of Engineering Science and Technology, Shibpur",232,"Electronics and Telecommunication Engineering (4 Years, Bachelor of Technology)",4153,OS,OPEN,Gender-Neutral,2
2866,"Indian Institute of Engineering Science and Technology, Shibpur",232,"Metallurgy and Materials Engineering (4 Years, Bachelor of Technology)",4156,HS,OPEN,Gender-Neutral,2
2867,"Indian Institute of Engineering Science and Technology, Shibpur",232,"Metallurgy and Materials Engineering (4 Years, Bachelor of Technology)",4156,HS,GEN-EWS,Gender-Neutral,1
2868,"Indian Institute of Engineering Science and Technology, Shibpur",232,"Metallurgy and Materials Engineering (4 Years, Bachelor of Technology)",4156,HS,OBC-NCL,Female-only (including Supernumerary),1
2869,"Indian Institute of Engineering Science and Technology, Shibpur",232,"Metallurgy and Materials Engineering (4 Years, Bachelor of Technology)",4156,HS,OBC-NCL(PwD),Gender-Neutral,1
2870,"Indian Institute of Engineering Science and Technology, Shibpur",232,"Metallurgy and Materials Engineering (4 Years, Bachelor of Technology)",4156,OS,OPEN,Gender-Neutral,2
2871,"Indian Institute of Engineering Science and Technology, Shibpur",232,"Metallurgy and Materials Engineering (4 Years, Bachelor of Technology)",4156,OS,GEN-EWS,Gender-Neutral,1
2872,"Indian Institute of Engineering Science and Technology, Shibpur",232,"Metallurgy and Materials Engineering (4 Years, Bachelor of Technology)",4156,OS,SC,Gender-Neutral,1
2873,"Indian Institute of Engineering Science and Technology, Shibpur",232,"Metallurgy and Materials Engineering (4 Years, Bachelor of Technology)",4156,OS,SC,Female-only (including Supernumerary),1
2874,"Indian Institute of Engineering Science and Technology, Shibpur",232,"Architecture (5 Years, Bachelor of Architecture)",5101,HS,GEN-EWS,Gender-Neutral,1
2875,"Indian Institute of Engineering Science and Technology, Shibpur",232,"Architecture (5 Years, Bachelor of Architecture)",5101,HS,OBC-NCL,Female-only (including Supernumerary),1
2876,"Indian Institute of Engineering Science and Technology, Shibpur",232,"Architecture (5 Years, Bachelor of Architecture)",5101,HS,SC,Female-only (including Supernumerary),1
2877,"Indian Institute of Engineering Science and Technology, Shibpur",232,"Architecture (5 Years, Bachelor of Architecture)",5101,OS,OPEN,Gender-Neutral,1
2878,"Indian Institute of Engineering Science and Technology, Shibpur",232,"Architecture (5 Years, Bachelor of Architecture)",5101,OS,OBC-NCL,Gender-Neutral,2
2879,"Indian Institute of Engineering Science and Technology, Shibpur",232,"Architecture (5 Years, Bachelor of Architecture)",5101,OS,OBC-NCL,Female-only (including Supernumerary),1
2880,"Indian Institute of Engineering Science and Technology, Shibpur",232,"Architecture (5 Years, Bachelor of Architecture)",5101,OS,ST,Gender-Neutral,1
2881,"Indian Institute of Engineering Science and Technology, Shibpur",232,"Applied Geology (5 Years, Integrated Master of Science)",5501,HS,OPEN,Gender-Neutral,2
2882,"Indian Institute of Engineering Science and Technology, Shibpur",232,"Applied Geology (5 Years, Integrated Master of Science)",5501,HS,OPEN,Female-only (including Supernumerary),1
2883,"Indian Institute of Engineering Science and Technology, Shibpur",232,"Applied Geology (5 Years, Integrated Master of Science)",5501,HS,GEN-EWS,Gender-Neutral,1
2884,"Indian Institute of Engineering Science and Technology, Shibpur",232,"Applied Geology (5 Years, Integrated Master of Science)",5501,HS,OBC-NCL,Gender-Neutral,1
2885,"Indian Institute of Engineering Science and Technology, Shibpur",232,"Applied Geology (5 Years, Integrated Master of Science)",5501,HS,OBC-NCL,Female-only (including Supernumerary),1
2886,"Indian Institute of Engineering Science and Technology, Shibpur",232,"Applied Geology (5 Years, Integrated Master of Science)",5501,OS,OPEN,Gender-Neutral,1
2887,"Indian Institute of Engineering Science and Technology, Shibpur",232,"Applied Geology (5 Years, Integrated Master of Science)",5501,OS,OPEN,Female-only (including Supernumerary),1
2888,"Indian Institute of Engineering Science and Technology, Shibpur",232,"Applied Geology (5 Years, Integrated Master of Science)",5501,OS,OPEN (PwD),Gender-Neutral,1
2889,"Indian Institute of Engineering Science and Technology, Shibpur",232,"Applied Geology (5 Years, Integrated Master of Science)",5501,OS,GEN-EWS,Gender-Neutral,1
2890,"Indian Institute of Engineering Science and Technology, Shibpur",232,"Applied Geology (5 Years, Integrated Master of Science)",5501,OS,OBC-NCL,Gender-Neutral,1
2891,"Indian Institute of Engineering Science and Technology, Shibpur",232,"Chemistry (5 Years, Integrated Master of Science)",5503,HS,OPEN,Gender-Neutral,1
2892,"Indian Institute of Engineering Science and Technology, Shibpur",232,"Chemistry (5 Years, Integrated Master of Science)",5503,HS,OPEN,Female-only (including Supernumerary),1
2893,"Indian Institute of Engineering Science and Technology, Shibpur",232,"Chemistry (5 Years, Integrated Master of Science)",5503,HS,GEN-EWS,Gender-Neutral,1
2894,"Indian Institute of Engineering Science and Technology, Shibpur",232,"Chemistry (5 Years, Integrated Master of Science)",5503,HS,OBC-NCL,Gender-Neutral,1
2895,"Indian Institute of Engineering Science and Technology, Shibpur",232,"Chemistry (5 Years, Integrated Master of Science)",5503,HS,OBC-NCL,Female-only (including Supernumerary),1
2896,"Indian Institute of Engineering Science and Technology, Shibpur",232,"Chemistry (5 Years, Integrated Master of Science)",5503,HS,ST,Gender-Neutral,1
2897,"Indian Institute of Engineering Science and Technology, Shibpur",232,"Chemistry (5 Years, Integrated Master of Science)",5503,OS,OPEN,Gender-Neutral,3
2898,"Indian Institute of Engineering Science and Technology, Shibpur",232,"Chemistry (5 Years, Integrated Master of Science)",5503,OS,OPEN,Female-only (including Supernumerary),1
2899,"Indian Institute of Engineering Science and Technology, Shibpur",232,"Chemistry (5 Years, Integrated Master of Science)",5503,OS,GEN-EWS,Gender-Neutral,1
2900,"Indian Institute of Engineering Science and Technology, Shibpur",232,"Chemistry (5 Years, Integrated Master of Science)",5503,OS,OBC-NCL,Gender-Neutral,1
2901,"Indian Institute of Engineering Science and Technology, Shibpur",232,"Chemistry (5 Years, Integrated Master of Science)",5503,OS,OBC-NCL,Female-only (including Supernumerary),1
2902,"Indian Institute of Engineering Science and Technology, Shibpur",232,"Chemistry (5 Years, Integrated Master of Science)",5503,OS,SC,Gender-Neutral,1
2903,"Indian Institute of Engineering Science and Technology, Shibpur",232,"Chemistry (5 Years, Integrated Master of Science)",5503,OS,ST,Gender-Neutral,1
2904,"Indian Institute of Engineering Science and Technology, Shibpur",232,"Physics (5 Years, Integrated Master of Science)",5507,HS,OPEN,Gender-Neutral,3
2905,"Indian Institute of Engineering Science and Technology, Shibpur",232,"Physics (5 Years, Integrated Master of Science)",5507,HS,OPEN,Female-only (including Supernumerary),1
2906,"Indian Institute of Engineering Science and Technology, Shibpur",232,"Physics (5 Years, Integrated Master of Science)",5507,HS,GEN-EWS,Gender-Neutral,1
2907,"Indian Institute of Engineering Science and Technology, Shibpur",232,"Physics (5 Years, Integrated Master of Science)",5507,HS,OBC-NCL,Gender-Neutral,2
2908,"Indian Institute of Engineering Science and Technology, Shibpur",232,"Physics (5 Years, Integrated Master of Science)",5507,HS,OBC-NCL,Female-only (including Supernumerary),1
2909,"Indian Institute of Engineering Science and Technology, Shibpur",232,"Physics (5 Years, Integrated Master of Science)",5507,HS,ST,Gender-Neutral,1
2910,"Indian Institute of Engineering Science and Technology, Shibpur",232,"Physics (5 Years, Integrated Master of Science)",5507,OS,OPEN,Gender-Neutral,2
2911,"Indian Institute of Engineering Science and Technology, Shibpur",232,"Physics (5 Years, Integrated Master of Science)",5507,OS,OPEN,Female-only (including Supernumerary),1
2912,"Indian Institute of Engineering Science and Technology, Shibpur",232,"Physics (5 Years, Integrated Master of Science)",5507,OS,OBC-NCL,Gender-Neutral,2
2913,"Indian Institute of Engineering Science and Technology, Shibpur",232,"Physics (5 Years, Integrated Master of Science)",5507,OS,SC,Gender-Neutral,2
2914,Atal Bihari Vajpayee Indian Institute of Information Technology & Management Gwalior,301,"Computer Science and Engineering (4 Years, Bachelor of Technology)",4110,AI,OPEN,Gender-Neutral,11
2915,Atal Bihari Vajpayee Indian Institute of Information Technology & Management Gwalior,301,"Computer Science and Engineering (4 Years, Bachelor of Technology)",4110,AI,GEN-EWS,Gender-Neutral,1
2916,Atal Bihari Vajpayee Indian Institute of Information Technology & Management Gwalior,301,"Computer Science and Engineering (4 Years, Bachelor of Technology)",4110,AI,SC (PwD),Gender-Neutral,1
2917,Atal Bihari Vajpayee Indian Institute of Information Technology & Management Gwalior,301,"Computer Science and Engineering (4 Years, Bachelor of Technology)",4110,AI,ST (PwD),Gender-Neutral,1
2918,Atal Bihari Vajpayee Indian Institute of Information Technology & Management Gwalior,301,"Mathematics and Scientific Computing (4 Years, Bachelor of Technology)",411M,AI,OPEN,Gender-Neutral,5
2919,Atal Bihari Vajpayee Indian Institute of Information Technology & Management Gwalior,301,"Mathematics and Scientific Computing (4 Years, Bachelor of Technology)",411M,AI,OBC-NCL,Gender-Neutral,2
2920,Atal Bihari Vajpayee Indian Institute of Information Technology & Management Gwalior,301,"Mathematics and Scientific Computing (4 Years, Bachelor of Technology)",411M,AI,OBC-NCL,Female-only (including Supernumerary),2
2921,Atal Bihari Vajpayee Indian Institute of Information Technology & Management Gwalior,301,"Mathematics and Scientific Computing (4 Years, Bachelor of Technology)",411M,AI,OBC-NCL(PwD),Gender-Neutral,1
2922,Atal Bihari Vajpayee Indian Institute of Information Technology & Management Gwalior,301,"Mathematics and Scientific Computing (4 Years, Bachelor of Technology)",411M,AI,SC,Gender-Neutral,1
2923,Atal Bihari Vajpayee Indian Institute of Information Technology & Management Gwalior,301,"Mathematics and Scientific Computing (4 Years, Bachelor of Technology)",411M,AI,SC (PwD),Female-only (including Supernumerary),1
2924,Atal Bihari Vajpayee Indian Institute of Information Technology & Management Gwalior,301,"Electrical and Electronics Engineering (4 Years, Bachelor of Technology)",4144,AI,OPEN,Gender-Neutral,7
2925,Atal Bihari Vajpayee Indian Institute of Information Technology & Management Gwalior,301,"Electrical and Electronics Engineering (4 Years, Bachelor of Technology)",4144,AI,OPEN,Female-only (including Supernumerary),2
2926,Atal Bihari Vajpayee Indian Institute of Information Technology & Management Gwalior,301,"Electrical and Electronics Engineering (4 Years, Bachelor of Technology)",4144,AI,OBC-NCL,Gender-Neutral,3
2927,Atal Bihari Vajpayee Indian Institute of Information Technology & Management Gwalior,301,"Electrical and Electronics Engineering (4 Years, Bachelor of Technology)",4144,AI,SC (PwD),Gender-Neutral,1
2928,Atal Bihari Vajpayee Indian Institute of Information Technology & Management Gwalior,301,"Integrated B. Tech.(IT) and M. Tech (IT) (5 Years, Integrated B. Tech. and M. Tech.)",5B01,AI,OPEN,Gender-Neutral,7
2929,Atal Bihari Vajpayee Indian Institute of Information Technology & Management Gwalior,301,"Integrated B. Tech.(IT) and M. Tech (IT) (5 Years, Integrated B. Tech. and M. Tech.)",5B01,AI,OBC-NCL,Gender-Neutral,3
2930,Atal Bihari Vajpayee Indian Institute of Information Technology & Management Gwalior,301,"Integrated B. Tech.(IT) and MBA (5 Years, Integrated B. Tech. and MBA)",5C01,AI,OPEN,Gender-Neutral,3
2931,Atal Bihari Vajpayee Indian Institute of Information Technology & Management Gwalior,301,"Integrated B. Tech.(IT) and MBA (5 Years, Integrated B. Tech. and MBA)",5C01,AI,OPEN,Female-only (including Supernumerary),1
2932,Atal Bihari Vajpayee Indian Institute of Information Technology & Management Gwalior,301,"Integrated B. Tech.(IT) and MBA (5 Years, Integrated B. Tech. and MBA)",5C01,AI,OBC-NCL,Gender-Neutral,1
2933,Atal Bihari Vajpayee Indian Institute of Information Technology & Management Gwalior,301,"Integrated B. Tech.(IT) and MBA (5 Years, Integrated B. Tech. and MBA)",5C01,AI,OBC-NCL,Female-only (including Supernumerary),1
2934,Atal Bihari Vajpayee Indian Institute of Information Technology & Management Gwalior,301,"Integrated B. Tech.(IT) and MBA (5 Years, Integrated B. Tech. and MBA)",5C01,AI,SC,Gender-Neutral,1
2935,Atal Bihari Vajpayee Indian Institute of Information Technology & Management Gwalior,301,"Integrated B. Tech.(IT) and MBA (5 Years, Integrated B. Tech. and MBA)",5C01,AI,SC,Female-only (including Supernumerary),1
2936,Atal Bihari Vajpayee Indian Institute of Information Technology & Management Gwalior,301,"Integrated B. Tech.(IT) and MBA (5 Years, Integrated B. Tech. and MBA)",5C01,AI,ST (PwD),Gender-Neutral,1
2937,"Indian Institute of Information Technology (IIIT)Kota, Rajasthan",302,"Computer Science and Engineering (4 Years, Bachelor of Technology)",4110,AI,OPEN,Gender-Neutral,10
2938,"Indian Institute of Information Technology (IIIT)Kota, Rajasthan",302,"Computer Science and Engineering (4 Years, Bachelor of Technology)",4110,AI,OPEN,Female-only (including Supernumerary),3
2939,"Indian Institute of Information Technology (IIIT)Kota, Rajasthan",302,"Computer Science and Engineering (4 Years, Bachelor of Technology)",4110,AI,OPEN (PwD),Gender-Neutral,1
2940,"Indian Institute of Information Technology (IIIT)Kota, Rajasthan",302,"Computer Science and Engineering (4 Years, Bachelor of Technology)",4110,AI,GEN-EWS,Gender-Neutral,1
2941,"Indian Institute of Information Technology (IIIT)Kota, Rajasthan",302,"Computer Science and Engineering (4 Years, Bachelor of Technology)",4110,AI,GEN-EWS,Female-only (including Supernumerary),1
2942,"Indian Institute of Information Technology (IIIT)Kota, Rajasthan",302,"Computer Science and Engineering (4 Years, Bachelor of Technology)",4110,AI,OBC-NCL,Gender-Neutral,3
2943,"Indian Institute of Information Technology (IIIT)Kota, Rajasthan",302,"Computer Science and Engineering (4 Years, Bachelor of Technology)",4110,AI,OBC-NCL,Female-only (including Supernumerary),1
2944,"Indian Institute of Information Technology (IIIT)Kota, Rajasthan",302,"Computer Science and Engineering (4 Years, Bachelor of Technology)",4110,AI,OBC-NCL(PwD),Gender-Neutral,1
2945,"Indian Institute of Information Technology (IIIT)Kota, Rajasthan",302,"Computer Science and Engineering (4 Years, Bachelor of Technology)",4110,AI,SC,Gender-Neutral,2
2946,"Indian Institute of Information Technology (IIIT)Kota, Rajasthan",302,"Computer Science and Engineering (4 Years, Bachelor of Technology)",4110,AI,SC,Female-only (including Supernumerary),1
2947,"Indian Institute of Information Technology (IIIT)Kota, Rajasthan",302,"Computer Science and Engineering (4 Years, Bachelor of Technology)",4110,AI,SC (PwD),Gender-Neutral,1
2948,"Indian Institute of Information Technology (IIIT)Kota, Rajasthan",302,"Computer Science and Engineering (4 Years, Bachelor of Technology)",4110,AI,ST,Gender-Neutral,3
2949,"Indian Institute of Information Technology (IIIT)Kota, Rajasthan",302,"Computer Science and Engineering (4 Years, Bachelor of Technology)",4110,AI,ST,Female-only (including Supernumerary),2
2950,"Indian Institute of Information Technology (IIIT)Kota, Rajasthan",302,"Computer Science and Engineering (4 Years, Bachelor of Technology)",4110,AI,ST (PwD),Gender-Neutral,1
2951,"Indian Institute of Information Technology (IIIT)Kota, Rajasthan",302,"Electronics and Communication Engineering (4 Years, Bachelor of Technology)",4114,AI,OPEN,Gender-Neutral,12
2952,"Indian Institute of Information Technology (IIIT)Kota, Rajasthan",302,"Electronics and Communication Engineering (4 Years, Bachelor of Technology)",4114,AI,OPEN,Female-only (including Supernumerary),1
2953,"Indian Institute of Information Technology (IIIT)Kota, Rajasthan",302,"Electronics and Communication Engineering (4 Years, Bachelor of Technology)",4114,AI,GEN-EWS,Gender-Neutral,1
2954,"Indian Institute of Information Technology (IIIT)Kota, Rajasthan",302,"Electronics and Communication Engineering (4 Years, Bachelor of Technology)",4114,AI,GEN-EWS,Female-only (including Supernumerary),1
2955,"Indian Institute of Information Technology (IIIT)Kota, Rajasthan",302,"Electronics and Communication Engineering (4 Years, Bachelor of Technology)",4114,AI,OBC-NCL,Gender-Neutral,3
2956,"Indian Institute of Information Technology (IIIT)Kota, Rajasthan",302,"Electronics and Communication Engineering (4 Years, Bachelor of Technology)",4114,AI,OBC-NCL,Female-only (including Supernumerary),3
2957,"Indian Institute of Information Technology (IIIT)Kota, Rajasthan",302,"Electronics and Communication Engineering (4 Years, Bachelor of Technology)",4114,AI,SC,Gender-Neutral,1
2958,"Indian Institute of Information Technology (IIIT)Kota, Rajasthan",302,"Electronics and Communication Engineering (4 Years, Bachelor of Technology)",4114,AI,SC,Female-only (including Supernumerary),1
2959,"Indian Institute of Information Technology (IIIT)Kota, Rajasthan",302,"Electronics and Communication Engineering (4 Years, Bachelor of Technology)",4114,AI,SC (PwD),Gender-Neutral,1
2960,"Indian Institute of Information Technology (IIIT)Kota, Rajasthan",302,"Electronics and Communication Engineering (4 Years, Bachelor of Technology)",4114,AI,ST,Gender-Neutral,3
2961,"Indian Institute of Information Technology (IIIT)Kota, Rajasthan",302,"Artificial Intelligence and Data Engineering (4 Years, Bachelor of Technology)",411G,AI,OPEN,Gender-Neutral,6
2962,"Indian Institute of Information Technology (IIIT)Kota, Rajasthan",302,"Artificial Intelligence and Data Engineering (4 Years, Bachelor of Technology)",411G,AI,OPEN,Female-only (including Supernumerary),3
2963,"Indian Institute of Information Technology (IIIT)Kota, Rajasthan",302,"Artificial Intelligence and Data Engineering (4 Years, Bachelor of Technology)",411G,AI,GEN-EWS,Gender-Neutral,1
2964,"Indian Institute of Information Technology (IIIT)Kota, Rajasthan",302,"Artificial Intelligence and Data Engineering (4 Years, Bachelor of Technology)",411G,AI,OBC-NCL,Gender-Neutral,3
2965,"Indian Institute of Information Technology (IIIT)Kota, Rajasthan",302,"Artificial Intelligence and Data Engineering (4 Years, Bachelor of Technology)",411G,AI,ST,Gender-Neutral,1
2966,Indian Institute of Information Technology Guwahati,303,"Computer Science and Engineering (4 Years, Bachelor of Technology)",4110,AI,OPEN,Gender-Neutral,20
2967,Indian Institute of Information Technology Guwahati,303,"Computer Science and Engineering (4 Years, Bachelor of Technology)",4110,AI,OPEN,Female-only (including Supernumerary),4
2968,Indian Institute of Information Technology Guwahati,303,"Computer Science and Engineering (4 Years, Bachelor of Technology)",4110,AI,OPEN (PwD),Gender-Neutral,1
2969,Indian Institute of Information Technology Guwahati,303,"Computer Science and Engineering (4 Years, Bachelor of Technology)",4110,AI,GEN-EWS,Gender-Neutral,1
2970,Indian Institute of Information Technology Guwahati,303,"Computer Science and Engineering (4 Years, Bachelor of Technology)",4110,AI,OBC-NCL,Gender-Neutral,7
2971,Indian Institute of Information Technology Guwahati,303,"Computer Science and Engineering (4 Years, Bachelor of Technology)",4110,AI,OBC-NCL,Female-only (including Supernumerary),2
2972,Indian Institute of Information Technology Guwahati,303,"Computer Science and Engineering (4 Years, Bachelor of Technology)",4110,AI,SC,Gender-Neutral,2
2973,Indian Institute of Information Technology Guwahati,303,"Computer Science and Engineering (4 Years, Bachelor of Technology)",4110,AI,SC,Female-only (including Supernumerary),3
2974,Indian Institute of Information Technology Guwahati,303,"Computer Science and Engineering (4 Years, Bachelor of Technology)",4110,AI,SC (PwD),Gender-Neutral,1
2975,Indian Institute of Information Technology Guwahati,303,"Computer Science and Engineering (4 Years, Bachelor of Technology)",4110,AI,ST,Gender-Neutral,1
2976,Indian Institute of Information Technology Guwahati,303,"Computer Science and Engineering (4 Years, Bachelor of Technology)",4110,AI,ST,Female-only (including Supernumerary),1
2977,Indian Institute of Information Technology Guwahati,303,"Computer Science and Engineering (4 Years, Bachelor of Technology)",4110,AI,ST (PwD),Gender-Neutral,1
2978,Indian Institute of Information Technology Guwahati,303,"Electronics and Communication Engineering (4 Years, Bachelor of Technology)",4114,AI,OPEN,Gender-Neutral,10
2979,Indian Institute of Information Technology Guwahati,303,"Electronics and Communication Engineering (4 Years, Bachelor of Technology)",4114,AI,OPEN,Female-only (including Supernumerary),2
2980,Indian Institute of Information Technology Guwahati,303,"Electronics and Communication Engineering (4 Years, Bachelor of Technology)",4114,AI,GEN-EWS,Gender-Neutral,2
2981,Indian Institute of Information Technology Guwahati,303,"Electronics and Communication Engineering (4 Years, Bachelor of Technology)",4114,AI,OBC-NCL,Gender-Neutral,3
2982,Indian Institute of Information Technology Guwahati,303,"Electronics and Communication Engineering (4 Years, Bachelor of Technology)",4114,AI,SC,Gender-Neutral,4
2983,Indian Institute of Information Technology Guwahati,303,"Electronics and Communication Engineering (4 Years, Bachelor of Technology)",4114,AI,SC,Female-only (including Supernumerary),1
2984,Indian Institute of Information Technology Guwahati,303,"Electronics and Communication Engineering (4 Years, Bachelor of Technology)",4114,AI,SC (PwD),Gender-Neutral,1
2985,Indian Institute of Information Technology Guwahati,303,"Electronics and Communication Engineering (4 Years, Bachelor of Technology)",4114,AI,ST,Gender-Neutral,2
2986,Indian Institute of Information Technology Guwahati,303,"Electronics and Communication Engineering (4 Years, Bachelor of Technology)",4114,AI,ST,Female-only (including Supernumerary),1
2987,Indian Institute of Information Technology Guwahati,303,"Electronics Communication and Artificial Intelligence (4 Years, Bachelor of Technology)",413V,AI,OPEN,Gender-Neutral,13
2988,Indian Institute of Information Technology Guwahati,303,"Electronics Communication and Artificial Intelligence (4 Years, Bachelor of Technology)",413V,AI,OPEN,Female-only (including Supernumerary),4
2989,Indian Institute of Information Technology Guwahati,303,"Electronics Communication and Artificial Intelligence (4 Years, Bachelor of Technology)",413V,AI,GEN-EWS,Gender-Neutral,1
2990,Indian Institute of Information Technology Guwahati,303,"Electronics Communication and Artificial Intelligence (4 Years, Bachelor of Technology)",413V,AI,GEN-EWS,Female-only (including Supernumerary),2
2991,Indian Institute of Information Technology Guwahati,303,"Electronics Communication and Artificial Intelligence (4 Years, Bachelor of Technology)",413V,AI,OBC-NCL,Gender-Neutral,7
2992,Indian Institute of Information Technology Guwahati,303,"Electronics Communication and Artificial Intelligence (4 Years, Bachelor of Technology)",413V,AI,OBC-NCL,Female-only (including Supernumerary),2
2993,Indian Institute of Information Technology Guwahati,303,"Electronics Communication and Artificial Intelligence (4 Years, Bachelor of Technology)",413V,AI,SC,Gender-Neutral,4
2994,Indian Institute of Information Technology Guwahati,303,"Electronics Communication and Artificial Intelligence (4 Years, Bachelor of Technology)",413V,AI,ST,Gender-Neutral,2
2995,"Indian Institute of Information Technology(IIIT) Kalyani, West Bengal",304,"Computer Science and Engineering (Cyber Security) (4 Years, Bachelor of Technology)",410J,AI,OPEN,Gender-Neutral,5
2996,"Indian Institute of Information Technology(IIIT) Kalyani, West Bengal",304,"Computer Science and Engineering (Cyber Security) (4 Years, Bachelor of Technology)",410J,AI,OPEN,Female-only (including Supernumerary),1
2997,"Indian Institute of Information Technology(IIIT) Kalyani, West Bengal",304,"Computer Science and Engineering (Cyber Security) (4 Years, Bachelor of Technology)",410J,AI,GEN-EWS,Gender-Neutral,1
2998,"Indian Institute of Information Technology(IIIT) Kalyani, West Bengal",304,"Computer Science and Engineering (Cyber Security) (4 Years, Bachelor of Technology)",410J,AI,OBC-NCL,Gender-Neutral,3
2999,"Indian Institute of Information Technology(IIIT) Kalyani, West Bengal",304,"Computer Science and Engineering (Cyber Security) (4 Years, Bachelor of Technology)",410J,AI,SC,Gender-Neutral,2
3000,"Indian Institute of Information Technology(IIIT) Kalyani, West Bengal",304,"Computer Science and Engineering (Cyber Security) (4 Years, Bachelor of Technology)",410J,AI,ST,Gender-Neutral,2
3001,"Indian Institute of Information Technology(IIIT) Kalyani, West Bengal",304,"Computer Science and Engineering (4 Years, Bachelor of Technology)",4110,AI,OPEN,Gender-Neutral,23
3002,"Indian Institute of Information Technology(IIIT) Kalyani, West Bengal",304,"Computer Science and Engineering (4 Years, Bachelor of Technology)",4110,AI,OPEN,Female-only (including Supernumerary),2
3003,"Indian Institute of Information Technology(IIIT) Kalyani, West Bengal",304,"Computer Science and Engineering (4 Years, Bachelor of Technology)",4110,AI,OPEN (PwD),Gender-Neutral,1
3004,"Indian Institute of Information Technology(IIIT) Kalyani, West Bengal",304,"Computer Science and Engineering (4 Years, Bachelor of Technology)",4110,AI,GEN-EWS,Gender-Neutral,2
3005,"Indian Institute of Information Technology(IIIT) Kalyani, West Bengal",304,"Computer Science and Engineering (4 Years, Bachelor of Technology)",4110,AI,OBC-NCL,Gender-Neutral,14
3006,"Indian Institute of Information Technology(IIIT) Kalyani, West Bengal",304,"Computer Science and Engineering (4 Years, Bachelor of Technology)",4110,AI,OBC-NCL,Female-only (including Supernumerary),1
3007,"Indian Institute of Information Technology(IIIT) Kalyani, West Bengal",304,"Computer Science and Engineering (4 Years, Bachelor of Technology)",4110,AI,OBC-NCL(PwD),Gender-Neutral,1
3008,"Indian Institute of Information Technology(IIIT) Kalyani, West Bengal",304,"Computer Science and Engineering (4 Years, Bachelor of Technology)",4110,AI,SC,Gender-Neutral,7
3009,"Indian Institute of Information Technology(IIIT) Kalyani, West Bengal",304,"Computer Science and Engineering (4 Years, Bachelor of Technology)",4110,AI,SC (PwD),Gender-Neutral,1
3010,"Indian Institute of Information Technology(IIIT) Kalyani, West Bengal",304,"Computer Science and Engineering (4 Years, Bachelor of Technology)",4110,AI,ST,Gender-Neutral,4
3011,"Indian Institute of Information Technology(IIIT) Kalyani, West Bengal",304,"Computer Science and Engineering (4 Years, Bachelor of Technology)",4110,AI,ST,Female-only (including Supernumerary),1
3012,"Indian Institute of Information Technology(IIIT) Kalyani, West Bengal",304,"Electronics and Communication Engineering (4 Years, Bachelor of Technology)",4114,AI,OPEN,Gender-Neutral,16
3013,"Indian Institute of Information Technology(IIIT) Kalyani, West Bengal",304,"Electronics and Communication Engineering (4 Years, Bachelor of Technology)",4114,AI,OPEN,Female-only (including Supernumerary),1
3014,"Indian Institute of Information Technology(IIIT) Kalyani, West Bengal",304,"Electronics and Communication Engineering (4 Years, Bachelor of Technology)",4114,AI,OPEN (PwD),Gender-Neutral,1
3015,"Indian Institute of Information Technology(IIIT) Kalyani, West Bengal",304,"Electronics and Communication Engineering (4 Years, Bachelor of Technology)",4114,AI,GEN-EWS,Gender-Neutral,3
3016,"Indian Institute of Information Technology(IIIT) Kalyani, West Bengal",304,"Electronics and Communication Engineering (4 Years, Bachelor of Technology)",4114,AI,GEN-EWS,Female-only (including Supernumerary),1
3017,"Indian Institute of Information Technology(IIIT) Kalyani, West Bengal",304,"Electronics and Communication Engineering (4 Years, Bachelor of Technology)",4114,AI,OBC-NCL,Gender-Neutral,8
3018,"Indian Institute of Information Technology(IIIT) Kalyani, West Bengal",304,"Electronics and Communication Engineering (4 Years, Bachelor of Technology)",4114,AI,OBC-NCL(PwD),Gender-Neutral,1
3019,"Indian Institute of Information Technology(IIIT) Kalyani, West Bengal",304,"Electronics and Communication Engineering (4 Years, Bachelor of Technology)",4114,AI,SC,Gender-Neutral,2
3020,"Indian Institute of Information Technology(IIIT) Kalyani, West Bengal",304,"Electronics and Communication Engineering (4 Years, Bachelor of Technology)",4114,AI,SC,Female-only (including Supernumerary),1
3021,"Indian Institute of Information Technology(IIIT) Kalyani, West Bengal",304,"Electronics and Communication Engineering (4 Years, Bachelor of Technology)",4114,AI,ST,Gender-Neutral,2
3022,"Indian Institute of Information Technology(IIIT) Kalyani, West Bengal",304,"Computer Science and Engineering ( Artificial Intelligence & Data Science) (4 Years, Bachelor of Technology)",412F,AI,OPEN,Gender-Neutral,3
3023,"Indian Institute of Information Technology(IIIT) Kalyani, West Bengal",304,"Computer Science and Engineering ( Artificial Intelligence & Data Science) (4 Years, Bachelor of Technology)",412F,AI,OPEN,Female-only (including Supernumerary),1
3024,"Indian Institute of Information Technology(IIIT) Kalyani, West Bengal",304,"Computer Science and Engineering ( Artificial Intelligence & Data Science) (4 Years, Bachelor of Technology)",412F,AI,GEN-EWS,Gender-Neutral,2
3025,"Indian Institute of Information Technology(IIIT) Kalyani, West Bengal",304,"Computer Science and Engineering ( Artificial Intelligence & Data Science) (4 Years, Bachelor of Technology)",412F,AI,OBC-NCL,Female-only (including Supernumerary),1
3026,"Indian Institute of Information Technology(IIIT) Kalyani, West Bengal",304,"Computer Science and Engineering ( Artificial Intelligence & Data Science) (4 Years, Bachelor of Technology)",412F,AI,SC,Gender-Neutral,3
3027,"Indian Institute of Information Technology(IIIT) Kalyani, West Bengal",304,"Computer Science and Engineering ( Artificial Intelligence & Data Science) (4 Years, Bachelor of Technology)",412F,AI,ST,Gender-Neutral,1
3028,"Indian Institute of Information Technology(IIIT) Kilohrad, Sonepat, Haryana",305,"Computer Science and Engineering (4 Years, Bachelor of Technology)",4110,AI,OPEN,Gender-Neutral,16
3029,"Indian Institute of Information Technology(IIIT) Kilohrad, Sonepat, Haryana",305,"Computer Science and Engineering (4 Years, Bachelor of Technology)",4110,AI,OPEN (PwD),Gender-Neutral,1
3030,"Indian Institute of Information Technology(IIIT) Kilohrad, Sonepat, Haryana",305,"Computer Science and Engineering (4 Years, Bachelor of Technology)",4110,AI,GEN-EWS(PwD),Gender-Neutral,1
3031,"Indian Institute of Information Technology(IIIT) Kilohrad, Sonepat, Haryana",305,"Computer Science and Engineering (4 Years, Bachelor of Technology)",4110,AI,OBC-NCL,Gender-Neutral,6
3032,"Indian Institute of Information Technology(IIIT) Kilohrad, Sonepat, Haryana",305,"Computer Science and Engineering (4 Years, Bachelor of Technology)",4110,AI,OBC-NCL(PwD),Gender-Neutral,1
3033,"Indian Institute of Information Technology(IIIT) Kilohrad, Sonepat, Haryana",305,"Computer Science and Engineering (4 Years, Bachelor of Technology)",4110,AI,SC,Gender-Neutral,4
3034,"Indian Institute of Information Technology(IIIT) Kilohrad, Sonepat, Haryana",305,"Computer Science and Engineering (4 Years, Bachelor of Technology)",4110,AI,SC (PwD),Gender-Neutral,1
3035,"Indian Institute of Information Technology(IIIT) Kilohrad, Sonepat, Haryana",305,"Computer Science and Engineering (4 Years, Bachelor of Technology)",4110,AI,ST,Gender-Neutral,2
3036,"Indian Institute of Information Technology(IIIT) Kilohrad, Sonepat, Haryana",305,"Computer Science & Engineering (Data Science and Analytics) (4 Years, Bachelor of Technology)",411J,AI,OPEN,Gender-Neutral,7
3037,"Indian Institute of Information Technology(IIIT) Kilohrad, Sonepat, Haryana",305,"Computer Science & Engineering (Data Science and Analytics) (4 Years, Bachelor of Technology)",411J,AI,OPEN (PwD),Gender-Neutral,1
3038,"Indian Institute of Information Technology(IIIT) Kilohrad, Sonepat, Haryana",305,"Computer Science & Engineering (Data Science and Analytics) (4 Years, Bachelor of Technology)",411J,AI,GEN-EWS,Gender-Neutral,3
3039,"Indian Institute of Information Technology(IIIT) Kilohrad, Sonepat, Haryana",305,"Computer Science & Engineering (Data Science and Analytics) (4 Years, Bachelor of Technology)",411J,AI,OBC-NCL,Gender-Neutral,3
3040,"Indian Institute of Information Technology(IIIT) Kilohrad, Sonepat, Haryana",305,"Computer Science & Engineering (Data Science and Analytics) (4 Years, Bachelor of Technology)",411J,AI,SC,Gender-Neutral,6
3041,"Indian Institute of Information Technology(IIIT) Kilohrad, Sonepat, Haryana",305,"Computer Science & Engineering (Data Science and Analytics) (4 Years, Bachelor of Technology)",411J,AI,ST,Gender-Neutral,1
3042,"Indian Institute of Information Technology(IIIT) Kilohrad, Sonepat, Haryana",305,"Computer Science and Engineering (Artificial Intelligence) (4 Years, Bachelor of Technology)",412G,AI,OPEN,Gender-Neutral,4
3043,"Indian Institute of Information Technology(IIIT) Kilohrad, Sonepat, Haryana",305,"Computer Science and Engineering (Artificial Intelligence) (4 Years, Bachelor of Technology)",412G,AI,GEN-EWS,Gender-Neutral,1
3044,"Indian Institute of Information Technology(IIIT) Kilohrad, Sonepat, Haryana",305,"Computer Science and Engineering (Artificial Intelligence) (4 Years, Bachelor of Technology)",412G,AI,OBC-NCL,Gender-Neutral,2
3045,"Indian Institute of Information Technology(IIIT) Kilohrad, Sonepat, Haryana",305,"Computer Science and Engineering (Artificial Intelligence) (4 Years, Bachelor of Technology)",412G,AI,SC,Gender-Neutral,3
3046,"Indian Institute of Information Technology(IIIT) Kilohrad, Sonepat, Haryana",305,"Computer Science and Engineering (Artificial Intelligence) (4 Years, Bachelor of Technology)",412G,AI,SC (PwD),Gender-Neutral,1
3047,"Indian Institute of Information Technology(IIIT) Kilohrad, Sonepat, Haryana",305,"Computer Science and Engineering (Artificial Intelligence) (4 Years, Bachelor of Technology)",412G,AI,ST,Gender-Neutral,2
3048,"Indian Institute of Information Technology(IIIT) Kilohrad, Sonepat, Haryana",305,"Information Technology (4 Years, Bachelor of Technology)",4146,AI,OPEN,Gender-Neutral,10
3049,"Indian Institute of Information Technology(IIIT) Kilohrad, Sonepat, Haryana",305,"Information Technology (4 Years, Bachelor of Technology)",4146,AI,OPEN (PwD),Gender-Neutral,1
3050,"Indian Institute of Information Technology(IIIT) Kilohrad, Sonepat, Haryana",305,"Information Technology (4 Years, Bachelor of Technology)",4146,AI,GEN-EWS,Gender-Neutral,3
3051,"Indian Institute of Information Technology(IIIT) Kilohrad, Sonepat, Haryana",305,"Information Technology (4 Years, Bachelor of Technology)",4146,AI,GEN-EWS(PwD),Gender-Neutral,1
3052,"Indian Institute of Information Technology(IIIT) Kilohrad, Sonepat, Haryana",305,"Information Technology (4 Years, Bachelor of Technology)",4146,AI,OBC-NCL,Gender-Neutral,7
3053,"Indian Institute of Information Technology(IIIT) Kilohrad, Sonepat, Haryana",305,"Information Technology (4 Years, Bachelor of Technology)",4146,AI,SC,Gender-Neutral,5
3054,"Indian Institute of Information Technology(IIIT) Kilohrad, Sonepat, Haryana",305,"Information Technology (4 Years, Bachelor of Technology)",4146,AI,ST (PwD),Gender-Neutral,1
3055,"Indian Institute of Information Technology(IIIT) Una, Himachal Pradesh",306,"Computer Science and Engineering (Cyber Security) (4 Years, Bachelor of Technology)",410J,AI,OPEN,Gender-Neutral,7
3056,"Indian Institute of Information Technology(IIIT) Una, Himachal Pradesh",306,"Computer Science and Engineering (Cyber Security) (4 Years, Bachelor of Technology)",410J,AI,OBC-NCL,Gender-Neutral,2
3057,"Indian Institute of Information Technology(IIIT) Una, Himachal Pradesh",306,"Computer Science and Engineering (Cyber Security) (4 Years, Bachelor of Technology)",410J,AI,SC,Gender-Neutral,1
3058,"Indian Institute of Information Technology(IIIT) Una, Himachal Pradesh",306,"Computer Science and Engineering (Cyber Security) (4 Years, Bachelor of Technology)",410J,AI,ST,Gender-Neutral,1
3059,"Indian Institute of Information Technology(IIIT) Una, Himachal Pradesh",306,"Computer Science and Engineering (4 Years, Bachelor of Technology)",4110,AI,OPEN,Gender-Neutral,11
3060,"Indian Institute of Information Technology(IIIT) Una, Himachal Pradesh",306,"Computer Science and Engineering (4 Years, Bachelor of Technology)",4110,AI,GEN-EWS,Gender-Neutral,1
3061,"Indian Institute of Information Technology(IIIT) Una, Himachal Pradesh",306,"Computer Science and Engineering (4 Years, Bachelor of Technology)",4110,AI,GEN-EWS,Female-only (including Supernumerary),1
3062,"Indian Institute of Information Technology(IIIT) Una, Himachal Pradesh",306,"Computer Science and Engineering (4 Years, Bachelor of Technology)",4110,AI,GEN-EWS(PwD),Gender-Neutral,1
3063,"Indian Institute of Information Technology(IIIT) Una, Himachal Pradesh",306,"Computer Science and Engineering (4 Years, Bachelor of Technology)",4110,AI,OBC-NCL,Gender-Neutral,8
3064,"Indian Institute of Information Technology(IIIT) Una, Himachal Pradesh",306,"Computer Science and Engineering (4 Years, Bachelor of Technology)",4110,AI,SC,Gender-Neutral,1
3065,"Indian Institute of Information Technology(IIIT) Una, Himachal Pradesh",306,"Computer Science and Engineering (4 Years, Bachelor of Technology)",4110,AI,SC (PwD),Gender-Neutral,2
3066,"Indian Institute of Information Technology(IIIT) Una, Himachal Pradesh",306,"Computer Science and Engineering (4 Years, Bachelor of Technology)",4110,AI,ST (PwD),Gender-Neutral,1
3067,"Indian Institute of Information Technology(IIIT) Una, Himachal Pradesh",306,"Electronics and Communication Engineering (4 Years, Bachelor of Technology)",4114,AI,OPEN,Gender-Neutral,11
3068,"Indian Institute of Information Technology(IIIT) Una, Himachal Pradesh",306,"Electronics and Communication Engineering (4 Years, Bachelor of Technology)",4114,AI,OPEN (PwD),Gender-Neutral,1
3069,"Indian Institute of Information Technology(IIIT) Una, Himachal Pradesh",306,"Electronics and Communication Engineering (4 Years, Bachelor of Technology)",4114,AI,GEN-EWS,Gender-Neutral,1
3070,"Indian Institute of Information Technology(IIIT) Una, Himachal Pradesh",306,"Electronics and Communication Engineering (4 Years, Bachelor of Technology)",4114,AI,GEN-EWS(PwD),Gender-Neutral,1
3071,"Indian Institute of Information Technology(IIIT) Una, Himachal Pradesh",306,"Electronics and Communication Engineering (4 Years, Bachelor of Technology)",4114,AI,OBC-NCL,Gender-Neutral,7
3072,"Indian Institute of Information Technology(IIIT) Una, Himachal Pradesh",306,"Electronics and Communication Engineering (4 Years, Bachelor of Technology)",4114,AI,OBC-NCL,Female-only (including Supernumerary),1
3073,"Indian Institute of Information Technology(IIIT) Una, Himachal Pradesh",306,"Electronics and Communication Engineering (4 Years, Bachelor of Technology)",4114,AI,OBC-NCL(PwD),Gender-Neutral,1
3074,"Indian Institute of Information Technology(IIIT) Una, Himachal Pradesh",306,"Electronics and Communication Engineering (4 Years, Bachelor of Technology)",4114,AI,SC,Gender-Neutral,5
3075,"Indian Institute of Information Technology(IIIT) Una, Himachal Pradesh",306,"Electronics and Communication Engineering (4 Years, Bachelor of Technology)",4114,AI,ST,Gender-Neutral,1
3076,"Indian Institute of Information Technology(IIIT) Una, Himachal Pradesh",306,"Electronics and Communication Engineering (4 Years, Bachelor of Technology)",4114,AI,ST (PwD),Gender-Neutral,1
3077,"Indian Institute of Information Technology(IIIT) Una, Himachal Pradesh",306,"Computer Science and Engineering (Data Science) (4 Years, Bachelor of Technology)",412E,AI,OPEN,Gender-Neutral,4
3078,"Indian Institute of Information Technology(IIIT) Una, Himachal Pradesh",306,"Computer Science and Engineering (Data Science) (4 Years, Bachelor of Technology)",412E,AI,GEN-EWS,Gender-Neutral,1
3079,"Indian Institute of Information Technology(IIIT) Una, Himachal Pradesh",306,"Computer Science and Engineering (Data Science) (4 Years, Bachelor of Technology)",412E,AI,OBC-NCL,Gender-Neutral,1
3080,"Indian Institute of Information Technology(IIIT) Una, Himachal Pradesh",306,"Computer Science and Engineering (Data Science) (4 Years, Bachelor of Technology)",412E,AI,SC,Gender-Neutral,1
3081,"Indian Institute of Information Technology (IIIT), Sri City, Chittoor",307,"Computer Science and Engineering (4 Years, Bachelor of Technology)",4110,AI,OPEN,Gender-Neutral,21
3082,"Indian Institute of Information Technology (IIIT), Sri City, Chittoor",307,"Computer Science and Engineering (4 Years, Bachelor of Technology)",4110,AI,OPEN,Female-only (including Supernumerary),4
3083,"Indian Institute of Information Technology (IIIT), Sri City, Chittoor",307,"Computer Science and Engineering (4 Years, Bachelor of Technology)",4110,AI,GEN-EWS,Gender-Neutral,2
3084,"Indian Institute of Information Technology (IIIT), Sri City, Chittoor",307,"Computer Science and Engineering (4 Years, Bachelor of Technology)",4110,AI,GEN-EWS,Female-only (including Supernumerary),1
3085,"Indian Institute of Information Technology (IIIT), Sri City, Chittoor",307,"Computer Science and Engineering (4 Years, Bachelor of Technology)",4110,AI,OBC-NCL,Gender-Neutral,6
3086,"Indian Institute of Information Technology (IIIT), Sri City, Chittoor",307,"Computer Science and Engineering (4 Years, Bachelor of Technology)",4110,AI,OBC-NCL,Female-only (including Supernumerary),3
3087,"Indian Institute of Information Technology (IIIT), Sri City, Chittoor",307,"Computer Science and Engineering (4 Years, Bachelor of Technology)",4110,AI,SC,Gender-Neutral,3
3088,"Indian Institute of Information Technology (IIIT), Sri City, Chittoor",307,"Computer Science and Engineering (4 Years, Bachelor of Technology)",4110,AI,SC,Female-only (including Supernumerary),2
3089,"Indian Institute of Information Technology (IIIT), Sri City, Chittoor",307,"Computer Science and Engineering (4 Years, Bachelor of Technology)",4110,AI,ST,Gender-Neutral,2
3090,"Indian Institute of Information Technology (IIIT), Sri City, Chittoor",307,"Computer Science and Engineering (4 Years, Bachelor of Technology)",4110,AI,ST,Female-only (including Supernumerary),1
3091,"Indian Institute of Information Technology (IIIT), Sri City, Chittoor",307,"Electronics and Communication Engineering (4 Years, Bachelor of Technology)",4114,AI,OPEN,Gender-Neutral,11
3092,"Indian Institute of Information Technology (IIIT), Sri City, Chittoor",307,"Electronics and Communication Engineering (4 Years, Bachelor of Technology)",4114,AI,OPEN,Female-only (including Supernumerary),3
3093,"Indian Institute of Information Technology (IIIT), Sri City, Chittoor",307,"Electronics and Communication Engineering (4 Years, Bachelor of Technology)",4114,AI,OBC-NCL,Female-only (including Supernumerary),1
3094,"Indian Institute of Information Technology (IIIT), Sri City, Chittoor",307,"Electronics and Communication Engineering (4 Years, Bachelor of Technology)",4114,AI,SC,Gender-Neutral,3
3095,"Indian Institute of Information Technology (IIIT), Sri City, Chittoor",307,"Electronics and Communication Engineering (4 Years, Bachelor of Technology)",4114,AI,SC (PwD),Gender-Neutral,1
3096,"Indian Institute of Information Technology (IIIT), Sri City, Chittoor",307,"Electronics and Communication Engineering (4 Years, Bachelor of Technology)",4114,AI,ST,Gender-Neutral,2
3097,"Indian Institute of Information Technology (IIIT), Sri City, Chittoor",307,"Artificial Intelligence and Data Science (4 Years, Bachelor of Technology)",4188,AI,OPEN,Gender-Neutral,9
3098,"Indian Institute of Information Technology (IIIT), Sri City, Chittoor",307,"Artificial Intelligence and Data Science (4 Years, Bachelor of Technology)",4188,AI,OPEN,Female-only (including Supernumerary),2
3099,"Indian Institute of Information Technology (IIIT), Sri City, Chittoor",307,"Artificial Intelligence and Data Science (4 Years, Bachelor of Technology)",4188,AI,GEN-EWS,Gender-Neutral,1
3100,"Indian Institute of Information Technology (IIIT), Sri City, Chittoor",307,"Artificial Intelligence and Data Science (4 Years, Bachelor of Technology)",4188,AI,OBC-NCL,Gender-Neutral,1
3101,"Indian Institute of Information Technology (IIIT), Sri City, Chittoor",307,"Artificial Intelligence and Data Science (4 Years, Bachelor of Technology)",4188,AI,OBC-NCL,Female-only (including Supernumerary),1
3102,"Indian Institute of Information Technology (IIIT), Sri City, Chittoor",307,"Artificial Intelligence and Data Science (4 Years, Bachelor of Technology)",4188,AI,OBC-NCL(PwD),Gender-Neutral,1
3103,"Indian Institute of Information Technology(IIIT), Vadodara, Gujrat",308,"Computer Science and Engineering (Cyber Security) (4 Years, Bachelor of Technology)",410J,AI,OPEN,Gender-Neutral,16
3104,"Indian Institute of Information Technology(IIIT), Vadodara, Gujrat",308,"Computer Science and Engineering (Cyber Security) (4 Years, Bachelor of Technology)",410J,AI,OPEN,Female-only (including Supernumerary),4
3105,"Indian Institute of Information Technology(IIIT), Vadodara, Gujrat",308,"Computer Science and Engineering (Cyber Security) (4 Years, Bachelor of Technology)",410J,AI,OPEN (PwD),Gender-Neutral,1
3106,"Indian Institute of Information Technology(IIIT), Vadodara, Gujrat",308,"Computer Science and Engineering (Cyber Security) (4 Years, Bachelor of Technology)",410J,AI,OPEN (PwD),Female-only (including Supernumerary),1
3107,"Indian Institute of Information Technology(IIIT), Vadodara, Gujrat",308,"Computer Science and Engineering (Cyber Security) (4 Years, Bachelor of Technology)",410J,AI,GEN-EWS,Gender-Neutral,3
3108,"Indian Institute of Information Technology(IIIT), Vadodara, Gujrat",308,"Computer Science and Engineering (Cyber Security) (4 Years, Bachelor of Technology)",410J,AI,GEN-EWS,Female-only (including Supernumerary),1
3109,"Indian Institute of Information Technology(IIIT), Vadodara, Gujrat",308,"Computer Science and Engineering (Cyber Security) (4 Years, Bachelor of Technology)",410J,AI,OBC-NCL,Gender-Neutral,6
3110,"Indian Institute of Information Technology(IIIT), Vadodara, Gujrat",308,"Computer Science and Engineering (Cyber Security) (4 Years, Bachelor of Technology)",410J,AI,OBC-NCL,Female-only (including Supernumerary),1
3111,"Indian Institute of Information Technology(IIIT), Vadodara, Gujrat",308,"Computer Science and Engineering (Cyber Security) (4 Years, Bachelor of Technology)",410J,AI,SC,Gender-Neutral,6
3112,"Indian Institute of Information Technology(IIIT), Vadodara, Gujrat",308,"Computer Science and Engineering (Cyber Security) (4 Years, Bachelor of Technology)",410J,AI,SC,Female-only (including Supernumerary),1
3113,"Indian Institute of Information Technology(IIIT), Vadodara, Gujrat",308,"Computer Science and Engineering (Cyber Security) (4 Years, Bachelor of Technology)",410J,AI,SC (PwD),Gender-Neutral,1
3114,"Indian Institute of Information Technology(IIIT), Vadodara, Gujrat",308,"Computer Science and Engineering (Cyber Security) (4 Years, Bachelor of Technology)",410J,AI,ST,Gender-Neutral,2
3115,"Indian Institute of Information Technology(IIIT), Vadodara, Gujrat",308,"Computer Science and Engineering (4 Years, Bachelor of Technology)",4110,AI,OPEN,Gender-Neutral,35
3116,"Indian Institute of Information Technology(IIIT), Vadodara, Gujrat",308,"Computer Science and Engineering (4 Years, Bachelor of Technology)",4110,AI,OPEN,Female-only (including Supernumerary),9
3117,"Indian Institute of Information Technology(IIIT), Vadodara, Gujrat",308,"Computer Science and Engineering (4 Years, Bachelor of Technology)",4110,AI,OPEN (PwD),Gender-Neutral,1
3118,"Indian Institute of Information Technology(IIIT), Vadodara, Gujrat",308,"Computer Science and Engineering (4 Years, Bachelor of Technology)",4110,AI,OPEN (PwD),Female-only (including Supernumerary),1
3119,"Indian Institute of Information Technology(IIIT), Vadodara, Gujrat",308,"Computer Science and Engineering (4 Years, Bachelor of Technology)",4110,AI,GEN-EWS,Gender-Neutral,2
3120,"Indian Institute of Information Technology(IIIT), Vadodara, Gujrat",308,"Computer Science and Engineering (4 Years, Bachelor of Technology)",4110,AI,GEN-EWS,Female-only (including Supernumerary),1
3121,"Indian Institute of Information Technology(IIIT), Vadodara, Gujrat",308,"Computer Science and Engineering (4 Years, Bachelor of Technology)",4110,AI,OBC-NCL,Gender-Neutral,13
3122,"Indian Institute of Information Technology(IIIT), Vadodara, Gujrat",308,"Computer Science and Engineering (4 Years, Bachelor of Technology)",4110,AI,OBC-NCL,Female-only (including Supernumerary),4
3123,"Indian Institute of Information Technology(IIIT), Vadodara, Gujrat",308,"Computer Science and Engineering (4 Years, Bachelor of Technology)",4110,AI,OBC-NCL(PwD),Gender-Neutral,1
3124,"Indian Institute of Information Technology(IIIT), Vadodara, Gujrat",308,"Computer Science and Engineering (4 Years, Bachelor of Technology)",4110,AI,OBC-NCL(PwD),Female-only (including Supernumerary),1
3125,"Indian Institute of Information Technology(IIIT), Vadodara, Gujrat",308,"Computer Science and Engineering (4 Years, Bachelor of Technology)",4110,AI,SC,Gender-Neutral,7
3126,"Indian Institute of Information Technology(IIIT), Vadodara, Gujrat",308,"Computer Science and Engineering (4 Years, Bachelor of Technology)",4110,AI,SC,Female-only (including Supernumerary),5
3127,"Indian Institute of Information Technology(IIIT), Vadodara, Gujrat",308,"Computer Science and Engineering (4 Years, Bachelor of Technology)",4110,AI,SC (PwD),Gender-Neutral,2
3128,"Indian Institute of Information Technology(IIIT), Vadodara, Gujrat",308,"Computer Science and Engineering (4 Years, Bachelor of Technology)",4110,AI,ST,Gender-Neutral,7
3129,"Indian Institute of Information Technology(IIIT), Vadodara, Gujrat",308,"Computer Science and Engineering (4 Years, Bachelor of Technology)",4110,AI,ST,Female-only (including Supernumerary),1
3130,"Indian Institute of Information Technology(IIIT), Vadodara, Gujrat",308,"Computer Science and Engineering (4 Years, Bachelor of Technology)",4110,AI,ST (PwD),Gender-Neutral,1
3131,"Indian Institute of Information Technology(IIIT), Vadodara, Gujrat",308,"Electronics and Communication Engineering (4 Years, Bachelor of Technology)",4114,AI,OPEN,Gender-Neutral,19
3132,"Indian Institute of Information Technology(IIIT), Vadodara, Gujrat",308,"Electronics and Communication Engineering (4 Years, Bachelor of Technology)",4114,AI,OPEN,Female-only (including Supernumerary),4
3133,"Indian Institute of Information Technology(IIIT), Vadodara, Gujrat",308,"Electronics and Communication Engineering (4 Years, Bachelor of Technology)",4114,AI,OPEN (PwD),Female-only (including Supernumerary),1
3134,"Indian Institute of Information Technology(IIIT), Vadodara, Gujrat",308,"Electronics and Communication Engineering (4 Years, Bachelor of Technology)",4114,AI,GEN-EWS,Gender-Neutral,1
3135,"Indian Institute of Information Technology(IIIT), Vadodara, Gujrat",308,"Electronics and Communication Engineering (4 Years, Bachelor of Technology)",4114,AI,GEN-EWS,Female-only (including Supernumerary),1
3136,"Indian Institute of Information Technology(IIIT), Vadodara, Gujrat",308,"Electronics and Communication Engineering (4 Years, Bachelor of Technology)",4114,AI,GEN-EWS(PwD),Gender-Neutral,1
3137,"Indian Institute of Information Technology(IIIT), Vadodara, Gujrat",308,"Electronics and Communication Engineering (4 Years, Bachelor of Technology)",4114,AI,OBC-NCL,Gender-Neutral,9
3138,"Indian Institute of Information Technology(IIIT), Vadodara, Gujrat",308,"Electronics and Communication Engineering (4 Years, Bachelor of Technology)",4114,AI,OBC-NCL,Female-only (including Supernumerary),2
3139,"Indian Institute of Information Technology(IIIT), Vadodara, Gujrat",308,"Electronics and Communication Engineering (4 Years, Bachelor of Technology)",4114,AI,OBC-NCL(PwD),Gender-Neutral,1
3140,"Indian Institute of Information Technology(IIIT), Vadodara, Gujrat",308,"Electronics and Communication Engineering (4 Years, Bachelor of Technology)",4114,AI,SC,Gender-Neutral,3
3141,"Indian Institute of Information Technology(IIIT), Vadodara, Gujrat",308,"Electronics and Communication Engineering (4 Years, Bachelor of Technology)",4114,AI,SC,Female-only (including Supernumerary),2
3142,"Indian Institute of Information Technology(IIIT), Vadodara, Gujrat",308,"Electronics and Communication Engineering (4 Years, Bachelor of Technology)",4114,AI,SC (PwD),Gender-Neutral,1
3143,"Indian Institute of Information Technology(IIIT), Vadodara, Gujrat",308,"Electronics and Communication Engineering (4 Years, Bachelor of Technology)",4114,AI,ST,Gender-Neutral,5
3144,"Indian Institute of Information Technology(IIIT), Vadodara, Gujrat",308,"Electronics and Communication Engineering (4 Years, Bachelor of Technology)",4114,AI,ST (PwD),Gender-Neutral,1
3145,"Indian Institute of Information Technology(IIIT), Vadodara, Gujrat",308,"Mathematics and Computing (4 Years, Bachelor of Technology)",4124,AI,OPEN,Gender-Neutral,11
3146,"Indian Institute of Information Technology(IIIT), Vadodara, Gujrat",308,"Mathematics and Computing (4 Years, Bachelor of Technology)",4124,AI,OPEN,Female-only (including Supernumerary),3
3147,"Indian Institute of Information Technology(IIIT), Vadodara, Gujrat",308,"Mathematics and Computing (4 Years, Bachelor of Technology)",4124,AI,GEN-EWS,Gender-Neutral,2
3148,"Indian Institute of Information Technology(IIIT), Vadodara, Gujrat",308,"Mathematics and Computing (4 Years, Bachelor of Technology)",4124,AI,GEN-EWS,Female-only (including Supernumerary),1
3149,"Indian Institute of Information Technology(IIIT), Vadodara, Gujrat",308,"Mathematics and Computing (4 Years, Bachelor of Technology)",4124,AI,OBC-NCL,Gender-Neutral,3
3150,"Indian Institute of Information Technology(IIIT), Vadodara, Gujrat",308,"Mathematics and Computing (4 Years, Bachelor of Technology)",4124,AI,OBC-NCL,Female-only (including Supernumerary),1
3151,"Indian Institute of Information Technology(IIIT), Vadodara, Gujrat",308,"Mathematics and Computing (4 Years, Bachelor of Technology)",4124,AI,OBC-NCL(PwD),Gender-Neutral,1
3152,"Indian Institute of Information Technology(IIIT), Vadodara, Gujrat",308,"Mathematics and Computing (4 Years, Bachelor of Technology)",4124,AI,SC,Gender-Neutral,2
3153,"Indian Institute of Information Technology(IIIT), Vadodara, Gujrat",308,"Mathematics and Computing (4 Years, Bachelor of Technology)",4124,AI,ST,Gender-Neutral,3
3154,"Indian Institute of Information Technology(IIIT), Vadodara, Gujrat",308,"Mathematics and Computing (4 Years, Bachelor of Technology)",4124,AI,ST,Female-only (including Supernumerary),1
3155,"Indian Institute of Information Technology(IIIT), Vadodara, Gujrat",308,"Applied and Computational Physics (4 Years, Bachelor of Technology)",413U,AI,OPEN,Gender-Neutral,14
3156,"Indian Institute of Information Technology(IIIT), Vadodara, Gujrat",308,"Applied and Computational Physics (4 Years, Bachelor of Technology)",413U,AI,OPEN,Female-only (including Supernumerary),2
3157,"Indian Institute of Information Technology(IIIT), Vadodara, Gujrat",308,"Applied and Computational Physics (4 Years, Bachelor of Technology)",413U,AI,GEN-EWS,Gender-Neutral,1
3158,"Indian Institute of Information Technology(IIIT), Vadodara, Gujrat",308,"Applied and Computational Physics (4 Years, Bachelor of Technology)",413U,AI,GEN-EWS,Female-only (including Supernumerary),1
3159,"Indian Institute of Information Technology(IIIT), Vadodara, Gujrat",308,"Applied and Computational Physics (4 Years, Bachelor of Technology)",413U,AI,OBC-NCL,Gender-Neutral,5
3160,"Indian Institute of Information Technology(IIIT), Vadodara, Gujrat",308,"Applied and Computational Physics (4 Years, Bachelor of Technology)",413U,AI,SC,Gender-Neutral,4
3161,"Indian Institute of Information Technology(IIIT), Vadodara, Gujrat",308,"Applied and Computational Physics (4 Years, Bachelor of Technology)",413U,AI,SC,Female-only (including Supernumerary),1
3162,"Indian Institute of Information Technology(IIIT), Vadodara, Gujrat",308,"Applied and Computational Physics (4 Years, Bachelor of Technology)",413U,AI,ST,Gender-Neutral,3
3163,"Indian Institute of Information Technology(IIIT), Vadodara, Gujrat",308,"Applied and Computational Physics (4 Years, Bachelor of Technology)",413U,AI,ST,Female-only (including Supernumerary),1
3164,"Indian Institute of Information Technology(IIIT), Vadodara, Gujrat",308,"Information Technology (4 Years, Bachelor of Technology)",4146,AI,OPEN,Gender-Neutral,10
3165,"Indian Institute of Information Technology(IIIT), Vadodara, Gujrat",308,"Information Technology (4 Years, Bachelor of Technology)",4146,AI,OPEN,Female-only (including Supernumerary),1
3166,"Indian Institute of Information Technology(IIIT), Vadodara, Gujrat",308,"Information Technology (4 Years, Bachelor of Technology)",4146,AI,GEN-EWS,Gender-Neutral,1
3167,"Indian Institute of Information Technology(IIIT), Vadodara, Gujrat",308,"Information Technology (4 Years, Bachelor of Technology)",4146,AI,GEN-EWS,Female-only (including Supernumerary),1
3168,"Indian Institute of Information Technology(IIIT), Vadodara, Gujrat",308,"Information Technology (4 Years, Bachelor of Technology)",4146,AI,OBC-NCL,Gender-Neutral,1
3169,"Indian Institute of Information Technology(IIIT), Vadodara, Gujrat",308,"Information Technology (4 Years, Bachelor of Technology)",4146,AI,OBC-NCL(PwD),Gender-Neutral,1
3170,"Indian Institute of Information Technology(IIIT), Vadodara, Gujrat",308,"Information Technology (4 Years, Bachelor of Technology)",4146,AI,SC,Gender-Neutral,4
3171,"Indian Institute of Information Technology(IIIT), Vadodara, Gujrat",308,"Information Technology (4 Years, Bachelor of Technology)",4146,AI,SC,Female-only (including Supernumerary),1
3172,"Indian Institute of Information Technology(IIIT), Vadodara, Gujrat",308,"Information Technology (4 Years, Bachelor of Technology)",4146,AI,ST,Gender-Neutral,1
3173,"Indian Institute of Information Technology(IIIT), Vadodara, Gujrat",308,"Information Technology (4 Years, Bachelor of Technology)",4146,AI,ST,Female-only (including Supernumerary),1
3174,"Indian Institute of Information Technology(IIIT), Vadodara, Gujrat",308,"Artificial Intelligence (4 Years, Bachelor of Technology)",4185,AI,OPEN,Gender-Neutral,7
3175,"Indian Institute of Information Technology(IIIT), Vadodara, Gujrat",308,"Artificial Intelligence (4 Years, Bachelor of Technology)",4185,AI,OPEN (PwD),Gender-Neutral,1
3176,"Indian Institute of Information Technology(IIIT), Vadodara, Gujrat",308,"Artificial Intelligence (4 Years, Bachelor of Technology)",4185,AI,GEN-EWS,Gender-Neutral,1
3177,"Indian Institute of Information Technology(IIIT), Vadodara, Gujrat",308,"Artificial Intelligence (4 Years, Bachelor of Technology)",4185,AI,OBC-NCL,Gender-Neutral,2
3178,"Indian Institute of Information Technology(IIIT), Vadodara, Gujrat",308,"Artificial Intelligence (4 Years, Bachelor of Technology)",4185,AI,OBC-NCL,Female-only (including Supernumerary),1
3179,"Indian Institute of Information Technology(IIIT), Vadodara, Gujrat",308,"Artificial Intelligence (4 Years, Bachelor of Technology)",4185,AI,OBC-NCL(PwD),Gender-Neutral,1
3180,"Indian Institute of Information Technology(IIIT), Vadodara, Gujrat",308,"Artificial Intelligence (4 Years, Bachelor of Technology)",4185,AI,SC,Gender-Neutral,2
3181,"Indian Institute of Information Technology(IIIT), Vadodara, Gujrat",308,"Artificial Intelligence (4 Years, Bachelor of Technology)",4185,AI,SC,Female-only (including Supernumerary),1
3182,"Indian Institute of Information Technology(IIIT), Vadodara, Gujrat",308,"Artificial Intelligence (4 Years, Bachelor of Technology)",4185,AI,ST,Gender-Neutral,1
3183,"Indian Institute of Information Technology(IIIT), Vadodara, Gujrat",308,"Artificial Intelligence (4 Years, Bachelor of Technology)",4185,AI,ST,Female-only (including Supernumerary),1
3184,"Indian Institute of Information Technology, Allahabad",309,"Electronics and Communication Engineering (4 Years, Bachelor of Technology)",4114,AI,OPEN,Gender-Neutral,17
3185,"Indian Institute of Information Technology, Allahabad",309,"Electronics and Communication Engineering (4 Years, Bachelor of Technology)",4114,AI,OPEN,Female-only (including Supernumerary),1
3186,"Indian Institute of Information Technology, Allahabad",309,"Electronics and Communication Engineering (4 Years, Bachelor of Technology)",4114,AI,GEN-EWS,Gender-Neutral,1
3187,"Indian Institute of Information Technology, Allahabad",309,"Electronics and Communication Engineering (4 Years, Bachelor of Technology)",4114,AI,ST,Gender-Neutral,1
3188,"Indian Institute of Information Technology, Allahabad",309,"Information Technology (4 Years, Bachelor of Technology)",4146,AI,OPEN,Gender-Neutral,26
3189,"Indian Institute of Information Technology, Allahabad",309,"Information Technology (4 Years, Bachelor of Technology)",4146,AI,OPEN,Female-only (including Supernumerary),4
3190,"Indian Institute of Information Technology, Allahabad",309,"Information Technology (4 Years, Bachelor of Technology)",4146,AI,OBC-NCL,Gender-Neutral,3
3191,"Indian Institute of Information Technology, Allahabad",309,"Information Technology (4 Years, Bachelor of Technology)",4146,AI,OBC-NCL,Female-only (including Supernumerary),2
3192,"Indian Institute of Information Technology, Allahabad",309,"Information Technology (4 Years, Bachelor of Technology)",4146,AI,SC,Gender-Neutral,1
3193,"Indian Institute of Information Technology, Allahabad",309,"Information Technology (4 Years, Bachelor of Technology)",4146,AI,SC,Female-only (including Supernumerary),1
3194,"Indian Institute of Information Technology, Allahabad",309,"Information Technology (4 Years, Bachelor of Technology)",4146,AI,ST,Female-only (including Supernumerary),1
3195,"Indian Institute of Information Technology, Allahabad",309,"Information Technology- Business Informatics (4 Years, Bachelor of Technology)",4186,AI,OPEN,Gender-Neutral,1
3196,"Indian Institute of Information Technology, Allahabad",309,"Information Technology- Business Informatics (4 Years, Bachelor of Technology)",4186,AI,OPEN,Female-only (including Supernumerary),1
3197,"Indian Institute of Information Technology, Allahabad",309,"Electronics and Communication Engineering (5 Years, Bachelor and Master of Technology (Dual Degree))",5234,AI,OPEN,Gender-Neutral,3
3198,"Indian Institute of Information Technology, Allahabad",309,"Electronics and Communication Engineering (5 Years, Bachelor and Master of Technology (Dual Degree))",5234,AI,OPEN,Female-only (including Supernumerary),1
3199,"Indian Institute of Information Technology, Allahabad",309,"Electronics and Communication Engineering (5 Years, Bachelor and Master of Technology (Dual Degree))",5234,AI,OBC-NCL,Gender-Neutral,1
3200,"Indian Institute of Information Technology, Allahabad",309,"Information Technology (5 Years, Bachelor and Master of Technology (Dual Degree))",5280,AI,OPEN,Gender-Neutral,3
3201,"Indian Institute of Information Technology, Allahabad",309,"Information Technology (5 Years, Bachelor and Master of Technology (Dual Degree))",5280,AI,OPEN,Female-only (including Supernumerary),1
3202,"Indian Institute of Information Technology, Allahabad",309,"Information Technology (5 Years, Bachelor and Master of Technology (Dual Degree))",5280,AI,GEN-EWS,Gender-Neutral,1
3203,"Indian Institute of Information Technology, Allahabad",309,"B. Tech. Information Technology-Business Informatics (IT- BIn) - Master of Business Administration (MBA) (5 Years, Bachelor of Technology and MBA (Dual Degree))",5424,AI,OPEN,Gender-Neutral,5
3204,"Indian Institute of Information Technology, Allahabad",309,"B. Tech. Information Technology-Business Informatics (IT- BIn) - Master of Business Administration (MBA) (5 Years, Bachelor of Technology and MBA (Dual Degree))",5424,AI,OPEN,Female-only (including Supernumerary),1
3205,"Indian Institute of Information Technology, Allahabad",309,"B. Tech. Information Technology-Business Informatics (IT- BIn) - Master of Business Administration (MBA) (5 Years, Bachelor of Technology and MBA (Dual Degree))",5424,AI,OBC-NCL,Gender-Neutral,1
3206,"Indian Institute of Information Technology, Allahabad",309,"B. Tech. Information Technology-Business Informatics (IT- BIn) - Master of Business Administration (MBA) (5 Years, Bachelor of Technology and MBA (Dual Degree))",5424,AI,ST,Gender-Neutral,1
3207,"Indian Institute of Information Technology, Design & Manufacturing, Kancheepuram",310,"Computer Science and Engineering (4 Years, Bachelor of Technology)",4110,AI,OPEN,Gender-Neutral,5
3208,"Indian Institute of Information Technology, Design & Manufacturing, Kancheepuram",310,"Computer Science and Engineering (4 Years, Bachelor of Technology)",4110,AI,OPEN,Female-only (including Supernumerary),2
3209,"Indian Institute of Information Technology, Design & Manufacturing, Kancheepuram",310,"Computer Science and Engineering (4 Years, Bachelor of Technology)",4110,AI,GEN-EWS,Gender-Neutral,1
3210,"Indian Institute of Information Technology, Design & Manufacturing, Kancheepuram",310,"Computer Science and Engineering (4 Years, Bachelor of Technology)",4110,AI,OBC-NCL,Gender-Neutral,6
3211,"Indian Institute of Information Technology, Design & Manufacturing, Kancheepuram",310,"Computer Science and Engineering (4 Years, Bachelor of Technology)",4110,AI,SC,Gender-Neutral,1
3212,"Indian Institute of Information Technology, Design & Manufacturing, Kancheepuram",310,"Computer Science and Engineering (4 Years, Bachelor of Technology)",4110,AI,ST,Female-only (including Supernumerary),1
3213,"Indian Institute of Information Technology, Design & Manufacturing, Kancheepuram",310,"Electronics and Communication Engineering (4 Years, Bachelor of Technology)",4114,AI,OPEN,Gender-Neutral,11
3214,"Indian Institute of Information Technology, Design & Manufacturing, Kancheepuram",310,"Electronics and Communication Engineering (4 Years, Bachelor of Technology)",4114,AI,OPEN,Female-only (including Supernumerary),4
3215,"Indian Institute of Information Technology, Design & Manufacturing, Kancheepuram",310,"Electronics and Communication Engineering (4 Years, Bachelor of Technology)",4114,AI,OPEN (PwD),Gender-Neutral,1
3216,"Indian Institute of Information Technology, Design & Manufacturing, Kancheepuram",310,"Electronics and Communication Engineering (4 Years, Bachelor of Technology)",4114,AI,OPEN (PwD),Female-only (including Supernumerary),1
3217,"Indian Institute of Information Technology, Design & Manufacturing, Kancheepuram",310,"Electronics and Communication Engineering (4 Years, Bachelor of Technology)",4114,AI,GEN-EWS,Gender-Neutral,1
3218,"Indian Institute of Information Technology, Design & Manufacturing, Kancheepuram",310,"Electronics and Communication Engineering (4 Years, Bachelor of Technology)",4114,AI,OBC-NCL,Gender-Neutral,7
3219,"Indian Institute of Information Technology, Design & Manufacturing, Kancheepuram",310,"Electronics and Communication Engineering (4 Years, Bachelor of Technology)",4114,AI,OBC-NCL,Female-only (including Supernumerary),3
3220,"Indian Institute of Information Technology, Design & Manufacturing, Kancheepuram",310,"Electronics and Communication Engineering (4 Years, Bachelor of Technology)",4114,AI,SC,Gender-Neutral,3
3221,"Indian Institute of Information Technology, Design & Manufacturing, Kancheepuram",310,"Electronics and Communication Engineering (4 Years, Bachelor of Technology)",4114,AI,SC,Female-only (including Supernumerary),1
3222,"Indian Institute of Information Technology, Design & Manufacturing, Kancheepuram",310,"Engineering Physics (4 Years, Bachelor of Technology)",4117,AI,OPEN,Gender-Neutral,1
3223,"Indian Institute of Information Technology, Design & Manufacturing, Kancheepuram",310,"Engineering Physics (4 Years, Bachelor of Technology)",4117,AI,OPEN,Female-only (including Supernumerary),1
3224,"Indian Institute of Information Technology, Design & Manufacturing, Kancheepuram",310,"Mechanical Engineering (4 Years, Bachelor of Technology)",4125,AI,OPEN,Gender-Neutral,11
3225,"Indian Institute of Information Technology, Design & Manufacturing, Kancheepuram",310,"Mechanical Engineering (4 Years, Bachelor of Technology)",4125,AI,OPEN,Female-only (including Supernumerary),4
3226,"Indian Institute of Information Technology, Design & Manufacturing, Kancheepuram",310,"Mechanical Engineering (4 Years, Bachelor of Technology)",4125,AI,OPEN (PwD),Gender-Neutral,1
3227,"Indian Institute of Information Technology, Design & Manufacturing, Kancheepuram",310,"Mechanical Engineering (4 Years, Bachelor of Technology)",4125,AI,OPEN (PwD),Female-only (including Supernumerary),1
3228,"Indian Institute of Information Technology, Design & Manufacturing, Kancheepuram",310,"Mechanical Engineering (4 Years, Bachelor of Technology)",4125,AI,GEN-EWS,Gender-Neutral,3
3229,"Indian Institute of Information Technology, Design & Manufacturing, Kancheepuram",310,"Mechanical Engineering (4 Years, Bachelor of Technology)",4125,AI,GEN-EWS,Female-only (including Supernumerary),1
3230,"Indian Institute of Information Technology, Design & Manufacturing, Kancheepuram",310,"Mechanical Engineering (4 Years, Bachelor of Technology)",4125,AI,OBC-NCL,Gender-Neutral,7
3231,"Indian Institute of Information Technology, Design & Manufacturing, Kancheepuram",310,"Mechanical Engineering (4 Years, Bachelor of Technology)",4125,AI,OBC-NCL,Female-only (including Supernumerary),2
3232,"Indian Institute of Information Technology, Design & Manufacturing, Kancheepuram",310,"Mechanical Engineering (4 Years, Bachelor of Technology)",4125,AI,SC,Gender-Neutral,1
3233,"Indian Institute of Information Technology, Design & Manufacturing, Kancheepuram",310,"Mechanical Engineering (4 Years, Bachelor of Technology)",4125,AI,SC,Female-only (including Supernumerary),3
3234,"Indian Institute of Information Technology, Design & Manufacturing, Kancheepuram",310,"Design Engineering (4 Years, Bachelor of Technology)",413C,AI,OPEN,Gender-Neutral,4
3235,"Indian Institute of Information Technology, Design & Manufacturing, Kancheepuram",310,"Design Engineering (4 Years, Bachelor of Technology)",413C,AI,OPEN,Female-only (including Supernumerary),1
3236,"Indian Institute of Information Technology, Design & Manufacturing, Kancheepuram",310,"Design Engineering (4 Years, Bachelor of Technology)",413C,AI,GEN-EWS,Gender-Neutral,2
3237,"Indian Institute of Information Technology, Design & Manufacturing, Kancheepuram",310,"Design Engineering (4 Years, Bachelor of Technology)",413C,AI,OBC-NCL,Gender-Neutral,2
3238,"Indian Institute of Information Technology, Design & Manufacturing, Kancheepuram",310,"Design Engineering (4 Years, Bachelor of Technology)",413C,AI,OBC-NCL,Female-only (including Supernumerary),1
3239,"Indian Institute of Information Technology, Design & Manufacturing, Kancheepuram",310,"Design Engineering (4 Years, Bachelor of Technology)",413C,AI,SC,Gender-Neutral,1
3240,"Indian Institute of Information Technology, Design & Manufacturing, Kancheepuram",310,"Design Engineering (4 Years, Bachelor of Technology)",413C,AI,SC,Female-only (including Supernumerary),1
3241,"Indian Institute of Information Technology, Design & Manufacturing, Kancheepuram",310,"Design Engineering (4 Years, Bachelor of Technology)",413C,AI,ST,Gender-Neutral,1
3242,"Indian Institute of Information Technology, Design & Manufacturing, Kancheepuram",310,"Smart Manufacturing (4 Years, Bachelor of Technology)",4176,AI,OPEN,Gender-Neutral,9
3243,"Indian Institute of Information Technology, Design & Manufacturing, Kancheepuram",310,"Smart Manufacturing (4 Years, Bachelor of Technology)",4176,AI,GEN-EWS,Gender-Neutral,1
3244,"Indian Institute of Information Technology, Design & Manufacturing, Kancheepuram",310,"Smart Manufacturing (4 Years, Bachelor of Technology)",4176,AI,GEN-EWS,Female-only (including Supernumerary),1
3245,"Indian Institute of Information Technology, Design & Manufacturing, Kancheepuram",310,"Smart Manufacturing (4 Years, Bachelor of Technology)",4176,AI,OBC-NCL,Gender-Neutral,5
3246,"Indian Institute of Information Technology, Design & Manufacturing, Kancheepuram",310,"Smart Manufacturing (4 Years, Bachelor of Technology)",4176,AI,OBC-NCL,Female-only (including Supernumerary),2
3247,"Indian Institute of Information Technology, Design & Manufacturing, Kancheepuram",310,"Smart Manufacturing (4 Years, Bachelor of Technology)",4176,AI,SC,Gender-Neutral,1
3248,"Indian Institute of Information Technology, Design & Manufacturing, Kancheepuram",310,"Computer Science and Engineering with Major in Artificial Intelligence (4 Years, Bachelor of Technology)",4196,AI,OPEN,Gender-Neutral,3
3249,"Indian Institute of Information Technology, Design & Manufacturing, Kancheepuram",310,"Computer Science and Engineering with Major in Artificial Intelligence (4 Years, Bachelor of Technology)",4196,AI,OBC-NCL,Gender-Neutral,2
3250,"Indian Institute of Information Technology, Design & Manufacturing, Kancheepuram",310,"Computer Science and Engineering with Major in Artificial Intelligence (4 Years, Bachelor of Technology)",4196,AI,SC,Gender-Neutral,2
3251,"Indian Institute of Information Technology, Design & Manufacturing, Kancheepuram",310,"Computer Science and Engineering (5 Years, Bachelor and Master of Technology (Dual Degree))",5216,AI,OPEN,Gender-Neutral,6
3252,"Indian Institute of Information Technology, Design & Manufacturing, Kancheepuram",310,"Computer Science and Engineering (5 Years, Bachelor and Master of Technology (Dual Degree))",5216,AI,OPEN,Female-only (including Supernumerary),2
3253,"Indian Institute of Information Technology, Design & Manufacturing, Kancheepuram",310,"Computer Science and Engineering (5 Years, Bachelor and Master of Technology (Dual Degree))",5216,AI,OPEN (PwD),Female-only (including Supernumerary),1
3254,"Indian Institute of Information Technology, Design & Manufacturing, Kancheepuram",310,"Computer Science and Engineering (5 Years, Bachelor and Master of Technology (Dual Degree))",5216,AI,GEN-EWS,Female-only (including Supernumerary),1
3255,"Indian Institute of Information Technology, Design & Manufacturing, Kancheepuram",310,"Computer Science and Engineering (5 Years, Bachelor and Master of Technology (Dual Degree))",5216,AI,GEN-EWS(PwD),Gender-Neutral,1
3256,"Indian Institute of Information Technology, Design & Manufacturing, Kancheepuram",310,"Computer Science and Engineering (5 Years, Bachelor and Master of Technology (Dual Degree))",5216,AI,OBC-NCL,Gender-Neutral,2
3257,"Indian Institute of Information Technology, Design & Manufacturing, Kancheepuram",310,"Computer Science and Engineering (5 Years, Bachelor and Master of Technology (Dual Degree))",5216,AI,ST,Gender-Neutral,1
3258,"Indian Institute of Information Technology, Design & Manufacturing, Kancheepuram",310,"Computer Science and Engineering (5 Years, Bachelor and Master of Technology (Dual Degree))",5216,AI,ST (PwD),Gender-Neutral,1
3259,"Indian Institute of Information Technology, Design & Manufacturing, Kancheepuram",310,"B.Tech. in Electronics and Communication Engineering and M.Tech. in Communication Systems (5 Years, Bachelor and Master of Technology (Dual Degree))",521Q,AI,OPEN,Gender-Neutral,2
3260,"Indian Institute of Information Technology, Design & Manufacturing, Kancheepuram",310,"B.Tech. in Electronics and Communication Engineering and M.Tech. in Communication Systems (5 Years, Bachelor and Master of Technology (Dual Degree))",521Q,AI,OPEN (PwD),Gender-Neutral,1
3261,"Indian Institute of Information Technology, Design & Manufacturing, Kancheepuram",310,"B.Tech. in Electronics and Communication Engineering and M.Tech. in Communication Systems (5 Years, Bachelor and Master of Technology (Dual Degree))",521Q,AI,SC,Gender-Neutral,1
3262,"Indian Institute of Information Technology, Design & Manufacturing, Kancheepuram",310,"B.Tech. in Electronics and Communication Engineering and M.Tech. in Microelectronics and VLSI Systems (5 Years, Bachelor and Master of Technology (Dual Degree))",523T,AI,OPEN,Gender-Neutral,2
3263,"Indian Institute of Information Technology, Design & Manufacturing, Kancheepuram",310,"B.Tech. in Electronics and Communication Engineering and M.Tech. in Microelectronics and VLSI Systems (5 Years, Bachelor and Master of Technology (Dual Degree))",523T,AI,OPEN,Female-only (including Supernumerary),1
3264,"Indian Institute of Information Technology, Design & Manufacturing, Kancheepuram",310,"B.Tech in Mechanical Engineering and M.Tech in AI and Robotics (5 Years, B.Tech. + M.Tech./MS (Dual Degree))",5A11,AI,OPEN,Gender-Neutral,5
3265,"Indian Institute of Information Technology, Design & Manufacturing, Kancheepuram",310,"B.Tech in Mechanical Engineering and M.Tech in AI and Robotics (5 Years, B.Tech. + M.Tech./MS (Dual Degree))",5A11,AI,OPEN,Female-only (including Supernumerary),4
3266,"Indian Institute of Information Technology, Design & Manufacturing, Kancheepuram",310,"B.Tech in Mechanical Engineering and M.Tech in AI and Robotics (5 Years, B.Tech. + M.Tech./MS (Dual Degree))",5A11,AI,OBC-NCL,Gender-Neutral,1
3267,"Indian Institute of Information Technology, Design & Manufacturing, Kancheepuram",310,"B.Tech in Mechanical Engineering and M.Tech in AI and Robotics (5 Years, B.Tech. + M.Tech./MS (Dual Degree))",5A11,AI,OBC-NCL,Female-only (including Supernumerary),1
3268,"Indian Institute of Information Technology, Design & Manufacturing, Kancheepuram",310,"B.Tech in Mechanical Engineering and M.Tech in AI and Robotics (5 Years, B.Tech. + M.Tech./MS (Dual Degree))",5A11,AI,SC,Gender-Neutral,2
3269,"Indian Institute of Information Technology, Design & Manufacturing, Kancheepuram",310,"B.Tech in Mechanical Engineering and M.Tech in AI and Robotics (5 Years, B.Tech. + M.Tech./MS (Dual Degree))",5A11,AI,SC (PwD),Gender-Neutral,1
3270,"Pt. Dwarka Prasad Mishra Indian Institute of Information Technology, Design & Manufacture Jabalpur",311,"Computer Science and Engineering (4 Years, Bachelor of Technology)",4110,AI,OPEN,Gender-Neutral,21
3271,"Pt. Dwarka Prasad Mishra Indian Institute of Information Technology, Design & Manufacture Jabalpur",311,"Computer Science and Engineering (4 Years, Bachelor of Technology)",4110,AI,OPEN,Female-only (including Supernumerary),6
3272,"Pt. Dwarka Prasad Mishra Indian Institute of Information Technology, Design & Manufacture Jabalpur",311,"Computer Science and Engineering (4 Years, Bachelor of Technology)",4110,AI,OPEN (PwD),Gender-Neutral,1
3273,"Pt. Dwarka Prasad Mishra Indian Institute of Information Technology, Design & Manufacture Jabalpur",311,"Computer Science and Engineering (4 Years, Bachelor of Technology)",4110,AI,GEN-EWS,Gender-Neutral,1
3274,"Pt. Dwarka Prasad Mishra Indian Institute of Information Technology, Design & Manufacture Jabalpur",311,"Computer Science and Engineering (4 Years, Bachelor of Technology)",4110,AI,GEN-EWS,Female-only (including Supernumerary),1
3275,"Pt. Dwarka Prasad Mishra Indian Institute of Information Technology, Design & Manufacture Jabalpur",311,"Computer Science and Engineering (4 Years, Bachelor of Technology)",4110,AI,OBC-NCL,Gender-Neutral,1
3276,"Pt. Dwarka Prasad Mishra Indian Institute of Information Technology, Design & Manufacture Jabalpur",311,"Computer Science and Engineering (4 Years, Bachelor of Technology)",4110,AI,OBC-NCL,Female-only (including Supernumerary),1
3277,"Pt. Dwarka Prasad Mishra Indian Institute of Information Technology, Design & Manufacture Jabalpur",311,"Computer Science and Engineering (4 Years, Bachelor of Technology)",4110,AI,SC,Gender-Neutral,5
3278,"Pt. Dwarka Prasad Mishra Indian Institute of Information Technology, Design & Manufacture Jabalpur",311,"Computer Science and Engineering (4 Years, Bachelor of Technology)",4110,AI,ST,Gender-Neutral,3
3279,"Pt. Dwarka Prasad Mishra Indian Institute of Information Technology, Design & Manufacture Jabalpur",311,"Computer Science and Engineering (4 Years, Bachelor of Technology)",4110,AI,ST (PwD),Gender-Neutral,1
3280,"Pt. Dwarka Prasad Mishra Indian Institute of Information Technology, Design & Manufacture Jabalpur",311,"Computer Science and Engineering (4 Years, Bachelor of Technology)",4110,AI,ST (PwD),Female-only (including Supernumerary),1
3281,"Pt. Dwarka Prasad Mishra Indian Institute of Information Technology, Design & Manufacture Jabalpur",311,"Electronics and Communication Engineering (4 Years, Bachelor of Technology)",4114,AI,OPEN,Gender-Neutral,14
3282,"Pt. Dwarka Prasad Mishra Indian Institute of Information Technology, Design & Manufacture Jabalpur",311,"Electronics and Communication Engineering (4 Years, Bachelor of Technology)",4114,AI,OPEN,Female-only (including Supernumerary),2
3283,"Pt. Dwarka Prasad Mishra Indian Institute of Information Technology, Design & Manufacture Jabalpur",311,"Electronics and Communication Engineering (4 Years, Bachelor of Technology)",4114,AI,GEN-EWS,Gender-Neutral,1
3284,"Pt. Dwarka Prasad Mishra Indian Institute of Information Technology, Design & Manufacture Jabalpur",311,"Electronics and Communication Engineering (4 Years, Bachelor of Technology)",4114,AI,OBC-NCL,Gender-Neutral,3
3285,"Pt. Dwarka Prasad Mishra Indian Institute of Information Technology, Design & Manufacture Jabalpur",311,"Electronics and Communication Engineering (4 Years, Bachelor of Technology)",4114,AI,SC,Gender-Neutral,3
3286,"Pt. Dwarka Prasad Mishra Indian Institute of Information Technology, Design & Manufacture Jabalpur",311,"Electronics and Communication Engineering (4 Years, Bachelor of Technology)",4114,AI,SC (PwD),Female-only (including Supernumerary),1
3287,"Pt. Dwarka Prasad Mishra Indian Institute of Information Technology, Design & Manufacture Jabalpur",311,"Mechanical Engineering (4 Years, Bachelor of Technology)",4125,AI,OPEN,Gender-Neutral,7
3288,"Pt. Dwarka Prasad Mishra Indian Institute of Information Technology, Design & Manufacture Jabalpur",311,"Mechanical Engineering (4 Years, Bachelor of Technology)",4125,AI,OPEN,Female-only (including Supernumerary),2
3289,"Pt. Dwarka Prasad Mishra Indian Institute of Information Technology, Design & Manufacture Jabalpur",311,"Mechanical Engineering (4 Years, Bachelor of Technology)",4125,AI,GEN-EWS,Gender-Neutral,1
3290,"Pt. Dwarka Prasad Mishra Indian Institute of Information Technology, Design & Manufacture Jabalpur",311,"Mechanical Engineering (4 Years, Bachelor of Technology)",4125,AI,GEN-EWS,Female-only (including Supernumerary),1
3291,"Pt. Dwarka Prasad Mishra Indian Institute of Information Technology, Design & Manufacture Jabalpur",311,"Mechanical Engineering (4 Years, Bachelor of Technology)",4125,AI,OBC-NCL,Gender-Neutral,5
3292,"Pt. Dwarka Prasad Mishra Indian Institute of Information Technology, Design & Manufacture Jabalpur",311,"Mechanical Engineering (4 Years, Bachelor of Technology)",4125,AI,OBC-NCL,Female-only (including Supernumerary),2
3293,"Pt. Dwarka Prasad Mishra Indian Institute of Information Technology, Design & Manufacture Jabalpur",311,"Mechanical Engineering (4 Years, Bachelor of Technology)",4125,AI,SC,Gender-Neutral,1
3294,"Pt. Dwarka Prasad Mishra Indian Institute of Information Technology, Design & Manufacture Jabalpur",311,"Mechanical Engineering (4 Years, Bachelor of Technology)",4125,AI,ST (PwD),Gender-Neutral,1
3295,"Pt. Dwarka Prasad Mishra Indian Institute of Information Technology, Design & Manufacture Jabalpur",311,"Smart Manufacturing (4 Years, Bachelor of Technology)",4176,AI,OPEN,Gender-Neutral,11
3296,"Pt. Dwarka Prasad Mishra Indian Institute of Information Technology, Design & Manufacture Jabalpur",311,"Smart Manufacturing (4 Years, Bachelor of Technology)",4176,AI,OPEN,Female-only (including Supernumerary),3
3297,"Pt. Dwarka Prasad Mishra Indian Institute of Information Technology, Design & Manufacture Jabalpur",311,"Smart Manufacturing (4 Years, Bachelor of Technology)",4176,AI,OPEN (PwD),Gender-Neutral,1
3298,"Pt. Dwarka Prasad Mishra Indian Institute of Information Technology, Design & Manufacture Jabalpur",311,"Smart Manufacturing (4 Years, Bachelor of Technology)",4176,AI,OPEN (PwD),Female-only (including Supernumerary),1
3299,"Pt. Dwarka Prasad Mishra Indian Institute of Information Technology, Design & Manufacture Jabalpur",311,"Smart Manufacturing (4 Years, Bachelor of Technology)",4176,AI,GEN-EWS,Gender-Neutral,2
3300,"Pt. Dwarka Prasad Mishra Indian Institute of Information Technology, Design & Manufacture Jabalpur",311,"Smart Manufacturing (4 Years, Bachelor of Technology)",4176,AI,GEN-EWS(PwD),Gender-Neutral,1
3301,"Pt. Dwarka Prasad Mishra Indian Institute of Information Technology, Design & Manufacture Jabalpur",311,"Smart Manufacturing (4 Years, Bachelor of Technology)",4176,AI,OBC-NCL,Gender-Neutral,4
3302,"Pt. Dwarka Prasad Mishra Indian Institute of Information Technology, Design & Manufacture Jabalpur",311,"Smart Manufacturing (4 Years, Bachelor of Technology)",4176,AI,OBC-NCL,Female-only (including Supernumerary),1
3303,"Pt. Dwarka Prasad Mishra Indian Institute of Information Technology, Design & Manufacture Jabalpur",311,"Smart Manufacturing (4 Years, Bachelor of Technology)",4176,AI,OBC-NCL(PwD),Gender-Neutral,1
3304,"Pt. Dwarka Prasad Mishra Indian Institute of Information Technology, Design & Manufacture Jabalpur",311,"Smart Manufacturing (4 Years, Bachelor of Technology)",4176,AI,SC,Female-only (including Supernumerary),1
3305,"Pt. Dwarka Prasad Mishra Indian Institute of Information Technology, Design & Manufacture Jabalpur",311,"Smart Manufacturing (4 Years, Bachelor of Technology)",4176,AI,ST,Gender-Neutral,1
3306,INDIAN INSTITUTE OF INFORMATION TECHNOLOGY SENAPATI MANIPUR,313,"Electronics and Communication Engineering with specialization in VLSI and Embedded Systems (4 Years, Bachelor of Technology)",410M,AI,OPEN,Gender-Neutral,34
3307,INDIAN INSTITUTE OF INFORMATION TECHNOLOGY SENAPATI MANIPUR,313,"Electronics and Communication Engineering with specialization in VLSI and Embedded Systems (4 Years, Bachelor of Technology)",410M,AI,GEN-EWS,Gender-Neutral,8
3308,INDIAN INSTITUTE OF INFORMATION TECHNOLOGY SENAPATI MANIPUR,313,"Electronics and Communication Engineering with specialization in VLSI and Embedded Systems (4 Years, Bachelor of Technology)",410M,AI,OBC-NCL,Gender-Neutral,20
3309,INDIAN INSTITUTE OF INFORMATION TECHNOLOGY SENAPATI MANIPUR,313,"Electronics and Communication Engineering with specialization in VLSI and Embedded Systems (4 Years, Bachelor of Technology)",410M,AI,SC,Gender-Neutral,11
3310,INDIAN INSTITUTE OF INFORMATION TECHNOLOGY SENAPATI MANIPUR,313,"Electronics and Communication Engineering with specialization in VLSI and Embedded Systems (4 Years, Bachelor of Technology)",410M,AI,ST,Gender-Neutral,5
3311,INDIAN INSTITUTE OF INFORMATION TECHNOLOGY SENAPATI MANIPUR,313,"Computer Science and Engineering with specialization in Artificial Intelligence and Data Science (4 Years, Bachelor of Technology)",410R,AI,OPEN,Gender-Neutral,34
3312,INDIAN INSTITUTE OF INFORMATION TECHNOLOGY SENAPATI MANIPUR,313,"Computer Science and Engineering with specialization in Artificial Intelligence and Data Science (4 Years, Bachelor of Technology)",410R,AI,GEN-EWS,Gender-Neutral,5
3313,INDIAN INSTITUTE OF INFORMATION TECHNOLOGY SENAPATI MANIPUR,313,"Computer Science and Engineering with specialization in Artificial Intelligence and Data Science (4 Years, Bachelor of Technology)",410R,AI,OBC-NCL,Gender-Neutral,18
3314,INDIAN INSTITUTE OF INFORMATION TECHNOLOGY SENAPATI MANIPUR,313,"Computer Science and Engineering with specialization in Artificial Intelligence and Data Science (4 Years, Bachelor of Technology)",410R,AI,SC,Gender-Neutral,8
3315,INDIAN INSTITUTE OF INFORMATION TECHNOLOGY SENAPATI MANIPUR,313,"Computer Science and Engineering with specialization in Artificial Intelligence and Data Science (4 Years, Bachelor of Technology)",410R,AI,ST,Gender-Neutral,4
3316,INDIAN INSTITUTE OF INFORMATION TECHNOLOGY SENAPATI MANIPUR,313,"Computer Science and Engineering (4 Years, Bachelor of Technology)",4110,AI,OPEN,Gender-Neutral,35
3317,INDIAN INSTITUTE OF INFORMATION TECHNOLOGY SENAPATI MANIPUR,313,"Computer Science and Engineering (4 Years, Bachelor of Technology)",4110,AI,GEN-EWS,Gender-Neutral,7
3318,INDIAN INSTITUTE OF INFORMATION TECHNOLOGY SENAPATI MANIPUR,313,"Computer Science and Engineering (4 Years, Bachelor of Technology)",4110,AI,OBC-NCL,Gender-Neutral,7
3319,INDIAN INSTITUTE OF INFORMATION TECHNOLOGY SENAPATI MANIPUR,313,"Computer Science and Engineering (4 Years, Bachelor of Technology)",4110,AI,SC,Gender-Neutral,6
3320,INDIAN INSTITUTE OF INFORMATION TECHNOLOGY SENAPATI MANIPUR,313,"Computer Science and Engineering (4 Years, Bachelor of Technology)",4110,AI,ST,Gender-Neutral,4
3321,INDIAN INSTITUTE OF INFORMATION TECHNOLOGY SENAPATI MANIPUR,313,"Electronics and Communication Engineering (4 Years, Bachelor of Technology)",4114,AI,OPEN,Gender-Neutral,31
3322,INDIAN INSTITUTE OF INFORMATION TECHNOLOGY SENAPATI MANIPUR,313,"Electronics and Communication Engineering (4 Years, Bachelor of Technology)",4114,AI,GEN-EWS,Gender-Neutral,8
3323,INDIAN INSTITUTE OF INFORMATION TECHNOLOGY SENAPATI MANIPUR,313,"Electronics and Communication Engineering (4 Years, Bachelor of Technology)",4114,AI,OBC-NCL,Gender-Neutral,18
3324,INDIAN INSTITUTE OF INFORMATION TECHNOLOGY SENAPATI MANIPUR,313,"Electronics and Communication Engineering (4 Years, Bachelor of Technology)",4114,AI,SC,Gender-Neutral,12
3325,INDIAN INSTITUTE OF INFORMATION TECHNOLOGY SENAPATI MANIPUR,313,"Electronics and Communication Engineering (4 Years, Bachelor of Technology)",4114,AI,ST,Gender-Neutral,5
3326,INDIAN INSTITUTE OF INFORMATION TECHNOLOGY SENAPATI MANIPUR,313,"Computer Science and Engineering with specialization in Quantum Technologies (4 Years, Bachelor of Technology)",413H,AI,OPEN,Gender-Neutral,16
3327,INDIAN INSTITUTE OF INFORMATION TECHNOLOGY SENAPATI MANIPUR,313,"Computer Science and Engineering with specialization in Quantum Technologies (4 Years, Bachelor of Technology)",413H,AI,GEN-EWS,Gender-Neutral,1
3328,INDIAN INSTITUTE OF INFORMATION TECHNOLOGY SENAPATI MANIPUR,313,"Computer Science and Engineering with specialization in Quantum Technologies (4 Years, Bachelor of Technology)",413H,AI,OBC-NCL,Gender-Neutral,7
3329,INDIAN INSTITUTE OF INFORMATION TECHNOLOGY SENAPATI MANIPUR,313,"Computer Science and Engineering with specialization in Quantum Technologies (4 Years, Bachelor of Technology)",413H,AI,SC,Gender-Neutral,4
3330,INDIAN INSTITUTE OF INFORMATION TECHNOLOGY SENAPATI MANIPUR,313,"Computer Science and Engineering with specialization in Quantum Technologies (4 Years, Bachelor of Technology)",413H,AI,ST,Gender-Neutral,4
3331,INDIAN INSTITUTE OF INFORMATION TECHNOLOGY SENAPATI MANIPUR,313,"Computer Science and Engineering with specialization in Cyber Security (4 Years, Bachelor of Technology)",4195,AI,OPEN,Gender-Neutral,17
3332,INDIAN INSTITUTE OF INFORMATION TECHNOLOGY SENAPATI MANIPUR,313,"Computer Science and Engineering with specialization in Cyber Security (4 Years, Bachelor of Technology)",4195,AI,GEN-EWS,Gender-Neutral,4
3333,INDIAN INSTITUTE OF INFORMATION TECHNOLOGY SENAPATI MANIPUR,313,"Computer Science and Engineering with specialization in Cyber Security (4 Years, Bachelor of Technology)",4195,AI,OBC-NCL,Gender-Neutral,10
3334,INDIAN INSTITUTE OF INFORMATION TECHNOLOGY SENAPATI MANIPUR,313,"Computer Science and Engineering with specialization in Cyber Security (4 Years, Bachelor of Technology)",4195,AI,SC,Gender-Neutral,5
3335,INDIAN INSTITUTE OF INFORMATION TECHNOLOGY SENAPATI MANIPUR,313,"Computer Science and Engineering with specialization in Cyber Security (4 Years, Bachelor of Technology)",4195,AI,ST,Gender-Neutral,4
3336,Indian Institute of Information Technology Tiruchirappalli,314,"Computer Science and Engineering (4 Years, Bachelor of Technology)",4110,AI,OPEN,Gender-Neutral,10
3337,Indian Institute of Information Technology Tiruchirappalli,314,"Computer Science and Engineering (4 Years, Bachelor of Technology)",4110,AI,OPEN,Female-only (including Supernumerary),7
3338,Indian Institute of Information Technology Tiruchirappalli,314,"Computer Science and Engineering (4 Years, Bachelor of Technology)",4110,AI,OPEN (PwD),Gender-Neutral,1
3339,Indian Institute of Information Technology Tiruchirappalli,314,"Computer Science and Engineering (4 Years, Bachelor of Technology)",4110,AI,OPEN (PwD),Female-only (including Supernumerary),1
3340,Indian Institute of Information Technology Tiruchirappalli,314,"Computer Science and Engineering (4 Years, Bachelor of Technology)",4110,AI,GEN-EWS,Gender-Neutral,3
3341,Indian Institute of Information Technology Tiruchirappalli,314,"Computer Science and Engineering (4 Years, Bachelor of Technology)",4110,AI,GEN-EWS,Female-only (including Supernumerary),1
3342,Indian Institute of Information Technology Tiruchirappalli,314,"Computer Science and Engineering (4 Years, Bachelor of Technology)",4110,AI,GEN-EWS(PwD),Gender-Neutral,1
3343,Indian Institute of Information Technology Tiruchirappalli,314,"Computer Science and Engineering (4 Years, Bachelor of Technology)",4110,AI,OBC-NCL,Gender-Neutral,1
3344,Indian Institute of Information Technology Tiruchirappalli,314,"Computer Science and Engineering (4 Years, Bachelor of Technology)",4110,AI,OBC-NCL,Female-only (including Supernumerary),2
3345,Indian Institute of Information Technology Tiruchirappalli,314,"Computer Science and Engineering (4 Years, Bachelor of Technology)",4110,AI,SC,Gender-Neutral,1
3346,Indian Institute of Information Technology Tiruchirappalli,314,"Computer Science and Engineering (4 Years, Bachelor of Technology)",4110,AI,ST,Female-only (including Supernumerary),1
3347,Indian Institute of Information Technology Tiruchirappalli,314,"Electronics and Communication Engineering (4 Years, Bachelor of Technology)",4114,AI,OPEN,Gender-Neutral,10
3348,Indian Institute of Information Technology Tiruchirappalli,314,"Electronics and Communication Engineering (4 Years, Bachelor of Technology)",4114,AI,OPEN,Female-only (including Supernumerary),8
3349,Indian Institute of Information Technology Tiruchirappalli,314,"Electronics and Communication Engineering (4 Years, Bachelor of Technology)",4114,AI,GEN-EWS,Gender-Neutral,2
3350,Indian Institute of Information Technology Tiruchirappalli,314,"Electronics and Communication Engineering (4 Years, Bachelor of Technology)",4114,AI,GEN-EWS,Female-only (including Supernumerary),1
3351,Indian Institute of Information Technology Tiruchirappalli,314,"Electronics and Communication Engineering (4 Years, Bachelor of Technology)",4114,AI,OBC-NCL,Gender-Neutral,4
3352,Indian Institute of Information Technology Tiruchirappalli,314,"Electronics and Communication Engineering (4 Years, Bachelor of Technology)",4114,AI,OBC-NCL,Female-only (including Supernumerary),5
3353,Indian Institute of Information Technology Tiruchirappalli,314,"Electronics and Communication Engineering (4 Years, Bachelor of Technology)",4114,AI,OBC-NCL(PwD),Female-only (including Supernumerary),1
3354,Indian Institute of Information Technology Tiruchirappalli,314,"Electronics and Communication Engineering (4 Years, Bachelor of Technology)",4114,AI,SC,Gender-Neutral,1
3355,Indian Institute of Information Technology Tiruchirappalli,314,"Electronics and Communication Engineering (4 Years, Bachelor of Technology)",4114,AI,SC,Female-only (including Supernumerary),2
3356,Indian Institute of Information Technology Tiruchirappalli,314,"Electronics and Communication Engineering (4 Years, Bachelor of Technology)",4114,AI,SC (PwD),Female-only (including Supernumerary),1
3357,Indian Institute of Information Technology Tiruchirappalli,314,"Computer Science and Engineering ( Artificial Intelligence & Data Science) (4 Years, Bachelor of Technology)",412F,AI,OPEN,Gender-Neutral,9
3358,Indian Institute of Information Technology Tiruchirappalli,314,"Computer Science and Engineering ( Artificial Intelligence & Data Science) (4 Years, Bachelor of Technology)",412F,AI,OPEN,Female-only (including Supernumerary),5
3359,Indian Institute of Information Technology Tiruchirappalli,314,"Computer Science and Engineering ( Artificial Intelligence & Data Science) (4 Years, Bachelor of Technology)",412F,AI,OPEN (PwD),Gender-Neutral,1
3360,Indian Institute of Information Technology Tiruchirappalli,314,"Computer Science and Engineering ( Artificial Intelligence & Data Science) (4 Years, Bachelor of Technology)",412F,AI,GEN-EWS,Gender-Neutral,2
3361,Indian Institute of Information Technology Tiruchirappalli,314,"Computer Science and Engineering ( Artificial Intelligence & Data Science) (4 Years, Bachelor of Technology)",412F,AI,GEN-EWS,Female-only (including Supernumerary),1
3362,Indian Institute of Information Technology Tiruchirappalli,314,"Computer Science and Engineering ( Artificial Intelligence & Data Science) (4 Years, Bachelor of Technology)",412F,AI,OBC-NCL,Gender-Neutral,5
3363,Indian Institute of Information Technology Tiruchirappalli,314,"Computer Science and Engineering ( Artificial Intelligence & Data Science) (4 Years, Bachelor of Technology)",412F,AI,OBC-NCL,Female-only (including Supernumerary),4
3364,Indian Institute of Information Technology Tiruchirappalli,314,"Computer Science and Engineering ( Artificial Intelligence & Data Science) (4 Years, Bachelor of Technology)",412F,AI,OBC-NCL(PwD),Gender-Neutral,1
3365,Indian Institute of Information Technology Tiruchirappalli,314,"Computer Science and Engineering ( Artificial Intelligence & Data Science) (4 Years, Bachelor of Technology)",412F,AI,SC,Gender-Neutral,2
3366,Indian Institute of Information Technology Tiruchirappalli,314,"Computer Science and Engineering ( Artificial Intelligence & Data Science) (4 Years, Bachelor of Technology)",412F,AI,SC,Female-only (including Supernumerary),1
3367,Indian Institute of Information Technology Tiruchirappalli,314,"Computer Science and Engineering ( Artificial Intelligence & Data Science) (4 Years, Bachelor of Technology)",412F,AI,ST,Gender-Neutral,1
3368,Indian Institute of Information Technology Tiruchirappalli,314,"Computer Science and Engineering ( Artificial Intelligence & Data Science) (4 Years, Bachelor of Technology)",412F,AI,ST (PwD),Female-only (including Supernumerary),1
3369,Indian Institute of Information Technology Tiruchirappalli,314,"Electronics and Communication Engineering (VLSI Design) (4 Years, Bachelor of Technology)",413G,AI,OPEN,Gender-Neutral,5
3370,Indian Institute of Information Technology Tiruchirappalli,314,"Electronics and Communication Engineering (VLSI Design) (4 Years, Bachelor of Technology)",413G,AI,OPEN,Female-only (including Supernumerary),7
3371,Indian Institute of Information Technology Tiruchirappalli,314,"Electronics and Communication Engineering (VLSI Design) (4 Years, Bachelor of Technology)",413G,AI,GEN-EWS,Female-only (including Supernumerary),2
3372,Indian Institute of Information Technology Tiruchirappalli,314,"Electronics and Communication Engineering (VLSI Design) (4 Years, Bachelor of Technology)",413G,AI,OBC-NCL,Gender-Neutral,4
3373,Indian Institute of Information Technology Tiruchirappalli,314,"Electronics and Communication Engineering (VLSI Design) (4 Years, Bachelor of Technology)",413G,AI,OBC-NCL,Female-only (including Supernumerary),1
3374,Indian Institute of Information Technology Tiruchirappalli,314,"Electronics and Communication Engineering (VLSI Design) (4 Years, Bachelor of Technology)",413G,AI,SC,Gender-Neutral,1
3375,Indian Institute of Information Technology Tiruchirappalli,314,"Electronics and Communication Engineering (VLSI Design) (4 Years, Bachelor of Technology)",413G,AI,SC,Female-only (including Supernumerary),2
3376,Indian Institute of Information Technology Tiruchirappalli,314,"Electronics and Communication Engineering (VLSI Design) (4 Years, Bachelor of Technology)",413G,AI,SC (PwD),Gender-Neutral,1
3377,Indian Institute of Information Technology Lucknow,315,"Computer Science and Business (4 Years, Bachelor of Technology)",410C,AI,OPEN,Gender-Neutral,7
3378,Indian Institute of Information Technology Lucknow,315,"Computer Science and Business (4 Years, Bachelor of Technology)",410C,AI,OPEN,Female-only (including Supernumerary),1
3379,Indian Institute of Information Technology Lucknow,315,"Computer Science and Business (4 Years, Bachelor of Technology)",410C,AI,SC,Gender-Neutral,1
3380,Indian Institute of Information Technology Lucknow,315,"Information Technology (4 Years, Bachelor of Technology)",4146,AI,OPEN,Gender-Neutral,6
3381,Indian Institute of Information Technology Lucknow,315,"Information Technology (4 Years, Bachelor of Technology)",4146,AI,OPEN,Female-only (including Supernumerary),1
3382,Indian Institute of Information Technology Lucknow,315,"Information Technology (4 Years, Bachelor of Technology)",4146,AI,OPEN (PwD),Female-only (including Supernumerary),1
3383,Indian Institute of Information Technology Lucknow,315,"Information Technology (4 Years, Bachelor of Technology)",4146,AI,GEN-EWS,Gender-Neutral,1
3384,Indian Institute of Information Technology Lucknow,315,"Information Technology (4 Years, Bachelor of Technology)",4146,AI,OBC-NCL,Gender-Neutral,2
3385,Indian Institute of Information Technology Lucknow,315,"Information Technology (4 Years, Bachelor of Technology)",4146,AI,SC,Gender-Neutral,1
3386,Indian Institute of Information Technology Lucknow,315,"Computer Science (4 Years, Bachelor of Technology)",4184,AI,OPEN,Gender-Neutral,8
3387,Indian Institute of Information Technology Lucknow,315,"Computer Science (4 Years, Bachelor of Technology)",4184,AI,OPEN,Female-only (including Supernumerary),1
3388,Indian Institute of Information Technology Lucknow,315,"Computer Science (4 Years, Bachelor of Technology)",4184,AI,GEN-EWS,Gender-Neutral,2
3389,Indian Institute of Information Technology Lucknow,315,"Computer Science (4 Years, Bachelor of Technology)",4184,AI,OBC-NCL,Gender-Neutral,1
3390,Indian Institute of Information Technology Lucknow,315,"Computer Science (4 Years, Bachelor of Technology)",4184,AI,OBC-NCL,Female-only (including Supernumerary),1
3391,Indian Institute of Information Technology Lucknow,315,"Computer Science (4 Years, Bachelor of Technology)",4184,AI,SC,Gender-Neutral,1
3392,Indian Institute of Information Technology Lucknow,315,"Computer Science (4 Years, Bachelor of Technology)",4184,AI,ST,Gender-Neutral,2
3393,Indian Institute of Information Technology Lucknow,315,"Computer Science and Artificial Intelligence (4 Years, Bachelor of Technology)",4190,AI,OPEN,Gender-Neutral,6
3394,Indian Institute of Information Technology Lucknow,315,"Computer Science and Artificial Intelligence (4 Years, Bachelor of Technology)",4190,AI,OPEN,Female-only (including Supernumerary),1
3395,Indian Institute of Information Technology Lucknow,315,"Computer Science and Artificial Intelligence (4 Years, Bachelor of Technology)",4190,AI,OPEN (PwD),Gender-Neutral,1
3396,Indian Institute of Information Technology Lucknow,315,"Computer Science and Artificial Intelligence (4 Years, Bachelor of Technology)",4190,AI,OBC-NCL(PwD),Gender-Neutral,1
3397,Indian Institute of Information Technology Lucknow,315,"Computer Science and Artificial Intelligence (4 Years, Bachelor of Technology)",4190,AI,SC,Gender-Neutral,1
3398,Indian Institute of Information Technology Lucknow,315,"Computer Science and Artificial Intelligence (4 Years, Bachelor of Technology)",4190,AI,SC (PwD),Female-only (including Supernumerary),1
3399,Indian Institute of Information Technology Lucknow,315,"Computer Science and Artificial Intelligence (4 Years, Bachelor of Technology)",4190,AI,ST,Gender-Neutral,2
3400,Indian Institute of Information Technology(IIIT) Dharwad,316,"Computer Science and Engineering (4 Years, Bachelor of Technology)",4110,AI,OPEN,Gender-Neutral,35
3401,Indian Institute of Information Technology(IIIT) Dharwad,316,"Computer Science and Engineering (4 Years, Bachelor of Technology)",4110,AI,OPEN,Female-only (including Supernumerary),8
3402,Indian Institute of Information Technology(IIIT) Dharwad,316,"Computer Science and Engineering (4 Years, Bachelor of Technology)",4110,AI,OPEN (PwD),Gender-Neutral,3
3403,Indian Institute of Information Technology(IIIT) Dharwad,316,"Computer Science and Engineering (4 Years, Bachelor of Technology)",4110,AI,GEN-EWS,Gender-Neutral,5
3404,Indian Institute of Information Technology(IIIT) Dharwad,316,"Computer Science and Engineering (4 Years, Bachelor of Technology)",4110,AI,GEN-EWS,Female-only (including Supernumerary),1
3405,Indian Institute of Information Technology(IIIT) Dharwad,316,"Computer Science and Engineering (4 Years, Bachelor of Technology)",4110,AI,OBC-NCL,Gender-Neutral,14
3406,Indian Institute of Information Technology(IIIT) Dharwad,316,"Computer Science and Engineering (4 Years, Bachelor of Technology)",4110,AI,OBC-NCL,Female-only (including Supernumerary),3
3407,Indian Institute of Information Technology(IIIT) Dharwad,316,"Computer Science and Engineering (4 Years, Bachelor of Technology)",4110,AI,OBC-NCL(PwD),Gender-Neutral,1
3408,Indian Institute of Information Technology(IIIT) Dharwad,316,"Computer Science and Engineering (4 Years, Bachelor of Technology)",4110,AI,SC,Gender-Neutral,10
3409,Indian Institute of Information Technology(IIIT) Dharwad,316,"Computer Science and Engineering (4 Years, Bachelor of Technology)",4110,AI,SC,Female-only (including Supernumerary),4
3410,Indian Institute of Information Technology(IIIT) Dharwad,316,"Computer Science and Engineering (4 Years, Bachelor of Technology)",4110,AI,SC (PwD),Gender-Neutral,1
3411,Indian Institute of Information Technology(IIIT) Dharwad,316,"Computer Science and Engineering (4 Years, Bachelor of Technology)",4110,AI,ST,Gender-Neutral,7
3412,Indian Institute of Information Technology(IIIT) Dharwad,316,"Computer Science and Engineering (4 Years, Bachelor of Technology)",4110,AI,ST,Female-only (including Supernumerary),2
3413,Indian Institute of Information Technology(IIIT) Dharwad,316,"Computer Science and Engineering (4 Years, Bachelor of Technology)",4110,AI,ST (PwD),Gender-Neutral,1
3414,Indian Institute of Information Technology(IIIT) Dharwad,316,"Electronics and Communication Engineering (4 Years, Bachelor of Technology)",4114,AI,OPEN,Gender-Neutral,18
3415,Indian Institute of Information Technology(IIIT) Dharwad,316,"Electronics and Communication Engineering (4 Years, Bachelor of Technology)",4114,AI,OPEN,Female-only (including Supernumerary),3
3416,Indian Institute of Information Technology(IIIT) Dharwad,316,"Electronics and Communication Engineering (4 Years, Bachelor of Technology)",4114,AI,GEN-EWS,Gender-Neutral,6
3417,Indian Institute of Information Technology(IIIT) Dharwad,316,"Electronics and Communication Engineering (4 Years, Bachelor of Technology)",4114,AI,GEN-EWS,Female-only (including Supernumerary),2
3418,Indian Institute of Information Technology(IIIT) Dharwad,316,"Electronics and Communication Engineering (4 Years, Bachelor of Technology)",4114,AI,OBC-NCL,Gender-Neutral,13
3419,Indian Institute of Information Technology(IIIT) Dharwad,316,"Electronics and Communication Engineering (4 Years, Bachelor of Technology)",4114,AI,OBC-NCL,Female-only (including Supernumerary),1
3420,Indian Institute of Information Technology(IIIT) Dharwad,316,"Electronics and Communication Engineering (4 Years, Bachelor of Technology)",4114,AI,OBC-NCL(PwD),Gender-Neutral,1
3421,Indian Institute of Information Technology(IIIT) Dharwad,316,"Electronics and Communication Engineering (4 Years, Bachelor of Technology)",4114,AI,SC,Gender-Neutral,6
3422,Indian Institute of Information Technology(IIIT) Dharwad,316,"Electronics and Communication Engineering (4 Years, Bachelor of Technology)",4114,AI,SC,Female-only (including Supernumerary),1
3423,Indian Institute of Information Technology(IIIT) Dharwad,316,"Electronics and Communication Engineering (4 Years, Bachelor of Technology)",4114,AI,ST,Gender-Neutral,3
3424,Indian Institute of Information Technology(IIIT) Dharwad,316,"Artificial Intelligence and Computing (4 Years, Bachelor of Technology)",413T,AI,OPEN,Gender-Neutral,10
3425,Indian Institute of Information Technology(IIIT) Dharwad,316,"Artificial Intelligence and Computing (4 Years, Bachelor of Technology)",413T,AI,OPEN,Female-only (including Supernumerary),2
3426,Indian Institute of Information Technology(IIIT) Dharwad,316,"Artificial Intelligence and Computing (4 Years, Bachelor of Technology)",413T,AI,OPEN (PwD),Gender-Neutral,1
3427,Indian Institute of Information Technology(IIIT) Dharwad,316,"Artificial Intelligence and Computing (4 Years, Bachelor of Technology)",413T,AI,GEN-EWS,Gender-Neutral,2
3428,Indian Institute of Information Technology(IIIT) Dharwad,316,"Artificial Intelligence and Computing (4 Years, Bachelor of Technology)",413T,AI,GEN-EWS,Female-only (including Supernumerary),2
3429,Indian Institute of Information Technology(IIIT) Dharwad,316,"Artificial Intelligence and Computing (4 Years, Bachelor of Technology)",413T,AI,OBC-NCL,Gender-Neutral,8
3430,Indian Institute of Information Technology(IIIT) Dharwad,316,"Artificial Intelligence and Computing (4 Years, Bachelor of Technology)",413T,AI,OBC-NCL,Female-only (including Supernumerary),1
3431,Indian Institute of Information Technology(IIIT) Dharwad,316,"Artificial Intelligence and Computing (4 Years, Bachelor of Technology)",413T,AI,SC,Gender-Neutral,4
3432,Indian Institute of Information Technology(IIIT) Dharwad,316,"Artificial Intelligence and Computing (4 Years, Bachelor of Technology)",413T,AI,SC,Female-only (including Supernumerary),2
3433,Indian Institute of Information Technology(IIIT) Dharwad,316,"Artificial Intelligence and Computing (4 Years, Bachelor of Technology)",413T,AI,ST,Gender-Neutral,3
3434,Indian Institute of Information Technology(IIIT) Dharwad,316,"Artificial Intelligence and Computing (4 Years, Bachelor of Technology)",413T,AI,ST,Female-only (including Supernumerary),1
3435,Indian Institute of Information Technology(IIIT) Dharwad,316,"Data Science and Artificial Intelligence (4 Years, Bachelor of Technology)",4181,AI,OPEN,Gender-Neutral,12
3436,Indian Institute of Information Technology(IIIT) Dharwad,316,"Data Science and Artificial Intelligence (4 Years, Bachelor of Technology)",4181,AI,OPEN,Female-only (including Supernumerary),6
3437,Indian Institute of Information Technology(IIIT) Dharwad,316,"Data Science and Artificial Intelligence (4 Years, Bachelor of Technology)",4181,AI,GEN-EWS,Gender-Neutral,2
3438,Indian Institute of Information Technology(IIIT) Dharwad,316,"Data Science and Artificial Intelligence (4 Years, Bachelor of Technology)",4181,AI,OBC-NCL,Gender-Neutral,7
3439,Indian Institute of Information Technology(IIIT) Dharwad,316,"Data Science and Artificial Intelligence (4 Years, Bachelor of Technology)",4181,AI,OBC-NCL,Female-only (including Supernumerary),4
3440,Indian Institute of Information Technology(IIIT) Dharwad,316,"Data Science and Artificial Intelligence (4 Years, Bachelor of Technology)",4181,AI,SC,Gender-Neutral,2
3441,Indian Institute of Information Technology(IIIT) Dharwad,316,"Data Science and Artificial Intelligence (4 Years, Bachelor of Technology)",4181,AI,SC,Female-only (including Supernumerary),3
3442,Indian Institute of Information Technology(IIIT) Dharwad,316,"Data Science and Artificial Intelligence (4 Years, Bachelor of Technology)",4181,AI,ST,Gender-Neutral,1
3443,Indian Institute of Information Technology(IIIT) Dharwad,316,"Data Science and Artificial Intelligence (4 Years, Bachelor of Technology)",4181,AI,ST,Female-only (including Supernumerary),1
3444,Indian Institute of Information Technology(IIIT) Dharwad,316,"Data Science and Artificial Intelligence (4 Years, Bachelor of Technology)",4181,AI,ST (PwD),Gender-Neutral,1
3445,"Indian Institute of Information Technology Design & Manufacturing Kurnool, Andhra Pradesh",317,"Computer Science and Engineering (4 Years, Bachelor of Technology)",4110,AI,OPEN,Gender-Neutral,5
3446,"Indian Institute of Information Technology Design & Manufacturing Kurnool, Andhra Pradesh",317,"Computer Science and Engineering (4 Years, Bachelor of Technology)",4110,AI,GEN-EWS,Gender-Neutral,1
3447,"Indian Institute of Information Technology Design & Manufacturing Kurnool, Andhra Pradesh",317,"Computer Science and Engineering (4 Years, Bachelor of Technology)",4110,AI,GEN-EWS,Female-only (including Supernumerary),1
3448,"Indian Institute of Information Technology Design & Manufacturing Kurnool, Andhra Pradesh",317,"Computer Science and Engineering (4 Years, Bachelor of Technology)",4110,AI,OBC-NCL,Gender-Neutral,3
3449,"Indian Institute of Information Technology Design & Manufacturing Kurnool, Andhra Pradesh",317,"Computer Science and Engineering (4 Years, Bachelor of Technology)",4110,AI,OBC-NCL,Female-only (including Supernumerary),3
3450,"Indian Institute of Information Technology Design & Manufacturing Kurnool, Andhra Pradesh",317,"Computer Science and Engineering (4 Years, Bachelor of Technology)",4110,AI,OBC-NCL(PwD),Female-only (including Supernumerary),1
3451,"Indian Institute of Information Technology Design & Manufacturing Kurnool, Andhra Pradesh",317,"Computer Science and Engineering (4 Years, Bachelor of Technology)",4110,AI,SC,Gender-Neutral,1
3452,"Indian Institute of Information Technology Design & Manufacturing Kurnool, Andhra Pradesh",317,"Computer Science and Engineering (4 Years, Bachelor of Technology)",4110,AI,ST,Gender-Neutral,1
3453,"Indian Institute of Information Technology Design & Manufacturing Kurnool, Andhra Pradesh",317,"Electronics and Communication Engineering with specialization in Design and Manufacturing (4 Years, Bachelor of Technology)",4174,AI,OPEN,Gender-Neutral,5
3454,"Indian Institute of Information Technology Design & Manufacturing Kurnool, Andhra Pradesh",317,"Electronics and Communication Engineering with specialization in Design and Manufacturing (4 Years, Bachelor of Technology)",4174,AI,OPEN,Female-only (including Supernumerary),2
3455,"Indian Institute of Information Technology Design & Manufacturing Kurnool, Andhra Pradesh",317,"Electronics and Communication Engineering with specialization in Design and Manufacturing (4 Years, Bachelor of Technology)",4174,AI,GEN-EWS,Gender-Neutral,1
3456,"Indian Institute of Information Technology Design & Manufacturing Kurnool, Andhra Pradesh",317,"Electronics and Communication Engineering with specialization in Design and Manufacturing (4 Years, Bachelor of Technology)",4174,AI,GEN-EWS,Female-only (including Supernumerary),1
3457,"Indian Institute of Information Technology Design & Manufacturing Kurnool, Andhra Pradesh",317,"Electronics and Communication Engineering with specialization in Design and Manufacturing (4 Years, Bachelor of Technology)",4174,AI,OBC-NCL,Gender-Neutral,3
3458,"Indian Institute of Information Technology Design & Manufacturing Kurnool, Andhra Pradesh",317,"Electronics and Communication Engineering with specialization in Design and Manufacturing (4 Years, Bachelor of Technology)",4174,AI,OBC-NCL,Female-only (including Supernumerary),2
3459,"Indian Institute of Information Technology Design & Manufacturing Kurnool, Andhra Pradesh",317,"Electronics and Communication Engineering with specialization in Design and Manufacturing (4 Years, Bachelor of Technology)",4174,AI,OBC-NCL(PwD),Gender-Neutral,1
3460,"Indian Institute of Information Technology Design & Manufacturing Kurnool, Andhra Pradesh",317,"Electronics and Communication Engineering with specialization in Design and Manufacturing (4 Years, Bachelor of Technology)",4174,AI,SC,Gender-Neutral,1
3461,"Indian Institute of Information Technology Design & Manufacturing Kurnool, Andhra Pradesh",317,"Electronics and Communication Engineering with specialization in Design and Manufacturing (4 Years, Bachelor of Technology)",4174,AI,SC,Female-only (including Supernumerary),2
3462,"Indian Institute of Information Technology Design & Manufacturing Kurnool, Andhra Pradesh",317,"Electronics and Communication Engineering with specialization in Design and Manufacturing (4 Years, Bachelor of Technology)",4174,AI,SC (PwD),Gender-Neutral,1
3463,"Indian Institute of Information Technology Design & Manufacturing Kurnool, Andhra Pradesh",317,"Mechanical Engineering with specialization in Design and Manufacturing (4 Years, Bachelor of Technology)",4175,AI,OPEN,Gender-Neutral,9
3464,"Indian Institute of Information Technology Design & Manufacturing Kurnool, Andhra Pradesh",317,"Mechanical Engineering with specialization in Design and Manufacturing (4 Years, Bachelor of Technology)",4175,AI,OPEN,Female-only (including Supernumerary),6
3465,"Indian Institute of Information Technology Design & Manufacturing Kurnool, Andhra Pradesh",317,"Mechanical Engineering with specialization in Design and Manufacturing (4 Years, Bachelor of Technology)",4175,AI,OPEN (PwD),Female-only (including Supernumerary),1
3466,"Indian Institute of Information Technology Design & Manufacturing Kurnool, Andhra Pradesh",317,"Mechanical Engineering with specialization in Design and Manufacturing (4 Years, Bachelor of Technology)",4175,AI,GEN-EWS,Gender-Neutral,2
3467,"Indian Institute of Information Technology Design & Manufacturing Kurnool, Andhra Pradesh",317,"Mechanical Engineering with specialization in Design and Manufacturing (4 Years, Bachelor of Technology)",4175,AI,GEN-EWS,Female-only (including Supernumerary),2
3468,"Indian Institute of Information Technology Design & Manufacturing Kurnool, Andhra Pradesh",317,"Mechanical Engineering with specialization in Design and Manufacturing (4 Years, Bachelor of Technology)",4175,AI,OBC-NCL,Gender-Neutral,6
3469,"Indian Institute of Information Technology Design & Manufacturing Kurnool, Andhra Pradesh",317,"Mechanical Engineering with specialization in Design and Manufacturing (4 Years, Bachelor of Technology)",4175,AI,OBC-NCL,Female-only (including Supernumerary),2
3470,"Indian Institute of Information Technology Design & Manufacturing Kurnool, Andhra Pradesh",317,"Mechanical Engineering with specialization in Design and Manufacturing (4 Years, Bachelor of Technology)",4175,AI,SC,Gender-Neutral,3
3471,"Indian Institute of Information Technology Design & Manufacturing Kurnool, Andhra Pradesh",317,"Mechanical Engineering with specialization in Design and Manufacturing (4 Years, Bachelor of Technology)",4175,AI,SC,Female-only (including Supernumerary),1
3472,"Indian Institute of Information Technology Design & Manufacturing Kurnool, Andhra Pradesh",317,"Artificial Intelligence and Data Science (4 Years, Bachelor of Technology)",4188,AI,OPEN,Gender-Neutral,8
3473,"Indian Institute of Information Technology Design & Manufacturing Kurnool, Andhra Pradesh",317,"Artificial Intelligence and Data Science (4 Years, Bachelor of Technology)",4188,AI,OPEN,Female-only (including Supernumerary),4
3474,"Indian Institute of Information Technology Design & Manufacturing Kurnool, Andhra Pradesh",317,"Artificial Intelligence and Data Science (4 Years, Bachelor of Technology)",4188,AI,OBC-NCL,Gender-Neutral,3
3475,"Indian Institute of Information Technology Design & Manufacturing Kurnool, Andhra Pradesh",317,"Artificial Intelligence and Data Science (4 Years, Bachelor of Technology)",4188,AI,SC,Gender-Neutral,1
3476,"Indian Institute of Information Technology Design & Manufacturing Kurnool, Andhra Pradesh",317,"Artificial Intelligence and Data Science (4 Years, Bachelor of Technology)",4188,AI,SC,Female-only (including Supernumerary),1
3477,"Indian Institute of Information Technology Design & Manufacturing Kurnool, Andhra Pradesh",317,"Artificial Intelligence and Data Science (4 Years, Bachelor of Technology)",4188,AI,ST,Gender-Neutral,2
3478,"Indian Institute of Information Technology Design & Manufacturing Kurnool, Andhra Pradesh",317,"Artificial Intelligence and Data Science (4 Years, Bachelor of Technology)",4188,AI,ST (PwD),Female-only (including Supernumerary),1
3479,"Indian Institute of Information Technology Design & Manufacturing Kurnool, Andhra Pradesh",317,"Computer Science and Engineering (5 Years, Bachelor and Master of Technology (Dual Degree))",5216,AI,OPEN,Gender-Neutral,1
3480,"Indian Institute of Information Technology Design & Manufacturing Kurnool, Andhra Pradesh",317,"Computer Science and Engineering (5 Years, Bachelor and Master of Technology (Dual Degree))",5216,AI,OPEN,Female-only (including Supernumerary),1
3481,"Indian Institute of Information Technology Design & Manufacturing Kurnool, Andhra Pradesh",317,"Computer Science and Engineering (5 Years, Bachelor and Master of Technology (Dual Degree))",5216,AI,GEN-EWS,Gender-Neutral,1
3482,"Indian Institute of Information Technology Design & Manufacturing Kurnool, Andhra Pradesh",317,"Computer Science and Engineering (5 Years, Bachelor and Master of Technology (Dual Degree))",5216,AI,SC (PwD),Gender-Neutral,1
3483,"Indian Institute of Information Technology Design & Manufacturing Kurnool, Andhra Pradesh",317,"Mechanical Engineering (5 Years, Bachelor and Master of Technology (Dual Degree))",5233,AI,OPEN,Gender-Neutral,2
3484,"Indian Institute of Information Technology Design & Manufacturing Kurnool, Andhra Pradesh",317,"Mechanical Engineering (5 Years, Bachelor and Master of Technology (Dual Degree))",5233,AI,OPEN,Female-only (including Supernumerary),2
3485,"Indian Institute of Information Technology Design & Manufacturing Kurnool, Andhra Pradesh",317,"Mechanical Engineering (5 Years, Bachelor and Master of Technology (Dual Degree))",5233,AI,GEN-EWS,Gender-Neutral,1
3486,"Indian Institute of Information Technology Design & Manufacturing Kurnool, Andhra Pradesh",317,"Mechanical Engineering (5 Years, Bachelor and Master of Technology (Dual Degree))",5233,AI,OBC-NCL,Gender-Neutral,1
3487,"Indian Institute of Information Technology Design & Manufacturing Kurnool, Andhra Pradesh",317,"Electronics and Communication Engineering (5 Years, Bachelor and Master of Technology (Dual Degree))",5234,AI,OPEN,Gender-Neutral,2
3488,"Indian Institute of Information Technology Design & Manufacturing Kurnool, Andhra Pradesh",317,"Electronics and Communication Engineering (5 Years, Bachelor and Master of Technology (Dual Degree))",5234,AI,OPEN,Female-only (including Supernumerary),1
3489,"Indian Institute of Information Technology Design & Manufacturing Kurnool, Andhra Pradesh",317,"Artificial Intelligence and Data Science (5 Years, Bachelor and Master of Technology (Dual Degree))",523U,AI,OPEN,Gender-Neutral,3
3490,"Indian Institute of Information Technology Design & Manufacturing Kurnool, Andhra Pradesh",317,"Artificial Intelligence and Data Science (5 Years, Bachelor and Master of Technology (Dual Degree))",523U,AI,OPEN,Female-only (including Supernumerary),1
3491,"Indian Institute of Information Technology Design & Manufacturing Kurnool, Andhra Pradesh",317,"Artificial Intelligence and Data Science (5 Years, Bachelor and Master of Technology (Dual Degree))",523U,AI,OBC-NCL,Gender-Neutral,1
3492,"Indian Institute of Information Technology Design & Manufacturing Kurnool, Andhra Pradesh",317,"Artificial Intelligence and Data Science (5 Years, Bachelor and Master of Technology (Dual Degree))",523U,AI,SC,Gender-Neutral,1
3493,"Indian Institute of Information Technology Design & Manufacturing Kurnool, Andhra Pradesh",317,"Artificial Intelligence and Data Science (5 Years, Bachelor and Master of Technology (Dual Degree))",523U,AI,ST,Gender-Neutral,1
3494,Indian Institute of Information Technology(IIIT) Kottayam,318,"Computer Science and Engineering with specialization in Artificial Intelligence and Data Science (4 Years, Bachelor of Technology)",410R,AI,OPEN,Gender-Neutral,9
3495,Indian Institute of Information Technology(IIIT) Kottayam,318,"Computer Science and Engineering with specialization in Artificial Intelligence and Data Science (4 Years, Bachelor of Technology)",410R,AI,OPEN,Female-only (including Supernumerary),2
3496,Indian Institute of Information Technology(IIIT) Kottayam,318,"Computer Science and Engineering with specialization in Artificial Intelligence and Data Science (4 Years, Bachelor of Technology)",410R,AI,GEN-EWS,Gender-Neutral,1
3497,Indian Institute of Information Technology(IIIT) Kottayam,318,"Computer Science and Engineering with specialization in Artificial Intelligence and Data Science (4 Years, Bachelor of Technology)",410R,AI,OBC-NCL,Gender-Neutral,1
3498,Indian Institute of Information Technology(IIIT) Kottayam,318,"Computer Science and Engineering with specialization in Artificial Intelligence and Data Science (4 Years, Bachelor of Technology)",410R,AI,OBC-NCL,Female-only (including Supernumerary),1
3499,Indian Institute of Information Technology(IIIT) Kottayam,318,"Computer Science and Engineering with specialization in Artificial Intelligence and Data Science (4 Years, Bachelor of Technology)",410R,AI,SC,Gender-Neutral,1
3500,Indian Institute of Information Technology(IIIT) Kottayam,318,"Computer Science and Engineering with specialization in Artificial Intelligence and Data Science (4 Years, Bachelor of Technology)",410R,AI,SC,Female-only (including Supernumerary),1
3501,Indian Institute of Information Technology(IIIT) Kottayam,318,"Computer Science and Engineering with specialization in Artificial Intelligence and Data Science (4 Years, Bachelor of Technology)",410R,AI,ST,Gender-Neutral,2
3502,Indian Institute of Information Technology(IIIT) Kottayam,318,"Computer Science and Engineering (4 Years, Bachelor of Technology)",4110,AI,OPEN,Gender-Neutral,36
3503,Indian Institute of Information Technology(IIIT) Kottayam,318,"Computer Science and Engineering (4 Years, Bachelor of Technology)",4110,AI,OPEN,Female-only (including Supernumerary),12
3504,Indian Institute of Information Technology(IIIT) Kottayam,318,"Computer Science and Engineering (4 Years, Bachelor of Technology)",4110,AI,OPEN (PwD),Gender-Neutral,3
3505,Indian Institute of Information Technology(IIIT) Kottayam,318,"Computer Science and Engineering (4 Years, Bachelor of Technology)",4110,AI,OPEN (PwD),Female-only (including Supernumerary),1
3506,Indian Institute of Information Technology(IIIT) Kottayam,318,"Computer Science and Engineering (4 Years, Bachelor of Technology)",4110,AI,GEN-EWS,Gender-Neutral,4
3507,Indian Institute of Information Technology(IIIT) Kottayam,318,"Computer Science and Engineering (4 Years, Bachelor of Technology)",4110,AI,GEN-EWS,Female-only (including Supernumerary),1
3508,Indian Institute of Information Technology(IIIT) Kottayam,318,"Computer Science and Engineering (4 Years, Bachelor of Technology)",4110,AI,OBC-NCL,Gender-Neutral,20
3509,Indian Institute of Information Technology(IIIT) Kottayam,318,"Computer Science and Engineering (4 Years, Bachelor of Technology)",4110,AI,OBC-NCL,Female-only (including Supernumerary),6
3510,Indian Institute of Information Technology(IIIT) Kottayam,318,"Computer Science and Engineering (4 Years, Bachelor of Technology)",4110,AI,SC,Gender-Neutral,12
3511,Indian Institute of Information Technology(IIIT) Kottayam,318,"Computer Science and Engineering (4 Years, Bachelor of Technology)",4110,AI,SC,Female-only (including Supernumerary),1
3512,Indian Institute of Information Technology(IIIT) Kottayam,318,"Computer Science and Engineering (4 Years, Bachelor of Technology)",4110,AI,SC (PwD),Gender-Neutral,2
3513,Indian Institute of Information Technology(IIIT) Kottayam,318,"Computer Science and Engineering (4 Years, Bachelor of Technology)",4110,AI,ST,Gender-Neutral,6
3514,Indian Institute of Information Technology(IIIT) Kottayam,318,"Computer Science and Engineering (4 Years, Bachelor of Technology)",4110,AI,ST (PwD),Gender-Neutral,1
3515,Indian Institute of Information Technology(IIIT) Kottayam,318,"Electronics and Communication Engineering (4 Years, Bachelor of Technology)",4114,AI,OPEN,Gender-Neutral,8
3516,Indian Institute of Information Technology(IIIT) Kottayam,318,"Electronics and Communication Engineering (4 Years, Bachelor of Technology)",4114,AI,OPEN,Female-only (including Supernumerary),4
3517,Indian Institute of Information Technology(IIIT) Kottayam,318,"Electronics and Communication Engineering (4 Years, Bachelor of Technology)",4114,AI,OPEN (PwD),Gender-Neutral,1
3518,Indian Institute of Information Technology(IIIT) Kottayam,318,"Electronics and Communication Engineering (4 Years, Bachelor of Technology)",4114,AI,GEN-EWS,Gender-Neutral,1
3519,Indian Institute of Information Technology(IIIT) Kottayam,318,"Electronics and Communication Engineering (4 Years, Bachelor of Technology)",4114,AI,OBC-NCL,Gender-Neutral,3
3520,Indian Institute of Information Technology(IIIT) Kottayam,318,"Electronics and Communication Engineering (4 Years, Bachelor of Technology)",4114,AI,SC,Gender-Neutral,3
3521,Indian Institute of Information Technology(IIIT) Kottayam,318,"Electronics and Communication Engineering (4 Years, Bachelor of Technology)",4114,AI,SC,Female-only (including Supernumerary),1
3522,Indian Institute of Information Technology(IIIT) Kottayam,318,"Electronics and Communication Engineering (4 Years, Bachelor of Technology)",4114,AI,ST,Gender-Neutral,1
3523,Indian Institute of Information Technology(IIIT) Kottayam,318,"B.Tech in Mathematics and Computing (4 Years, Bachelor of Technology)",411F,AI,OPEN,Gender-Neutral,7
3524,Indian Institute of Information Technology(IIIT) Kottayam,318,"B.Tech in Mathematics and Computing (4 Years, Bachelor of Technology)",411F,AI,OPEN,Female-only (including Supernumerary),1
3525,Indian Institute of Information Technology(IIIT) Kottayam,318,"B.Tech in Mathematics and Computing (4 Years, Bachelor of Technology)",411F,AI,GEN-EWS,Gender-Neutral,2
3526,Indian Institute of Information Technology(IIIT) Kottayam,318,"B.Tech in Mathematics and Computing (4 Years, Bachelor of Technology)",411F,AI,OBC-NCL,Gender-Neutral,3
3527,Indian Institute of Information Technology(IIIT) Kottayam,318,"B.Tech in Mathematics and Computing (4 Years, Bachelor of Technology)",411F,AI,OBC-NCL(PwD),Gender-Neutral,1
3528,Indian Institute of Information Technology(IIIT) Kottayam,318,"B.Tech in Mathematics and Computing (4 Years, Bachelor of Technology)",411F,AI,SC,Gender-Neutral,2
3529,Indian Institute of Information Technology(IIIT) Kottayam,318,"B.Tech in Mathematics and Computing (4 Years, Bachelor of Technology)",411F,AI,ST,Gender-Neutral,1
3530,Indian Institute of Information Technology(IIIT) Kottayam,318,"B.Tech in Mathematics and Computing (4 Years, Bachelor of Technology)",411F,AI,ST,Female-only (including Supernumerary),1
3531,Indian Institute of Information Technology(IIIT) Kottayam,318,"Computer Science and Engineering with specialization in Cyber Security (4 Years, Bachelor of Technology)",4195,AI,OPEN,Gender-Neutral,6
3532,Indian Institute of Information Technology(IIIT) Kottayam,318,"Computer Science and Engineering with specialization in Cyber Security (4 Years, Bachelor of Technology)",4195,AI,OPEN,Female-only (including Supernumerary),2
3533,Indian Institute of Information Technology(IIIT) Kottayam,318,"Computer Science and Engineering with specialization in Cyber Security (4 Years, Bachelor of Technology)",4195,AI,OBC-NCL,Gender-Neutral,5
3534,Indian Institute of Information Technology(IIIT) Kottayam,318,"Computer Science and Engineering with specialization in Cyber Security (4 Years, Bachelor of Technology)",4195,AI,OBC-NCL,Female-only (including Supernumerary),1
3535,Indian Institute of Information Technology(IIIT) Kottayam,318,"Computer Science and Engineering with specialization in Cyber Security (4 Years, Bachelor of Technology)",4195,AI,OBC-NCL(PwD),Gender-Neutral,1
3536,Indian Institute of Information Technology(IIIT) Kottayam,318,"Computer Science and Engineering with specialization in Cyber Security (4 Years, Bachelor of Technology)",4195,AI,SC,Gender-Neutral,1
3537,Indian Institute of Information Technology(IIIT) Kottayam,318,"Computer Science and Engineering with specialization in Cyber Security (4 Years, Bachelor of Technology)",4195,AI,ST,Gender-Neutral,1
3538,Indian Institute of Information Technology (IIIT) Ranchi,319,"Computer Science and Engineering (4 Years, Bachelor of Technology)",4110,AI,OPEN,Gender-Neutral,17
3539,Indian Institute of Information Technology (IIIT) Ranchi,319,"Computer Science and Engineering (4 Years, Bachelor of Technology)",4110,AI,GEN-EWS,Gender-Neutral,4
3540,Indian Institute of Information Technology (IIIT) Ranchi,319,"Computer Science and Engineering (4 Years, Bachelor of Technology)",4110,AI,OBC-NCL,Gender-Neutral,9
3541,Indian Institute of Information Technology (IIIT) Ranchi,319,"Computer Science and Engineering (4 Years, Bachelor of Technology)",4110,AI,SC,Gender-Neutral,6
3542,Indian Institute of Information Technology (IIIT) Ranchi,319,"Computer Science and Engineering (4 Years, Bachelor of Technology)",4110,AI,SC (PwD),Gender-Neutral,1
3543,Indian Institute of Information Technology (IIIT) Ranchi,319,"Computer Science and Engineering (4 Years, Bachelor of Technology)",4110,AI,ST,Gender-Neutral,4
3544,Indian Institute of Information Technology (IIIT) Ranchi,319,"Electronics and Communication Engineering (4 Years, Bachelor of Technology)",4114,AI,OPEN,Gender-Neutral,21
3545,Indian Institute of Information Technology (IIIT) Ranchi,319,"Electronics and Communication Engineering (4 Years, Bachelor of Technology)",4114,AI,OPEN (PwD),Gender-Neutral,1
3546,Indian Institute of Information Technology (IIIT) Ranchi,319,"Electronics and Communication Engineering (4 Years, Bachelor of Technology)",4114,AI,GEN-EWS,Gender-Neutral,2
3547,Indian Institute of Information Technology (IIIT) Ranchi,319,"Electronics and Communication Engineering (4 Years, Bachelor of Technology)",4114,AI,OBC-NCL,Gender-Neutral,8
3548,Indian Institute of Information Technology (IIIT) Ranchi,319,"Electronics and Communication Engineering (4 Years, Bachelor of Technology)",4114,AI,OBC-NCL(PwD),Gender-Neutral,1
3549,Indian Institute of Information Technology (IIIT) Ranchi,319,"Electronics and Communication Engineering (4 Years, Bachelor of Technology)",4114,AI,SC,Gender-Neutral,6
3550,Indian Institute of Information Technology (IIIT) Ranchi,319,"Electronics and Communication Engineering (4 Years, Bachelor of Technology)",4114,AI,SC (PwD),Gender-Neutral,1
3551,Indian Institute of Information Technology (IIIT) Ranchi,319,"Electronics and Communication Engineering (4 Years, Bachelor of Technology)",4114,AI,ST,Gender-Neutral,3
3552,Indian Institute of Information Technology (IIIT) Ranchi,319,"B.Tech in Mathematics and Computing (4 Years, Bachelor of Technology)",411F,AI,OPEN,Gender-Neutral,8
3553,Indian Institute of Information Technology (IIIT) Ranchi,319,"B.Tech in Mathematics and Computing (4 Years, Bachelor of Technology)",411F,AI,GEN-EWS,Gender-Neutral,1
3554,Indian Institute of Information Technology (IIIT) Ranchi,319,"B.Tech in Mathematics and Computing (4 Years, Bachelor of Technology)",411F,AI,OBC-NCL,Gender-Neutral,1
3555,Indian Institute of Information Technology (IIIT) Ranchi,319,"B.Tech in Mathematics and Computing (4 Years, Bachelor of Technology)",411F,AI,SC,Gender-Neutral,1
3556,Indian Institute of Information Technology (IIIT) Ranchi,319,"B.Tech in Mathematics and Computing (4 Years, Bachelor of Technology)",411F,AI,ST,Gender-Neutral,2
3557,Indian Institute of Information Technology (IIIT) Ranchi,319,"Electronics and Communication Engineering (with Specialization of Embedded Systems and Internet of Things) (4 Years, B. Tech / B. Tech (Hons.))",4601,AI,OPEN,Gender-Neutral,4
3558,Indian Institute of Information Technology (IIIT) Ranchi,319,"Electronics and Communication Engineering (with Specialization of Embedded Systems and Internet of Things) (4 Years, B. Tech / B. Tech (Hons.))",4601,AI,OPEN (PwD),Gender-Neutral,1
3559,Indian Institute of Information Technology (IIIT) Ranchi,319,"Electronics and Communication Engineering (with Specialization of Embedded Systems and Internet of Things) (4 Years, B. Tech / B. Tech (Hons.))",4601,AI,OBC-NCL,Gender-Neutral,3
3560,Indian Institute of Information Technology (IIIT) Ranchi,319,"Electronics and Communication Engineering (with Specialization of Embedded Systems and Internet of Things) (4 Years, B. Tech / B. Tech (Hons.))",4601,AI,SC,Gender-Neutral,1
3561,Indian Institute of Information Technology (IIIT) Ranchi,319,"Electronics and Communication Engineering (with Specialization of Embedded Systems and Internet of Things) (4 Years, B. Tech / B. Tech (Hons.))",4601,AI,ST,Gender-Neutral,2
3562,Indian Institute of Information Technology (IIIT) Ranchi,319,"Computer Science and Engineering (with Specialization of Data Science and Artificial Intelligence) (4 Years, B. Tech / B. Tech (Hons.))",4602,AI,OPEN,Gender-Neutral,1
3563,Indian Institute of Information Technology (IIIT) Ranchi,319,"Computer Science and Engineering (with Specialization of Data Science and Artificial Intelligence) (4 Years, B. Tech / B. Tech (Hons.))",4602,AI,OBC-NCL,Gender-Neutral,1
3564,Indian Institute of Information Technology (IIIT) Ranchi,319,"Computer Science and Engineering (with Specialization of Data Science and Artificial Intelligence) (4 Years, B. Tech / B. Tech (Hons.))",4602,AI,SC,Gender-Neutral,2
3565,Indian Institute of Information Technology (IIIT) Ranchi,319,"Computer Science and Engineering (with Specialization of Data Science and Artificial Intelligence) (4 Years, B. Tech / B. Tech (Hons.))",4602,AI,ST,Gender-Neutral,1
3566,Indian Institute of Information Technology (IIIT) Nagpur,320,"Computer Science Engineering (Artificial lntelligence and Machine Learning) (4 Years, Bachelor of Technology)",410E,AI,OPEN,Gender-Neutral,10
3567,Indian Institute of Information Technology (IIIT) Nagpur,320,"Computer Science Engineering (Artificial lntelligence and Machine Learning) (4 Years, Bachelor of Technology)",410E,AI,OBC-NCL,Gender-Neutral,4
3568,Indian Institute of Information Technology (IIIT) Nagpur,320,"Computer Science Engineering (Artificial lntelligence and Machine Learning) (4 Years, Bachelor of Technology)",410E,AI,SC,Gender-Neutral,3
3569,Indian Institute of Information Technology (IIIT) Nagpur,320,"Computer Science Engineering (Artificial lntelligence and Machine Learning) (4 Years, Bachelor of Technology)",410E,AI,SC (PwD),Gender-Neutral,1
3570,Indian Institute of Information Technology (IIIT) Nagpur,320,"Computer Science Engineering (Artificial lntelligence and Machine Learning) (4 Years, Bachelor of Technology)",410E,AI,ST,Gender-Neutral,1
3571,Indian Institute of Information Technology (IIIT) Nagpur,320,"Computer Science Engineering (Data Science and Analytics) (4 Years, Bachelor of Technology)",410F,AI,OPEN,Gender-Neutral,14
3572,Indian Institute of Information Technology (IIIT) Nagpur,320,"Computer Science Engineering (Data Science and Analytics) (4 Years, Bachelor of Technology)",410F,AI,GEN-EWS,Gender-Neutral,1
3573,Indian Institute of Information Technology (IIIT) Nagpur,320,"Computer Science Engineering (Data Science and Analytics) (4 Years, Bachelor of Technology)",410F,AI,OBC-NCL,Gender-Neutral,6
3574,Indian Institute of Information Technology (IIIT) Nagpur,320,"Computer Science Engineering (Data Science and Analytics) (4 Years, Bachelor of Technology)",410F,AI,SC,Gender-Neutral,3
3575,Indian Institute of Information Technology (IIIT) Nagpur,320,"Computer Science Engineering (Data Science and Analytics) (4 Years, Bachelor of Technology)",410F,AI,ST,Gender-Neutral,2
3576,Indian Institute of Information Technology (IIIT) Nagpur,320,"Computer Science Engineering (Human Computer lnteraction and Gaming Technology) (4 Years, Bachelor of Technology)",410G,AI,OPEN,Gender-Neutral,10
3577,Indian Institute of Information Technology (IIIT) Nagpur,320,"Computer Science Engineering (Human Computer lnteraction and Gaming Technology) (4 Years, Bachelor of Technology)",410G,AI,GEN-EWS,Gender-Neutral,2
3578,Indian Institute of Information Technology (IIIT) Nagpur,320,"Computer Science Engineering (Human Computer lnteraction and Gaming Technology) (4 Years, Bachelor of Technology)",410G,AI,OBC-NCL,Gender-Neutral,3
3579,Indian Institute of Information Technology (IIIT) Nagpur,320,"Computer Science Engineering (Human Computer lnteraction and Gaming Technology) (4 Years, Bachelor of Technology)",410G,AI,SC,Gender-Neutral,2
3580,Indian Institute of Information Technology (IIIT) Nagpur,320,"Computer Science Engineering (Human Computer lnteraction and Gaming Technology) (4 Years, Bachelor of Technology)",410G,AI,SC (PwD),Gender-Neutral,1
3581,Indian Institute of Information Technology (IIIT) Nagpur,320,"Computer Science Engineering (Human Computer lnteraction and Gaming Technology) (4 Years, Bachelor of Technology)",410G,AI,ST,Gender-Neutral,2
3582,Indian Institute of Information Technology (IIIT) Nagpur,320,"Electronics and Communication Engineering (Internet of Things) (4 Years, Bachelor of Technology)",410H,AI,OPEN,Gender-Neutral,10
3583,Indian Institute of Information Technology (IIIT) Nagpur,320,"Electronics and Communication Engineering (Internet of Things) (4 Years, Bachelor of Technology)",410H,AI,GEN-EWS,Gender-Neutral,1
3584,Indian Institute of Information Technology (IIIT) Nagpur,320,"Electronics and Communication Engineering (Internet of Things) (4 Years, Bachelor of Technology)",410H,AI,OBC-NCL,Gender-Neutral,4
3585,Indian Institute of Information Technology (IIIT) Nagpur,320,"Electronics and Communication Engineering (Internet of Things) (4 Years, Bachelor of Technology)",410H,AI,OBC-NCL(PwD),Gender-Neutral,1
3586,Indian Institute of Information Technology (IIIT) Nagpur,320,"Electronics and Communication Engineering (Internet of Things) (4 Years, Bachelor of Technology)",410H,AI,SC,Gender-Neutral,3
3587,Indian Institute of Information Technology (IIIT) Nagpur,320,"Electronics and Communication Engineering (Internet of Things) (4 Years, Bachelor of Technology)",410H,AI,SC (PwD),Gender-Neutral,1
3588,Indian Institute of Information Technology (IIIT) Nagpur,320,"Electronics and Communication Engineering (Internet of Things) (4 Years, Bachelor of Technology)",410H,AI,ST,Gender-Neutral,5
3589,Indian Institute of Information Technology (IIIT) Nagpur,320,"Computer Science and Engineering (4 Years, Bachelor of Technology)",4110,AI,OPEN,Gender-Neutral,26
3590,Indian Institute of Information Technology (IIIT) Nagpur,320,"Computer Science and Engineering (4 Years, Bachelor of Technology)",4110,AI,OBC-NCL,Gender-Neutral,5
3591,Indian Institute of Information Technology (IIIT) Nagpur,320,"Computer Science and Engineering (4 Years, Bachelor of Technology)",4110,AI,OBC-NCL(PwD),Gender-Neutral,1
3592,Indian Institute of Information Technology (IIIT) Nagpur,320,"Computer Science and Engineering (4 Years, Bachelor of Technology)",4110,AI,SC,Gender-Neutral,3
3593,Indian Institute of Information Technology (IIIT) Nagpur,320,"Computer Science and Engineering (4 Years, Bachelor of Technology)",4110,AI,SC (PwD),Gender-Neutral,2
3594,Indian Institute of Information Technology (IIIT) Nagpur,320,"Computer Science and Engineering (4 Years, Bachelor of Technology)",4110,AI,ST,Gender-Neutral,3
3595,Indian Institute of Information Technology (IIIT) Nagpur,320,"Computer Science and Engineering (4 Years, Bachelor of Technology)",4110,AI,ST (PwD),Gender-Neutral,1
3596,Indian Institute of Information Technology (IIIT) Nagpur,320,"Electronics and Communication Engineering (4 Years, Bachelor of Technology)",4114,AI,OPEN,Gender-Neutral,21
3597,Indian Institute of Information Technology (IIIT) Nagpur,320,"Electronics and Communication Engineering (4 Years, Bachelor of Technology)",4114,AI,OPEN (PwD),Gender-Neutral,1
3598,Indian Institute of Information Technology (IIIT) Nagpur,320,"Electronics and Communication Engineering (4 Years, Bachelor of Technology)",4114,AI,GEN-EWS,Gender-Neutral,2
3599,Indian Institute of Information Technology (IIIT) Nagpur,320,"Electronics and Communication Engineering (4 Years, Bachelor of Technology)",4114,AI,OBC-NCL,Gender-Neutral,4
3600,Indian Institute of Information Technology (IIIT) Nagpur,320,"Electronics and Communication Engineering (4 Years, Bachelor of Technology)",4114,AI,OBC-NCL(PwD),Gender-Neutral,2
3601,Indian Institute of Information Technology (IIIT) Nagpur,320,"Electronics and Communication Engineering (4 Years, Bachelor of Technology)",4114,AI,SC,Gender-Neutral,4
3602,Indian Institute of Information Technology (IIIT) Nagpur,320,"Electronics and Communication Engineering (4 Years, Bachelor of Technology)",4114,AI,SC (PwD),Gender-Neutral,1
3603,Indian Institute of Information Technology (IIIT) Nagpur,320,"Electronics and Communication Engineering (4 Years, Bachelor of Technology)",4114,AI,ST,Gender-Neutral,4
3604,Indian Institute of Information Technology (IIIT) Nagpur,320,"Electronics and Communication Engineering (4 Years, Bachelor of Technology)",4114,AI,ST (PwD),Gender-Neutral,1
3605,Indian Institute of Information Technology (IIIT) Pune,321,"Computer Science and Engineering (4 Years, Bachelor of Technology)",4110,AI,OPEN,Gender-Neutral,33
3606,Indian Institute of Information Technology (IIIT) Pune,321,"Computer Science and Engineering (4 Years, Bachelor of Technology)",4110,AI,OPEN,Female-only (including Supernumerary),10
3607,Indian Institute of Information Technology (IIIT) Pune,321,"Computer Science and Engineering (4 Years, Bachelor of Technology)",4110,AI,OPEN (PwD),Gender-Neutral,1
3608,Indian Institute of Information Technology (IIIT) Pune,321,"Computer Science and Engineering (4 Years, Bachelor of Technology)",4110,AI,OPEN (PwD),Female-only (including Supernumerary),1
3609,Indian Institute of Information Technology (IIIT) Pune,321,"Computer Science and Engineering (4 Years, Bachelor of Technology)",4110,AI,GEN-EWS,Gender-Neutral,7
3610,Indian Institute of Information Technology (IIIT) Pune,321,"Computer Science and Engineering (4 Years, Bachelor of Technology)",4110,AI,GEN-EWS,Female-only (including Supernumerary),1
3611,Indian Institute of Information Technology (IIIT) Pune,321,"Computer Science and Engineering (4 Years, Bachelor of Technology)",4110,AI,OBC-NCL,Gender-Neutral,9
3612,Indian Institute of Information Technology (IIIT) Pune,321,"Computer Science and Engineering (4 Years, Bachelor of Technology)",4110,AI,OBC-NCL,Female-only (including Supernumerary),4
3613,Indian Institute of Information Technology (IIIT) Pune,321,"Computer Science and Engineering (4 Years, Bachelor of Technology)",4110,AI,OBC-NCL(PwD),Gender-Neutral,2
3614,Indian Institute of Information Technology (IIIT) Pune,321,"Computer Science and Engineering (4 Years, Bachelor of Technology)",4110,AI,SC,Gender-Neutral,7
3615,Indian Institute of Information Technology (IIIT) Pune,321,"Computer Science and Engineering (4 Years, Bachelor of Technology)",4110,AI,SC (PwD),Gender-Neutral,1
3616,Indian Institute of Information Technology (IIIT) Pune,321,"Computer Science and Engineering (4 Years, Bachelor of Technology)",4110,AI,SC (PwD),Female-only (including Supernumerary),1
3617,Indian Institute of Information Technology (IIIT) Pune,321,"Computer Science and Engineering (4 Years, Bachelor of Technology)",4110,AI,ST,Gender-Neutral,1
3618,Indian Institute of Information Technology (IIIT) Pune,321,"Computer Science and Engineering (4 Years, Bachelor of Technology)",4110,AI,ST,Female-only (including Supernumerary),1
3619,Indian Institute of Information Technology (IIIT) Pune,321,"Computer Science and Engineering (4 Years, Bachelor of Technology)",4110,AI,ST (PwD),Gender-Neutral,1
3620,Indian Institute of Information Technology (IIIT) Pune,321,"Electronics and Communication Engineering (4 Years, Bachelor of Technology)",4114,AI,OPEN,Gender-Neutral,19
3621,Indian Institute of Information Technology (IIIT) Pune,321,"Electronics and Communication Engineering (4 Years, Bachelor of Technology)",4114,AI,OPEN,Female-only (including Supernumerary),1
3622,Indian Institute of Information Technology (IIIT) Pune,321,"Electronics and Communication Engineering (4 Years, Bachelor of Technology)",4114,AI,OPEN (PwD),Gender-Neutral,1
3623,Indian Institute of Information Technology (IIIT) Pune,321,"Electronics and Communication Engineering (4 Years, Bachelor of Technology)",4114,AI,GEN-EWS,Gender-Neutral,2
3624,Indian Institute of Information Technology (IIIT) Pune,321,"Electronics and Communication Engineering (4 Years, Bachelor of Technology)",4114,AI,OBC-NCL,Gender-Neutral,5
3625,Indian Institute of Information Technology (IIIT) Pune,321,"Electronics and Communication Engineering (4 Years, Bachelor of Technology)",4114,AI,OBC-NCL,Female-only (including Supernumerary),1
3626,Indian Institute of Information Technology (IIIT) Pune,321,"Electronics and Communication Engineering (4 Years, Bachelor of Technology)",4114,AI,SC,Gender-Neutral,5
3627,Indian Institute of Information Technology (IIIT) Pune,321,"Electronics and Communication Engineering (4 Years, Bachelor of Technology)",4114,AI,SC,Female-only (including Supernumerary),2
3628,Indian Institute of Information Technology (IIIT) Pune,321,"Electronics and Communication Engineering (4 Years, Bachelor of Technology)",4114,AI,SC (PwD),Gender-Neutral,1
3629,Indian Institute of Information Technology (IIIT) Pune,321,"Electronics and Communication Engineering (4 Years, Bachelor of Technology)",4114,AI,ST,Gender-Neutral,2
3630,Indian Institute of Information Technology (IIIT) Pune,321,"Cyber Security (4 Years, Bachelor of Technology)",413W,AI,OPEN,Gender-Neutral,6
3631,Indian Institute of Information Technology (IIIT) Pune,321,"Cyber Security (4 Years, Bachelor of Technology)",413W,AI,OPEN,Female-only (including Supernumerary),1
3632,Indian Institute of Information Technology (IIIT) Pune,321,"Cyber Security (4 Years, Bachelor of Technology)",413W,AI,GEN-EWS,Gender-Neutral,1
3633,Indian Institute of Information Technology (IIIT) Pune,321,"Cyber Security (4 Years, Bachelor of Technology)",413W,AI,OBC-NCL,Gender-Neutral,2
3634,Indian Institute of Information Technology (IIIT) Pune,321,"Cyber Security (4 Years, Bachelor of Technology)",413W,AI,OBC-NCL,Female-only (including Supernumerary),1
3635,Indian Institute of Information Technology (IIIT) Pune,321,"Cyber Security (4 Years, Bachelor of Technology)",413W,AI,SC,Gender-Neutral,1
3636,Indian Institute of Information Technology (IIIT) Pune,321,"Microelectronics and VLSI Design (4 Years, Bachelor of Technology)",413X,AI,OPEN,Gender-Neutral,9
3637,Indian Institute of Information Technology (IIIT) Pune,321,"Microelectronics and VLSI Design (4 Years, Bachelor of Technology)",413X,AI,OPEN,Female-only (including Supernumerary),2
3638,Indian Institute of Information Technology (IIIT) Pune,321,"Microelectronics and VLSI Design (4 Years, Bachelor of Technology)",413X,AI,GEN-EWS,Gender-Neutral,2
3639,Indian Institute of Information Technology (IIIT) Pune,321,"Microelectronics and VLSI Design (4 Years, Bachelor of Technology)",413X,AI,GEN-EWS,Female-only (including Supernumerary),1
3640,Indian Institute of Information Technology (IIIT) Pune,321,"Microelectronics and VLSI Design (4 Years, Bachelor of Technology)",413X,AI,OBC-NCL,Gender-Neutral,5
3641,Indian Institute of Information Technology (IIIT) Pune,321,"Microelectronics and VLSI Design (4 Years, Bachelor of Technology)",413X,AI,OBC-NCL,Female-only (including Supernumerary),1
3642,Indian Institute of Information Technology (IIIT) Pune,321,"Microelectronics and VLSI Design (4 Years, Bachelor of Technology)",413X,AI,SC,Gender-Neutral,2
3643,Indian Institute of Information Technology (IIIT) Pune,321,"Microelectronics and VLSI Design (4 Years, Bachelor of Technology)",413X,AI,SC,Female-only (including Supernumerary),1
3644,Indian Institute of Information Technology (IIIT) Pune,321,"Microelectronics and VLSI Design (4 Years, Bachelor of Technology)",413X,AI,ST,Gender-Neutral,2
3645,Indian Institute of Information Technology (IIIT) Pune,321,"Microelectronics and VLSI Design (4 Years, Bachelor of Technology)",413X,AI,ST,Female-only (including Supernumerary),1
3646,Indian Institute of Information Technology (IIIT) Pune,321,"Artificial Intelligence and Data Science (4 Years, Bachelor of Technology)",4188,AI,OPEN,Gender-Neutral,10
3647,Indian Institute of Information Technology (IIIT) Pune,321,"Artificial Intelligence and Data Science (4 Years, Bachelor of Technology)",4188,AI,OPEN,Female-only (including Supernumerary),4
3648,Indian Institute of Information Technology (IIIT) Pune,321,"Artificial Intelligence and Data Science (4 Years, Bachelor of Technology)",4188,AI,OPEN (PwD),Gender-Neutral,1
3649,Indian Institute of Information Technology (IIIT) Pune,321,"Artificial Intelligence and Data Science (4 Years, Bachelor of Technology)",4188,AI,GEN-EWS,Gender-Neutral,1
3650,Indian Institute of Information Technology (IIIT) Pune,321,"Artificial Intelligence and Data Science (4 Years, Bachelor of Technology)",4188,AI,GEN-EWS,Female-only (including Supernumerary),1
3651,Indian Institute of Information Technology (IIIT) Pune,321,"Artificial Intelligence and Data Science (4 Years, Bachelor of Technology)",4188,AI,OBC-NCL,Gender-Neutral,2
3652,Indian Institute of Information Technology (IIIT) Pune,321,"Artificial Intelligence and Data Science (4 Years, Bachelor of Technology)",4188,AI,OBC-NCL,Female-only (including Supernumerary),1
3653,Indian Institute of Information Technology (IIIT) Pune,321,"Artificial Intelligence and Data Science (4 Years, Bachelor of Technology)",4188,AI,SC,Female-only (including Supernumerary),1
3654,Indian Institute of Information Technology (IIIT) Pune,321,"Artificial Intelligence and Data Science (4 Years, Bachelor of Technology)",4188,AI,SC (PwD),Gender-Neutral,1
3655,Indian Institute of Information Technology (IIIT) Pune,321,"Artificial Intelligence and Data Science (4 Years, Bachelor of Technology)",4188,AI,ST,Gender-Neutral,2
3656,Indian Institute of Information Technology Bhagalpur,322,"Computer Science and Engineering (4 Years, Bachelor of Technology)",4110,AI,OPEN,Gender-Neutral,21
3657,Indian Institute of Information Technology Bhagalpur,322,"Computer Science and Engineering (4 Years, Bachelor of Technology)",4110,AI,OPEN,Female-only (including Supernumerary),4
3658,Indian Institute of Information Technology Bhagalpur,322,"Computer Science and Engineering (4 Years, Bachelor of Technology)",4110,AI,GEN-EWS,Gender-Neutral,6
3659,Indian Institute of Information Technology Bhagalpur,322,"Computer Science and Engineering (4 Years, Bachelor of Technology)",4110,AI,GEN-EWS,Female-only (including Supernumerary),1
3660,Indian Institute of Information Technology Bhagalpur,322,"Computer Science and Engineering (4 Years, Bachelor of Technology)",4110,AI,GEN-EWS(PwD),Gender-Neutral,1
3661,Indian Institute of Information Technology Bhagalpur,322,"Computer Science and Engineering (4 Years, Bachelor of Technology)",4110,AI,OBC-NCL,Gender-Neutral,5
3662,Indian Institute of Information Technology Bhagalpur,322,"Computer Science and Engineering (4 Years, Bachelor of Technology)",4110,AI,OBC-NCL,Female-only (including Supernumerary),2
3663,Indian Institute of Information Technology Bhagalpur,322,"Computer Science and Engineering (4 Years, Bachelor of Technology)",4110,AI,OBC-NCL(PwD),Gender-Neutral,1
3664,Indian Institute of Information Technology Bhagalpur,322,"Computer Science and Engineering (4 Years, Bachelor of Technology)",4110,AI,SC,Gender-Neutral,7
3665,Indian Institute of Information Technology Bhagalpur,322,"Computer Science and Engineering (4 Years, Bachelor of Technology)",4110,AI,SC,Female-only (including Supernumerary),2
3666,Indian Institute of Information Technology Bhagalpur,322,"Computer Science and Engineering (4 Years, Bachelor of Technology)",4110,AI,SC (PwD),Gender-Neutral,1
3667,Indian Institute of Information Technology Bhagalpur,322,"Computer Science and Engineering (4 Years, Bachelor of Technology)",4110,AI,ST,Gender-Neutral,1
3668,Indian Institute of Information Technology Bhagalpur,322,"Computer Science and Engineering (4 Years, Bachelor of Technology)",4110,AI,ST (PwD),Gender-Neutral,1
3669,Indian Institute of Information Technology Bhagalpur,322,"Electronics and Communication Engineering (4 Years, Bachelor of Technology)",4114,AI,OPEN,Gender-Neutral,26
3670,Indian Institute of Information Technology Bhagalpur,322,"Electronics and Communication Engineering (4 Years, Bachelor of Technology)",4114,AI,OPEN,Female-only (including Supernumerary),3
3671,Indian Institute of Information Technology Bhagalpur,322,"Electronics and Communication Engineering (4 Years, Bachelor of Technology)",4114,AI,OPEN (PwD),Gender-Neutral,1
3672,Indian Institute of Information Technology Bhagalpur,322,"Electronics and Communication Engineering (4 Years, Bachelor of Technology)",4114,AI,GEN-EWS,Gender-Neutral,2
3673,Indian Institute of Information Technology Bhagalpur,322,"Electronics and Communication Engineering (4 Years, Bachelor of Technology)",4114,AI,GEN-EWS(PwD),Gender-Neutral,1
3674,Indian Institute of Information Technology Bhagalpur,322,"Electronics and Communication Engineering (4 Years, Bachelor of Technology)",4114,AI,OBC-NCL,Gender-Neutral,12
3675,Indian Institute of Information Technology Bhagalpur,322,"Electronics and Communication Engineering (4 Years, Bachelor of Technology)",4114,AI,OBC-NCL,Female-only (including Supernumerary),1
3676,Indian Institute of Information Technology Bhagalpur,322,"Electronics and Communication Engineering (4 Years, Bachelor of Technology)",4114,AI,OBC-NCL(PwD),Gender-Neutral,2
3677,Indian Institute of Information Technology Bhagalpur,322,"Electronics and Communication Engineering (4 Years, Bachelor of Technology)",4114,AI,SC,Gender-Neutral,8
3678,Indian Institute of Information Technology Bhagalpur,322,"Electronics and Communication Engineering (4 Years, Bachelor of Technology)",4114,AI,SC,Female-only (including Supernumerary),1
3679,Indian Institute of Information Technology Bhagalpur,322,"Electronics and Communication Engineering (4 Years, Bachelor of Technology)",4114,AI,SC (PwD),Gender-Neutral,1
3680,Indian Institute of Information Technology Bhagalpur,322,"Electronics and Communication Engineering (4 Years, Bachelor of Technology)",4114,AI,ST,Gender-Neutral,5
3681,Indian Institute of Information Technology Bhagalpur,322,"Mechatronics and Automation Engineering (4 Years, Bachelor of Technology)",411B,AI,OPEN,Gender-Neutral,15
3682,Indian Institute of Information Technology Bhagalpur,322,"Mechatronics and Automation Engineering (4 Years, Bachelor of Technology)",411B,AI,OPEN,Female-only (including Supernumerary),2
3683,Indian Institute of Information Technology Bhagalpur,322,"Mechatronics and Automation Engineering (4 Years, Bachelor of Technology)",411B,AI,OPEN (PwD),Gender-Neutral,1
3684,Indian Institute of Information Technology Bhagalpur,322,"Mechatronics and Automation Engineering (4 Years, Bachelor of Technology)",411B,AI,GEN-EWS,Gender-Neutral,3
3685,Indian Institute of Information Technology Bhagalpur,322,"Mechatronics and Automation Engineering (4 Years, Bachelor of Technology)",411B,AI,GEN-EWS,Female-only (including Supernumerary),1
3686,Indian Institute of Information Technology Bhagalpur,322,"Mechatronics and Automation Engineering (4 Years, Bachelor of Technology)",411B,AI,OBC-NCL,Gender-Neutral,12
3687,Indian Institute of Information Technology Bhagalpur,322,"Mechatronics and Automation Engineering (4 Years, Bachelor of Technology)",411B,AI,OBC-NCL,Female-only (including Supernumerary),2
3688,Indian Institute of Information Technology Bhagalpur,322,"Mechatronics and Automation Engineering (4 Years, Bachelor of Technology)",411B,AI,OBC-NCL(PwD),Gender-Neutral,1
3689,Indian Institute of Information Technology Bhagalpur,322,"Mechatronics and Automation Engineering (4 Years, Bachelor of Technology)",411B,AI,OBC-NCL(PwD),Female-only (including Supernumerary),1
3690,Indian Institute of Information Technology Bhagalpur,322,"Mechatronics and Automation Engineering (4 Years, Bachelor of Technology)",411B,AI,SC,Gender-Neutral,7
3691,Indian Institute of Information Technology Bhagalpur,322,"Mechatronics and Automation Engineering (4 Years, Bachelor of Technology)",411B,AI,SC,Female-only (including Supernumerary),1
3692,Indian Institute of Information Technology Bhagalpur,322,"Mechatronics and Automation Engineering (4 Years, Bachelor of Technology)",411B,AI,SC (PwD),Gender-Neutral,1
3693,Indian Institute of Information Technology Bhagalpur,322,"Mechatronics and Automation Engineering (4 Years, Bachelor of Technology)",411B,AI,ST,Gender-Neutral,2
3694,Indian Institute of Information Technology Bhagalpur,322,"Mechatronics and Automation Engineering (4 Years, Bachelor of Technology)",411B,AI,ST,Female-only (including Supernumerary),1
3695,Indian Institute of Information Technology Bhagalpur,322,"Mathematics and Computing (4 Years, Bachelor of Technology)",4124,AI,OPEN,Gender-Neutral,21
3696,Indian Institute of Information Technology Bhagalpur,322,"Mathematics and Computing (4 Years, Bachelor of Technology)",4124,AI,OPEN,Female-only (including Supernumerary),2
3697,Indian Institute of Information Technology Bhagalpur,322,"Mathematics and Computing (4 Years, Bachelor of Technology)",4124,AI,OPEN (PwD),Gender-Neutral,1
3698,Indian Institute of Information Technology Bhagalpur,322,"Mathematics and Computing (4 Years, Bachelor of Technology)",4124,AI,GEN-EWS,Gender-Neutral,3
3699,Indian Institute of Information Technology Bhagalpur,322,"Mathematics and Computing (4 Years, Bachelor of Technology)",4124,AI,GEN-EWS,Female-only (including Supernumerary),1
3700,Indian Institute of Information Technology Bhagalpur,322,"Mathematics and Computing (4 Years, Bachelor of Technology)",4124,AI,OBC-NCL,Gender-Neutral,5
3701,Indian Institute of Information Technology Bhagalpur,322,"Mathematics and Computing (4 Years, Bachelor of Technology)",4124,AI,OBC-NCL,Female-only (including Supernumerary),2
3702,Indian Institute of Information Technology Bhagalpur,322,"Mathematics and Computing (4 Years, Bachelor of Technology)",4124,AI,OBC-NCL(PwD),Gender-Neutral,1
3703,Indian Institute of Information Technology Bhagalpur,322,"Mathematics and Computing (4 Years, Bachelor of Technology)",4124,AI,SC,Gender-Neutral,1
3704,Indian Institute of Information Technology Bhagalpur,322,"Mathematics and Computing (4 Years, Bachelor of Technology)",4124,AI,SC (PwD),Gender-Neutral,1
3705,Indian Institute of Information Technology Bhagalpur,322,"Mathematics and Computing (4 Years, Bachelor of Technology)",4124,AI,ST,Gender-Neutral,4
3706,Indian Institute of Information Technology Bhopal,323,"Computer Science and Engineering (Cyber Security) (4 Years, Bachelor of Technology)",410J,AI,OPEN,Gender-Neutral,9
3707,Indian Institute of Information Technology Bhopal,323,"Computer Science and Engineering (Cyber Security) (4 Years, Bachelor of Technology)",410J,AI,OPEN (PwD),Gender-Neutral,1
3708,Indian Institute of Information Technology Bhopal,323,"Computer Science and Engineering (Cyber Security) (4 Years, Bachelor of Technology)",410J,AI,GEN-EWS,Gender-Neutral,2
3709,Indian Institute of Information Technology Bhopal,323,"Computer Science and Engineering (Cyber Security) (4 Years, Bachelor of Technology)",410J,AI,OBC-NCL,Gender-Neutral,5
3710,Indian Institute of Information Technology Bhopal,323,"Computer Science and Engineering (Cyber Security) (4 Years, Bachelor of Technology)",410J,AI,SC,Gender-Neutral,3
3711,Indian Institute of Information Technology Bhopal,323,"Computer Science and Engineering (Cyber Security) (4 Years, Bachelor of Technology)",410J,AI,SC (PwD),Gender-Neutral,1
3712,Indian Institute of Information Technology Bhopal,323,"Computer Science and Engineering (Cyber Security) (4 Years, Bachelor of Technology)",410J,AI,ST,Gender-Neutral,1
3713,Indian Institute of Information Technology Bhopal,323,"Computer Science and Engineering (4 Years, Bachelor of Technology)",4110,AI,OPEN,Gender-Neutral,34
3714,Indian Institute of Information Technology Bhopal,323,"Computer Science and Engineering (4 Years, Bachelor of Technology)",4110,AI,OPEN (PwD),Gender-Neutral,1
3715,Indian Institute of Information Technology Bhopal,323,"Computer Science and Engineering (4 Years, Bachelor of Technology)",4110,AI,GEN-EWS,Gender-Neutral,2
3716,Indian Institute of Information Technology Bhopal,323,"Computer Science and Engineering (4 Years, Bachelor of Technology)",4110,AI,OBC-NCL,Gender-Neutral,7
3717,Indian Institute of Information Technology Bhopal,323,"Computer Science and Engineering (4 Years, Bachelor of Technology)",4110,AI,OBC-NCL(PwD),Gender-Neutral,1
3718,Indian Institute of Information Technology Bhopal,323,"Computer Science and Engineering (4 Years, Bachelor of Technology)",4110,AI,SC,Gender-Neutral,10
3719,Indian Institute of Information Technology Bhopal,323,"Computer Science and Engineering (4 Years, Bachelor of Technology)",4110,AI,SC (PwD),Gender-Neutral,2
3720,Indian Institute of Information Technology Bhopal,323,"Computer Science and Engineering (4 Years, Bachelor of Technology)",4110,AI,ST,Gender-Neutral,6
3721,Indian Institute of Information Technology Bhopal,323,"Computer Science and Engineering (4 Years, Bachelor of Technology)",4110,AI,ST (PwD),Gender-Neutral,1
3722,Indian Institute of Information Technology Bhopal,323,"Electronics and Communication Engineering (4 Years, Bachelor of Technology)",4114,AI,OPEN,Gender-Neutral,32
3723,Indian Institute of Information Technology Bhopal,323,"Electronics and Communication Engineering (4 Years, Bachelor of Technology)",4114,AI,GEN-EWS,Gender-Neutral,5
3724,Indian Institute of Information Technology Bhopal,323,"Electronics and Communication Engineering (4 Years, Bachelor of Technology)",4114,AI,OBC-NCL,Gender-Neutral,16
3725,Indian Institute of Information Technology Bhopal,323,"Electronics and Communication Engineering (4 Years, Bachelor of Technology)",4114,AI,OBC-NCL(PwD),Gender-Neutral,1
3726,Indian Institute of Information Technology Bhopal,323,"Electronics and Communication Engineering (4 Years, Bachelor of Technology)",4114,AI,SC,Gender-Neutral,7
3727,Indian Institute of Information Technology Bhopal,323,"Electronics and Communication Engineering (4 Years, Bachelor of Technology)",4114,AI,SC (PwD),Gender-Neutral,1
3728,Indian Institute of Information Technology Bhopal,323,"Electronics and Communication Engineering (4 Years, Bachelor of Technology)",4114,AI,ST,Gender-Neutral,2
3729,Indian Institute of Information Technology Bhopal,323,"Electronics and Communication Engineering (4 Years, Bachelor of Technology)",4114,AI,ST (PwD),Gender-Neutral,1
3730,Indian Institute of Information Technology Bhopal,323,"B.Tech in Mathematics and Computing (4 Years, Bachelor of Technology)",411F,AI,OPEN,Gender-Neutral,15
3731,Indian Institute of Information Technology Bhopal,323,"B.Tech in Mathematics and Computing (4 Years, Bachelor of Technology)",411F,AI,GEN-EWS,Gender-Neutral,2
3732,Indian Institute of Information Technology Bhopal,323,"B.Tech in Mathematics and Computing (4 Years, Bachelor of Technology)",411F,AI,OBC-NCL,Gender-Neutral,9
3733,Indian Institute of Information Technology Bhopal,323,"B.Tech in Mathematics and Computing (4 Years, Bachelor of Technology)",411F,AI,OBC-NCL(PwD),Gender-Neutral,1
3734,Indian Institute of Information Technology Bhopal,323,"B.Tech in Mathematics and Computing (4 Years, Bachelor of Technology)",411F,AI,SC,Gender-Neutral,4
3735,Indian Institute of Information Technology Bhopal,323,"B.Tech in Mathematics and Computing (4 Years, Bachelor of Technology)",411F,AI,SC (PwD),Gender-Neutral,1
3736,Indian Institute of Information Technology Bhopal,323,"B.Tech in Mathematics and Computing (4 Years, Bachelor of Technology)",411F,AI,ST,Gender-Neutral,1
3737,Indian Institute of Information Technology Bhopal,323,"Computer Science and Engineering (Cyber Physical System) (4 Years, Bachelor of Technology)",411Y,AI,OPEN,Gender-Neutral,10
3738,Indian Institute of Information Technology Bhopal,323,"Computer Science and Engineering (Cyber Physical System) (4 Years, Bachelor of Technology)",411Y,AI,GEN-EWS,Gender-Neutral,4
3739,Indian Institute of Information Technology Bhopal,323,"Computer Science and Engineering (Cyber Physical System) (4 Years, Bachelor of Technology)",411Y,AI,OBC-NCL,Gender-Neutral,2
3740,Indian Institute of Information Technology Bhopal,323,"Computer Science and Engineering (Cyber Physical System) (4 Years, Bachelor of Technology)",411Y,AI,OBC-NCL(PwD),Gender-Neutral,1
3741,Indian Institute of Information Technology Bhopal,323,"Computer Science and Engineering (Cyber Physical System) (4 Years, Bachelor of Technology)",411Y,AI,SC,Gender-Neutral,3
3742,Indian Institute of Information Technology Bhopal,323,"Computer Science and Engineering (Cyber Physical System) (4 Years, Bachelor of Technology)",411Y,AI,SC (PwD),Gender-Neutral,1
3743,Indian Institute of Information Technology Bhopal,323,"Computer Science and Engineering (Cyber Physical System) (4 Years, Bachelor of Technology)",411Y,AI,ST,Gender-Neutral,3
3744,Indian Institute of Information Technology Bhopal,323,"Computer Science and Engineering (Data Science) (4 Years, Bachelor of Technology)",412E,AI,OPEN,Gender-Neutral,10
3745,Indian Institute of Information Technology Bhopal,323,"Computer Science and Engineering (Data Science) (4 Years, Bachelor of Technology)",412E,AI,GEN-EWS(PwD),Gender-Neutral,1
3746,Indian Institute of Information Technology Bhopal,323,"Computer Science and Engineering (Data Science) (4 Years, Bachelor of Technology)",412E,AI,OBC-NCL,Gender-Neutral,6
3747,Indian Institute of Information Technology Bhopal,323,"Computer Science and Engineering (Data Science) (4 Years, Bachelor of Technology)",412E,AI,SC,Gender-Neutral,2
3748,Indian Institute of Information Technology Bhopal,323,"Computer Science and Engineering (Data Science) (4 Years, Bachelor of Technology)",412E,AI,SC (PwD),Gender-Neutral,1
3749,Indian Institute of Information Technology Bhopal,323,"Computer Science and Engineering (Artificial Intelligence) (4 Years, Bachelor of Technology)",412G,AI,OPEN,Gender-Neutral,12
3750,Indian Institute of Information Technology Bhopal,323,"Computer Science and Engineering (Artificial Intelligence) (4 Years, Bachelor of Technology)",412G,AI,OBC-NCL,Gender-Neutral,3
3751,Indian Institute of Information Technology Bhopal,323,"Computer Science and Engineering (Artificial Intelligence) (4 Years, Bachelor of Technology)",412G,AI,SC,Gender-Neutral,1
3752,Indian Institute of Information Technology Bhopal,323,"Computer Science and Engineering (Artificial Intelligence) (4 Years, Bachelor of Technology)",412G,AI,SC (PwD),Gender-Neutral,1
3753,Indian Institute of Information Technology Bhopal,323,"Computer Science and Engineering (Artificial Intelligence) (4 Years, Bachelor of Technology)",412G,AI,ST,Gender-Neutral,1
3754,Indian Institute of Information Technology Bhopal,323,"Physics and Computational Engineering (4 Years, Bachelor of Technology)",413D,AI,OPEN,Gender-Neutral,20
3755,Indian Institute of Information Technology Bhopal,323,"Physics and Computational Engineering (4 Years, Bachelor of Technology)",413D,AI,GEN-EWS,Gender-Neutral,2
3756,Indian Institute of Information Technology Bhopal,323,"Physics and Computational Engineering (4 Years, Bachelor of Technology)",413D,AI,OBC-NCL,Gender-Neutral,6
3757,Indian Institute of Information Technology Bhopal,323,"Physics and Computational Engineering (4 Years, Bachelor of Technology)",413D,AI,OBC-NCL(PwD),Gender-Neutral,1
3758,Indian Institute of Information Technology Bhopal,323,"Physics and Computational Engineering (4 Years, Bachelor of Technology)",413D,AI,SC,Gender-Neutral,4
3759,Indian Institute of Information Technology Bhopal,323,"Physics and Computational Engineering (4 Years, Bachelor of Technology)",413D,AI,ST,Gender-Neutral,4
3760,Indian Institute of Information Technology Bhopal,323,"Information Technology (4 Years, Bachelor of Technology)",4146,AI,OPEN,Gender-Neutral,26
3761,Indian Institute of Information Technology Bhopal,323,"Information Technology (4 Years, Bachelor of Technology)",4146,AI,GEN-EWS,Gender-Neutral,1
3762,Indian Institute of Information Technology Bhopal,323,"Information Technology (4 Years, Bachelor of Technology)",4146,AI,OBC-NCL,Gender-Neutral,9
3763,Indian Institute of Information Technology Bhopal,323,"Information Technology (4 Years, Bachelor of Technology)",4146,AI,OBC-NCL(PwD),Gender-Neutral,2
3764,Indian Institute of Information Technology Bhopal,323,"Information Technology (4 Years, Bachelor of Technology)",4146,AI,SC,Gender-Neutral,1
3765,Indian Institute of Information Technology Bhopal,323,"Information Technology (4 Years, Bachelor of Technology)",4146,AI,SC (PwD),Gender-Neutral,1
3766,Indian Institute of Information Technology Bhopal,323,"Information Technology (4 Years, Bachelor of Technology)",4146,AI,ST,Gender-Neutral,1
3767,Indian Institute of Information Technology Bhopal,323,"Information Technology (4 Years, Bachelor of Technology)",4146,AI,ST (PwD),Gender-Neutral,1
3768,Indian Institute of Information Technology Surat,324,"Computer Science and Engineering (Cyber Security) (4 Years, Bachelor of Technology)",410J,AI,OPEN,Gender-Neutral,8
3769,Indian Institute of Information Technology Surat,324,"Computer Science and Engineering (Cyber Security) (4 Years, Bachelor of Technology)",410J,AI,GEN-EWS,Gender-Neutral,1
3770,Indian Institute of Information Technology Surat,324,"Computer Science and Engineering (Cyber Security) (4 Years, Bachelor of Technology)",410J,AI,OBC-NCL,Gender-Neutral,2
3771,Indian Institute of Information Technology Surat,324,"Computer Science and Engineering (Cyber Security) (4 Years, Bachelor of Technology)",410J,AI,OBC-NCL,Female-only (including Supernumerary),1
3772,Indian Institute of Information Technology Surat,324,"Computer Science and Engineering (Cyber Security) (4 Years, Bachelor of Technology)",410J,AI,SC,Gender-Neutral,1
3773,Indian Institute of Information Technology Surat,324,"Computer Science and Engineering (Cyber Security) (4 Years, Bachelor of Technology)",410J,AI,SC,Female-only (including Supernumerary),1
3774,Indian Institute of Information Technology Surat,324,"Computer Science and Engineering (Artificial Intelligence and Machine Learning) (4 Years, Bachelor of Technology)",410W,AI,OPEN,Gender-Neutral,2
3775,Indian Institute of Information Technology Surat,324,"Computer Science and Engineering (Artificial Intelligence and Machine Learning) (4 Years, Bachelor of Technology)",410W,AI,OPEN,Female-only (including Supernumerary),1
3776,Indian Institute of Information Technology Surat,324,"Computer Science and Engineering (Artificial Intelligence and Machine Learning) (4 Years, Bachelor of Technology)",410W,AI,OBC-NCL,Female-only (including Supernumerary),1
3777,Indian Institute of Information Technology Surat,324,"Computer Science and Engineering (Artificial Intelligence and Machine Learning) (4 Years, Bachelor of Technology)",410W,AI,SC,Gender-Neutral,2
3778,Indian Institute of Information Technology Surat,324,"Computer Science and Engineering (4 Years, Bachelor of Technology)",4110,AI,OPEN,Gender-Neutral,17
3779,Indian Institute of Information Technology Surat,324,"Computer Science and Engineering (4 Years, Bachelor of Technology)",4110,AI,OPEN,Female-only (including Supernumerary),3
3780,Indian Institute of Information Technology Surat,324,"Computer Science and Engineering (4 Years, Bachelor of Technology)",4110,AI,GEN-EWS,Female-only (including Supernumerary),1
3781,Indian Institute of Information Technology Surat,324,"Computer Science and Engineering (4 Years, Bachelor of Technology)",4110,AI,OBC-NCL,Gender-Neutral,3
3782,Indian Institute of Information Technology Surat,324,"Computer Science and Engineering (4 Years, Bachelor of Technology)",4110,AI,OBC-NCL,Female-only (including Supernumerary),1
3783,Indian Institute of Information Technology Surat,324,"Computer Science and Engineering (4 Years, Bachelor of Technology)",4110,AI,SC,Gender-Neutral,3
3784,Indian Institute of Information Technology Surat,324,"Computer Science and Engineering (4 Years, Bachelor of Technology)",4110,AI,SC,Female-only (including Supernumerary),1
3785,Indian Institute of Information Technology Surat,324,"Computer Science and Engineering (4 Years, Bachelor of Technology)",4110,AI,SC (PwD),Gender-Neutral,1
3786,Indian Institute of Information Technology Surat,324,"Computer Science and Engineering (4 Years, Bachelor of Technology)",4110,AI,ST,Gender-Neutral,1
3787,Indian Institute of Information Technology Surat,324,"Computer Science and Engineering (4 Years, Bachelor of Technology)",4110,AI,ST,Female-only (including Supernumerary),1
3788,Indian Institute of Information Technology Surat,324,"Electronics and Communication Engineering (4 Years, Bachelor of Technology)",4114,AI,OPEN,Gender-Neutral,16
3789,Indian Institute of Information Technology Surat,324,"Electronics and Communication Engineering (4 Years, Bachelor of Technology)",4114,AI,OPEN,Female-only (including Supernumerary),4
3790,Indian Institute of Information Technology Surat,324,"Electronics and Communication Engineering (4 Years, Bachelor of Technology)",4114,AI,OPEN (PwD),Gender-Neutral,1
3791,Indian Institute of Information Technology Surat,324,"Electronics and Communication Engineering (4 Years, Bachelor of Technology)",4114,AI,GEN-EWS,Gender-Neutral,2
3792,Indian Institute of Information Technology Surat,324,"Electronics and Communication Engineering (4 Years, Bachelor of Technology)",4114,AI,OBC-NCL,Gender-Neutral,5
3793,Indian Institute of Information Technology Surat,324,"Electronics and Communication Engineering (4 Years, Bachelor of Technology)",4114,AI,SC,Gender-Neutral,2
3794,Indian Institute of Information Technology Surat,324,"Electronics and Communication Engineering (4 Years, Bachelor of Technology)",4114,AI,SC (PwD),Gender-Neutral,1
3795,Indian Institute of Information Technology Surat,324,"Electronics and Communication Engineering (4 Years, Bachelor of Technology)",4114,AI,ST,Gender-Neutral,3
3796,Indian Institute of Information Technology Surat,324,"Electronics and Communication Engineering (4 Years, Bachelor of Technology)",4114,AI,ST,Female-only (including Supernumerary),1
3797,Indian Institute of Information Technology Surat,324,"B.Tech in Mathematics and Computing (4 Years, Bachelor of Technology)",411F,AI,OPEN,Gender-Neutral,5
3798,Indian Institute of Information Technology Surat,324,"B.Tech in Mathematics and Computing (4 Years, Bachelor of Technology)",411F,AI,OPEN (PwD),Gender-Neutral,1
3799,Indian Institute of Information Technology Surat,324,"B.Tech in Mathematics and Computing (4 Years, Bachelor of Technology)",411F,AI,GEN-EWS,Gender-Neutral,1
3800,Indian Institute of Information Technology Surat,324,"B.Tech in Mathematics and Computing (4 Years, Bachelor of Technology)",411F,AI,OBC-NCL,Gender-Neutral,2
3801,Indian Institute of Information Technology Surat,324,"B.Tech in Mathematics and Computing (4 Years, Bachelor of Technology)",411F,AI,OBC-NCL,Female-only (including Supernumerary),1
3802,Indian Institute of Information Technology Surat,324,"B.Tech in Mathematics and Computing (4 Years, Bachelor of Technology)",411F,AI,ST,Gender-Neutral,1
3803,"Indian Institute of Information Technology, Agartala",325,"Computer Science and Engineering (4 Years, Bachelor of Technology)",4110,AI,OPEN,Gender-Neutral,14
3804,"Indian Institute of Information Technology, Agartala",325,"Computer Science and Engineering (4 Years, Bachelor of Technology)",4110,AI,OPEN,Female-only (including Supernumerary),5
3805,"Indian Institute of Information Technology, Agartala",325,"Computer Science and Engineering (4 Years, Bachelor of Technology)",4110,AI,OPEN (PwD),Female-only (including Supernumerary),1
3806,"Indian Institute of Information Technology, Agartala",325,"Computer Science and Engineering (4 Years, Bachelor of Technology)",4110,AI,GEN-EWS,Gender-Neutral,5
3807,"Indian Institute of Information Technology, Agartala",325,"Computer Science and Engineering (4 Years, Bachelor of Technology)",4110,AI,GEN-EWS,Female-only (including Supernumerary),1
3808,"Indian Institute of Information Technology, Agartala",325,"Computer Science and Engineering (4 Years, Bachelor of Technology)",4110,AI,OBC-NCL,Gender-Neutral,7
3809,"Indian Institute of Information Technology, Agartala",325,"Computer Science and Engineering (4 Years, Bachelor of Technology)",4110,AI,OBC-NCL,Female-only (including Supernumerary),2
3810,"Indian Institute of Information Technology, Agartala",325,"Computer Science and Engineering (4 Years, Bachelor of Technology)",4110,AI,OBC-NCL(PwD),Gender-Neutral,1
3811,"Indian Institute of Information Technology, Agartala",325,"Computer Science and Engineering (4 Years, Bachelor of Technology)",4110,AI,SC,Gender-Neutral,4
3812,"Indian Institute of Information Technology, Agartala",325,"Computer Science and Engineering (4 Years, Bachelor of Technology)",4110,AI,SC,Female-only (including Supernumerary),3
3813,"Indian Institute of Information Technology, Agartala",325,"Computer Science and Engineering (4 Years, Bachelor of Technology)",4110,AI,ST,Gender-Neutral,1
3814,"Indian Institute of Information Technology, Agartala",325,"Computer Science and Engineering (4 Years, Bachelor of Technology)",4110,AI,ST,Female-only (including Supernumerary),1
3815,"Indian institute of information technology, Raichur, Karnataka",326,"Computer Science and Engineering (4 Years, Bachelor of Technology)",4110,AI,OPEN,Gender-Neutral,12
3816,"Indian institute of information technology, Raichur, Karnataka",326,"Computer Science and Engineering (4 Years, Bachelor of Technology)",4110,AI,OPEN,Female-only (including Supernumerary),5
3817,"Indian institute of information technology, Raichur, Karnataka",326,"Computer Science and Engineering (4 Years, Bachelor of Technology)",4110,AI,GEN-EWS,Gender-Neutral,3
3818,"Indian institute of information technology, Raichur, Karnataka",326,"Computer Science and Engineering (4 Years, Bachelor of Technology)",4110,AI,OBC-NCL,Gender-Neutral,5
3819,"Indian institute of information technology, Raichur, Karnataka",326,"Computer Science and Engineering (4 Years, Bachelor of Technology)",4110,AI,OBC-NCL,Female-only (including Supernumerary),1
3820,"Indian institute of information technology, Raichur, Karnataka",326,"Computer Science and Engineering (4 Years, Bachelor of Technology)",4110,AI,OBC-NCL(PwD),Gender-Neutral,1
3821,"Indian institute of information technology, Raichur, Karnataka",326,"Computer Science and Engineering (4 Years, Bachelor of Technology)",4110,AI,SC,Gender-Neutral,3
3822,"Indian institute of information technology, Raichur, Karnataka",326,"Computer Science and Engineering (4 Years, Bachelor of Technology)",4110,AI,ST,Gender-Neutral,2
3823,"Indian institute of information technology, Raichur, Karnataka",326,"Computer Science and Engineering (4 Years, Bachelor of Technology)",4110,AI,ST,Female-only (including Supernumerary),1
3824,"Indian institute of information technology, Raichur, Karnataka",326,"Computer Science and Engineering (4 Years, Bachelor of Technology)",4110,AI,ST (PwD),Gender-Neutral,1
3825,"Indian institute of information technology, Raichur, Karnataka",326,"Mathematics and Computing (4 Years, Bachelor of Technology)",4124,AI,OPEN,Gender-Neutral,7
3826,"Indian institute of information technology, Raichur, Karnataka",326,"Mathematics and Computing (4 Years, Bachelor of Technology)",4124,AI,OPEN,Female-only (including Supernumerary),3
3827,"Indian institute of information technology, Raichur, Karnataka",326,"Mathematics and Computing (4 Years, Bachelor of Technology)",4124,AI,GEN-EWS,Gender-Neutral,1
3828,"Indian institute of information technology, Raichur, Karnataka",326,"Mathematics and Computing (4 Years, Bachelor of Technology)",4124,AI,OBC-NCL,Gender-Neutral,4
3829,"Indian institute of information technology, Raichur, Karnataka",326,"Mathematics and Computing (4 Years, Bachelor of Technology)",4124,AI,OBC-NCL,Female-only (including Supernumerary),2
3830,"Indian institute of information technology, Raichur, Karnataka",326,"Mathematics and Computing (4 Years, Bachelor of Technology)",4124,AI,SC,Gender-Neutral,4
3831,"Indian institute of information technology, Raichur, Karnataka",326,"Mathematics and Computing (4 Years, Bachelor of Technology)",4124,AI,SC,Female-only (including Supernumerary),1
3832,"Indian institute of information technology, Raichur, Karnataka",326,"Mathematics and Computing (4 Years, Bachelor of Technology)",4124,AI,SC (PwD),Gender-Neutral,1
3833,"Indian institute of information technology, Raichur, Karnataka",326,"Mathematics and Computing (4 Years, Bachelor of Technology)",4124,AI,ST,Gender-Neutral,2
3834,"Indian institute of information technology, Raichur, Karnataka",326,"Mathematics and Computing (4 Years, Bachelor of Technology)",4124,AI,ST,Female-only (including Supernumerary),1
3835,"Indian institute of information technology, Raichur, Karnataka",326,"Artificial Intelligence and Data Science (4 Years, Bachelor of Technology)",4188,AI,OPEN,Gender-Neutral,12
3836,"Indian institute of information technology, Raichur, Karnataka",326,"Artificial Intelligence and Data Science (4 Years, Bachelor of Technology)",4188,AI,OPEN,Female-only (including Supernumerary),5
3837,"Indian institute of information technology, Raichur, Karnataka",326,"Artificial Intelligence and Data Science (4 Years, Bachelor of Technology)",4188,AI,OPEN (PwD),Gender-Neutral,1
3838,"Indian institute of information technology, Raichur, Karnataka",326,"Artificial Intelligence and Data Science (4 Years, Bachelor of Technology)",4188,AI,GEN-EWS,Gender-Neutral,2
3839,"Indian institute of information technology, Raichur, Karnataka",326,"Artificial Intelligence and Data Science (4 Years, Bachelor of Technology)",4188,AI,GEN-EWS,Female-only (including Supernumerary),1
3840,"Indian institute of information technology, Raichur, Karnataka",326,"Artificial Intelligence and Data Science (4 Years, Bachelor of Technology)",4188,AI,GEN-EWS(PwD),Gender-Neutral,1
3841,"Indian institute of information technology, Raichur, Karnataka",326,"Artificial Intelligence and Data Science (4 Years, Bachelor of Technology)",4188,AI,OBC-NCL,Gender-Neutral,3
3842,"Indian institute of information technology, Raichur, Karnataka",326,"Artificial Intelligence and Data Science (4 Years, Bachelor of Technology)",4188,AI,OBC-NCL,Female-only (including Supernumerary),2
3843,"Indian institute of information technology, Raichur, Karnataka",326,"Artificial Intelligence and Data Science (4 Years, Bachelor of Technology)",4188,AI,SC,Gender-Neutral,4
3844,"Indian institute of information technology, Raichur, Karnataka",326,"Artificial Intelligence and Data Science (4 Years, Bachelor of Technology)",4188,AI,SC,Female-only (including Supernumerary),1
3845,"Indian institute of information technology, Raichur, Karnataka",326,"Artificial Intelligence and Data Science (4 Years, Bachelor of Technology)",4188,AI,SC (PwD),Gender-Neutral,1
3846,"Indian institute of information technology, Raichur, Karnataka",326,"Artificial Intelligence and Data Science (4 Years, Bachelor of Technology)",4188,AI,ST,Gender-Neutral,2
3847,"Indian Institute of Information Technology, Vadodara International Campus Diu (IIITVICD)",327,"Computer Science and Engineering (Cyber Security) (4 Years, Bachelor of Technology)",410J,AI,OPEN,Gender-Neutral,11
3848,"Indian Institute of Information Technology, Vadodara International Campus Diu (IIITVICD)",327,"Computer Science and Engineering (Cyber Security) (4 Years, Bachelor of Technology)",410J,AI,OPEN,Female-only (including Supernumerary),1
3849,"Indian Institute of Information Technology, Vadodara International Campus Diu (IIITVICD)",327,"Computer Science and Engineering (Cyber Security) (4 Years, Bachelor of Technology)",410J,AI,OPEN (PwD),Gender-Neutral,1
3850,"Indian Institute of Information Technology, Vadodara International Campus Diu (IIITVICD)",327,"Computer Science and Engineering (Cyber Security) (4 Years, Bachelor of Technology)",410J,AI,GEN-EWS,Gender-Neutral,1
3851,"Indian Institute of Information Technology, Vadodara International Campus Diu (IIITVICD)",327,"Computer Science and Engineering (Cyber Security) (4 Years, Bachelor of Technology)",410J,AI,GEN-EWS,Female-only (including Supernumerary),1
3852,"Indian Institute of Information Technology, Vadodara International Campus Diu (IIITVICD)",327,"Computer Science and Engineering (Cyber Security) (4 Years, Bachelor of Technology)",410J,AI,OBC-NCL,Gender-Neutral,7
3853,"Indian Institute of Information Technology, Vadodara International Campus Diu (IIITVICD)",327,"Computer Science and Engineering (Cyber Security) (4 Years, Bachelor of Technology)",410J,AI,OBC-NCL,Female-only (including Supernumerary),1
3854,"Indian Institute of Information Technology, Vadodara International Campus Diu (IIITVICD)",327,"Computer Science and Engineering (Cyber Security) (4 Years, Bachelor of Technology)",410J,AI,SC,Gender-Neutral,3
3855,"Indian Institute of Information Technology, Vadodara International Campus Diu (IIITVICD)",327,"Computer Science and Engineering (Cyber Security) (4 Years, Bachelor of Technology)",410J,AI,SC,Female-only (including Supernumerary),1
3856,"Indian Institute of Information Technology, Vadodara International Campus Diu (IIITVICD)",327,"Computer Science and Engineering (Cyber Security) (4 Years, Bachelor of Technology)",410J,AI,ST,Gender-Neutral,2
3857,"Indian Institute of Information Technology, Vadodara International Campus Diu (IIITVICD)",327,"Computer Science and Engineering (Cyber Security) (4 Years, Bachelor of Technology)",410J,AI,ST,Female-only (including Supernumerary),1
3858,"Indian Institute of Information Technology, Vadodara International Campus Diu (IIITVICD)",327,"Computer Science and Engineering (4 Years, Bachelor of Technology)",4110,AI,OPEN,Gender-Neutral,20
3859,"Indian Institute of Information Technology, Vadodara International Campus Diu (IIITVICD)",327,"Computer Science and Engineering (4 Years, Bachelor of Technology)",4110,AI,OPEN,Female-only (including Supernumerary),6
3860,"Indian Institute of Information Technology, Vadodara International Campus Diu (IIITVICD)",327,"Computer Science and Engineering (4 Years, Bachelor of Technology)",4110,AI,GEN-EWS,Gender-Neutral,3
3861,"Indian Institute of Information Technology, Vadodara International Campus Diu (IIITVICD)",327,"Computer Science and Engineering (4 Years, Bachelor of Technology)",4110,AI,GEN-EWS(PwD),Gender-Neutral,1
3862,"Indian Institute of Information Technology, Vadodara International Campus Diu (IIITVICD)",327,"Computer Science and Engineering (4 Years, Bachelor of Technology)",4110,AI,OBC-NCL,Gender-Neutral,2
3863,"Indian Institute of Information Technology, Vadodara International Campus Diu (IIITVICD)",327,"Computer Science and Engineering (4 Years, Bachelor of Technology)",4110,AI,OBC-NCL,Female-only (including Supernumerary),2
3864,"Indian Institute of Information Technology, Vadodara International Campus Diu (IIITVICD)",327,"Computer Science and Engineering (4 Years, Bachelor of Technology)",4110,AI,OBC-NCL(PwD),Gender-Neutral,1
3865,"Indian Institute of Information Technology, Vadodara International Campus Diu (IIITVICD)",327,"Computer Science and Engineering (4 Years, Bachelor of Technology)",4110,AI,SC,Gender-Neutral,5
3866,"Indian Institute of Information Technology, Vadodara International Campus Diu (IIITVICD)",327,"Computer Science and Engineering (4 Years, Bachelor of Technology)",4110,AI,SC,Female-only (including Supernumerary),1
3867,"Indian Institute of Information Technology, Vadodara International Campus Diu (IIITVICD)",327,"Computer Science and Engineering (4 Years, Bachelor of Technology)",4110,AI,SC (PwD),Gender-Neutral,1
3868,"Indian Institute of Information Technology, Vadodara International Campus Diu (IIITVICD)",327,"Computer Science and Engineering (4 Years, Bachelor of Technology)",4110,AI,ST,Gender-Neutral,1
3869,"Indian Institute of Information Technology, Vadodara International Campus Diu (IIITVICD)",327,"Computer Science and Engineering (4 Years, Bachelor of Technology)",4110,AI,ST (PwD),Gender-Neutral,1
3870,"Indian Institute of Information Technology, Vadodara International Campus Diu (IIITVICD)",327,"Electronics and Communication Engineering (4 Years, Bachelor of Technology)",4114,AI,OPEN,Gender-Neutral,7
3871,"Indian Institute of Information Technology, Vadodara International Campus Diu (IIITVICD)",327,"Electronics and Communication Engineering (4 Years, Bachelor of Technology)",4114,AI,OPEN,Female-only (including Supernumerary),3
3872,"Indian Institute of Information Technology, Vadodara International Campus Diu (IIITVICD)",327,"Electronics and Communication Engineering (4 Years, Bachelor of Technology)",4114,AI,GEN-EWS,Gender-Neutral,2
3873,"Indian Institute of Information Technology, Vadodara International Campus Diu (IIITVICD)",327,"Electronics and Communication Engineering (4 Years, Bachelor of Technology)",4114,AI,GEN-EWS,Female-only (including Supernumerary),1
3874,"Indian Institute of Information Technology, Vadodara International Campus Diu (IIITVICD)",327,"Electronics and Communication Engineering (4 Years, Bachelor of Technology)",4114,AI,OBC-NCL,Gender-Neutral,9
3875,"Indian Institute of Information Technology, Vadodara International Campus Diu (IIITVICD)",327,"Electronics and Communication Engineering (4 Years, Bachelor of Technology)",4114,AI,OBC-NCL,Female-only (including Supernumerary),1
3876,"Indian Institute of Information Technology, Vadodara International Campus Diu (IIITVICD)",327,"Electronics and Communication Engineering (4 Years, Bachelor of Technology)",4114,AI,OBC-NCL(PwD),Gender-Neutral,1
3877,"Indian Institute of Information Technology, Vadodara International Campus Diu (IIITVICD)",327,"Electronics and Communication Engineering (4 Years, Bachelor of Technology)",4114,AI,SC,Gender-Neutral,2
3878,"Indian Institute of Information Technology, Vadodara International Campus Diu (IIITVICD)",327,"Electronics and Communication Engineering (4 Years, Bachelor of Technology)",4114,AI,SC (PwD),Gender-Neutral,1
3879,"Indian Institute of Information Technology, Vadodara International Campus Diu (IIITVICD)",327,"Electronics and Communication Engineering (4 Years, Bachelor of Technology)",4114,AI,ST,Gender-Neutral,1
3880,"Indian Institute of Information Technology, Vadodara International Campus Diu (IIITVICD)",327,"Electronics and Communication Engineering (4 Years, Bachelor of Technology)",4114,AI,ST,Female-only (including Supernumerary),1
3881,"Indian Institute of Information Technology, Vadodara International Campus Diu (IIITVICD)",327,"Artificial Intelligence (4 Years, Bachelor of Technology)",4185,AI,OPEN,Gender-Neutral,5
3882,"Indian Institute of Information Technology, Vadodara International Campus Diu (IIITVICD)",327,"Artificial Intelligence (4 Years, Bachelor of Technology)",4185,AI,OPEN,Female-only (including Supernumerary),1
3883,"Indian Institute of Information Technology, Vadodara International Campus Diu (IIITVICD)",327,"Artificial Intelligence (4 Years, Bachelor of Technology)",4185,AI,OPEN (PwD),Gender-Neutral,1
3884,"Indian Institute of Information Technology, Vadodara International Campus Diu (IIITVICD)",327,"Artificial Intelligence (4 Years, Bachelor of Technology)",4185,AI,GEN-EWS,Gender-Neutral,1
3885,"Indian Institute of Information Technology, Vadodara International Campus Diu (IIITVICD)",327,"Artificial Intelligence (4 Years, Bachelor of Technology)",4185,AI,GEN-EWS,Female-only (including Supernumerary),1
3886,"Indian Institute of Information Technology, Vadodara International Campus Diu (IIITVICD)",327,"Artificial Intelligence (4 Years, Bachelor of Technology)",4185,AI,OBC-NCL,Gender-Neutral,6
3887,"Indian Institute of Information Technology, Vadodara International Campus Diu (IIITVICD)",327,"Artificial Intelligence (4 Years, Bachelor of Technology)",4185,AI,OBC-NCL,Female-only (including Supernumerary),1
3888,"Indian Institute of Information Technology, Vadodara International Campus Diu (IIITVICD)",327,"Artificial Intelligence (4 Years, Bachelor of Technology)",4185,AI,OBC-NCL(PwD),Gender-Neutral,1
3889,"Indian Institute of Information Technology, Vadodara International Campus Diu (IIITVICD)",327,"Artificial Intelligence (4 Years, Bachelor of Technology)",4185,AI,ST,Gender-Neutral,2
3890,"Assam University, Silchar",401,"Computer Science and Engineering (4 Years, Bachelor of Technology)",4110,AI,OPEN,Gender-Neutral,8
3891,"Assam University, Silchar",401,"Computer Science and Engineering (4 Years, Bachelor of Technology)",4110,AI,GEN-EWS,Gender-Neutral,2
3892,"Assam University, Silchar",401,"Computer Science and Engineering (4 Years, Bachelor of Technology)",4110,AI,OBC-NCL,Gender-Neutral,6
3893,"Assam University, Silchar",401,"Computer Science and Engineering (4 Years, Bachelor of Technology)",4110,AI,OBC-NCL,Female-only (including Supernumerary),1
3894,"Assam University, Silchar",401,"Computer Science and Engineering (4 Years, Bachelor of Technology)",4110,AI,SC,Gender-Neutral,2
3895,"Assam University, Silchar",401,"Computer Science and Engineering (4 Years, Bachelor of Technology)",4110,AI,ST,Gender-Neutral,1
3896,"Assam University, Silchar",401,"Computer Science and Engineering (4 Years, Bachelor of Technology)",4110,HS,OPEN,Gender-Neutral,5
3897,"Assam University, Silchar",401,"Computer Science and Engineering (4 Years, Bachelor of Technology)",4110,HS,OPEN,Female-only (including Supernumerary),1
3898,"Assam University, Silchar",401,"Computer Science and Engineering (4 Years, Bachelor of Technology)",4110,HS,OPEN (PwD),Gender-Neutral,1
3899,"Assam University, Silchar",401,"Computer Science and Engineering (4 Years, Bachelor of Technology)",4110,HS,GEN-EWS,Gender-Neutral,1
3900,"Assam University, Silchar",401,"Computer Science and Engineering (4 Years, Bachelor of Technology)",4110,HS,OBC-NCL,Gender-Neutral,3
3901,"Assam University, Silchar",401,"Computer Science and Engineering (4 Years, Bachelor of Technology)",4110,HS,OBC-NCL,Female-only (including Supernumerary),1
3902,"Assam University, Silchar",401,"Computer Science and Engineering (4 Years, Bachelor of Technology)",4110,HS,SC,Gender-Neutral,1
3903,"Assam University, Silchar",401,"Computer Science and Engineering (4 Years, Bachelor of Technology)",4110,HS,SC,Female-only (including Supernumerary),1
3904,"Assam University, Silchar",401,"Computer Science and Engineering (4 Years, Bachelor of Technology)",4110,HS,ST,Gender-Neutral,2
3905,"Assam University, Silchar",401,"Electronics and Communication Engineering (4 Years, Bachelor of Technology)",4114,AI,OPEN,Gender-Neutral,8
3906,"Assam University, Silchar",401,"Electronics and Communication Engineering (4 Years, Bachelor of Technology)",4114,AI,OPEN,Female-only (including Supernumerary),1
3907,"Assam University, Silchar",401,"Electronics and Communication Engineering (4 Years, Bachelor of Technology)",4114,AI,GEN-EWS,Gender-Neutral,1
3908,"Assam University, Silchar",401,"Electronics and Communication Engineering (4 Years, Bachelor of Technology)",4114,AI,OBC-NCL,Gender-Neutral,6
3909,"Assam University, Silchar",401,"Electronics and Communication Engineering (4 Years, Bachelor of Technology)",4114,AI,OBC-NCL,Female-only (including Supernumerary),1
3910,"Assam University, Silchar",401,"Electronics and Communication Engineering (4 Years, Bachelor of Technology)",4114,AI,SC,Gender-Neutral,4
3911,"Assam University, Silchar",401,"Electronics and Communication Engineering (4 Years, Bachelor of Technology)",4114,AI,ST,Gender-Neutral,1
3912,"Assam University, Silchar",401,"Electronics and Communication Engineering (4 Years, Bachelor of Technology)",4114,HS,OPEN,Gender-Neutral,6
3913,"Assam University, Silchar",401,"Electronics and Communication Engineering (4 Years, Bachelor of Technology)",4114,HS,OPEN,Female-only (including Supernumerary),1
3914,"Assam University, Silchar",401,"Electronics and Communication Engineering (4 Years, Bachelor of Technology)",4114,HS,OPEN (PwD),Gender-Neutral,1
3915,"Assam University, Silchar",401,"Electronics and Communication Engineering (4 Years, Bachelor of Technology)",4114,HS,GEN-EWS,Gender-Neutral,1
3916,"Assam University, Silchar",401,"Electronics and Communication Engineering (4 Years, Bachelor of Technology)",4114,HS,OBC-NCL,Gender-Neutral,3
3917,"Assam University, Silchar",401,"Electronics and Communication Engineering (4 Years, Bachelor of Technology)",4114,HS,OBC-NCL,Female-only (including Supernumerary),1
3918,"Assam University, Silchar",401,"Electronics and Communication Engineering (4 Years, Bachelor of Technology)",4114,HS,SC,Gender-Neutral,2
3919,"Assam University, Silchar",401,"Electronics and Communication Engineering (4 Years, Bachelor of Technology)",4114,HS,SC,Female-only (including Supernumerary),1
3920,"Assam University, Silchar",401,"Electronics and Communication Engineering (4 Years, Bachelor of Technology)",4114,HS,ST,Gender-Neutral,1
3921,"Assam University, Silchar",401,"Agricultural Engineering (4 Years, Bachelor of Technology)",4168,AI,OPEN,Gender-Neutral,6
3922,"Assam University, Silchar",401,"Agricultural Engineering (4 Years, Bachelor of Technology)",4168,AI,OPEN (PwD),Gender-Neutral,1
3923,"Assam University, Silchar",401,"Agricultural Engineering (4 Years, Bachelor of Technology)",4168,AI,GEN-EWS,Gender-Neutral,2
3924,"Assam University, Silchar",401,"Agricultural Engineering (4 Years, Bachelor of Technology)",4168,AI,OBC-NCL,Gender-Neutral,3
3925,"Assam University, Silchar",401,"Agricultural Engineering (4 Years, Bachelor of Technology)",4168,AI,OBC-NCL,Female-only (including Supernumerary),1
3926,"Assam University, Silchar",401,"Agricultural Engineering (4 Years, Bachelor of Technology)",4168,AI,SC,Gender-Neutral,2
3927,"Assam University, Silchar",401,"Agricultural Engineering (4 Years, Bachelor of Technology)",4168,AI,SC,Female-only (including Supernumerary),1
3928,"Assam University, Silchar",401,"Agricultural Engineering (4 Years, Bachelor of Technology)",4168,HS,OPEN,Gender-Neutral,7
3929,"Assam University, Silchar",401,"Agricultural Engineering (4 Years, Bachelor of Technology)",4168,HS,OPEN,Female-only (including Supernumerary),1
3930,"Assam University, Silchar",401,"Agricultural Engineering (4 Years, Bachelor of Technology)",4168,HS,OPEN (PwD),Gender-Neutral,1
3931,"Assam University, Silchar",401,"Agricultural Engineering (4 Years, Bachelor of Technology)",4168,HS,GEN-EWS,Gender-Neutral,2
3932,"Assam University, Silchar",401,"Agricultural Engineering (4 Years, Bachelor of Technology)",4168,HS,OBC-NCL,Gender-Neutral,5
3933,"Assam University, Silchar",401,"Agricultural Engineering (4 Years, Bachelor of Technology)",4168,HS,OBC-NCL,Female-only (including Supernumerary),1
3934,"Assam University, Silchar",401,"Agricultural Engineering (4 Years, Bachelor of Technology)",4168,HS,SC,Gender-Neutral,2
3935,"Assam University, Silchar",401,"Agricultural Engineering (4 Years, Bachelor of Technology)",4168,HS,ST,Gender-Neutral,1
3936,"Birla Institute of Technology, Mesra, Ranchi",402,"Bio Technology (4 Years, Bachelor of Technology)",4104,AI,OPEN,Gender-Neutral,11
3937,"Birla Institute of Technology, Mesra, Ranchi",402,"Bio Technology (4 Years, Bachelor of Technology)",4104,AI,OPEN,Female-only (including Supernumerary),3
3938,"Birla Institute of Technology, Mesra, Ranchi",402,"Bio Technology (4 Years, Bachelor of Technology)",4104,AI,OPEN (PwD),Gender-Neutral,1
3939,"Birla Institute of Technology, Mesra, Ranchi",402,"Bio Technology (4 Years, Bachelor of Technology)",4104,AI,GEN-EWS,Gender-Neutral,1
3940,"Birla Institute of Technology, Mesra, Ranchi",402,"Bio Technology (4 Years, Bachelor of Technology)",4104,AI,OBC-NCL,Gender-Neutral,8
3941,"Birla Institute of Technology, Mesra, Ranchi",402,"Bio Technology (4 Years, Bachelor of Technology)",4104,AI,SC,Gender-Neutral,1
3942,"Birla Institute of Technology, Mesra, Ranchi",402,"Bio Technology (4 Years, Bachelor of Technology)",4104,AI,ST,Gender-Neutral,3
3943,"Birla Institute of Technology, Mesra, Ranchi",402,"Chemical Engineering (4 Years, Bachelor of Technology)",4107,AI,OPEN,Gender-Neutral,35
3944,"Birla Institute of Technology, Mesra, Ranchi",402,"Chemical Engineering (4 Years, Bachelor of Technology)",4107,AI,OPEN,Female-only (including Supernumerary),7
3945,"Birla Institute of Technology, Mesra, Ranchi",402,"Chemical Engineering (4 Years, Bachelor of Technology)",4107,AI,GEN-EWS,Gender-Neutral,5
3946,"Birla Institute of Technology, Mesra, Ranchi",402,"Chemical Engineering (4 Years, Bachelor of Technology)",4107,AI,GEN-EWS(PwD),Gender-Neutral,1
3947,"Birla Institute of Technology, Mesra, Ranchi",402,"Chemical Engineering (4 Years, Bachelor of Technology)",4107,AI,OBC-NCL,Gender-Neutral,26
3948,"Birla Institute of Technology, Mesra, Ranchi",402,"Chemical Engineering (4 Years, Bachelor of Technology)",4107,AI,OBC-NCL(PwD),Gender-Neutral,1
3949,"Birla Institute of Technology, Mesra, Ranchi",402,"Chemical Engineering (4 Years, Bachelor of Technology)",4107,AI,SC,Gender-Neutral,10
3950,"Birla Institute of Technology, Mesra, Ranchi",402,"Chemical Engineering (4 Years, Bachelor of Technology)",4107,AI,SC (PwD),Gender-Neutral,1
3951,"Birla Institute of Technology, Mesra, Ranchi",402,"Chemical Engineering (4 Years, Bachelor of Technology)",4107,AI,ST,Gender-Neutral,8
3952,"Birla Institute of Technology, Mesra, Ranchi",402,"Chemical Engineering (4 Years, Bachelor of Technology)",4107,AI,ST (PwD),Gender-Neutral,1
3953,"Birla Institute of Technology, Mesra, Ranchi",402,"Civil Engineering (4 Years, Bachelor of Technology)",4109,AI,OPEN,Gender-Neutral,14
3954,"Birla Institute of Technology, Mesra, Ranchi",402,"Civil Engineering (4 Years, Bachelor of Technology)",4109,AI,OPEN,Female-only (including Supernumerary),5
3955,"Birla Institute of Technology, Mesra, Ranchi",402,"Civil Engineering (4 Years, Bachelor of Technology)",4109,AI,GEN-EWS,Gender-Neutral,5
3956,"Birla Institute of Technology, Mesra, Ranchi",402,"Civil Engineering (4 Years, Bachelor of Technology)",4109,AI,GEN-EWS(PwD),Gender-Neutral,1
3957,"Birla Institute of Technology, Mesra, Ranchi",402,"Civil Engineering (4 Years, Bachelor of Technology)",4109,AI,OBC-NCL,Gender-Neutral,9
3958,"Birla Institute of Technology, Mesra, Ranchi",402,"Civil Engineering (4 Years, Bachelor of Technology)",4109,AI,OBC-NCL(PwD),Gender-Neutral,1
3959,"Birla Institute of Technology, Mesra, Ranchi",402,"Civil Engineering (4 Years, Bachelor of Technology)",4109,AI,SC,Gender-Neutral,6
3960,"Birla Institute of Technology, Mesra, Ranchi",402,"Civil Engineering (4 Years, Bachelor of Technology)",4109,AI,ST,Gender-Neutral,2
3961,"Birla Institute of Technology, Mesra, Ranchi",402,"Civil Engineering (4 Years, Bachelor of Technology)",4109,AI,ST (PwD),Gender-Neutral,1
3962,"Birla Institute of Technology, Mesra, Ranchi",402,"Computer Science and Engineering (Artificial Intelligence and Machine Learning) (4 Years, Bachelor of Technology)",410W,AI,OPEN,Gender-Neutral,15
3963,"Birla Institute of Technology, Mesra, Ranchi",402,"Computer Science and Engineering (Artificial Intelligence and Machine Learning) (4 Years, Bachelor of Technology)",410W,AI,OPEN,Female-only (including Supernumerary),1
3964,"Birla Institute of Technology, Mesra, Ranchi",402,"Computer Science and Engineering (Artificial Intelligence and Machine Learning) (4 Years, Bachelor of Technology)",410W,AI,GEN-EWS,Gender-Neutral,1
3965,"Birla Institute of Technology, Mesra, Ranchi",402,"Computer Science and Engineering (Artificial Intelligence and Machine Learning) (4 Years, Bachelor of Technology)",410W,AI,OBC-NCL,Gender-Neutral,1
3966,"Birla Institute of Technology, Mesra, Ranchi",402,"Computer Science and Engineering (Artificial Intelligence and Machine Learning) (4 Years, Bachelor of Technology)",410W,AI,OBC-NCL(PwD),Gender-Neutral,1
3967,"Birla Institute of Technology, Mesra, Ranchi",402,"Computer Science and Engineering (Artificial Intelligence and Machine Learning) (4 Years, Bachelor of Technology)",410W,AI,SC,Gender-Neutral,4
3968,"Birla Institute of Technology, Mesra, Ranchi",402,"Computer Science and Engineering (Artificial Intelligence and Machine Learning) (4 Years, Bachelor of Technology)",410W,AI,ST,Gender-Neutral,2
3969,"Birla Institute of Technology, Mesra, Ranchi",402,"Computer Science and Engineering (Artificial Intelligence and Machine Learning) (4 Years, Bachelor of Technology)",410W,AI,ST (PwD),Gender-Neutral,1
3970,"Birla Institute of Technology, Mesra, Ranchi",402,"Computer Science and Engineering (4 Years, Bachelor of Technology)",4110,AI,OPEN,Gender-Neutral,28
3971,"Birla Institute of Technology, Mesra, Ranchi",402,"Computer Science and Engineering (4 Years, Bachelor of Technology)",4110,AI,OPEN,Female-only (including Supernumerary),7
3972,"Birla Institute of Technology, Mesra, Ranchi",402,"Computer Science and Engineering (4 Years, Bachelor of Technology)",4110,AI,GEN-EWS,Gender-Neutral,4
3973,"Birla Institute of Technology, Mesra, Ranchi",402,"Computer Science and Engineering (4 Years, Bachelor of Technology)",4110,AI,GEN-EWS(PwD),Gender-Neutral,1
3974,"Birla Institute of Technology, Mesra, Ranchi",402,"Computer Science and Engineering (4 Years, Bachelor of Technology)",4110,AI,OBC-NCL,Gender-Neutral,11
3975,"Birla Institute of Technology, Mesra, Ranchi",402,"Computer Science and Engineering (4 Years, Bachelor of Technology)",4110,AI,SC,Gender-Neutral,10
3976,"Birla Institute of Technology, Mesra, Ranchi",402,"Computer Science and Engineering (4 Years, Bachelor of Technology)",4110,AI,SC (PwD),Gender-Neutral,1
3977,"Birla Institute of Technology, Mesra, Ranchi",402,"Computer Science and Engineering (4 Years, Bachelor of Technology)",4110,AI,ST,Gender-Neutral,5
3978,"Birla Institute of Technology, Mesra, Ranchi",402,"Computer Science and Engineering (4 Years, Bachelor of Technology)",4110,AI,ST (PwD),Gender-Neutral,1
3979,"Birla Institute of Technology, Mesra, Ranchi",402,"Electronics and Communication Engineering (4 Years, Bachelor of Technology)",4114,AI,OPEN,Gender-Neutral,30
3980,"Birla Institute of Technology, Mesra, Ranchi",402,"Electronics and Communication Engineering (4 Years, Bachelor of Technology)",4114,AI,OPEN,Female-only (including Supernumerary),11
3981,"Birla Institute of Technology, Mesra, Ranchi",402,"Electronics and Communication Engineering (4 Years, Bachelor of Technology)",4114,AI,GEN-EWS,Gender-Neutral,2
3982,"Birla Institute of Technology, Mesra, Ranchi",402,"Electronics and Communication Engineering (4 Years, Bachelor of Technology)",4114,AI,OBC-NCL,Gender-Neutral,10
3983,"Birla Institute of Technology, Mesra, Ranchi",402,"Electronics and Communication Engineering (4 Years, Bachelor of Technology)",4114,AI,OBC-NCL(PwD),Gender-Neutral,1
3984,"Birla Institute of Technology, Mesra, Ranchi",402,"Electronics and Communication Engineering (4 Years, Bachelor of Technology)",4114,AI,SC,Gender-Neutral,10
3985,"Birla Institute of Technology, Mesra, Ranchi",402,"Electronics and Communication Engineering (4 Years, Bachelor of Technology)",4114,AI,SC (PwD),Gender-Neutral,1
3986,"Birla Institute of Technology, Mesra, Ranchi",402,"Electronics and Communication Engineering (4 Years, Bachelor of Technology)",4114,AI,ST,Gender-Neutral,6
3987,"Birla Institute of Technology, Mesra, Ranchi",402,"Electronics and Communication Engineering (4 Years, Bachelor of Technology)",4114,AI,ST (PwD),Gender-Neutral,1
3988,"Birla Institute of Technology, Mesra, Ranchi",402,"Mechanical Engineering (4 Years, Bachelor of Technology)",4125,AI,OPEN,Gender-Neutral,30
3989,"Birla Institute of Technology, Mesra, Ranchi",402,"Mechanical Engineering (4 Years, Bachelor of Technology)",4125,AI,OPEN,Female-only (including Supernumerary),7
3990,"Birla Institute of Technology, Mesra, Ranchi",402,"Mechanical Engineering (4 Years, Bachelor of Technology)",4125,AI,GEN-EWS,Gender-Neutral,10
3991,"Birla Institute of Technology, Mesra, Ranchi",402,"Mechanical Engineering (4 Years, Bachelor of Technology)",4125,AI,GEN-EWS(PwD),Gender-Neutral,1
3992,"Birla Institute of Technology, Mesra, Ranchi",402,"Mechanical Engineering (4 Years, Bachelor of Technology)",4125,AI,OBC-NCL,Gender-Neutral,20
3993,"Birla Institute of Technology, Mesra, Ranchi",402,"Mechanical Engineering (4 Years, Bachelor of Technology)",4125,AI,OBC-NCL(PwD),Gender-Neutral,1
3994,"Birla Institute of Technology, Mesra, Ranchi",402,"Mechanical Engineering (4 Years, Bachelor of Technology)",4125,AI,SC,Gender-Neutral,12
3995,"Birla Institute of Technology, Mesra, Ranchi",402,"Mechanical Engineering (4 Years, Bachelor of Technology)",4125,AI,SC (PwD),Gender-Neutral,1
3996,"Birla Institute of Technology, Mesra, Ranchi",402,"Mechanical Engineering (4 Years, Bachelor of Technology)",4125,AI,ST,Gender-Neutral,7
3997,"Birla Institute of Technology, Mesra, Ranchi",402,"Mechanical Engineering (4 Years, Bachelor of Technology)",4125,AI,ST (PwD),Gender-Neutral,1
3998,"Birla Institute of Technology, Mesra, Ranchi",402,"Production and Industrial Engineering (4 Years, Bachelor of Technology)",4136,AI,OPEN,Gender-Neutral,20
3999,"Birla Institute of Technology, Mesra, Ranchi",402,"Production and Industrial Engineering (4 Years, Bachelor of Technology)",4136,AI,OPEN,Female-only (including Supernumerary),5
4000,"Birla Institute of Technology, Mesra, Ranchi",402,"Production and Industrial Engineering (4 Years, Bachelor of Technology)",4136,AI,OPEN (PwD),Gender-Neutral,1
4001,"Birla Institute of Technology, Mesra, Ranchi",402,"Production and Industrial Engineering (4 Years, Bachelor of Technology)",4136,AI,GEN-EWS,Gender-Neutral,5
4002,"Birla Institute of Technology, Mesra, Ranchi",402,"Production and Industrial Engineering (4 Years, Bachelor of Technology)",4136,AI,GEN-EWS(PwD),Gender-Neutral,1
4003,"Birla Institute of Technology, Mesra, Ranchi",402,"Production and Industrial Engineering (4 Years, Bachelor of Technology)",4136,AI,OBC-NCL,Gender-Neutral,10
4004,"Birla Institute of Technology, Mesra, Ranchi",402,"Production and Industrial Engineering (4 Years, Bachelor of Technology)",4136,AI,OBC-NCL(PwD),Gender-Neutral,1
4005,"Birla Institute of Technology, Mesra, Ranchi",402,"Production and Industrial Engineering (4 Years, Bachelor of Technology)",4136,AI,SC,Gender-Neutral,6
4006,"Birla Institute of Technology, Mesra, Ranchi",402,"Production and Industrial Engineering (4 Years, Bachelor of Technology)",4136,AI,ST,Gender-Neutral,4
4007,"Birla Institute of Technology, Mesra, Ranchi",402,"Production and Industrial Engineering (4 Years, Bachelor of Technology)",4136,AI,ST (PwD),Gender-Neutral,1
4008,"Birla Institute of Technology, Mesra, Ranchi",402,"Electrical and Electronics Engineering (4 Years, Bachelor of Technology)",4144,AI,OPEN,Gender-Neutral,27
4009,"Birla Institute of Technology, Mesra, Ranchi",402,"Electrical and Electronics Engineering (4 Years, Bachelor of Technology)",4144,AI,OPEN,Female-only (including Supernumerary),7
4010,"Birla Institute of Technology, Mesra, Ranchi",402,"Electrical and Electronics Engineering (4 Years, Bachelor of Technology)",4144,AI,GEN-EWS,Gender-Neutral,6
4011,"Birla Institute of Technology, Mesra, Ranchi",402,"Electrical and Electronics Engineering (4 Years, Bachelor of Technology)",4144,AI,GEN-EWS(PwD),Gender-Neutral,1
4012,"Birla Institute of Technology, Mesra, Ranchi",402,"Electrical and Electronics Engineering (4 Years, Bachelor of Technology)",4144,AI,OBC-NCL,Gender-Neutral,11
4013,"Birla Institute of Technology, Mesra, Ranchi",402,"Electrical and Electronics Engineering (4 Years, Bachelor of Technology)",4144,AI,OBC-NCL(PwD),Gender-Neutral,1
4014,"Birla Institute of Technology, Mesra, Ranchi",402,"Electrical and Electronics Engineering (4 Years, Bachelor of Technology)",4144,AI,SC,Gender-Neutral,13
4015,"Birla Institute of Technology, Mesra, Ranchi",402,"Electrical and Electronics Engineering (4 Years, Bachelor of Technology)",4144,AI,SC (PwD),Gender-Neutral,1
4016,"Birla Institute of Technology, Mesra, Ranchi",402,"Electrical and Electronics Engineering (4 Years, Bachelor of Technology)",4144,AI,ST,Gender-Neutral,3
4017,"Birla Institute of Technology, Mesra, Ranchi",402,"Electrical and Electronics Engineering (4 Years, Bachelor of Technology)",4144,AI,ST (PwD),Gender-Neutral,1
4018,"Birla Institute of Technology, Mesra, Ranchi",402,"Food Engineering and Technology (4 Years, Bachelor of Technology)",4167,AI,OPEN,Gender-Neutral,12
4019,"Birla Institute of Technology, Mesra, Ranchi",402,"Food Engineering and Technology (4 Years, Bachelor of Technology)",4167,AI,OPEN,Female-only (including Supernumerary),2
4020,"Birla Institute of Technology, Mesra, Ranchi",402,"Food Engineering and Technology (4 Years, Bachelor of Technology)",4167,AI,OPEN (PwD),Gender-Neutral,1
4021,"Birla Institute of Technology, Mesra, Ranchi",402,"Food Engineering and Technology (4 Years, Bachelor of Technology)",4167,AI,GEN-EWS,Gender-Neutral,4
4022,"Birla Institute of Technology, Mesra, Ranchi",402,"Food Engineering and Technology (4 Years, Bachelor of Technology)",4167,AI,OBC-NCL,Gender-Neutral,4
4023,"Birla Institute of Technology, Mesra, Ranchi",402,"Food Engineering and Technology (4 Years, Bachelor of Technology)",4167,AI,SC,Gender-Neutral,5
4024,"Birla Institute of Technology, Mesra, Ranchi",402,"Mathematics and Computing (5 Years, Integrated Master of Science)",5506,AI,OPEN,Gender-Neutral,20
4025,"Birla Institute of Technology, Mesra, Ranchi",402,"Mathematics and Computing (5 Years, Integrated Master of Science)",5506,AI,OPEN,Female-only (including Supernumerary),5
4026,"Birla Institute of Technology, Mesra, Ranchi",402,"Mathematics and Computing (5 Years, Integrated Master of Science)",5506,AI,GEN-EWS,Gender-Neutral,4
4027,"Birla Institute of Technology, Mesra, Ranchi",402,"Mathematics and Computing (5 Years, Integrated Master of Science)",5506,AI,GEN-EWS(PwD),Gender-Neutral,1
4028,"Birla Institute of Technology, Mesra, Ranchi",402,"Mathematics and Computing (5 Years, Integrated Master of Science)",5506,AI,OBC-NCL,Gender-Neutral,9
4029,"Birla Institute of Technology, Mesra, Ranchi",402,"Mathematics and Computing (5 Years, Integrated Master of Science)",5506,AI,OBC-NCL(PwD),Gender-Neutral,1
4030,"Birla Institute of Technology, Mesra, Ranchi",402,"Mathematics and Computing (5 Years, Integrated Master of Science)",5506,AI,SC,Gender-Neutral,6
4031,"Birla Institute of Technology, Mesra, Ranchi",402,"Mathematics and Computing (5 Years, Integrated Master of Science)",5506,AI,ST,Gender-Neutral,5
4032,"Birla Institute of Technology, Mesra, Ranchi",402,"Mathematics and Computing (5 Years, Integrated Master of Science)",5506,AI,ST (PwD),Gender-Neutral,1
4033,"Birla Institute of Technology, Mesra, Ranchi",402,"Physics (5 Years, Integrated Master of Science)",5507,AI,OPEN,Gender-Neutral,12
4034,"Birla Institute of Technology, Mesra, Ranchi",402,"Physics (5 Years, Integrated Master of Science)",5507,AI,OPEN,Female-only (including Supernumerary),2
4035,"Birla Institute of Technology, Mesra, Ranchi",402,"Physics (5 Years, Integrated Master of Science)",5507,AI,OPEN (PwD),Gender-Neutral,1
4036,"Birla Institute of Technology, Mesra, Ranchi",402,"Physics (5 Years, Integrated Master of Science)",5507,AI,GEN-EWS,Gender-Neutral,2
4037,"Birla Institute of Technology, Mesra, Ranchi",402,"Physics (5 Years, Integrated Master of Science)",5507,AI,OBC-NCL,Gender-Neutral,10
4038,"Birla Institute of Technology, Mesra, Ranchi",402,"Physics (5 Years, Integrated Master of Science)",5507,AI,SC,Gender-Neutral,5
4039,"Birla Institute of Technology, Mesra, Ranchi",402,"Physics (5 Years, Integrated Master of Science)",5507,AI,ST,Gender-Neutral,2
4040,"Birla Institute of Technology, Mesra, Ranchi",402,"Quantitative Economics & Data Science (5 Years, Integrated Master of Science)",5511,AI,OPEN,Gender-Neutral,6
4041,"Birla Institute of Technology, Mesra, Ranchi",402,"Quantitative Economics & Data Science (5 Years, Integrated Master of Science)",5511,AI,OPEN,Female-only (including Supernumerary),1
4042,"Birla Institute of Technology, Mesra, Ranchi",402,"Quantitative Economics & Data Science (5 Years, Integrated Master of Science)",5511,AI,GEN-EWS,Gender-Neutral,3
4043,"Birla Institute of Technology, Mesra, Ranchi",402,"Quantitative Economics & Data Science (5 Years, Integrated Master of Science)",5511,AI,OBC-NCL,Gender-Neutral,2
4044,"Birla Institute of Technology, Mesra, Ranchi",402,"Quantitative Economics & Data Science (5 Years, Integrated Master of Science)",5511,AI,SC,Gender-Neutral,4
4045,"Gurukula Kangri Vishwavidyalaya, Haridwar",403,"Computer Science and Engineering (4 Years, Bachelor of Technology)",4110,AI,OPEN,Gender-Neutral,72
4046,"Gurukula Kangri Vishwavidyalaya, Haridwar",403,"Computer Science and Engineering (4 Years, Bachelor of Technology)",4110,AI,OPEN (PwD),Gender-Neutral,4
4047,"Gurukula Kangri Vishwavidyalaya, Haridwar",403,"Computer Science and Engineering (4 Years, Bachelor of Technology)",4110,AI,GEN-EWS,Gender-Neutral,15
4048,"Gurukula Kangri Vishwavidyalaya, Haridwar",403,"Computer Science and Engineering (4 Years, Bachelor of Technology)",4110,AI,GEN-EWS(PwD),Gender-Neutral,1
4049,"Gurukula Kangri Vishwavidyalaya, Haridwar",403,"Computer Science and Engineering (4 Years, Bachelor of Technology)",4110,AI,OBC-NCL,Gender-Neutral,45
4050,"Gurukula Kangri Vishwavidyalaya, Haridwar",403,"Computer Science and Engineering (4 Years, Bachelor of Technology)",4110,AI,OBC-NCL(PwD),Gender-Neutral,3
4051,"Gurukula Kangri Vishwavidyalaya, Haridwar",403,"Computer Science and Engineering (4 Years, Bachelor of Technology)",4110,AI,SC,Gender-Neutral,23
4052,"Gurukula Kangri Vishwavidyalaya, Haridwar",403,"Computer Science and Engineering (4 Years, Bachelor of Technology)",4110,AI,SC (PwD),Gender-Neutral,1
4053,"Gurukula Kangri Vishwavidyalaya, Haridwar",403,"Computer Science and Engineering (4 Years, Bachelor of Technology)",4110,AI,ST,Gender-Neutral,10
4054,"Gurukula Kangri Vishwavidyalaya, Haridwar",403,"Computer Science and Engineering (4 Years, Bachelor of Technology)",4110,AI,ST (PwD),Gender-Neutral,1
4055,"Gurukula Kangri Vishwavidyalaya, Haridwar",403,"Electrical Engineering (4 Years, Bachelor of Technology)",4111,AI,OPEN,Gender-Neutral,39
4056,"Gurukula Kangri Vishwavidyalaya, Haridwar",403,"Electrical Engineering (4 Years, Bachelor of Technology)",4111,AI,OPEN (PwD),Gender-Neutral,1
4057,"Gurukula Kangri Vishwavidyalaya, Haridwar",403,"Electrical Engineering (4 Years, Bachelor of Technology)",4111,AI,GEN-EWS,Gender-Neutral,11
4058,"Gurukula Kangri Vishwavidyalaya, Haridwar",403,"Electrical Engineering (4 Years, Bachelor of Technology)",4111,AI,GEN-EWS(PwD),Gender-Neutral,1
4059,"Gurukula Kangri Vishwavidyalaya, Haridwar",403,"Electrical Engineering (4 Years, Bachelor of Technology)",4111,AI,OBC-NCL,Gender-Neutral,23
4060,"Gurukula Kangri Vishwavidyalaya, Haridwar",403,"Electrical Engineering (4 Years, Bachelor of Technology)",4111,AI,OBC-NCL(PwD),Gender-Neutral,2
4061,"Gurukula Kangri Vishwavidyalaya, Haridwar",403,"Electrical Engineering (4 Years, Bachelor of Technology)",4111,AI,SC,Gender-Neutral,9
4062,"Gurukula Kangri Vishwavidyalaya, Haridwar",403,"Electrical Engineering (4 Years, Bachelor of Technology)",4111,AI,SC (PwD),Gender-Neutral,1
4063,"Gurukula Kangri Vishwavidyalaya, Haridwar",403,"Electrical Engineering (4 Years, Bachelor of Technology)",4111,AI,ST,Gender-Neutral,6
4064,"Gurukula Kangri Vishwavidyalaya, Haridwar",403,"Electronics and Communication Engineering (4 Years, Bachelor of Technology)",4114,AI,OPEN,Gender-Neutral,40
4065,"Gurukula Kangri Vishwavidyalaya, Haridwar",403,"Electronics and Communication Engineering (4 Years, Bachelor of Technology)",4114,AI,OPEN (PwD),Gender-Neutral,2
4066,"Gurukula Kangri Vishwavidyalaya, Haridwar",403,"Electronics and Communication Engineering (4 Years, Bachelor of Technology)",4114,AI,GEN-EWS,Gender-Neutral,9
4067,"Gurukula Kangri Vishwavidyalaya, Haridwar",403,"Electronics and Communication Engineering (4 Years, Bachelor of Technology)",4114,AI,OBC-NCL,Gender-Neutral,24
4068,"Gurukula Kangri Vishwavidyalaya, Haridwar",403,"Electronics and Communication Engineering (4 Years, Bachelor of Technology)",4114,AI,OBC-NCL(PwD),Gender-Neutral,1
4069,"Gurukula Kangri Vishwavidyalaya, Haridwar",403,"Electronics and Communication Engineering (4 Years, Bachelor of Technology)",4114,AI,SC,Gender-Neutral,11
4070,"Gurukula Kangri Vishwavidyalaya, Haridwar",403,"Electronics and Communication Engineering (4 Years, Bachelor of Technology)",4114,AI,SC (PwD),Gender-Neutral,1
4071,"Gurukula Kangri Vishwavidyalaya, Haridwar",403,"Electronics and Communication Engineering (4 Years, Bachelor of Technology)",4114,AI,ST,Gender-Neutral,6
4072,"Gurukula Kangri Vishwavidyalaya, Haridwar",403,"Electronics and Communication Engineering (4 Years, Bachelor of Technology)",4114,AI,ST (PwD),Gender-Neutral,1
4073,"Gurukula Kangri Vishwavidyalaya, Haridwar",403,"Mechanical Engineering (4 Years, Bachelor of Technology)",4125,AI,OPEN,Gender-Neutral,37
4074,"Gurukula Kangri Vishwavidyalaya, Haridwar",403,"Mechanical Engineering (4 Years, Bachelor of Technology)",4125,AI,OPEN (PwD),Gender-Neutral,2
4075,"Gurukula Kangri Vishwavidyalaya, Haridwar",403,"Mechanical Engineering (4 Years, Bachelor of Technology)",4125,AI,GEN-EWS,Gender-Neutral,9
4076,"Gurukula Kangri Vishwavidyalaya, Haridwar",403,"Mechanical Engineering (4 Years, Bachelor of Technology)",4125,AI,GEN-EWS(PwD),Gender-Neutral,1
4077,"Gurukula Kangri Vishwavidyalaya, Haridwar",403,"Mechanical Engineering (4 Years, Bachelor of Technology)",4125,AI,OBC-NCL,Gender-Neutral,26
4078,"Gurukula Kangri Vishwavidyalaya, Haridwar",403,"Mechanical Engineering (4 Years, Bachelor of Technology)",4125,AI,OBC-NCL(PwD),Gender-Neutral,2
4079,"Gurukula Kangri Vishwavidyalaya, Haridwar",403,"Mechanical Engineering (4 Years, Bachelor of Technology)",4125,AI,SC,Gender-Neutral,14
4080,"Gurukula Kangri Vishwavidyalaya, Haridwar",403,"Mechanical Engineering (4 Years, Bachelor of Technology)",4125,AI,SC (PwD),Gender-Neutral,1
4081,"Gurukula Kangri Vishwavidyalaya, Haridwar",403,"Mechanical Engineering (4 Years, Bachelor of Technology)",4125,AI,ST,Gender-Neutral,6
4082,"Gurukula Kangri Vishwavidyalaya, Haridwar",403,"Mechanical Engineering (4 Years, Bachelor of Technology)",4125,AI,ST (PwD),Gender-Neutral,1
4083,"Gurukula Kangri Vishwavidyalaya, Haridwar",403,"ROBOTICS & AUTOMATION (4 Years, Bachelor of Technology)",412A,AI,OPEN,Gender-Neutral,14
4084,"Gurukula Kangri Vishwavidyalaya, Haridwar",403,"ROBOTICS & AUTOMATION (4 Years, Bachelor of Technology)",412A,AI,GEN-EWS,Gender-Neutral,2
4085,"Gurukula Kangri Vishwavidyalaya, Haridwar",403,"ROBOTICS & AUTOMATION (4 Years, Bachelor of Technology)",412A,AI,OBC-NCL,Gender-Neutral,5
4086,"Gurukula Kangri Vishwavidyalaya, Haridwar",403,"ROBOTICS & AUTOMATION (4 Years, Bachelor of Technology)",412A,AI,SC,Gender-Neutral,4
4087,"Gurukula Kangri Vishwavidyalaya, Haridwar",403,"ROBOTICS & AUTOMATION (4 Years, Bachelor of Technology)",412A,AI,ST,Gender-Neutral,2
4088,"Indian Institute of Carpet Technology, Bhadohi",404,"Carpet and Textile Technology (4 Years, Bachelor of Technology)",4160,AI,OPEN,Gender-Neutral,11
4089,"Indian Institute of Carpet Technology, Bhadohi",404,"Carpet and Textile Technology (4 Years, Bachelor of Technology)",4160,AI,OPEN,Female-only (including Supernumerary),3
4090,"Indian Institute of Carpet Technology, Bhadohi",404,"Carpet and Textile Technology (4 Years, Bachelor of Technology)",4160,AI,OPEN (PwD),Gender-Neutral,1
4091,"Indian Institute of Carpet Technology, Bhadohi",404,"Carpet and Textile Technology (4 Years, Bachelor of Technology)",4160,AI,GEN-EWS,Gender-Neutral,3
4092,"Indian Institute of Carpet Technology, Bhadohi",404,"Carpet and Textile Technology (4 Years, Bachelor of Technology)",4160,AI,OBC-NCL,Gender-Neutral,7
4093,"Indian Institute of Carpet Technology, Bhadohi",404,"Carpet and Textile Technology (4 Years, Bachelor of Technology)",4160,AI,OBC-NCL,Female-only (including Supernumerary),2
4094,"Indian Institute of Carpet Technology, Bhadohi",404,"Carpet and Textile Technology (4 Years, Bachelor of Technology)",4160,AI,OBC-NCL(PwD),Gender-Neutral,1
4095,"Indian Institute of Carpet Technology, Bhadohi",404,"Carpet and Textile Technology (4 Years, Bachelor of Technology)",4160,AI,SC,Gender-Neutral,4
4096,"Indian Institute of Carpet Technology, Bhadohi",404,"Carpet and Textile Technology (4 Years, Bachelor of Technology)",4160,AI,ST,Gender-Neutral,1
4097,"Institute of Infrastructure, Technology, Research and Management-Ahmedabad",405,"Civil Engineering (4 Years, Bachelor of Technology)",4109,AI,OPEN,Gender-Neutral,15
4098,"Institute of Infrastructure, Technology, Research and Management-Ahmedabad",405,"Civil Engineering (4 Years, Bachelor of Technology)",4109,AI,GEN-EWS,Gender-Neutral,3
4099,"Institute of Infrastructure, Technology, Research and Management-Ahmedabad",405,"Civil Engineering (4 Years, Bachelor of Technology)",4109,AI,GEN-EWS(PwD),Gender-Neutral,1
4100,"Institute of Infrastructure, Technology, Research and Management-Ahmedabad",405,"Civil Engineering (4 Years, Bachelor of Technology)",4109,AI,OBC-NCL,Gender-Neutral,12
4101,"Institute of Infrastructure, Technology, Research and Management-Ahmedabad",405,"Civil Engineering (4 Years, Bachelor of Technology)",4109,AI,SC,Gender-Neutral,2
4102,"Institute of Infrastructure, Technology, Research and Management-Ahmedabad",405,"Civil Engineering (4 Years, Bachelor of Technology)",4109,AI,ST,Gender-Neutral,1
4103,"Institute of Infrastructure, Technology, Research and Management-Ahmedabad",405,"Civil Engineering (4 Years, Bachelor of Technology)",4109,AI,ST (PwD),Gender-Neutral,1
4104,"Institute of Infrastructure, Technology, Research and Management-Ahmedabad",405,"Electrical Engineering (4 Years, Bachelor of Technology)",4111,AI,OPEN,Gender-Neutral,14
4105,"Institute of Infrastructure, Technology, Research and Management-Ahmedabad",405,"Electrical Engineering (4 Years, Bachelor of Technology)",4111,AI,OPEN (PwD),Gender-Neutral,1
4106,"Institute of Infrastructure, Technology, Research and Management-Ahmedabad",405,"Electrical Engineering (4 Years, Bachelor of Technology)",4111,AI,GEN-EWS,Gender-Neutral,2
4107,"Institute of Infrastructure, Technology, Research and Management-Ahmedabad",405,"Electrical Engineering (4 Years, Bachelor of Technology)",4111,AI,OBC-NCL,Gender-Neutral,3
4108,"Institute of Infrastructure, Technology, Research and Management-Ahmedabad",405,"Electrical Engineering (4 Years, Bachelor of Technology)",4111,AI,OBC-NCL(PwD),Gender-Neutral,1
4109,"Institute of Infrastructure, Technology, Research and Management-Ahmedabad",405,"Electrical Engineering (4 Years, Bachelor of Technology)",4111,AI,SC,Gender-Neutral,3
4110,"Institute of Infrastructure, Technology, Research and Management-Ahmedabad",405,"Electrical Engineering (4 Years, Bachelor of Technology)",4111,AI,ST,Gender-Neutral,1
4111,"Institute of Infrastructure, Technology, Research and Management-Ahmedabad",405,"Mechanical Engineering (4 Years, Bachelor of Technology)",4125,AI,OPEN,Gender-Neutral,16
4112,"Institute of Infrastructure, Technology, Research and Management-Ahmedabad",405,"Mechanical Engineering (4 Years, Bachelor of Technology)",4125,AI,GEN-EWS,Gender-Neutral,3
4113,"Institute of Infrastructure, Technology, Research and Management-Ahmedabad",405,"Mechanical Engineering (4 Years, Bachelor of Technology)",4125,AI,OBC-NCL,Gender-Neutral,7
4114,"Institute of Infrastructure, Technology, Research and Management-Ahmedabad",405,"Mechanical Engineering (4 Years, Bachelor of Technology)",4125,AI,OBC-NCL(PwD),Gender-Neutral,1
4115,"Institute of Infrastructure, Technology, Research and Management-Ahmedabad",405,"Mechanical Engineering (4 Years, Bachelor of Technology)",4125,AI,SC,Gender-Neutral,4
4116,"Institute of Infrastructure, Technology, Research and Management-Ahmedabad",405,"Mechanical Engineering (4 Years, Bachelor of Technology)",4125,AI,SC (PwD),Gender-Neutral,1
4117,"Institute of Infrastructure, Technology, Research and Management-Ahmedabad",405,"Mechanical Engineering (4 Years, Bachelor of Technology)",4125,AI,ST,Gender-Neutral,3
4118,"Institute of Infrastructure, Technology, Research and Management-Ahmedabad",405,"Computer Engineering (4 Years, Bachelor of Technology)",4151,AI,OPEN,Gender-Neutral,13
4119,"Institute of Infrastructure, Technology, Research and Management-Ahmedabad",405,"Computer Engineering (4 Years, Bachelor of Technology)",4151,AI,GEN-EWS,Gender-Neutral,2
4120,"Institute of Infrastructure, Technology, Research and Management-Ahmedabad",405,"Computer Engineering (4 Years, Bachelor of Technology)",4151,AI,OBC-NCL,Gender-Neutral,5
4121,"Institute of Infrastructure, Technology, Research and Management-Ahmedabad",405,"Computer Engineering (4 Years, Bachelor of Technology)",4151,AI,OBC-NCL(PwD),Gender-Neutral,1
4122,"Institute of Infrastructure, Technology, Research and Management-Ahmedabad",405,"Computer Engineering (4 Years, Bachelor of Technology)",4151,AI,SC,Gender-Neutral,5
4123,"Institute of Infrastructure, Technology, Research and Management-Ahmedabad",405,"Computer Engineering (4 Years, Bachelor of Technology)",4151,AI,ST,Gender-Neutral,1
4124,"School of Studies of Engineering and Technology, Guru Ghasidas Vishwavidyalaya, Bilaspur",406,"Chemical Engineering (4 Years, Bachelor of Technology)",4107,AI,OPEN,Gender-Neutral,20
4125,"School of Studies of Engineering and Technology, Guru Ghasidas Vishwavidyalaya, Bilaspur",406,"Chemical Engineering (4 Years, Bachelor of Technology)",4107,AI,OPEN (PwD),Gender-Neutral,1
4126,"School of Studies of Engineering and Technology, Guru Ghasidas Vishwavidyalaya, Bilaspur",406,"Chemical Engineering (4 Years, Bachelor of Technology)",4107,AI,GEN-EWS,Gender-Neutral,4
4127,"School of Studies of Engineering and Technology, Guru Ghasidas Vishwavidyalaya, Bilaspur",406,"Chemical Engineering (4 Years, Bachelor of Technology)",4107,AI,GEN-EWS(PwD),Gender-Neutral,1
4128,"School of Studies of Engineering and Technology, Guru Ghasidas Vishwavidyalaya, Bilaspur",406,"Chemical Engineering (4 Years, Bachelor of Technology)",4107,AI,OBC-NCL,Gender-Neutral,9
4129,"School of Studies of Engineering and Technology, Guru Ghasidas Vishwavidyalaya, Bilaspur",406,"Chemical Engineering (4 Years, Bachelor of Technology)",4107,AI,OBC-NCL(PwD),Gender-Neutral,1
4130,"School of Studies of Engineering and Technology, Guru Ghasidas Vishwavidyalaya, Bilaspur",406,"Chemical Engineering (4 Years, Bachelor of Technology)",4107,AI,SC,Gender-Neutral,6
4131,"School of Studies of Engineering and Technology, Guru Ghasidas Vishwavidyalaya, Bilaspur",406,"Chemical Engineering (4 Years, Bachelor of Technology)",4107,AI,ST,Gender-Neutral,3
4132,"School of Studies of Engineering and Technology, Guru Ghasidas Vishwavidyalaya, Bilaspur",406,"Civil Engineering (4 Years, Bachelor of Technology)",4109,AI,OPEN,Gender-Neutral,22
4133,"School of Studies of Engineering and Technology, Guru Ghasidas Vishwavidyalaya, Bilaspur",406,"Civil Engineering (4 Years, Bachelor of Technology)",4109,AI,OPEN (PwD),Gender-Neutral,1
4134,"School of Studies of Engineering and Technology, Guru Ghasidas Vishwavidyalaya, Bilaspur",406,"Civil Engineering (4 Years, Bachelor of Technology)",4109,AI,GEN-EWS,Gender-Neutral,3
4135,"School of Studies of Engineering and Technology, Guru Ghasidas Vishwavidyalaya, Bilaspur",406,"Civil Engineering (4 Years, Bachelor of Technology)",4109,AI,GEN-EWS(PwD),Gender-Neutral,1
4136,"School of Studies of Engineering and Technology, Guru Ghasidas Vishwavidyalaya, Bilaspur",406,"Civil Engineering (4 Years, Bachelor of Technology)",4109,AI,OBC-NCL,Gender-Neutral,14
4137,"School of Studies of Engineering and Technology, Guru Ghasidas Vishwavidyalaya, Bilaspur",406,"Civil Engineering (4 Years, Bachelor of Technology)",4109,AI,OBC-NCL(PwD),Gender-Neutral,1
4138,"School of Studies of Engineering and Technology, Guru Ghasidas Vishwavidyalaya, Bilaspur",406,"Civil Engineering (4 Years, Bachelor of Technology)",4109,AI,SC,Gender-Neutral,8
4139,"School of Studies of Engineering and Technology, Guru Ghasidas Vishwavidyalaya, Bilaspur",406,"Computer Science and Engineering (4 Years, Bachelor of Technology)",4110,AI,OPEN,Gender-Neutral,28
4140,"School of Studies of Engineering and Technology, Guru Ghasidas Vishwavidyalaya, Bilaspur",406,"Computer Science and Engineering (4 Years, Bachelor of Technology)",4110,AI,OPEN (PwD),Gender-Neutral,1
4141,"School of Studies of Engineering and Technology, Guru Ghasidas Vishwavidyalaya, Bilaspur",406,"Computer Science and Engineering (4 Years, Bachelor of Technology)",4110,AI,GEN-EWS,Gender-Neutral,6
4142,"School of Studies of Engineering and Technology, Guru Ghasidas Vishwavidyalaya, Bilaspur",406,"Computer Science and Engineering (4 Years, Bachelor of Technology)",4110,AI,OBC-NCL,Gender-Neutral,14
4143,"School of Studies of Engineering and Technology, Guru Ghasidas Vishwavidyalaya, Bilaspur",406,"Computer Science and Engineering (4 Years, Bachelor of Technology)",4110,AI,OBC-NCL(PwD),Gender-Neutral,1
4144,"School of Studies of Engineering and Technology, Guru Ghasidas Vishwavidyalaya, Bilaspur",406,"Computer Science and Engineering (4 Years, Bachelor of Technology)",4110,AI,SC,Gender-Neutral,4
4145,"School of Studies of Engineering and Technology, Guru Ghasidas Vishwavidyalaya, Bilaspur",406,"Computer Science and Engineering (4 Years, Bachelor of Technology)",4110,AI,SC (PwD),Gender-Neutral,1
4146,"School of Studies of Engineering and Technology, Guru Ghasidas Vishwavidyalaya, Bilaspur",406,"Computer Science and Engineering (4 Years, Bachelor of Technology)",4110,AI,ST,Gender-Neutral,1
4147,"School of Studies of Engineering and Technology, Guru Ghasidas Vishwavidyalaya, Bilaspur",406,"Computer Science and Engineering (4 Years, Bachelor of Technology)",4110,AI,ST (PwD),Gender-Neutral,1
4148,"School of Studies of Engineering and Technology, Guru Ghasidas Vishwavidyalaya, Bilaspur",406,"Electrical Engineering (4 Years, Bachelor of Technology)",4111,AI,OPEN,Gender-Neutral,17
4149,"School of Studies of Engineering and Technology, Guru Ghasidas Vishwavidyalaya, Bilaspur",406,"Electrical Engineering (4 Years, Bachelor of Technology)",4111,AI,GEN-EWS,Gender-Neutral,4
4150,"School of Studies of Engineering and Technology, Guru Ghasidas Vishwavidyalaya, Bilaspur",406,"Electrical Engineering (4 Years, Bachelor of Technology)",4111,AI,GEN-EWS(PwD),Gender-Neutral,1
4151,"School of Studies of Engineering and Technology, Guru Ghasidas Vishwavidyalaya, Bilaspur",406,"Electrical Engineering (4 Years, Bachelor of Technology)",4111,AI,OBC-NCL,Gender-Neutral,11
4152,"School of Studies of Engineering and Technology, Guru Ghasidas Vishwavidyalaya, Bilaspur",406,"Electrical Engineering (4 Years, Bachelor of Technology)",4111,AI,OBC-NCL(PwD),Gender-Neutral,1
4153,"School of Studies of Engineering and Technology, Guru Ghasidas Vishwavidyalaya, Bilaspur",406,"Electrical Engineering (4 Years, Bachelor of Technology)",4111,AI,SC,Gender-Neutral,4
4154,"School of Studies of Engineering and Technology, Guru Ghasidas Vishwavidyalaya, Bilaspur",406,"Electrical Engineering (4 Years, Bachelor of Technology)",4111,AI,ST,Gender-Neutral,4
4155,"School of Studies of Engineering and Technology, Guru Ghasidas Vishwavidyalaya, Bilaspur",406,"Electronics and Communication Engineering (4 Years, Bachelor of Technology)",4114,AI,OPEN,Gender-Neutral,28
4156,"School of Studies of Engineering and Technology, Guru Ghasidas Vishwavidyalaya, Bilaspur",406,"Electronics and Communication Engineering (4 Years, Bachelor of Technology)",4114,AI,OPEN (PwD),Gender-Neutral,1
4157,"School of Studies of Engineering and Technology, Guru Ghasidas Vishwavidyalaya, Bilaspur",406,"Electronics and Communication Engineering (4 Years, Bachelor of Technology)",4114,AI,GEN-EWS,Gender-Neutral,5
4158,"School of Studies of Engineering and Technology, Guru Ghasidas Vishwavidyalaya, Bilaspur",406,"Electronics and Communication Engineering (4 Years, Bachelor of Technology)",4114,AI,OBC-NCL,Gender-Neutral,17
4159,"School of Studies of Engineering and Technology, Guru Ghasidas Vishwavidyalaya, Bilaspur",406,"Electronics and Communication Engineering (4 Years, Bachelor of Technology)",4114,AI,OBC-NCL(PwD),Gender-Neutral,1
4160,"School of Studies of Engineering and Technology, Guru Ghasidas Vishwavidyalaya, Bilaspur",406,"Electronics and Communication Engineering (4 Years, Bachelor of Technology)",4114,AI,SC,Gender-Neutral,6
4161,"School of Studies of Engineering and Technology, Guru Ghasidas Vishwavidyalaya, Bilaspur",406,"Electronics and Communication Engineering (4 Years, Bachelor of Technology)",4114,AI,SC (PwD),Gender-Neutral,1
4162,"School of Studies of Engineering and Technology, Guru Ghasidas Vishwavidyalaya, Bilaspur",406,"Electronics and Communication Engineering (4 Years, Bachelor of Technology)",4114,AI,ST,Gender-Neutral,2
4163,"School of Studies of Engineering and Technology, Guru Ghasidas Vishwavidyalaya, Bilaspur",406,"Electronics and Communication Engineering (4 Years, Bachelor of Technology)",4114,AI,ST (PwD),Gender-Neutral,1
4164,"School of Studies of Engineering and Technology, Guru Ghasidas Vishwavidyalaya, Bilaspur",406,"Mechanical Engineering (4 Years, Bachelor of Technology)",4125,AI,OPEN,Gender-Neutral,21
4165,"School of Studies of Engineering and Technology, Guru Ghasidas Vishwavidyalaya, Bilaspur",406,"Mechanical Engineering (4 Years, Bachelor of Technology)",4125,AI,OPEN (PwD),Gender-Neutral,1
4166,"School of Studies of Engineering and Technology, Guru Ghasidas Vishwavidyalaya, Bilaspur",406,"Mechanical Engineering (4 Years, Bachelor of Technology)",4125,AI,GEN-EWS,Gender-Neutral,3
4167,"School of Studies of Engineering and Technology, Guru Ghasidas Vishwavidyalaya, Bilaspur",406,"Mechanical Engineering (4 Years, Bachelor of Technology)",4125,AI,GEN-EWS(PwD),Gender-Neutral,1
4168,"School of Studies of Engineering and Technology, Guru Ghasidas Vishwavidyalaya, Bilaspur",406,"Mechanical Engineering (4 Years, Bachelor of Technology)",4125,AI,OBC-NCL,Gender-Neutral,14
4169,"School of Studies of Engineering and Technology, Guru Ghasidas Vishwavidyalaya, Bilaspur",406,"Mechanical Engineering (4 Years, Bachelor of Technology)",4125,AI,OBC-NCL(PwD),Gender-Neutral,1
4170,"School of Studies of Engineering and Technology, Guru Ghasidas Vishwavidyalaya, Bilaspur",406,"Mechanical Engineering (4 Years, Bachelor of Technology)",4125,AI,SC,Gender-Neutral,5
4171,"School of Studies of Engineering and Technology, Guru Ghasidas Vishwavidyalaya, Bilaspur",406,"Mechanical Engineering (4 Years, Bachelor of Technology)",4125,AI,ST,Gender-Neutral,2
4172,"School of Studies of Engineering and Technology, Guru Ghasidas Vishwavidyalaya, Bilaspur",406,"Animation and VFX (4 Years, Bachelor of Technology)",413F,AI,OPEN,Gender-Neutral,21
4173,"School of Studies of Engineering and Technology, Guru Ghasidas Vishwavidyalaya, Bilaspur",406,"Animation and VFX (4 Years, Bachelor of Technology)",413F,AI,OPEN (PwD),Gender-Neutral,1
4174,"School of Studies of Engineering and Technology, Guru Ghasidas Vishwavidyalaya, Bilaspur",406,"Animation and VFX (4 Years, Bachelor of Technology)",413F,AI,GEN-EWS,Gender-Neutral,3
4175,"School of Studies of Engineering and Technology, Guru Ghasidas Vishwavidyalaya, Bilaspur",406,"Animation and VFX (4 Years, Bachelor of Technology)",413F,AI,GEN-EWS(PwD),Gender-Neutral,1
4176,"School of Studies of Engineering and Technology, Guru Ghasidas Vishwavidyalaya, Bilaspur",406,"Animation and VFX (4 Years, Bachelor of Technology)",413F,AI,OBC-NCL,Gender-Neutral,14
4177,"School of Studies of Engineering and Technology, Guru Ghasidas Vishwavidyalaya, Bilaspur",406,"Animation and VFX (4 Years, Bachelor of Technology)",413F,AI,OBC-NCL(PwD),Gender-Neutral,1
4178,"School of Studies of Engineering and Technology, Guru Ghasidas Vishwavidyalaya, Bilaspur",406,"Animation and VFX (4 Years, Bachelor of Technology)",413F,AI,SC,Gender-Neutral,5
4179,"School of Studies of Engineering and Technology, Guru Ghasidas Vishwavidyalaya, Bilaspur",406,"Animation and VFX (4 Years, Bachelor of Technology)",413F,AI,ST,Gender-Neutral,2
4180,"School of Studies of Engineering and Technology, Guru Ghasidas Vishwavidyalaya, Bilaspur",406,"Information Technology (4 Years, Bachelor of Technology)",4146,AI,OPEN,Gender-Neutral,23
4181,"School of Studies of Engineering and Technology, Guru Ghasidas Vishwavidyalaya, Bilaspur",406,"Information Technology (4 Years, Bachelor of Technology)",4146,AI,GEN-EWS,Gender-Neutral,9
4182,"School of Studies of Engineering and Technology, Guru Ghasidas Vishwavidyalaya, Bilaspur",406,"Information Technology (4 Years, Bachelor of Technology)",4146,AI,OBC-NCL,Gender-Neutral,11
4183,"School of Studies of Engineering and Technology, Guru Ghasidas Vishwavidyalaya, Bilaspur",406,"Information Technology (4 Years, Bachelor of Technology)",4146,AI,OBC-NCL(PwD),Gender-Neutral,1
4184,"School of Studies of Engineering and Technology, Guru Ghasidas Vishwavidyalaya, Bilaspur",406,"Information Technology (4 Years, Bachelor of Technology)",4146,AI,SC,Gender-Neutral,8
4185,"School of Studies of Engineering and Technology, Guru Ghasidas Vishwavidyalaya, Bilaspur",406,"Information Technology (4 Years, Bachelor of Technology)",4146,AI,SC (PwD),Gender-Neutral,1
4186,"School of Studies of Engineering and Technology, Guru Ghasidas Vishwavidyalaya, Bilaspur",406,"Information Technology (4 Years, Bachelor of Technology)",4146,AI,ST (PwD),Gender-Neutral,1
4187,"School of Studies of Engineering and Technology, Guru Ghasidas Vishwavidyalaya, Bilaspur",406,"Industrial and Production Engineering (4 Years, Bachelor of Technology)",4149,AI,OPEN,Gender-Neutral,24
4188,"School of Studies of Engineering and Technology, Guru Ghasidas Vishwavidyalaya, Bilaspur",406,"Industrial and Production Engineering (4 Years, Bachelor of Technology)",4149,AI,OPEN (PwD),Gender-Neutral,1
4189,"School of Studies of Engineering and Technology, Guru Ghasidas Vishwavidyalaya, Bilaspur",406,"Industrial and Production Engineering (4 Years, Bachelor of Technology)",4149,AI,GEN-EWS,Gender-Neutral,5
4190,"School of Studies of Engineering and Technology, Guru Ghasidas Vishwavidyalaya, Bilaspur",406,"Industrial and Production Engineering (4 Years, Bachelor of Technology)",4149,AI,GEN-EWS(PwD),Gender-Neutral,1
4191,"School of Studies of Engineering and Technology, Guru Ghasidas Vishwavidyalaya, Bilaspur",406,"Industrial and Production Engineering (4 Years, Bachelor of Technology)",4149,AI,OBC-NCL,Gender-Neutral,12
4192,"School of Studies of Engineering and Technology, Guru Ghasidas Vishwavidyalaya, Bilaspur",406,"Industrial and Production Engineering (4 Years, Bachelor of Technology)",4149,AI,OBC-NCL(PwD),Gender-Neutral,1
4193,"School of Studies of Engineering and Technology, Guru Ghasidas Vishwavidyalaya, Bilaspur",406,"Industrial and Production Engineering (4 Years, Bachelor of Technology)",4149,AI,SC,Gender-Neutral,7
4194,"School of Studies of Engineering and Technology, Guru Ghasidas Vishwavidyalaya, Bilaspur",406,"Artificial Intelligence and Data Science (4 Years, Bachelor of Technology)",4188,AI,OPEN,Gender-Neutral,18
4195,"School of Studies of Engineering and Technology, Guru Ghasidas Vishwavidyalaya, Bilaspur",406,"Artificial Intelligence and Data Science (4 Years, Bachelor of Technology)",4188,AI,OPEN (PwD),Gender-Neutral,1
4196,"School of Studies of Engineering and Technology, Guru Ghasidas Vishwavidyalaya, Bilaspur",406,"Artificial Intelligence and Data Science (4 Years, Bachelor of Technology)",4188,AI,GEN-EWS,Gender-Neutral,1
4197,"School of Studies of Engineering and Technology, Guru Ghasidas Vishwavidyalaya, Bilaspur",406,"Artificial Intelligence and Data Science (4 Years, Bachelor of Technology)",4188,AI,GEN-EWS(PwD),Gender-Neutral,1
4198,"School of Studies of Engineering and Technology, Guru Ghasidas Vishwavidyalaya, Bilaspur",406,"Artificial Intelligence and Data Science (4 Years, Bachelor of Technology)",4188,AI,OBC-NCL,Gender-Neutral,10
4199,"School of Studies of Engineering and Technology, Guru Ghasidas Vishwavidyalaya, Bilaspur",406,"Artificial Intelligence and Data Science (4 Years, Bachelor of Technology)",4188,AI,OBC-NCL(PwD),Gender-Neutral,1
4200,"School of Studies of Engineering and Technology, Guru Ghasidas Vishwavidyalaya, Bilaspur",406,"Artificial Intelligence and Data Science (4 Years, Bachelor of Technology)",4188,AI,SC,Gender-Neutral,4
4201,"J.K. Institute of Applied Physics & Technology, Department of Electronics & Communication, University of Allahabad- Allahabad",407,"Electronics and Communication Engineering (4 Years, Bachelor of Technology)",4114,AI,OPEN,Gender-Neutral,17
4202,"J.K. Institute of Applied Physics & Technology, Department of Electronics & Communication, University of Allahabad- Allahabad",407,"Electronics and Communication Engineering (4 Years, Bachelor of Technology)",4114,AI,OBC-NCL,Gender-Neutral,8
4203,"J.K. Institute of Applied Physics & Technology, Department of Electronics & Communication, University of Allahabad- Allahabad",407,"Electronics and Communication Engineering (4 Years, Bachelor of Technology)",4114,AI,SC,Gender-Neutral,2
4204,"J.K. Institute of Applied Physics & Technology, Department of Electronics & Communication, University of Allahabad- Allahabad",407,"Electronics and Communication Engineering (4 Years, Bachelor of Technology)",4114,AI,SC (PwD),Gender-Neutral,1
4205,"J.K. Institute of Applied Physics & Technology, Department of Electronics & Communication, University of Allahabad- Allahabad",407,"Electronics and Communication Engineering (4 Years, Bachelor of Technology)",4114,AI,ST,Gender-Neutral,4
4206,"J.K. Institute of Applied Physics & Technology, Department of Electronics & Communication, University of Allahabad- Allahabad",407,"Computer Science and Engineering with Major in Artificial Intelligence (4 Years, Bachelor of Technology)",4196,AI,OPEN,Gender-Neutral,8
4207,"J.K. Institute of Applied Physics & Technology, Department of Electronics & Communication, University of Allahabad- Allahabad",407,"Computer Science and Engineering with Major in Artificial Intelligence (4 Years, Bachelor of Technology)",4196,AI,GEN-EWS,Gender-Neutral,1
4208,"J.K. Institute of Applied Physics & Technology, Department of Electronics & Communication, University of Allahabad- Allahabad",407,"Computer Science and Engineering with Major in Artificial Intelligence (4 Years, Bachelor of Technology)",4196,AI,OBC-NCL,Gender-Neutral,5
4209,"J.K. Institute of Applied Physics & Technology, Department of Electronics & Communication, University of Allahabad- Allahabad",407,"Computer Science and Engineering with Major in Artificial Intelligence (4 Years, Bachelor of Technology)",4196,AI,OBC-NCL(PwD),Gender-Neutral,1
4210,"J.K. Institute of Applied Physics & Technology, Department of Electronics & Communication, University of Allahabad- Allahabad",407,"Computer Science and Engineering with Major in Artificial Intelligence (4 Years, Bachelor of Technology)",4196,AI,SC,Gender-Neutral,4
4211,"National Institute of Electronics and Information Technology, Aurangabad (Maharashtra)",408,"Computer Science and Engineering (4 Years, Bachelor of Technology)",4110,AI,OPEN,Gender-Neutral,18
4212,"National Institute of Electronics and Information Technology, Aurangabad (Maharashtra)",408,"Computer Science and Engineering (4 Years, Bachelor of Technology)",4110,AI,OPEN (PwD),Gender-Neutral,1
4213,"National Institute of Electronics and Information Technology, Aurangabad (Maharashtra)",408,"Computer Science and Engineering (4 Years, Bachelor of Technology)",4110,AI,GEN-EWS,Gender-Neutral,3
4214,"National Institute of Electronics and Information Technology, Aurangabad (Maharashtra)",408,"Computer Science and Engineering (4 Years, Bachelor of Technology)",4110,AI,OBC-NCL,Gender-Neutral,11
4215,"National Institute of Electronics and Information Technology, Aurangabad (Maharashtra)",408,"Computer Science and Engineering (4 Years, Bachelor of Technology)",4110,AI,SC,Gender-Neutral,5
4216,"National Institute of Electronics and Information Technology, Aurangabad (Maharashtra)",408,"Computer Science and Engineering (4 Years, Bachelor of Technology)",4110,AI,SC (PwD),Gender-Neutral,1
4217,"National Institute of Electronics and Information Technology, Aurangabad (Maharashtra)",408,"Computer Science and Engineering (4 Years, Bachelor of Technology)",4110,AI,ST,Gender-Neutral,2
4218,"National Institute of Electronics and Information Technology, Aurangabad (Maharashtra)",408,"Electronic Engineering (4 Years, Bachelor of Technology)",412K,AI,OPEN,Gender-Neutral,19
4219,"National Institute of Electronics and Information Technology, Aurangabad (Maharashtra)",408,"Electronic Engineering (4 Years, Bachelor of Technology)",412K,AI,GEN-EWS,Gender-Neutral,4
4220,"National Institute of Electronics and Information Technology, Aurangabad (Maharashtra)",408,"Electronic Engineering (4 Years, Bachelor of Technology)",412K,AI,OBC-NCL,Gender-Neutral,8
4221,"National Institute of Electronics and Information Technology, Aurangabad (Maharashtra)",408,"Electronic Engineering (4 Years, Bachelor of Technology)",412K,AI,SC,Gender-Neutral,3
4222,"National Institute of Electronics and Information Technology, Aurangabad (Maharashtra)",408,"Electronic Engineering (4 Years, Bachelor of Technology)",412K,AI,SC (PwD),Gender-Neutral,1
4223,"National Institute of Electronics and Information Technology, Aurangabad (Maharashtra)",408,"Electronic Engineering (4 Years, Bachelor of Technology)",412K,AI,ST,Gender-Neutral,2
4224,"National Institute of Advanced Manufacturing Technology, Ranchi",409,"Computer Science and Engineering (4 Years, Bachelor of Technology)",4110,AI,OPEN,Gender-Neutral,12
4225,"National Institute of Advanced Manufacturing Technology, Ranchi",409,"Computer Science and Engineering (4 Years, Bachelor of Technology)",4110,AI,OPEN,Female-only (including Supernumerary),2
4226,"National Institute of Advanced Manufacturing Technology, Ranchi",409,"Computer Science and Engineering (4 Years, Bachelor of Technology)",4110,AI,OPEN (PwD),Gender-Neutral,1
4227,"National Institute of Advanced Manufacturing Technology, Ranchi",409,"Computer Science and Engineering (4 Years, Bachelor of Technology)",4110,AI,GEN-EWS,Gender-Neutral,3
4228,"National Institute of Advanced Manufacturing Technology, Ranchi",409,"Computer Science and Engineering (4 Years, Bachelor of Technology)",4110,AI,GEN-EWS(PwD),Gender-Neutral,1
4229,"National Institute of Advanced Manufacturing Technology, Ranchi",409,"Computer Science and Engineering (4 Years, Bachelor of Technology)",4110,AI,OBC-NCL,Gender-Neutral,2
4230,"National Institute of Advanced Manufacturing Technology, Ranchi",409,"Computer Science and Engineering (4 Years, Bachelor of Technology)",4110,AI,OBC-NCL,Female-only (including Supernumerary),3
4231,"National Institute of Advanced Manufacturing Technology, Ranchi",409,"Computer Science and Engineering (4 Years, Bachelor of Technology)",4110,AI,OBC-NCL(PwD),Gender-Neutral,1
4232,"National Institute of Advanced Manufacturing Technology, Ranchi",409,"Computer Science and Engineering (4 Years, Bachelor of Technology)",4110,AI,SC,Gender-Neutral,5
4233,"National Institute of Advanced Manufacturing Technology, Ranchi",409,"Computer Science and Engineering (4 Years, Bachelor of Technology)",4110,AI,ST,Gender-Neutral,1
4234,"National Institute of Advanced Manufacturing Technology, Ranchi",409,"Mechanical Engineering (4 Years, Bachelor of Technology)",4125,AI,OPEN,Gender-Neutral,9
4235,"National Institute of Advanced Manufacturing Technology, Ranchi",409,"Mechanical Engineering (4 Years, Bachelor of Technology)",4125,AI,OPEN,Female-only (including Supernumerary),1
4236,"National Institute of Advanced Manufacturing Technology, Ranchi",409,"Mechanical Engineering (4 Years, Bachelor of Technology)",4125,AI,OPEN (PwD),Gender-Neutral,1
4237,"National Institute of Advanced Manufacturing Technology, Ranchi",409,"Mechanical Engineering (4 Years, Bachelor of Technology)",4125,AI,GEN-EWS,Gender-Neutral,1
4238,"National Institute of Advanced Manufacturing Technology, Ranchi",409,"Mechanical Engineering (4 Years, Bachelor of Technology)",4125,AI,GEN-EWS,Female-only (including Supernumerary),1
4239,"National Institute of Advanced Manufacturing Technology, Ranchi",409,"Mechanical Engineering (4 Years, Bachelor of Technology)",4125,AI,OBC-NCL,Gender-Neutral,3
4240,"National Institute of Advanced Manufacturing Technology, Ranchi",409,"Mechanical Engineering (4 Years, Bachelor of Technology)",4125,AI,OBC-NCL,Female-only (including Supernumerary),1
4241,"National Institute of Advanced Manufacturing Technology, Ranchi",409,"Mechanical Engineering (4 Years, Bachelor of Technology)",4125,AI,OBC-NCL(PwD),Gender-Neutral,1
4242,"National Institute of Advanced Manufacturing Technology, Ranchi",409,"Mechanical Engineering (4 Years, Bachelor of Technology)",4125,AI,SC,Gender-Neutral,2
4243,"National Institute of Advanced Manufacturing Technology, Ranchi",409,"Mechanical Engineering (4 Years, Bachelor of Technology)",4125,AI,ST,Gender-Neutral,2
4244,"National Institute of Advanced Manufacturing Technology, Ranchi",409,"Mechanical Engineering (4 Years, Bachelor of Technology)",4125,AI,ST (PwD),Gender-Neutral,1
4245,"National Institute of Advanced Manufacturing Technology, Ranchi",409,"Metallurgical and Materials Engineering (4 Years, Bachelor of Technology)",4127,AI,OPEN,Gender-Neutral,6
4246,"National Institute of Advanced Manufacturing Technology, Ranchi",409,"Metallurgical and Materials Engineering (4 Years, Bachelor of Technology)",4127,AI,OPEN,Female-only (including Supernumerary),1
4247,"National Institute of Advanced Manufacturing Technology, Ranchi",409,"Metallurgical and Materials Engineering (4 Years, Bachelor of Technology)",4127,AI,GEN-EWS,Gender-Neutral,1
4248,"National Institute of Advanced Manufacturing Technology, Ranchi",409,"Metallurgical and Materials Engineering (4 Years, Bachelor of Technology)",4127,AI,GEN-EWS,Female-only (including Supernumerary),2
4249,"National Institute of Advanced Manufacturing Technology, Ranchi",409,"Metallurgical and Materials Engineering (4 Years, Bachelor of Technology)",4127,AI,OBC-NCL,Gender-Neutral,4
4250,"National Institute of Advanced Manufacturing Technology, Ranchi",409,"Metallurgical and Materials Engineering (4 Years, Bachelor of Technology)",4127,AI,OBC-NCL,Female-only (including Supernumerary),1
4251,"National Institute of Advanced Manufacturing Technology, Ranchi",409,"Metallurgical and Materials Engineering (4 Years, Bachelor of Technology)",4127,AI,OBC-NCL(PwD),Gender-Neutral,2
4252,"National Institute of Advanced Manufacturing Technology, Ranchi",409,"Metallurgical and Materials Engineering (4 Years, Bachelor of Technology)",4127,AI,SC,Gender-Neutral,1
4253,"National Institute of Advanced Manufacturing Technology, Ranchi",409,"Metallurgical and Materials Engineering (4 Years, Bachelor of Technology)",4127,AI,SC,Female-only (including Supernumerary),1
4254,"National Institute of Advanced Manufacturing Technology, Ranchi",409,"Metallurgical and Materials Engineering (4 Years, Bachelor of Technology)",4127,AI,SC (PwD),Gender-Neutral,1
4255,"National Institute of Advanced Manufacturing Technology, Ranchi",409,"Metallurgical and Materials Engineering (4 Years, Bachelor of Technology)",4127,AI,ST,Gender-Neutral,3
4256,"National Institute of Advanced Manufacturing Technology, Ranchi",409,"Production and Industrial Engineering (4 Years, Bachelor of Technology)",4136,AI,OPEN,Gender-Neutral,11
4257,"National Institute of Advanced Manufacturing Technology, Ranchi",409,"Production and Industrial Engineering (4 Years, Bachelor of Technology)",4136,AI,OPEN,Female-only (including Supernumerary),3
4258,"National Institute of Advanced Manufacturing Technology, Ranchi",409,"Production and Industrial Engineering (4 Years, Bachelor of Technology)",4136,AI,OPEN (PwD),Gender-Neutral,1
4259,"National Institute of Advanced Manufacturing Technology, Ranchi",409,"Production and Industrial Engineering (4 Years, Bachelor of Technology)",4136,AI,GEN-EWS,Gender-Neutral,3
4260,"National Institute of Advanced Manufacturing Technology, Ranchi",409,"Production and Industrial Engineering (4 Years, Bachelor of Technology)",4136,AI,GEN-EWS,Female-only (including Supernumerary),1
4261,"National Institute of Advanced Manufacturing Technology, Ranchi",409,"Production and Industrial Engineering (4 Years, Bachelor of Technology)",4136,AI,GEN-EWS(PwD),Gender-Neutral,1
4262,"National Institute of Advanced Manufacturing Technology, Ranchi",409,"Production and Industrial Engineering (4 Years, Bachelor of Technology)",4136,AI,OBC-NCL,Gender-Neutral,6
4263,"National Institute of Advanced Manufacturing Technology, Ranchi",409,"Production and Industrial Engineering (4 Years, Bachelor of Technology)",4136,AI,OBC-NCL,Female-only (including Supernumerary),2
4264,"National Institute of Advanced Manufacturing Technology, Ranchi",409,"Production and Industrial Engineering (4 Years, Bachelor of Technology)",4136,AI,OBC-NCL(PwD),Gender-Neutral,1
4265,"National Institute of Advanced Manufacturing Technology, Ranchi",409,"Production and Industrial Engineering (4 Years, Bachelor of Technology)",4136,AI,SC,Gender-Neutral,2
4266,"National Institute of Advanced Manufacturing Technology, Ranchi",409,"Production and Industrial Engineering (4 Years, Bachelor of Technology)",4136,AI,SC,Female-only (including Supernumerary),2
4267,"National Institute of Advanced Manufacturing Technology, Ranchi",409,"Production and Industrial Engineering (4 Years, Bachelor of Technology)",4136,AI,ST,Gender-Neutral,2
4268,Sant Longowal Institute of Engineering and Technology,410,"Chemical Engineering (4 Years, Bachelor of Technology)",4107,AI,OPEN,Gender-Neutral,18
4269,Sant Longowal Institute of Engineering and Technology,410,"Chemical Engineering (4 Years, Bachelor of Technology)",4107,AI,OPEN (PwD),Gender-Neutral,1
4270,Sant Longowal Institute of Engineering and Technology,410,"Chemical Engineering (4 Years, Bachelor of Technology)",4107,AI,GEN-EWS,Gender-Neutral,2
4271,Sant Longowal Institute of Engineering and Technology,410,"Chemical Engineering (4 Years, Bachelor of Technology)",4107,AI,GEN-EWS(PwD),Gender-Neutral,1
4272,Sant Longowal Institute of Engineering and Technology,410,"Chemical Engineering (4 Years, Bachelor of Technology)",4107,AI,OBC-NCL,Gender-Neutral,8
4273,Sant Longowal Institute of Engineering and Technology,410,"Chemical Engineering (4 Years, Bachelor of Technology)",4107,AI,OBC-NCL(PwD),Gender-Neutral,1
4274,Sant Longowal Institute of Engineering and Technology,410,"Chemical Engineering (4 Years, Bachelor of Technology)",4107,AI,SC,Gender-Neutral,5
4275,Sant Longowal Institute of Engineering and Technology,410,"Chemical Engineering (4 Years, Bachelor of Technology)",4107,AI,ST,Gender-Neutral,1
4276,Sant Longowal Institute of Engineering and Technology,410,"Civil Engineering (4 Years, Bachelor of Technology)",4109,AI,OPEN,Gender-Neutral,9
4277,Sant Longowal Institute of Engineering and Technology,410,"Civil Engineering (4 Years, Bachelor of Technology)",4109,AI,OPEN (PwD),Gender-Neutral,1
4278,Sant Longowal Institute of Engineering and Technology,410,"Civil Engineering (4 Years, Bachelor of Technology)",4109,AI,GEN-EWS,Gender-Neutral,3
4279,Sant Longowal Institute of Engineering and Technology,410,"Civil Engineering (4 Years, Bachelor of Technology)",4109,AI,OBC-NCL,Gender-Neutral,5
4280,Sant Longowal Institute of Engineering and Technology,410,"Civil Engineering (4 Years, Bachelor of Technology)",4109,AI,SC (PwD),Gender-Neutral,1
4281,Sant Longowal Institute of Engineering and Technology,410,"Civil Engineering (4 Years, Bachelor of Technology)",4109,AI,ST,Gender-Neutral,1
4282,Sant Longowal Institute of Engineering and Technology,410,"Computer Science and Engineering (4 Years, Bachelor of Technology)",4110,AI,OPEN,Gender-Neutral,26
4283,Sant Longowal Institute of Engineering and Technology,410,"Computer Science and Engineering (4 Years, Bachelor of Technology)",4110,AI,OPEN (PwD),Gender-Neutral,1
4284,Sant Longowal Institute of Engineering and Technology,410,"Computer Science and Engineering (4 Years, Bachelor of Technology)",4110,AI,GEN-EWS,Gender-Neutral,4
4285,Sant Longowal Institute of Engineering and Technology,410,"Computer Science and Engineering (4 Years, Bachelor of Technology)",4110,AI,OBC-NCL,Gender-Neutral,9
4286,Sant Longowal Institute of Engineering and Technology,410,"Computer Science and Engineering (4 Years, Bachelor of Technology)",4110,AI,OBC-NCL(PwD),Gender-Neutral,1
4287,Sant Longowal Institute of Engineering and Technology,410,"Computer Science and Engineering (4 Years, Bachelor of Technology)",4110,AI,SC,Gender-Neutral,3
4288,Sant Longowal Institute of Engineering and Technology,410,"Computer Science and Engineering (4 Years, Bachelor of Technology)",4110,AI,SC (PwD),Gender-Neutral,1
4289,Sant Longowal Institute of Engineering and Technology,410,"Computer Science and Engineering (4 Years, Bachelor of Technology)",4110,AI,ST,Gender-Neutral,3
4290,Sant Longowal Institute of Engineering and Technology,410,"Electrical Engineering (4 Years, Bachelor of Technology)",4111,AI,OPEN,Gender-Neutral,14
4291,Sant Longowal Institute of Engineering and Technology,410,"Electrical Engineering (4 Years, Bachelor of Technology)",4111,AI,OPEN (PwD),Gender-Neutral,1
4292,Sant Longowal Institute of Engineering and Technology,410,"Electrical Engineering (4 Years, Bachelor of Technology)",4111,AI,GEN-EWS,Gender-Neutral,3
4293,Sant Longowal Institute of Engineering and Technology,410,"Electrical Engineering (4 Years, Bachelor of Technology)",4111,AI,OBC-NCL,Gender-Neutral,7
4294,Sant Longowal Institute of Engineering and Technology,410,"Electrical Engineering (4 Years, Bachelor of Technology)",4111,AI,OBC-NCL(PwD),Gender-Neutral,1
4295,Sant Longowal Institute of Engineering and Technology,410,"Electrical Engineering (4 Years, Bachelor of Technology)",4111,AI,SC,Gender-Neutral,4
4296,Sant Longowal Institute of Engineering and Technology,410,"Electrical Engineering (4 Years, Bachelor of Technology)",4111,AI,ST,Gender-Neutral,1
4297,Sant Longowal Institute of Engineering and Technology,410,"Electronics and Communication Engineering (4 Years, Bachelor of Technology)",4114,AI,OPEN,Gender-Neutral,16
4298,Sant Longowal Institute of Engineering and Technology,410,"Electronics and Communication Engineering (4 Years, Bachelor of Technology)",4114,AI,OPEN (PwD),Gender-Neutral,1
4299,Sant Longowal Institute of Engineering and Technology,410,"Electronics and Communication Engineering (4 Years, Bachelor of Technology)",4114,AI,GEN-EWS,Gender-Neutral,1
4300,Sant Longowal Institute of Engineering and Technology,410,"Electronics and Communication Engineering (4 Years, Bachelor of Technology)",4114,AI,OBC-NCL,Gender-Neutral,4
4301,Sant Longowal Institute of Engineering and Technology,410,"Electronics and Communication Engineering (4 Years, Bachelor of Technology)",4114,AI,OBC-NCL(PwD),Gender-Neutral,1
4302,Sant Longowal Institute of Engineering and Technology,410,"Electronics and Communication Engineering (4 Years, Bachelor of Technology)",4114,AI,SC,Gender-Neutral,3
4303,Sant Longowal Institute of Engineering and Technology,410,"Electronics and Communication Engineering (4 Years, Bachelor of Technology)",4114,AI,ST,Gender-Neutral,1
4304,Sant Longowal Institute of Engineering and Technology,410,"Mechanical Engineering (4 Years, Bachelor of Technology)",4125,AI,OPEN,Gender-Neutral,30
4305,Sant Longowal Institute of Engineering and Technology,410,"Mechanical Engineering (4 Years, Bachelor of Technology)",4125,AI,OPEN (PwD),Gender-Neutral,2
4306,Sant Longowal Institute of Engineering and Technology,410,"Mechanical Engineering (4 Years, Bachelor of Technology)",4125,AI,GEN-EWS,Gender-Neutral,8
4307,Sant Longowal Institute of Engineering and Technology,410,"Mechanical Engineering (4 Years, Bachelor of Technology)",4125,AI,OBC-NCL,Gender-Neutral,17
4308,Sant Longowal Institute of Engineering and Technology,410,"Mechanical Engineering (4 Years, Bachelor of Technology)",4125,AI,OBC-NCL(PwD),Gender-Neutral,1
4309,Sant Longowal Institute of Engineering and Technology,410,"Mechanical Engineering (4 Years, Bachelor of Technology)",4125,AI,SC,Gender-Neutral,8
4310,Sant Longowal Institute of Engineering and Technology,410,"Mechanical Engineering (4 Years, Bachelor of Technology)",4125,AI,SC (PwD),Gender-Neutral,1
4311,Sant Longowal Institute of Engineering and Technology,410,"Mechanical Engineering (4 Years, Bachelor of Technology)",4125,AI,ST,Gender-Neutral,3
4312,Sant Longowal Institute of Engineering and Technology,410,"Mechanical Engineering (4 Years, Bachelor of Technology)",4125,AI,ST (PwD),Gender-Neutral,1
4313,Sant Longowal Institute of Engineering and Technology,410,"Instrumentation and Control Engineering (4 Years, Bachelor of Technology)",4148,AI,OPEN,Gender-Neutral,14
4314,Sant Longowal Institute of Engineering and Technology,410,"Instrumentation and Control Engineering (4 Years, Bachelor of Technology)",4148,AI,OPEN (PwD),Gender-Neutral,1
4315,Sant Longowal Institute of Engineering and Technology,410,"Instrumentation and Control Engineering (4 Years, Bachelor of Technology)",4148,AI,GEN-EWS,Gender-Neutral,3
4316,Sant Longowal Institute of Engineering and Technology,410,"Instrumentation and Control Engineering (4 Years, Bachelor of Technology)",4148,AI,GEN-EWS(PwD),Gender-Neutral,1
4317,Sant Longowal Institute of Engineering and Technology,410,"Instrumentation and Control Engineering (4 Years, Bachelor of Technology)",4148,AI,OBC-NCL,Gender-Neutral,7
4318,Sant Longowal Institute of Engineering and Technology,410,"Instrumentation and Control Engineering (4 Years, Bachelor of Technology)",4148,AI,OBC-NCL(PwD),Gender-Neutral,1
4319,Sant Longowal Institute of Engineering and Technology,410,"Instrumentation and Control Engineering (4 Years, Bachelor of Technology)",4148,AI,SC,Gender-Neutral,3
4320,Sant Longowal Institute of Engineering and Technology,410,"Instrumentation and Control Engineering (4 Years, Bachelor of Technology)",4148,AI,ST,Gender-Neutral,2
4321,Sant Longowal Institute of Engineering and Technology,410,"Food Technology (4 Years, Bachelor of Technology)",4164,AI,OPEN,Gender-Neutral,16
4322,Sant Longowal Institute of Engineering and Technology,410,"Food Technology (4 Years, Bachelor of Technology)",4164,AI,OPEN (PwD),Gender-Neutral,1
4323,Sant Longowal Institute of Engineering and Technology,410,"Food Technology (4 Years, Bachelor of Technology)",4164,AI,GEN-EWS,Gender-Neutral,5
4324,Sant Longowal Institute of Engineering and Technology,410,"Food Technology (4 Years, Bachelor of Technology)",4164,AI,OBC-NCL,Gender-Neutral,11
4325,Sant Longowal Institute of Engineering and Technology,410,"Food Technology (4 Years, Bachelor of Technology)",4164,AI,OBC-NCL(PwD),Gender-Neutral,1
4326,Sant Longowal Institute of Engineering and Technology,410,"Food Technology (4 Years, Bachelor of Technology)",4164,AI,SC,Gender-Neutral,4
4327,Sant Longowal Institute of Engineering and Technology,410,"Food Technology (4 Years, Bachelor of Technology)",4164,AI,ST,Gender-Neutral,3
4328,Sant Longowal Institute of Engineering and Technology,410,"Food Technology (4 Years, Bachelor of Technology)",4164,AI,ST (PwD),Gender-Neutral,1
4329,Sant Longowal Institute of Engineering and Technology,410,"Artificial Intelligence and Data Science (4 Years, Bachelor of Technology)",4188,AI,OPEN,Gender-Neutral,12
4330,Sant Longowal Institute of Engineering and Technology,410,"Artificial Intelligence and Data Science (4 Years, Bachelor of Technology)",4188,AI,OPEN (PwD),Gender-Neutral,1
4331,Sant Longowal Institute of Engineering and Technology,410,"Artificial Intelligence and Data Science (4 Years, Bachelor of Technology)",4188,AI,OBC-NCL,Gender-Neutral,4
4332,Sant Longowal Institute of Engineering and Technology,410,"Artificial Intelligence and Data Science (4 Years, Bachelor of Technology)",4188,AI,SC,Gender-Neutral,3
4333,Sant Longowal Institute of Engineering and Technology,410,"Artificial Intelligence and Data Science (4 Years, Bachelor of Technology)",4188,AI,SC (PwD),Gender-Neutral,1
4334,Sant Longowal Institute of Engineering and Technology,410,"Artificial Intelligence and Data Science (4 Years, Bachelor of Technology)",4188,AI,ST,Gender-Neutral,2
4335,Sant Longowal Institute of Engineering and Technology,410,"Chemical Engineering (5 Years, Bachelor and Master of Technology (Dual Degree))",5210,AI,OPEN,Gender-Neutral,11
4336,Sant Longowal Institute of Engineering and Technology,410,"Chemical Engineering (5 Years, Bachelor and Master of Technology (Dual Degree))",5210,AI,OPEN (PwD),Gender-Neutral,1
4337,Sant Longowal Institute of Engineering and Technology,410,"Chemical Engineering (5 Years, Bachelor and Master of Technology (Dual Degree))",5210,AI,GEN-EWS,Gender-Neutral,3
4338,Sant Longowal Institute of Engineering and Technology,410,"Chemical Engineering (5 Years, Bachelor and Master of Technology (Dual Degree))",5210,AI,OBC-NCL,Gender-Neutral,7
4339,Sant Longowal Institute of Engineering and Technology,410,"Chemical Engineering (5 Years, Bachelor and Master of Technology (Dual Degree))",5210,AI,SC,Gender-Neutral,4
4340,Sant Longowal Institute of Engineering and Technology,410,"Chemical Engineering (5 Years, Bachelor and Master of Technology (Dual Degree))",5210,AI,ST,Gender-Neutral,3
4341,Sant Longowal Institute of Engineering and Technology,410,"Computer Science and Engineering (5 Years, Bachelor and Master of Technology (Dual Degree))",5216,AI,OPEN,Gender-Neutral,9
4342,Sant Longowal Institute of Engineering and Technology,410,"Computer Science and Engineering (5 Years, Bachelor and Master of Technology (Dual Degree))",5216,AI,GEN-EWS,Gender-Neutral,3
4343,Sant Longowal Institute of Engineering and Technology,410,"Computer Science and Engineering (5 Years, Bachelor and Master of Technology (Dual Degree))",5216,AI,OBC-NCL,Gender-Neutral,5
4344,Sant Longowal Institute of Engineering and Technology,410,"Computer Science and Engineering (5 Years, Bachelor and Master of Technology (Dual Degree))",5216,AI,OBC-NCL(PwD),Gender-Neutral,1
4345,Sant Longowal Institute of Engineering and Technology,410,"Computer Science and Engineering (5 Years, Bachelor and Master of Technology (Dual Degree))",5216,AI,SC,Gender-Neutral,1
4346,Sant Longowal Institute of Engineering and Technology,410,"Electrical Engineering (5 Years, Bachelor and Master of Technology (Dual Degree))",5217,AI,OPEN,Gender-Neutral,11
4347,Sant Longowal Institute of Engineering and Technology,410,"Electrical Engineering (5 Years, Bachelor and Master of Technology (Dual Degree))",5217,AI,GEN-EWS,Gender-Neutral,1
4348,Sant Longowal Institute of Engineering and Technology,410,"Electrical Engineering (5 Years, Bachelor and Master of Technology (Dual Degree))",5217,AI,GEN-EWS(PwD),Gender-Neutral,1
4349,Sant Longowal Institute of Engineering and Technology,410,"Electrical Engineering (5 Years, Bachelor and Master of Technology (Dual Degree))",5217,AI,OBC-NCL,Gender-Neutral,4
4350,Sant Longowal Institute of Engineering and Technology,410,"Electrical Engineering (5 Years, Bachelor and Master of Technology (Dual Degree))",5217,AI,SC,Gender-Neutral,3
4351,Sant Longowal Institute of Engineering and Technology,410,"Electrical Engineering (5 Years, Bachelor and Master of Technology (Dual Degree))",5217,AI,SC (PwD),Gender-Neutral,1
4352,Sant Longowal Institute of Engineering and Technology,410,"Electrical Engineering (5 Years, Bachelor and Master of Technology (Dual Degree))",5217,AI,ST,Gender-Neutral,1
4353,Sant Longowal Institute of Engineering and Technology,410,"Mechanical Engineering (5 Years, Bachelor and Master of Technology (Dual Degree))",5233,AI,OPEN,Gender-Neutral,10
4354,Sant Longowal Institute of Engineering and Technology,410,"Mechanical Engineering (5 Years, Bachelor and Master of Technology (Dual Degree))",5233,AI,OPEN (PwD),Gender-Neutral,1
4355,Sant Longowal Institute of Engineering and Technology,410,"Mechanical Engineering (5 Years, Bachelor and Master of Technology (Dual Degree))",5233,AI,GEN-EWS,Gender-Neutral,3
4356,Sant Longowal Institute of Engineering and Technology,410,"Mechanical Engineering (5 Years, Bachelor and Master of Technology (Dual Degree))",5233,AI,OBC-NCL,Gender-Neutral,7
4357,Sant Longowal Institute of Engineering and Technology,410,"Mechanical Engineering (5 Years, Bachelor and Master of Technology (Dual Degree))",5233,AI,OBC-NCL(PwD),Gender-Neutral,1
4358,Sant Longowal Institute of Engineering and Technology,410,"Mechanical Engineering (5 Years, Bachelor and Master of Technology (Dual Degree))",5233,AI,SC,Gender-Neutral,1
4359,Sant Longowal Institute of Engineering and Technology,410,"Mechanical Engineering (5 Years, Bachelor and Master of Technology (Dual Degree))",5233,AI,ST,Gender-Neutral,1
4360,Sant Longowal Institute of Engineering and Technology,410,"Chemistry (5 Years, Integrated Master of Science)",5503,AI,OPEN,Gender-Neutral,3
4361,Sant Longowal Institute of Engineering and Technology,410,"Chemistry (5 Years, Integrated Master of Science)",5503,AI,OBC-NCL,Gender-Neutral,2
4362,Sant Longowal Institute of Engineering and Technology,410,"Chemistry (5 Years, Integrated Master of Science)",5503,AI,SC,Gender-Neutral,1
4363,Sant Longowal Institute of Engineering and Technology,410,"Chemistry (5 Years, Integrated Master of Science)",5503,AI,ST,Gender-Neutral,1
4364,Sant Longowal Institute of Engineering and Technology,410,"Physics (5 Years, Integrated Master of Science)",5507,AI,OPEN,Gender-Neutral,3
4365,Sant Longowal Institute of Engineering and Technology,410,"Physics (5 Years, Integrated Master of Science)",5507,AI,OPEN (PwD),Gender-Neutral,1
4366,Sant Longowal Institute of Engineering and Technology,410,"Physics (5 Years, Integrated Master of Science)",5507,AI,GEN-EWS,Gender-Neutral,1
4367,Sant Longowal Institute of Engineering and Technology,410,"Physics (5 Years, Integrated Master of Science)",5507,AI,OBC-NCL,Gender-Neutral,2
4368,Sant Longowal Institute of Engineering and Technology,410,"Mathematics (5 Years, Integrated Master of Science)",5508,AI,OPEN,Gender-Neutral,4
4369,Sant Longowal Institute of Engineering and Technology,410,"Mathematics (5 Years, Integrated Master of Science)",5508,AI,OBC-NCL,Gender-Neutral,3
4370,Sant Longowal Institute of Engineering and Technology,410,"Mathematics (5 Years, Integrated Master of Science)",5508,AI,SC,Gender-Neutral,1
4371,"Mizoram University, Aizawl",411,"Civil Engineering (4 Years, Bachelor of Technology)",4109,AI,OPEN,Gender-Neutral,6
4372,"Mizoram University, Aizawl",411,"Civil Engineering (4 Years, Bachelor of Technology)",4109,AI,OPEN (PwD),Gender-Neutral,1
4373,"Mizoram University, Aizawl",411,"Civil Engineering (4 Years, Bachelor of Technology)",4109,AI,GEN-EWS,Gender-Neutral,2
4374,"Mizoram University, Aizawl",411,"Civil Engineering (4 Years, Bachelor of Technology)",4109,AI,SC,Gender-Neutral,2
4375,"Mizoram University, Aizawl",411,"Electrical Engineering (4 Years, Bachelor of Technology)",4111,AI,OPEN,Gender-Neutral,7
4376,"Mizoram University, Aizawl",411,"Electrical Engineering (4 Years, Bachelor of Technology)",4111,AI,OPEN (PwD),Gender-Neutral,1
4377,"Mizoram University, Aizawl",411,"Electrical Engineering (4 Years, Bachelor of Technology)",4111,AI,GEN-EWS,Gender-Neutral,2
4378,"Mizoram University, Aizawl",411,"Electrical Engineering (4 Years, Bachelor of Technology)",4111,AI,SC,Gender-Neutral,2
4379,"Mizoram University, Aizawl",411,"Electrical Engineering (4 Years, Bachelor of Technology)",4111,AI,ST,Gender-Neutral,1
4380,"Mizoram University, Aizawl",411,"Electronics and Communication Engineering (4 Years, Bachelor of Technology)",4114,AI,OPEN,Gender-Neutral,5
4381,"Mizoram University, Aizawl",411,"Electronics and Communication Engineering (4 Years, Bachelor of Technology)",4114,AI,OPEN (PwD),Gender-Neutral,1
4382,"Mizoram University, Aizawl",411,"Electronics and Communication Engineering (4 Years, Bachelor of Technology)",4114,AI,GEN-EWS,Gender-Neutral,1
4383,"Mizoram University, Aizawl",411,"Electronics and Communication Engineering (4 Years, Bachelor of Technology)",4114,AI,SC,Gender-Neutral,2
4384,"Mizoram University, Aizawl",411,"Electronics and Communication Engineering (4 Years, Bachelor of Technology)",4114,AI,ST,Gender-Neutral,4
4385,"Mizoram University, Aizawl",411,"Information Technology (4 Years, Bachelor of Technology)",4146,AI,OPEN,Gender-Neutral,5
4386,"Mizoram University, Aizawl",411,"Information Technology (4 Years, Bachelor of Technology)",4146,AI,OPEN (PwD),Gender-Neutral,1
4387,"Mizoram University, Aizawl",411,"Information Technology (4 Years, Bachelor of Technology)",4146,AI,GEN-EWS,Gender-Neutral,1
4388,"Mizoram University, Aizawl",411,"Information Technology (4 Years, Bachelor of Technology)",4146,AI,SC,Gender-Neutral,3
4389,"Mizoram University, Aizawl",411,"Information Technology (4 Years, Bachelor of Technology)",4146,AI,ST,Gender-Neutral,3
4390,"Mizoram University, Aizawl",411,"Computer Engineering (4 Years, Bachelor of Technology)",4151,AI,OPEN,Gender-Neutral,5
4391,"Mizoram University, Aizawl",411,"Computer Engineering (4 Years, Bachelor of Technology)",4151,AI,OPEN (PwD),Gender-Neutral,1
4392,"Mizoram University, Aizawl",411,"Computer Engineering (4 Years, Bachelor of Technology)",4151,AI,GEN-EWS,Gender-Neutral,2
4393,"Mizoram University, Aizawl",411,"Computer Engineering (4 Years, Bachelor of Technology)",4151,AI,SC,Gender-Neutral,2
4394,"Mizoram University, Aizawl",411,"Computer Engineering (4 Years, Bachelor of Technology)",4151,AI,ST,Gender-Neutral,2
4395,"Mizoram University, Aizawl",411,"Architecture (5 Years, Bachelor of Architecture)",5101,AI,OPEN,Gender-Neutral,2
4396,"Mizoram University, Aizawl",411,"Architecture (5 Years, Bachelor of Architecture)",5101,AI,OPEN (PwD),Gender-Neutral,1
4397,"Mizoram University, Aizawl",411,"Architecture (5 Years, Bachelor of Architecture)",5101,AI,GEN-EWS,Gender-Neutral,2
4398,"Mizoram University, Aizawl",411,"Architecture (5 Years, Bachelor of Architecture)",5101,AI,SC,Gender-Neutral,2
4399,"Mizoram University, Aizawl",411,"Architecture (5 Years, Bachelor of Architecture)",5101,AI,ST,Gender-Neutral,1
4400,"School of Engineering, Tezpur University, Napaam, Tezpur",412,"Civil Engineering (4 Years, Bachelor of Technology)",4109,AI,OPEN,Gender-Neutral,6
4401,"School of Engineering, Tezpur University, Napaam, Tezpur",412,"Civil Engineering (4 Years, Bachelor of Technology)",4109,AI,GEN-EWS,Gender-Neutral,2
4402,"School of Engineering, Tezpur University, Napaam, Tezpur",412,"Civil Engineering (4 Years, Bachelor of Technology)",4109,AI,OBC-NCL,Gender-Neutral,5
4403,"School of Engineering, Tezpur University, Napaam, Tezpur",412,"Civil Engineering (4 Years, Bachelor of Technology)",4109,AI,SC (PwD),Gender-Neutral,1
4404,"School of Engineering, Tezpur University, Napaam, Tezpur",412,"Civil Engineering (4 Years, Bachelor of Technology)",4109,AI,ST,Gender-Neutral,1
4405,"School of Engineering, Tezpur University, Napaam, Tezpur",412,"Computer Science and Engineering (4 Years, Bachelor of Technology)",4110,AI,OPEN,Gender-Neutral,7
4406,"School of Engineering, Tezpur University, Napaam, Tezpur",412,"Computer Science and Engineering (4 Years, Bachelor of Technology)",4110,AI,GEN-EWS,Gender-Neutral,1
4407,"School of Engineering, Tezpur University, Napaam, Tezpur",412,"Computer Science and Engineering (4 Years, Bachelor of Technology)",4110,AI,GEN-EWS(PwD),Gender-Neutral,1
4408,"School of Engineering, Tezpur University, Napaam, Tezpur",412,"Electrical Engineering (4 Years, Bachelor of Technology)",4111,AI,OPEN,Gender-Neutral,3
4409,"School of Engineering, Tezpur University, Napaam, Tezpur",412,"Electrical Engineering (4 Years, Bachelor of Technology)",4111,AI,OPEN (PwD),Gender-Neutral,1
4410,"School of Engineering, Tezpur University, Napaam, Tezpur",412,"Electrical Engineering (4 Years, Bachelor of Technology)",4111,AI,GEN-EWS,Gender-Neutral,1
4411,"School of Engineering, Tezpur University, Napaam, Tezpur",412,"Electrical Engineering (4 Years, Bachelor of Technology)",4111,AI,OBC-NCL,Gender-Neutral,1
4412,"School of Engineering, Tezpur University, Napaam, Tezpur",412,"Electrical Engineering (4 Years, Bachelor of Technology)",4111,AI,SC,Gender-Neutral,2
4413,"School of Engineering, Tezpur University, Napaam, Tezpur",412,"Electronics and Communication Engineering (4 Years, Bachelor of Technology)",4114,AI,OPEN,Gender-Neutral,2
4414,"School of Engineering, Tezpur University, Napaam, Tezpur",412,"Electronics and Communication Engineering (4 Years, Bachelor of Technology)",4114,AI,GEN-EWS,Gender-Neutral,1
4415,"School of Engineering, Tezpur University, Napaam, Tezpur",412,"Electronics and Communication Engineering (4 Years, Bachelor of Technology)",4114,AI,OBC-NCL,Gender-Neutral,2
4416,"School of Engineering, Tezpur University, Napaam, Tezpur",412,"Electronics and Communication Engineering (4 Years, Bachelor of Technology)",4114,AI,OBC-NCL(PwD),Gender-Neutral,1
4417,"School of Engineering, Tezpur University, Napaam, Tezpur",412,"Electronics and Communication Engineering (4 Years, Bachelor of Technology)",4114,AI,SC,Gender-Neutral,2
4418,"School of Engineering, Tezpur University, Napaam, Tezpur",412,"Electronics and Communication Engineering (4 Years, Bachelor of Technology)",4114,AI,ST,Gender-Neutral,1
4419,"School of Engineering, Tezpur University, Napaam, Tezpur",412,"Mechanical Engineering (4 Years, Bachelor of Technology)",4125,AI,OPEN,Gender-Neutral,4
4420,"School of Engineering, Tezpur University, Napaam, Tezpur",412,"Mechanical Engineering (4 Years, Bachelor of Technology)",4125,AI,OBC-NCL,Gender-Neutral,3
4421,"School of Engineering, Tezpur University, Napaam, Tezpur",412,"Mechanical Engineering (4 Years, Bachelor of Technology)",4125,AI,SC,Gender-Neutral,2
4422,"School of Engineering, Tezpur University, Napaam, Tezpur",412,"Mechanical Engineering (4 Years, Bachelor of Technology)",4125,AI,ST (PwD),Gender-Neutral,1
4423,"School of Engineering, Tezpur University, Napaam, Tezpur",412,"Food Engineering and Technology (4 Years, Bachelor of Technology)",4167,AI,OPEN,Gender-Neutral,4
4424,"School of Engineering, Tezpur University, Napaam, Tezpur",412,"Food Engineering and Technology (4 Years, Bachelor of Technology)",4167,AI,GEN-EWS,Gender-Neutral,2
4425,"School of Engineering, Tezpur University, Napaam, Tezpur",412,"Food Engineering and Technology (4 Years, Bachelor of Technology)",4167,AI,OBC-NCL,Gender-Neutral,3
4426,"School of Engineering, Tezpur University, Napaam, Tezpur",412,"Food Engineering and Technology (4 Years, Bachelor of Technology)",4167,AI,OBC-NCL(PwD),Gender-Neutral,1
4427,"School of Engineering, Tezpur University, Napaam, Tezpur",412,"Food Engineering and Technology (4 Years, Bachelor of Technology)",4167,AI,SC,Gender-Neutral,2
4428,"School of Engineering, Tezpur University, Napaam, Tezpur",412,"Food Engineering and Technology (4 Years, Bachelor of Technology)",4167,AI,ST,Gender-Neutral,2
4429,"School of Engineering, Tezpur University, Napaam, Tezpur",412,"Bachelor of Design (4 Years, Bachelor of Design)",4402,AI,OPEN,Gender-Neutral,1
4430,"School of Engineering, Tezpur University, Napaam, Tezpur",412,"Bachelor of Design (4 Years, Bachelor of Design)",4402,AI,OBC-NCL,Gender-Neutral,1
4431,"School of Engineering, Tezpur University, Napaam, Tezpur",412,"B.Tech. (Civil Engineering) - MBA (5 Years, Bachelor of Technology and MBA (Dual Degree))",5417,AI,OPEN,Gender-Neutral,2
4432,"School of Engineering, Tezpur University, Napaam, Tezpur",412,"B.Tech. (Civil Engineering) - MBA (5 Years, Bachelor of Technology and MBA (Dual Degree))",5417,AI,OBC-NCL,Gender-Neutral,1
4433,"School of Engineering, Tezpur University, Napaam, Tezpur",412,"B.Tech. (Civil Engineering) - MBA (5 Years, Bachelor of Technology and MBA (Dual Degree))",5417,AI,SC,Gender-Neutral,1
4434,"School of Engineering, Tezpur University, Napaam, Tezpur",412,"B.Tech. (Computer Science and Engineering) - MBA (5 Years, Bachelor of Technology and MBA (Dual Degree))",5418,AI,OBC-NCL,Gender-Neutral,1
4435,"School of Engineering, Tezpur University, Napaam, Tezpur",412,"B.Tech. (Computer Science and Engineering) - MBA (5 Years, Bachelor of Technology and MBA (Dual Degree))",5418,AI,SC,Gender-Neutral,1
4436,"School of Engineering, Tezpur University, Napaam, Tezpur",412,"B.Tech. (Elctrical Engineering) - MBA (5 Years, Bachelor of Technology and MBA (Dual Degree))",5419,AI,OPEN,Gender-Neutral,2
4437,"School of Engineering, Tezpur University, Napaam, Tezpur",412,"B.Tech. (Elctrical Engineering) - MBA (5 Years, Bachelor of Technology and MBA (Dual Degree))",5419,AI,GEN-EWS,Gender-Neutral,1
4438,"School of Engineering, Tezpur University, Napaam, Tezpur",412,"B.Tech. (Elctrical Engineering) - MBA (5 Years, Bachelor of Technology and MBA (Dual Degree))",5419,AI,OBC-NCL,Gender-Neutral,1
4439,"School of Engineering, Tezpur University, Napaam, Tezpur",412,"B.Tech. (Electronics and Communication Engineering) - MBA (5 Years, Bachelor of Technology and MBA (Dual Degree))",5420,AI,OPEN (PwD),Gender-Neutral,1
4440,"School of Engineering, Tezpur University, Napaam, Tezpur",412,"B.Tech. (Electronics and Communication Engineering) - MBA (5 Years, Bachelor of Technology and MBA (Dual Degree))",5420,AI,GEN-EWS,Gender-Neutral,1
4441,"School of Engineering, Tezpur University, Napaam, Tezpur",412,"B.Tech. (Electronics and Communication Engineering) - MBA (5 Years, Bachelor of Technology and MBA (Dual Degree))",5420,AI,OBC-NCL,Gender-Neutral,1
4442,"School of Engineering, Tezpur University, Napaam, Tezpur",412,"B.Tech. (Electronics and Communication Engineering) - MBA (5 Years, Bachelor of Technology and MBA (Dual Degree))",5420,AI,SC,Gender-Neutral,1
4443,"School of Engineering, Tezpur University, Napaam, Tezpur",412,"B.Tech. (Food Engineering and Technology) - MBA (5 Years, Bachelor of Technology and MBA (Dual Degree))",5421,AI,OPEN,Gender-Neutral,2
4444,"School of Engineering, Tezpur University, Napaam, Tezpur",412,"B.Tech. (Food Engineering and Technology) - MBA (5 Years, Bachelor of Technology and MBA (Dual Degree))",5421,AI,OBC-NCL,Gender-Neutral,2
4445,"School of Engineering, Tezpur University, Napaam, Tezpur",412,"B.Tech. (Food Engineering and Technology) - MBA (5 Years, Bachelor of Technology and MBA (Dual Degree))",5421,AI,SC,Gender-Neutral,1
4446,"School of Engineering, Tezpur University, Napaam, Tezpur",412,"B.Tech. (Mechanical Engineering) - MBA (5 Years, Bachelor of Technology and MBA (Dual Degree))",5422,AI,OPEN,Gender-Neutral,1
4447,"School of Engineering, Tezpur University, Napaam, Tezpur",412,"B.Tech. (Mechanical Engineering) - MBA (5 Years, Bachelor of Technology and MBA (Dual Degree))",5422,AI,OBC-NCL(PwD),Gender-Neutral,1
4448,"School of Planning & Architecture, Bhopal",413,"Planning (4 Years, Bachelor of Planning)",4501,AI,OPEN,Gender-Neutral,3
4449,"School of Planning & Architecture, Bhopal",413,"Planning (4 Years, Bachelor of Planning)",4501,AI,OPEN (PwD),Gender-Neutral,1
4450,"School of Planning & Architecture, Bhopal",413,"Planning (4 Years, Bachelor of Planning)",4501,AI,GEN-EWS,Gender-Neutral,3
4451,"School of Planning & Architecture, Bhopal",413,"Planning (4 Years, Bachelor of Planning)",4501,AI,OBC-NCL,Gender-Neutral,7
4452,"School of Planning & Architecture, Bhopal",413,"Planning (4 Years, Bachelor of Planning)",4501,AI,OBC-NCL(PwD),Gender-Neutral,1
4453,"School of Planning & Architecture, Bhopal",413,"Planning (4 Years, Bachelor of Planning)",4501,AI,SC,Gender-Neutral,4
4454,"School of Planning & Architecture, Bhopal",413,"Architecture (5 Years, Bachelor of Architecture)",5101,AI,OPEN,Gender-Neutral,4
4455,"School of Planning & Architecture, Bhopal",413,"Architecture (5 Years, Bachelor of Architecture)",5101,AI,GEN-EWS,Gender-Neutral,1
4456,"School of Planning & Architecture, Bhopal",413,"Architecture (5 Years, Bachelor of Architecture)",5101,AI,OBC-NCL,Gender-Neutral,3
4457,"School of Planning & Architecture, Bhopal",413,"Architecture (5 Years, Bachelor of Architecture)",5101,AI,OBC-NCL(PwD),Gender-Neutral,1
4458,"School of Planning & Architecture, Bhopal",413,"Architecture (5 Years, Bachelor of Architecture)",5101,AI,SC,Gender-Neutral,2
4459,"School of Planning & Architecture, Bhopal",413,"Architecture (5 Years, Bachelor of Architecture)",5101,AI,SC (PwD),Gender-Neutral,1
4460,"School of Planning & Architecture, New Delhi",414,"Planning (4 Years, Bachelor of Planning)",4501,AI,OPEN,Gender-Neutral,6
4461,"School of Planning & Architecture, New Delhi",414,"Planning (4 Years, Bachelor of Planning)",4501,AI,OPEN (PwD),Gender-Neutral,1
4462,"School of Planning & Architecture, New Delhi",414,"Planning (4 Years, Bachelor of Planning)",4501,AI,GEN-EWS,Gender-Neutral,3
4463,"School of Planning & Architecture, New Delhi",414,"Planning (4 Years, Bachelor of Planning)",4501,AI,OBC-NCL,Gender-Neutral,6
4464,"School of Planning & Architecture, New Delhi",414,"Planning (4 Years, Bachelor of Planning)",4501,AI,OBC-NCL(PwD),Gender-Neutral,1
4465,"School of Planning & Architecture, New Delhi",414,"Planning (4 Years, Bachelor of Planning)",4501,AI,SC,Gender-Neutral,2
4466,"School of Planning & Architecture, New Delhi",414,"Planning (4 Years, Bachelor of Planning)",4501,AI,ST,Gender-Neutral,1
4467,"School of Planning & Architecture, New Delhi",414,"Architecture (5 Years, Bachelor of Architecture)",5101,AI,OPEN,Gender-Neutral,6
4468,"School of Planning & Architecture, New Delhi",414,"Architecture (5 Years, Bachelor of Architecture)",5101,AI,GEN-EWS(PwD),Gender-Neutral,1
4469,"School of Planning & Architecture, New Delhi",414,"Architecture (5 Years, Bachelor of Architecture)",5101,AI,OBC-NCL,Gender-Neutral,1
4470,"School of Planning & Architecture, New Delhi",414,"Architecture (5 Years, Bachelor of Architecture)",5101,AI,OBC-NCL(PwD),Gender-Neutral,2
4471,"School of Planning & Architecture, New Delhi",414,"Architecture (5 Years, Bachelor of Architecture)",5101,AI,SC,Gender-Neutral,1
4472,"School of Planning & Architecture, New Delhi",414,"Architecture (5 Years, Bachelor of Architecture)",5101,AI,SC (PwD),Gender-Neutral,1
4473,"School of Planning & Architecture, New Delhi",414,"Architecture (5 Years, Bachelor of Architecture)",5101,AI,ST (PwD),Gender-Neutral,1
4474,School of Planning & Architecture: Vijayawada,415,"Planning (4 Years, Bachelor of Planning)",4501,AI,OPEN,Gender-Neutral,5
4475,School of Planning & Architecture: Vijayawada,415,"Planning (4 Years, Bachelor of Planning)",4501,AI,GEN-EWS,Gender-Neutral,1
4476,School of Planning & Architecture: Vijayawada,415,"Planning (4 Years, Bachelor of Planning)",4501,AI,OBC-NCL,Gender-Neutral,5
4477,School of Planning & Architecture: Vijayawada,415,"Planning (4 Years, Bachelor of Planning)",4501,AI,OBC-NCL(PwD),Gender-Neutral,1
4478,School of Planning & Architecture: Vijayawada,415,"Planning (4 Years, Bachelor of Planning)",4501,AI,ST,Gender-Neutral,1
4479,School of Planning & Architecture: Vijayawada,415,"Architecture (5 Years, Bachelor of Architecture)",5101,AI,OPEN,Gender-Neutral,2
4480,School of Planning & Architecture: Vijayawada,415,"Architecture (5 Years, Bachelor of Architecture)",5101,AI,GEN-EWS,Gender-Neutral,2
4481,School of Planning & Architecture: Vijayawada,415,"Architecture (5 Years, Bachelor of Architecture)",5101,AI,GEN-EWS(PwD),Gender-Neutral,1
4482,School of Planning & Architecture: Vijayawada,415,"Architecture (5 Years, Bachelor of Architecture)",5101,AI,OBC-NCL,Gender-Neutral,2
4483,School of Planning & Architecture: Vijayawada,415,"Architecture (5 Years, Bachelor of Architecture)",5101,AI,OBC-NCL(PwD),Gender-Neutral,1
4484,School of Planning & Architecture: Vijayawada,415,"Architecture (5 Years, Bachelor of Architecture)",5101,AI,SC,Gender-Neutral,3
4485,School of Planning & Architecture: Vijayawada,415,"Architecture (5 Years, Bachelor of Architecture)",5101,AI,SC (PwD),Gender-Neutral,1
4486,School of Planning & Architecture: Vijayawada,415,"Architecture (5 Years, Bachelor of Architecture)",5101,AI,ST,Gender-Neutral,1
4487,"Shri Mata Vaishno Devi University, Katra, Jammu & Kashmir",416,"Bio Technology (4 Years, Bachelor of Technology)",4104,AI,OPEN,Gender-Neutral,3
4488,"Shri Mata Vaishno Devi University, Katra, Jammu & Kashmir",416,"Bio Technology (4 Years, Bachelor of Technology)",4104,AI,GEN-EWS,Gender-Neutral,1
4489,"Shri Mata Vaishno Devi University, Katra, Jammu & Kashmir",416,"Bio Technology (4 Years, Bachelor of Technology)",4104,AI,OBC-NCL,Gender-Neutral,3
4490,"Shri Mata Vaishno Devi University, Katra, Jammu & Kashmir",416,"Bio Technology (4 Years, Bachelor of Technology)",4104,AI,SC,Gender-Neutral,1
4491,"Shri Mata Vaishno Devi University, Katra, Jammu & Kashmir",416,"Civil Engineering (4 Years, Bachelor of Technology)",4109,AI,OPEN,Gender-Neutral,8
4492,"Shri Mata Vaishno Devi University, Katra, Jammu & Kashmir",416,"Civil Engineering (4 Years, Bachelor of Technology)",4109,AI,OPEN (PwD),Gender-Neutral,1
4493,"Shri Mata Vaishno Devi University, Katra, Jammu & Kashmir",416,"Civil Engineering (4 Years, Bachelor of Technology)",4109,AI,GEN-EWS,Gender-Neutral,3
4494,"Shri Mata Vaishno Devi University, Katra, Jammu & Kashmir",416,"Civil Engineering (4 Years, Bachelor of Technology)",4109,AI,OBC-NCL,Gender-Neutral,7
4495,"Shri Mata Vaishno Devi University, Katra, Jammu & Kashmir",416,"Civil Engineering (4 Years, Bachelor of Technology)",4109,AI,SC,Gender-Neutral,3
4496,"Shri Mata Vaishno Devi University, Katra, Jammu & Kashmir",416,"Computer Science and Engineering (4 Years, Bachelor of Technology)",4110,AI,OPEN,Gender-Neutral,22
4497,"Shri Mata Vaishno Devi University, Katra, Jammu & Kashmir",416,"Computer Science and Engineering (4 Years, Bachelor of Technology)",4110,AI,OPEN (PwD),Gender-Neutral,1
4498,"Shri Mata Vaishno Devi University, Katra, Jammu & Kashmir",416,"Computer Science and Engineering (4 Years, Bachelor of Technology)",4110,AI,GEN-EWS,Gender-Neutral,4
4499,"Shri Mata Vaishno Devi University, Katra, Jammu & Kashmir",416,"Computer Science and Engineering (4 Years, Bachelor of Technology)",4110,AI,OBC-NCL,Gender-Neutral,11
4500,"Shri Mata Vaishno Devi University, Katra, Jammu & Kashmir",416,"Computer Science and Engineering (4 Years, Bachelor of Technology)",4110,AI,OBC-NCL(PwD),Gender-Neutral,1
4501,"Shri Mata Vaishno Devi University, Katra, Jammu & Kashmir",416,"Computer Science and Engineering (4 Years, Bachelor of Technology)",4110,AI,SC,Gender-Neutral,7
4502,"Shri Mata Vaishno Devi University, Katra, Jammu & Kashmir",416,"Computer Science and Engineering (4 Years, Bachelor of Technology)",4110,AI,SC (PwD),Gender-Neutral,1
4503,"Shri Mata Vaishno Devi University, Katra, Jammu & Kashmir",416,"Computer Science and Engineering (4 Years, Bachelor of Technology)",4110,AI,ST,Gender-Neutral,5
4504,"Shri Mata Vaishno Devi University, Katra, Jammu & Kashmir",416,"Electrical Engineering (4 Years, Bachelor of Technology)",4111,AI,OPEN,Gender-Neutral,8
4505,"Shri Mata Vaishno Devi University, Katra, Jammu & Kashmir",416,"Electrical Engineering (4 Years, Bachelor of Technology)",4111,AI,OPEN (PwD),Gender-Neutral,1
4506,"Shri Mata Vaishno Devi University, Katra, Jammu & Kashmir",416,"Electrical Engineering (4 Years, Bachelor of Technology)",4111,AI,GEN-EWS,Gender-Neutral,3
4507,"Shri Mata Vaishno Devi University, Katra, Jammu & Kashmir",416,"Electrical Engineering (4 Years, Bachelor of Technology)",4111,AI,OBC-NCL,Gender-Neutral,4
4508,"Shri Mata Vaishno Devi University, Katra, Jammu & Kashmir",416,"Electrical Engineering (4 Years, Bachelor of Technology)",4111,AI,OBC-NCL(PwD),Gender-Neutral,1
4509,"Shri Mata Vaishno Devi University, Katra, Jammu & Kashmir",416,"Electrical Engineering (4 Years, Bachelor of Technology)",4111,AI,SC,Gender-Neutral,4
4510,"Shri Mata Vaishno Devi University, Katra, Jammu & Kashmir",416,"Electrical Engineering (4 Years, Bachelor of Technology)",4111,AI,ST,Gender-Neutral,1
4511,"Shri Mata Vaishno Devi University, Katra, Jammu & Kashmir",416,"Electronics and Communication Engineering (4 Years, Bachelor of Technology)",4114,AI,OPEN,Gender-Neutral,20
4512,"Shri Mata Vaishno Devi University, Katra, Jammu & Kashmir",416,"Electronics and Communication Engineering (4 Years, Bachelor of Technology)",4114,AI,OPEN (PwD),Gender-Neutral,2
4513,"Shri Mata Vaishno Devi University, Katra, Jammu & Kashmir",416,"Electronics and Communication Engineering (4 Years, Bachelor of Technology)",4114,AI,GEN-EWS,Gender-Neutral,5
4514,"Shri Mata Vaishno Devi University, Katra, Jammu & Kashmir",416,"Electronics and Communication Engineering (4 Years, Bachelor of Technology)",4114,AI,OBC-NCL,Gender-Neutral,10
4515,"Shri Mata Vaishno Devi University, Katra, Jammu & Kashmir",416,"Electronics and Communication Engineering (4 Years, Bachelor of Technology)",4114,AI,OBC-NCL(PwD),Gender-Neutral,1
4516,"Shri Mata Vaishno Devi University, Katra, Jammu & Kashmir",416,"Electronics and Communication Engineering (4 Years, Bachelor of Technology)",4114,AI,SC,Gender-Neutral,8
4517,"Shri Mata Vaishno Devi University, Katra, Jammu & Kashmir",416,"Electronics and Communication Engineering (4 Years, Bachelor of Technology)",4114,AI,SC (PwD),Gender-Neutral,1
4518,"Shri Mata Vaishno Devi University, Katra, Jammu & Kashmir",416,"Electronics and Communication Engineering (4 Years, Bachelor of Technology)",4114,AI,ST,Gender-Neutral,3
4519,"Shri Mata Vaishno Devi University, Katra, Jammu & Kashmir",416,"B.Tech in Mathematics and Computing (4 Years, Bachelor of Technology)",411F,AI,OPEN,Gender-Neutral,9
4520,"Shri Mata Vaishno Devi University, Katra, Jammu & Kashmir",416,"B.Tech in Mathematics and Computing (4 Years, Bachelor of Technology)",411F,AI,OPEN (PwD),Gender-Neutral,1
4521,"Shri Mata Vaishno Devi University, Katra, Jammu & Kashmir",416,"B.Tech in Mathematics and Computing (4 Years, Bachelor of Technology)",411F,AI,GEN-EWS,Gender-Neutral,1
4522,"Shri Mata Vaishno Devi University, Katra, Jammu & Kashmir",416,"B.Tech in Mathematics and Computing (4 Years, Bachelor of Technology)",411F,AI,OBC-NCL,Gender-Neutral,8
4523,"Shri Mata Vaishno Devi University, Katra, Jammu & Kashmir",416,"B.Tech in Mathematics and Computing (4 Years, Bachelor of Technology)",411F,AI,SC,Gender-Neutral,2
4524,"Shri Mata Vaishno Devi University, Katra, Jammu & Kashmir",416,"B.Tech in Mathematics and Computing (4 Years, Bachelor of Technology)",411F,AI,ST,Gender-Neutral,2
4525,"Shri Mata Vaishno Devi University, Katra, Jammu & Kashmir",416,"Mechanical Engineering (4 Years, Bachelor of Technology)",4125,AI,OPEN,Gender-Neutral,4
4526,"Shri Mata Vaishno Devi University, Katra, Jammu & Kashmir",416,"Mechanical Engineering (4 Years, Bachelor of Technology)",4125,AI,GEN-EWS,Gender-Neutral,2
4527,"Shri Mata Vaishno Devi University, Katra, Jammu & Kashmir",416,"Mechanical Engineering (4 Years, Bachelor of Technology)",4125,AI,OBC-NCL,Gender-Neutral,4
4528,"Shri Mata Vaishno Devi University, Katra, Jammu & Kashmir",416,"Mechanical Engineering (4 Years, Bachelor of Technology)",4125,AI,SC,Gender-Neutral,2
4529,"Shri Mata Vaishno Devi University, Katra, Jammu & Kashmir",416,"Mechanical Engineering (4 Years, Bachelor of Technology)",4125,AI,ST,Gender-Neutral,1
4530,"Shri Mata Vaishno Devi University, Katra, Jammu & Kashmir",416,"Robotics and AI (4 Years, Bachelor of Technology)",412Y,AI,OPEN,Gender-Neutral,7
4531,"Shri Mata Vaishno Devi University, Katra, Jammu & Kashmir",416,"Robotics and AI (4 Years, Bachelor of Technology)",412Y,AI,OPEN (PwD),Gender-Neutral,1
4532,"Shri Mata Vaishno Devi University, Katra, Jammu & Kashmir",416,"Robotics and AI (4 Years, Bachelor of Technology)",412Y,AI,GEN-EWS,Gender-Neutral,1
4533,"Shri Mata Vaishno Devi University, Katra, Jammu & Kashmir",416,"Robotics and AI (4 Years, Bachelor of Technology)",412Y,AI,OBC-NCL,Gender-Neutral,3
4534,"Shri Mata Vaishno Devi University, Katra, Jammu & Kashmir",416,"Robotics and AI (4 Years, Bachelor of Technology)",412Y,AI,SC,Gender-Neutral,2
4535,"Shri Mata Vaishno Devi University, Katra, Jammu & Kashmir",416,"Robotics and AI (4 Years, Bachelor of Technology)",412Y,AI,ST,Gender-Neutral,1
4536,"Shri Mata Vaishno Devi University, Katra, Jammu & Kashmir",416,"Food Technology (4 Years, Bachelor of Technology)",4164,AI,OPEN,Gender-Neutral,7
4537,"Shri Mata Vaishno Devi University, Katra, Jammu & Kashmir",416,"Food Technology (4 Years, Bachelor of Technology)",4164,AI,GEN-EWS,Gender-Neutral,2
4538,"Shri Mata Vaishno Devi University, Katra, Jammu & Kashmir",416,"Food Technology (4 Years, Bachelor of Technology)",4164,AI,OBC-NCL,Gender-Neutral,5
4539,"Shri Mata Vaishno Devi University, Katra, Jammu & Kashmir",416,"Food Technology (4 Years, Bachelor of Technology)",4164,AI,SC,Gender-Neutral,3
4540,"Shri Mata Vaishno Devi University, Katra, Jammu & Kashmir",416,"Food Technology (4 Years, Bachelor of Technology)",4164,AI,ST,Gender-Neutral,1
4541,"Shri Mata Vaishno Devi University, Katra, Jammu & Kashmir",416,"Bachelor of Design (4 Years, Bachelor of Design)",4402,AI,OPEN,Gender-Neutral,3
4542,"Shri Mata Vaishno Devi University, Katra, Jammu & Kashmir",416,"Bachelor of Design (4 Years, Bachelor of Design)",4402,AI,GEN-EWS,Gender-Neutral,1
4543,"Shri Mata Vaishno Devi University, Katra, Jammu & Kashmir",416,"Bachelor of Design (4 Years, Bachelor of Design)",4402,AI,OBC-NCL,Gender-Neutral,3
4544,"Shri Mata Vaishno Devi University, Katra, Jammu & Kashmir",416,"Bachelor of Design (4 Years, Bachelor of Design)",4402,AI,SC,Gender-Neutral,2
4545,"Shri Mata Vaishno Devi University, Katra, Jammu & Kashmir",416,"Bachelor of Design (4 Years, Bachelor of Design)",4402,AI,ST,Gender-Neutral,1
4546,"Shri Mata Vaishno Devi University, Katra, Jammu & Kashmir",416,"Architecture (5 Years, Bachelor of Architecture)",5101,AI,OPEN,Gender-Neutral,3
4547,"Shri Mata Vaishno Devi University, Katra, Jammu & Kashmir",416,"Architecture (5 Years, Bachelor of Architecture)",5101,AI,GEN-EWS,Gender-Neutral,1
4548,"Shri Mata Vaishno Devi University, Katra, Jammu & Kashmir",416,"Architecture (5 Years, Bachelor of Architecture)",5101,AI,OBC-NCL,Gender-Neutral,3
4549,"Shri Mata Vaishno Devi University, Katra, Jammu & Kashmir",416,"Architecture (5 Years, Bachelor of Architecture)",5101,AI,ST,Gender-Neutral,1
4550,"International Institute of Information Technology, Naya Raipur",420,"Computer Science and Engineering (4 Years, Bachelor of Technology)",4110,AI,OPEN,Gender-Neutral,4
4551,"International Institute of Information Technology, Naya Raipur",420,"Computer Science and Engineering (4 Years, Bachelor of Technology)",4110,AI,OPEN,Female-only (including Supernumerary),1
4552,"International Institute of Information Technology, Naya Raipur",420,"Electronics and Communication Engineering (4 Years, Bachelor of Technology)",4114,AI,OPEN,Gender-Neutral,3
4553,"International Institute of Information Technology, Naya Raipur",420,"Electronics and Communication Engineering (4 Years, Bachelor of Technology)",4114,AI,OPEN,Female-only (including Supernumerary),1
4554,"International Institute of Information Technology, Naya Raipur",420,"Electronics and Communication Engineering (4 Years, Bachelor of Technology)",4114,AI,OBC-NCL,Gender-Neutral,1
4555,"International Institute of Information Technology, Naya Raipur",420,"Electronics and Communication Engineering (4 Years, Bachelor of Technology)",4114,AI,SC,Gender-Neutral,2
4556,"International Institute of Information Technology, Naya Raipur",420,"Electronics and Communication Engineering (4 Years, Bachelor of Technology)",4114,AI,SC (PwD),Gender-Neutral,1
4557,"International Institute of Information Technology, Naya Raipur",420,"Electronics and Communication Engineering (4 Years, Bachelor of Technology)",4114,AI,ST,Female-only (including Supernumerary),1
4558,"International Institute of Information Technology, Naya Raipur",420,"Data Science and Artificial Intelligence (4 Years, Bachelor of Technology)",4181,AI,OPEN,Gender-Neutral,5
4559,"International Institute of Information Technology, Naya Raipur",420,"Data Science and Artificial Intelligence (4 Years, Bachelor of Technology)",4181,AI,OBC-NCL,Gender-Neutral,1
4560,University of Hyderabad,421,"Materials Engineering (5 Years, Integrated Master of Technology)",5313,AI,OPEN,Gender-Neutral,9
4561,University of Hyderabad,421,"Materials Engineering (5 Years, Integrated Master of Technology)",5313,AI,GEN-EWS,Gender-Neutral,4
4562,University of Hyderabad,421,"Materials Engineering (5 Years, Integrated Master of Technology)",5313,AI,OBC-NCL,Gender-Neutral,7
4563,University of Hyderabad,421,"Materials Engineering (5 Years, Integrated Master of Technology)",5313,AI,OBC-NCL(PwD),Gender-Neutral,1
4564,University of Hyderabad,421,"Materials Engineering (5 Years, Integrated Master of Technology)",5313,AI,SC,Gender-Neutral,5
4565,University of Hyderabad,421,"Computer Science and Engineering (5 Years, Integrated Master of Technology)",5314,AI,OPEN,Gender-Neutral,8
4566,University of Hyderabad,421,"Computer Science and Engineering (5 Years, Integrated Master of Technology)",5314,AI,GEN-EWS,Gender-Neutral,1
4567,University of Hyderabad,421,"Computer Science and Engineering (5 Years, Integrated Master of Technology)",5314,AI,OBC-NCL,Gender-Neutral,6
4568,University of Hyderabad,421,"Computer Science and Engineering (5 Years, Integrated Master of Technology)",5314,AI,SC,Gender-Neutral,2
4569,"Punjab Engineering College, Chandigarh",422,"Aerospace Engineering (4 Years, Bachelor of Technology)",4101,HS,OPEN,Gender-Neutral,5
4570,"Punjab Engineering College, Chandigarh",422,"Aerospace Engineering (4 Years, Bachelor of Technology)",4101,HS,OPEN (PwD),Gender-Neutral,1
4571,"Punjab Engineering College, Chandigarh",422,"Aerospace Engineering (4 Years, Bachelor of Technology)",4101,OS,OPEN,Gender-Neutral,4
4572,"Punjab Engineering College, Chandigarh",422,"Aerospace Engineering (4 Years, Bachelor of Technology)",4101,OS,OPEN (PwD),Gender-Neutral,1
4573,"Punjab Engineering College, Chandigarh",422,"Aerospace Engineering (4 Years, Bachelor of Technology)",4101,OS,SC,Gender-Neutral,1
4574,"Punjab Engineering College, Chandigarh",422,"Civil Engineering (4 Years, Bachelor of Technology)",4109,HS,OPEN,Gender-Neutral,12
4575,"Punjab Engineering College, Chandigarh",422,"Civil Engineering (4 Years, Bachelor of Technology)",4109,HS,OPEN (PwD),Gender-Neutral,2
4576,"Punjab Engineering College, Chandigarh",422,"Civil Engineering (4 Years, Bachelor of Technology)",4109,HS,GEN-EWS,Gender-Neutral,5
4577,"Punjab Engineering College, Chandigarh",422,"Civil Engineering (4 Years, Bachelor of Technology)",4109,HS,SC,Gender-Neutral,3
4578,"Punjab Engineering College, Chandigarh",422,"Civil Engineering (4 Years, Bachelor of Technology)",4109,OS,OPEN,Gender-Neutral,17
4579,"Punjab Engineering College, Chandigarh",422,"Civil Engineering (4 Years, Bachelor of Technology)",4109,OS,OPEN (PwD),Gender-Neutral,1
4580,"Punjab Engineering College, Chandigarh",422,"Civil Engineering (4 Years, Bachelor of Technology)",4109,OS,GEN-EWS,Gender-Neutral,4
4581,"Punjab Engineering College, Chandigarh",422,"Civil Engineering (4 Years, Bachelor of Technology)",4109,OS,OBC-NCL,Gender-Neutral,1
4582,"Punjab Engineering College, Chandigarh",422,"Civil Engineering (4 Years, Bachelor of Technology)",4109,OS,SC,Gender-Neutral,2
4583,"Punjab Engineering College, Chandigarh",422,"Computer Science and Engineering (4 Years, Bachelor of Technology)",4110,HS,OPEN,Gender-Neutral,4
4584,"Punjab Engineering College, Chandigarh",422,"Computer Science and Engineering (4 Years, Bachelor of Technology)",4110,HS,GEN-EWS(PwD),Gender-Neutral,1
4585,"Punjab Engineering College, Chandigarh",422,"Computer Science and Engineering (4 Years, Bachelor of Technology)",4110,HS,OBC-NCL(PwD),Gender-Neutral,1
4586,"Punjab Engineering College, Chandigarh",422,"Computer Science and Engineering (4 Years, Bachelor of Technology)",4110,HS,SC,Gender-Neutral,1
4587,"Punjab Engineering College, Chandigarh",422,"Computer Science and Engineering (4 Years, Bachelor of Technology)",4110,OS,OPEN,Gender-Neutral,7
4588,"Punjab Engineering College, Chandigarh",422,"Computer Science and Engineering (4 Years, Bachelor of Technology)",4110,OS,GEN-EWS(PwD),Gender-Neutral,1
4589,"Punjab Engineering College, Chandigarh",422,"Computer Science and Engineering (4 Years, Bachelor of Technology)",4110,OS,OBC-NCL,Gender-Neutral,1
4590,"Punjab Engineering College, Chandigarh",422,"Computer Science and Engineering (4 Years, Bachelor of Technology)",4110,OS,SC,Gender-Neutral,1
4591,"Punjab Engineering College, Chandigarh",422,"Computer Science and Engineering (4 Years, Bachelor of Technology)",4110,OS,SC (PwD),Gender-Neutral,1
4592,"Punjab Engineering College, Chandigarh",422,"Electrical Engineering (4 Years, Bachelor of Technology)",4111,HS,OPEN,Gender-Neutral,6
4593,"Punjab Engineering College, Chandigarh",422,"Electrical Engineering (4 Years, Bachelor of Technology)",4111,HS,OPEN (PwD),Gender-Neutral,2
4594,"Punjab Engineering College, Chandigarh",422,"Electrical Engineering (4 Years, Bachelor of Technology)",4111,HS,SC (PwD),Gender-Neutral,1
4595,"Punjab Engineering College, Chandigarh",422,"Electrical Engineering (4 Years, Bachelor of Technology)",4111,OS,OPEN,Gender-Neutral,10
4596,"Punjab Engineering College, Chandigarh",422,"Electrical Engineering (4 Years, Bachelor of Technology)",4111,OS,GEN-EWS,Gender-Neutral,1
4597,"Punjab Engineering College, Chandigarh",422,"Electrical Engineering (4 Years, Bachelor of Technology)",4111,OS,SC (PwD),Gender-Neutral,1
4598,"Punjab Engineering College, Chandigarh",422,"Electrical Engineering (4 Years, Bachelor of Technology)",4111,OS,ST (PwD),Gender-Neutral,1
4599,"Punjab Engineering College, Chandigarh",422,"Electronics and Communication Engineering (4 Years, Bachelor of Technology)",4114,HS,OPEN,Gender-Neutral,1
4600,"Punjab Engineering College, Chandigarh",422,"Electronics and Communication Engineering (4 Years, Bachelor of Technology)",4114,HS,OPEN (PwD),Gender-Neutral,2
4601,"Punjab Engineering College, Chandigarh",422,"Electronics and Communication Engineering (4 Years, Bachelor of Technology)",4114,HS,GEN-EWS(PwD),Gender-Neutral,1
4602,"Punjab Engineering College, Chandigarh",422,"Electronics and Communication Engineering (4 Years, Bachelor of Technology)",4114,HS,SC,Gender-Neutral,1
4603,"Punjab Engineering College, Chandigarh",422,"Electronics and Communication Engineering (4 Years, Bachelor of Technology)",4114,OS,OPEN,Gender-Neutral,9
4604,"Punjab Engineering College, Chandigarh",422,"Electronics and Communication Engineering (4 Years, Bachelor of Technology)",4114,OS,GEN-EWS,Gender-Neutral,1
4605,"Punjab Engineering College, Chandigarh",422,"Electronics and Communication Engineering (4 Years, Bachelor of Technology)",4114,OS,GEN-EWS(PwD),Gender-Neutral,1
4606,"Punjab Engineering College, Chandigarh",422,"Electronics and Communication Engineering (4 Years, Bachelor of Technology)",4114,OS,SC,Gender-Neutral,3
4607,"Punjab Engineering College, Chandigarh",422,"Electronics Engineering (VLSI Design and Technology) (4 Years, Bachelor of Technology)",411H,HS,OPEN,Gender-Neutral,2
4608,"Punjab Engineering College, Chandigarh",422,"Electronics Engineering (VLSI Design and Technology) (4 Years, Bachelor of Technology)",411H,HS,OPEN (PwD),Gender-Neutral,1
4609,"Punjab Engineering College, Chandigarh",422,"Electronics Engineering (VLSI Design and Technology) (4 Years, Bachelor of Technology)",411H,HS,GEN-EWS,Gender-Neutral,1
4610,"Punjab Engineering College, Chandigarh",422,"Electronics Engineering (VLSI Design and Technology) (4 Years, Bachelor of Technology)",411H,OS,SC,Gender-Neutral,1
4611,"Punjab Engineering College, Chandigarh",422,"Mathematics and Computing (4 Years, Bachelor of Technology)",4124,HS,OPEN,Gender-Neutral,2
4612,"Punjab Engineering College, Chandigarh",422,"Mathematics and Computing (4 Years, Bachelor of Technology)",4124,HS,OPEN (PwD),Gender-Neutral,1
4613,"Punjab Engineering College, Chandigarh",422,"Mathematics and Computing (4 Years, Bachelor of Technology)",4124,OS,SC,Gender-Neutral,1
4614,"Punjab Engineering College, Chandigarh",422,"Mechanical Engineering (4 Years, Bachelor of Technology)",4125,HS,OPEN,Gender-Neutral,12
4615,"Punjab Engineering College, Chandigarh",422,"Mechanical Engineering (4 Years, Bachelor of Technology)",4125,HS,OPEN (PwD),Gender-Neutral,1
4616,"Punjab Engineering College, Chandigarh",422,"Mechanical Engineering (4 Years, Bachelor of Technology)",4125,HS,GEN-EWS,Gender-Neutral,2
4617,"Punjab Engineering College, Chandigarh",422,"Mechanical Engineering (4 Years, Bachelor of Technology)",4125,HS,SC (PwD),Gender-Neutral,1
4618,"Punjab Engineering College, Chandigarh",422,"Mechanical Engineering (4 Years, Bachelor of Technology)",4125,OS,OPEN,Gender-Neutral,14
4619,"Punjab Engineering College, Chandigarh",422,"Mechanical Engineering (4 Years, Bachelor of Technology)",4125,OS,GEN-EWS,Gender-Neutral,2
4620,"Punjab Engineering College, Chandigarh",422,"Mechanical Engineering (4 Years, Bachelor of Technology)",4125,OS,SC,Gender-Neutral,2
4621,"Punjab Engineering College, Chandigarh",422,"Mechanical Engineering (4 Years, Bachelor of Technology)",4125,OS,SC (PwD),Gender-Neutral,1
4622,"Punjab Engineering College, Chandigarh",422,"Metallurgical and Materials Engineering (4 Years, Bachelor of Technology)",4127,HS,OPEN,Gender-Neutral,12
4623,"Punjab Engineering College, Chandigarh",422,"Metallurgical and Materials Engineering (4 Years, Bachelor of Technology)",4127,HS,OPEN (PwD),Gender-Neutral,1
4624,"Punjab Engineering College, Chandigarh",422,"Metallurgical and Materials Engineering (4 Years, Bachelor of Technology)",4127,HS,GEN-EWS,Gender-Neutral,3
4625,"Punjab Engineering College, Chandigarh",422,"Metallurgical and Materials Engineering (4 Years, Bachelor of Technology)",4127,HS,SC,Gender-Neutral,1
4626,"Punjab Engineering College, Chandigarh",422,"Metallurgical and Materials Engineering (4 Years, Bachelor of Technology)",4127,OS,OPEN,Gender-Neutral,9
4627,"Punjab Engineering College, Chandigarh",422,"Metallurgical and Materials Engineering (4 Years, Bachelor of Technology)",4127,OS,OPEN (PwD),Gender-Neutral,1
4628,"Punjab Engineering College, Chandigarh",422,"Metallurgical and Materials Engineering (4 Years, Bachelor of Technology)",4127,OS,SC,Gender-Neutral,4
4629,"Punjab Engineering College, Chandigarh",422,"Production and Industrial Engineering (4 Years, Bachelor of Technology)",4136,HS,OPEN,Gender-Neutral,3
4630,"Punjab Engineering College, Chandigarh",422,"Production and Industrial Engineering (4 Years, Bachelor of Technology)",4136,HS,OPEN (PwD),Gender-Neutral,1
4631,"Punjab Engineering College, Chandigarh",422,"Production and Industrial Engineering (4 Years, Bachelor of Technology)",4136,HS,GEN-EWS,Gender-Neutral,2
4632,"Punjab Engineering College, Chandigarh",422,"Production and Industrial Engineering (4 Years, Bachelor of Technology)",4136,HS,OBC-NCL,Gender-Neutral,1
4633,"Punjab Engineering College, Chandigarh",422,"Production and Industrial Engineering (4 Years, Bachelor of Technology)",4136,HS,SC,Gender-Neutral,1
4634,"Punjab Engineering College, Chandigarh",422,"Production and Industrial Engineering (4 Years, Bachelor of Technology)",4136,OS,OPEN,Gender-Neutral,4
4635,"Punjab Engineering College, Chandigarh",422,"Production and Industrial Engineering (4 Years, Bachelor of Technology)",4136,OS,OPEN (PwD),Gender-Neutral,1
4636,"Punjab Engineering College, Chandigarh",422,"Production and Industrial Engineering (4 Years, Bachelor of Technology)",4136,OS,OBC-NCL,Gender-Neutral,1
4637,"Punjab Engineering College, Chandigarh",422,"Computer Science Engineering (Artificial Intelligence) (4 Years, B. Tech / B. Tech (Hons.))",4603,HS,OPEN,Gender-Neutral,1
4638,"Punjab Engineering College, Chandigarh",422,"Computer Science Engineering (Artificial Intelligence) (4 Years, B. Tech / B. Tech (Hons.))",4603,HS,OPEN (PwD),Gender-Neutral,1
4639,"Punjab Engineering College, Chandigarh",422,"Computer Science Engineering (Artificial Intelligence) (4 Years, B. Tech / B. Tech (Hons.))",4603,OS,OPEN,Gender-Neutral,3
4640,"Punjab Engineering College, Chandigarh",422,"Computer Science Engineering (Data Science) (4 Years, B. Tech / B. Tech (Hons.))",4604,OS,OPEN,Gender-Neutral,6
4641,"Punjab Engineering College, Chandigarh",422,"Computer Science Engineering (Data Science) (4 Years, B. Tech / B. Tech (Hons.))",4604,OS,SC,Gender-Neutral,1
4642,"Punjab Engineering College, Chandigarh",422,"Computer Science Engineering (Data Science) (4 Years, B. Tech / B. Tech (Hons.))",4604,OS,ST,Gender-Neutral,1
4643,"Jawaharlal Nehru University, Delhi",423,"Computer Science and Engineering (4 Years, Bachelor of Technology)",4110,AI,OPEN,Gender-Neutral,9
4644,"Jawaharlal Nehru University, Delhi",423,"Computer Science and Engineering (4 Years, Bachelor of Technology)",4110,AI,GEN-EWS,Gender-Neutral,1
4645,"Jawaharlal Nehru University, Delhi",423,"Computer Science and Engineering (4 Years, Bachelor of Technology)",4110,AI,OBC-NCL,Gender-Neutral,5
4646,"Jawaharlal Nehru University, Delhi",423,"Computer Science and Engineering (4 Years, Bachelor of Technology)",4110,AI,OBC-NCL(PwD),Gender-Neutral,1
4647,"Jawaharlal Nehru University, Delhi",423,"Computer Science and Engineering (4 Years, Bachelor of Technology)",4110,AI,SC,Gender-Neutral,1
4648,"Jawaharlal Nehru University, Delhi",423,"Computer Science and Engineering (4 Years, Bachelor of Technology)",4110,AI,ST,Gender-Neutral,1
4649,"Jawaharlal Nehru University, Delhi",423,"Electronics and Communication Engineering (4 Years, Bachelor of Technology)",4114,AI,OPEN,Gender-Neutral,11
4650,"Jawaharlal Nehru University, Delhi",423,"Electronics and Communication Engineering (4 Years, Bachelor of Technology)",4114,AI,OPEN (PwD),Gender-Neutral,1
4651,"Jawaharlal Nehru University, Delhi",423,"Electronics and Communication Engineering (4 Years, Bachelor of Technology)",4114,AI,OBC-NCL,Gender-Neutral,2
4652,"Jawaharlal Nehru University, Delhi",423,"Electronics and Communication Engineering (4 Years, Bachelor of Technology)",4114,AI,SC,Gender-Neutral,2
4653,"International Institute of Information Technology, Bhubaneswar",424,"Computer Science and Engineering (4 Years, Bachelor of Technology)",4110,AI,OPEN,Gender-Neutral,17
4654,"International Institute of Information Technology, Bhubaneswar",424,"Computer Science and Engineering (4 Years, Bachelor of Technology)",4110,AI,OPEN (PwD),Gender-Neutral,1
4655,"International Institute of Information Technology, Bhubaneswar",424,"Computer Science and Engineering (4 Years, Bachelor of Technology)",4110,AI,GEN-EWS,Gender-Neutral,4
4656,"International Institute of Information Technology, Bhubaneswar",424,"Computer Science and Engineering (4 Years, Bachelor of Technology)",4110,AI,OBC-NCL,Gender-Neutral,6
4657,"International Institute of Information Technology, Bhubaneswar",424,"Computer Science and Engineering (4 Years, Bachelor of Technology)",4110,AI,OBC-NCL(PwD),Gender-Neutral,1
4658,"International Institute of Information Technology, Bhubaneswar",424,"Computer Science and Engineering (4 Years, Bachelor of Technology)",4110,AI,SC,Gender-Neutral,3
4659,"International Institute of Information Technology, Bhubaneswar",424,"Computer Science and Engineering (4 Years, Bachelor of Technology)",4110,AI,ST,Gender-Neutral,3
4660,"International Institute of Information Technology, Bhubaneswar",424,"Electrical and Electronics Engineering (4 Years, Bachelor of Technology)",4144,AI,OPEN,Gender-Neutral,6
4661,"International Institute of Information Technology, Bhubaneswar",424,"Electrical and Electronics Engineering (4 Years, Bachelor of Technology)",4144,AI,OPEN (PwD),Gender-Neutral,1
4662,"International Institute of Information Technology, Bhubaneswar",424,"Electrical and Electronics Engineering (4 Years, Bachelor of Technology)",4144,AI,GEN-EWS,Gender-Neutral,2
4663,"International Institute of Information Technology, Bhubaneswar",424,"Electrical and Electronics Engineering (4 Years, Bachelor of Technology)",4144,AI,OBC-NCL,Gender-Neutral,3
4664,"International Institute of Information Technology, Bhubaneswar",424,"Electrical and Electronics Engineering (4 Years, Bachelor of Technology)",4144,AI,SC,Gender-Neutral,3
4665,"International Institute of Information Technology, Bhubaneswar",424,"Electrical and Electronics Engineering (4 Years, Bachelor of Technology)",4144,AI,ST,Gender-Neutral,3
4666,"International Institute of Information Technology, Bhubaneswar",424,"Information Technology (4 Years, Bachelor of Technology)",4146,AI,OPEN,Gender-Neutral,8
4667,"International Institute of Information Technology, Bhubaneswar",424,"Information Technology (4 Years, Bachelor of Technology)",4146,AI,GEN-EWS,Gender-Neutral,1
4668,"International Institute of Information Technology, Bhubaneswar",424,"Information Technology (4 Years, Bachelor of Technology)",4146,AI,OBC-NCL,Gender-Neutral,4
4669,"International Institute of Information Technology, Bhubaneswar",424,"Information Technology (4 Years, Bachelor of Technology)",4146,AI,SC,Gender-Neutral,3
4670,"International Institute of Information Technology, Bhubaneswar",424,"Information Technology (4 Years, Bachelor of Technology)",4146,AI,ST,Gender-Neutral,1
4671,"International Institute of Information Technology, Bhubaneswar",424,"Electronics and Telecommunication Engineering (4 Years, Bachelor of Technology)",4153,AI,OPEN,Gender-Neutral,12
4672,"International Institute of Information Technology, Bhubaneswar",424,"Electronics and Telecommunication Engineering (4 Years, Bachelor of Technology)",4153,AI,GEN-EWS,Gender-Neutral,2
4673,"International Institute of Information Technology, Bhubaneswar",424,"Electronics and Telecommunication Engineering (4 Years, Bachelor of Technology)",4153,AI,OBC-NCL,Gender-Neutral,2
4674,"International Institute of Information Technology, Bhubaneswar",424,"Electronics and Telecommunication Engineering (4 Years, Bachelor of Technology)",4153,AI,SC,Gender-Neutral,4
4675,"Central institute of Technology Kokrajar, Assam",425,"Civil Engineering (4 Years, Bachelor of Technology)",4109,AI,OPEN,Gender-Neutral,1
4676,"Central institute of Technology Kokrajar, Assam",425,"Civil Engineering (4 Years, Bachelor of Technology)",4109,AI,OPEN,Female-only (including Supernumerary),1
4677,"Central institute of Technology Kokrajar, Assam",425,"Civil Engineering (4 Years, Bachelor of Technology)",4109,AI,OBC-NCL,Gender-Neutral,1
4678,"Central institute of Technology Kokrajar, Assam",425,"Computer Science and Engineering (4 Years, Bachelor of Technology)",4110,AI,OPEN,Gender-Neutral,2
4679,"Central institute of Technology Kokrajar, Assam",425,"Computer Science and Engineering (4 Years, Bachelor of Technology)",4110,AI,OPEN,Female-only (including Supernumerary),1
4680,"Central institute of Technology Kokrajar, Assam",425,"Computer Science and Engineering (4 Years, Bachelor of Technology)",4110,AI,OPEN (PwD),Gender-Neutral,1
4681,"Central institute of Technology Kokrajar, Assam",425,"Computer Science and Engineering (4 Years, Bachelor of Technology)",4110,AI,GEN-EWS,Gender-Neutral,1
4682,"Central institute of Technology Kokrajar, Assam",425,"Computer Science and Engineering (4 Years, Bachelor of Technology)",4110,AI,SC,Gender-Neutral,1
4683,"Central institute of Technology Kokrajar, Assam",425,"Electronics and Communication Engineering (4 Years, Bachelor of Technology)",4114,AI,OPEN,Gender-Neutral,1
4684,"Central institute of Technology Kokrajar, Assam",425,"Electronics and Communication Engineering (4 Years, Bachelor of Technology)",4114,AI,OPEN,Female-only (including Supernumerary),1
4685,"Central institute of Technology Kokrajar, Assam",425,"Instrumentation Engineering (4 Years, Bachelor of Technology)",4121,AI,OPEN,Gender-Neutral,1
4686,"Central institute of Technology Kokrajar, Assam",425,"Instrumentation Engineering (4 Years, Bachelor of Technology)",4121,AI,OBC-NCL,Gender-Neutral,1
4687,"Central institute of Technology Kokrajar, Assam",425,"Instrumentation Engineering (4 Years, Bachelor of Technology)",4121,AI,ST,Gender-Neutral,1
4688,"Central institute of Technology Kokrajar, Assam",425,"Food Engineering and Technology (4 Years, Bachelor of Technology)",4167,AI,OPEN,Gender-Neutral,1
4689,"Central institute of Technology Kokrajar, Assam",425,"Food Engineering and Technology (4 Years, Bachelor of Technology)",4167,AI,OPEN,Female-only (including Supernumerary),1
4690,"Central institute of Technology Kokrajar, Assam",425,"Food Engineering and Technology (4 Years, Bachelor of Technology)",4167,AI,GEN-EWS(PwD),Gender-Neutral,1
4691,"Central institute of Technology Kokrajar, Assam",425,"Food Engineering and Technology (4 Years, Bachelor of Technology)",4167,AI,SC,Gender-Neutral,1
4692,"Puducherry Technological University, Puducherry",426,"Chemical Engineering (4 Years, Bachelor of Technology)",4107,AI,OPEN,Gender-Neutral,4
4693,"Puducherry Technological University, Puducherry",426,"Chemical Engineering (4 Years, Bachelor of Technology)",4107,AI,GEN-EWS,Gender-Neutral,1
4694,"Puducherry Technological University, Puducherry",426,"Chemical Engineering (4 Years, Bachelor of Technology)",4107,AI,OBC-NCL,Gender-Neutral,1
4695,"Puducherry Technological University, Puducherry",426,"Chemical Engineering (4 Years, Bachelor of Technology)",4107,AI,SC,Gender-Neutral,1
4696,"Puducherry Technological University, Puducherry",426,"Civil Engineering (4 Years, Bachelor of Technology)",4109,AI,OPEN,Gender-Neutral,9
4697,"Puducherry Technological University, Puducherry",426,"Civil Engineering (4 Years, Bachelor of Technology)",4109,AI,OBC-NCL,Gender-Neutral,8
4698,"Puducherry Technological University, Puducherry",426,"Civil Engineering (4 Years, Bachelor of Technology)",4109,AI,SC,Gender-Neutral,3
4699,"Puducherry Technological University, Puducherry",426,"Civil Engineering (4 Years, Bachelor of Technology)",4109,AI,ST,Gender-Neutral,2
4700,"Puducherry Technological University, Puducherry",426,"Civil Engineering (4 Years, Bachelor of Technology)",4109,HS,OPEN,Gender-Neutral,4
4701,"Puducherry Technological University, Puducherry",426,"Civil Engineering (4 Years, Bachelor of Technology)",4109,HS,OBC-NCL,Gender-Neutral,3
4702,"Puducherry Technological University, Puducherry",426,"Civil Engineering (4 Years, Bachelor of Technology)",4109,HS,SC,Gender-Neutral,1
4703,"Puducherry Technological University, Puducherry",426,"Computer Science and Engineering (4 Years, Bachelor of Technology)",4110,AI,OPEN,Gender-Neutral,24
4704,"Puducherry Technological University, Puducherry",426,"Computer Science and Engineering (4 Years, Bachelor of Technology)",4110,AI,OBC-NCL,Gender-Neutral,9
4705,"Puducherry Technological University, Puducherry",426,"Computer Science and Engineering (4 Years, Bachelor of Technology)",4110,AI,SC,Gender-Neutral,4
4706,"Puducherry Technological University, Puducherry",426,"Computer Science and Engineering (4 Years, Bachelor of Technology)",4110,AI,ST,Gender-Neutral,1
4707,"Puducherry Technological University, Puducherry",426,"Computer Science and Engineering (4 Years, Bachelor of Technology)",4110,HS,OPEN,Gender-Neutral,4
4708,"Puducherry Technological University, Puducherry",426,"Computer Science and Engineering (4 Years, Bachelor of Technology)",4110,HS,OBC-NCL,Gender-Neutral,2
4709,"Puducherry Technological University, Puducherry",426,"Computer Science and Engineering (4 Years, Bachelor of Technology)",4110,HS,SC,Gender-Neutral,1
4710,"Puducherry Technological University, Puducherry",426,"Electronics and Communication Engineering (4 Years, Bachelor of Technology)",4114,AI,OPEN,Gender-Neutral,24
4711,"Puducherry Technological University, Puducherry",426,"Electronics and Communication Engineering (4 Years, Bachelor of Technology)",4114,AI,OBC-NCL,Gender-Neutral,11
4712,"Puducherry Technological University, Puducherry",426,"Electronics and Communication Engineering (4 Years, Bachelor of Technology)",4114,AI,SC,Gender-Neutral,3
4713,"Puducherry Technological University, Puducherry",426,"Electronics and Communication Engineering (4 Years, Bachelor of Technology)",4114,AI,ST,Gender-Neutral,3
4714,"Puducherry Technological University, Puducherry",426,"Electronics and Communication Engineering (4 Years, Bachelor of Technology)",4114,HS,OPEN,Gender-Neutral,3
4715,"Puducherry Technological University, Puducherry",426,"Electronics and Communication Engineering (4 Years, Bachelor of Technology)",4114,HS,OBC-NCL,Gender-Neutral,4
4716,"Puducherry Technological University, Puducherry",426,"Electronics and Communication Engineering (4 Years, Bachelor of Technology)",4114,HS,SC,Gender-Neutral,1
4717,"Puducherry Technological University, Puducherry",426,"Mechanical Engineering (4 Years, Bachelor of Technology)",4125,AI,OPEN,Gender-Neutral,4
4718,"Puducherry Technological University, Puducherry",426,"Mechanical Engineering (4 Years, Bachelor of Technology)",4125,AI,GEN-EWS,Gender-Neutral,1
4719,"Puducherry Technological University, Puducherry",426,"Mechanical Engineering (4 Years, Bachelor of Technology)",4125,AI,GEN-EWS(PwD),Gender-Neutral,1
4720,"Puducherry Technological University, Puducherry",426,"Mechanical Engineering (4 Years, Bachelor of Technology)",4125,AI,OBC-NCL,Gender-Neutral,1
4721,"Puducherry Technological University, Puducherry",426,"Mechanical Engineering (4 Years, Bachelor of Technology)",4125,AI,SC,Gender-Neutral,1
4722,"Puducherry Technological University, Puducherry",426,"Electronics and Instrumentation Engineering (4 Years, Bachelor of Technology)",4142,AI,OPEN,Gender-Neutral,4
4723,"Puducherry Technological University, Puducherry",426,"Electronics and Instrumentation Engineering (4 Years, Bachelor of Technology)",4142,AI,GEN-EWS,Gender-Neutral,1
4724,"Puducherry Technological University, Puducherry",426,"Electronics and Instrumentation Engineering (4 Years, Bachelor of Technology)",4142,AI,GEN-EWS(PwD),Gender-Neutral,1
4725,"Puducherry Technological University, Puducherry",426,"Electronics and Instrumentation Engineering (4 Years, Bachelor of Technology)",4142,AI,OBC-NCL,Gender-Neutral,1
4726,"Puducherry Technological University, Puducherry",426,"Electrical and Electronics Engineering (4 Years, Bachelor of Technology)",4144,AI,OPEN,Gender-Neutral,3
4727,"Puducherry Technological University, Puducherry",426,"Electrical and Electronics Engineering (4 Years, Bachelor of Technology)",4144,AI,GEN-EWS,Gender-Neutral,1
4728,"Puducherry Technological University, Puducherry",426,"Electrical and Electronics Engineering (4 Years, Bachelor of Technology)",4144,AI,GEN-EWS(PwD),Gender-Neutral,1
4729,"Puducherry Technological University, Puducherry",426,"Electrical and Electronics Engineering (4 Years, Bachelor of Technology)",4144,AI,OBC-NCL,Gender-Neutral,1
4730,"Puducherry Technological University, Puducherry",426,"Information Technology (4 Years, Bachelor of Technology)",4146,AI,OPEN,Gender-Neutral,2
4731,"Puducherry Technological University, Puducherry",426,"Information Technology (4 Years, Bachelor of Technology)",4146,AI,GEN-EWS(PwD),Gender-Neutral,1
4732,"Puducherry Technological University, Puducherry",426,"Information Technology (4 Years, Bachelor of Technology)",4146,AI,OBC-NCL,Gender-Neutral,2
4733,"Puducherry Technological University, Puducherry",426,"Information Technology (4 Years, Bachelor of Technology)",4146,AI,SC,Gender-Neutral,1
4734,"Puducherry Technological University, Puducherry",426,"Mechatronics Engineering (4 Years, Bachelor of Technology)",4178,AI,OPEN,Gender-Neutral,11
4735,"Puducherry Technological University, Puducherry",426,"Mechatronics Engineering (4 Years, Bachelor of Technology)",4178,AI,OBC-NCL,Gender-Neutral,4
4736,"Puducherry Technological University, Puducherry",426,"Mechatronics Engineering (4 Years, Bachelor of Technology)",4178,AI,ST,Gender-Neutral,1
4737,"Puducherry Technological University, Puducherry",426,"Mechatronics Engineering (4 Years, Bachelor of Technology)",4178,HS,OPEN,Gender-Neutral,2
4738,"Puducherry Technological University, Puducherry",426,"Mechatronics Engineering (4 Years, Bachelor of Technology)",4178,HS,OBC-NCL,Gender-Neutral,2
4739,"Puducherry Technological University, Puducherry",426,"Artificial Intelligence and Data Science (4 Years, Bachelor of Technology)",4188,AI,OPEN,Gender-Neutral,8
4740,"Puducherry Technological University, Puducherry",426,"Artificial Intelligence and Data Science (4 Years, Bachelor of Technology)",4188,AI,OBC-NCL,Gender-Neutral,2
4741,"Puducherry Technological University, Puducherry",426,"Artificial Intelligence and Data Science (4 Years, Bachelor of Technology)",4188,AI,SC,Gender-Neutral,2
4742,"Puducherry Technological University, Puducherry",426,"Artificial Intelligence and Data Science (4 Years, Bachelor of Technology)",4188,HS,OPEN,Gender-Neutral,2
4743,"Puducherry Technological University, Puducherry",426,"Artificial Intelligence and Data Science (4 Years, Bachelor of Technology)",4188,HS,OBC-NCL,Gender-Neutral,1
4744,"Ghani Khan Choudhary Institute of Engineering and Technology, Malda, West Bengal",427,"Computer Science Engineering (Artificial lntelligence and Machine Learning) (4 Years, Bachelor of Technology)",410E,HS,OPEN,Gender-Neutral,6
4745,"Ghani Khan Choudhary Institute of Engineering and Technology, Malda, West Bengal",427,"Computer Science Engineering (Artificial lntelligence and Machine Learning) (4 Years, Bachelor of Technology)",410E,HS,OPEN,Female-only (including Supernumerary),1
4746,"Ghani Khan Choudhary Institute of Engineering and Technology, Malda, West Bengal",427,"Computer Science Engineering (Artificial lntelligence and Machine Learning) (4 Years, Bachelor of Technology)",410E,HS,GEN-EWS,Gender-Neutral,1
4747,"Ghani Khan Choudhary Institute of Engineering and Technology, Malda, West Bengal",427,"Computer Science Engineering (Artificial lntelligence and Machine Learning) (4 Years, Bachelor of Technology)",410E,HS,GEN-EWS(PwD),Gender-Neutral,1
4748,"Ghani Khan Choudhary Institute of Engineering and Technology, Malda, West Bengal",427,"Computer Science Engineering (Artificial lntelligence and Machine Learning) (4 Years, Bachelor of Technology)",410E,HS,OBC-NCL,Gender-Neutral,2
4749,"Ghani Khan Choudhary Institute of Engineering and Technology, Malda, West Bengal",427,"Computer Science Engineering (Artificial lntelligence and Machine Learning) (4 Years, Bachelor of Technology)",410E,OS,OPEN,Gender-Neutral,7
4750,"Ghani Khan Choudhary Institute of Engineering and Technology, Malda, West Bengal",427,"Computer Science Engineering (Artificial lntelligence and Machine Learning) (4 Years, Bachelor of Technology)",410E,OS,OPEN,Female-only (including Supernumerary),2
4751,"Ghani Khan Choudhary Institute of Engineering and Technology, Malda, West Bengal",427,"Computer Science Engineering (Artificial lntelligence and Machine Learning) (4 Years, Bachelor of Technology)",410E,OS,GEN-EWS,Gender-Neutral,2
4752,"Ghani Khan Choudhary Institute of Engineering and Technology, Malda, West Bengal",427,"Computer Science Engineering (Artificial lntelligence and Machine Learning) (4 Years, Bachelor of Technology)",410E,OS,OBC-NCL,Gender-Neutral,3
4753,"Ghani Khan Choudhary Institute of Engineering and Technology, Malda, West Bengal",427,"Computer Science Engineering (Artificial lntelligence and Machine Learning) (4 Years, Bachelor of Technology)",410E,OS,ST,Gender-Neutral,1
4754,"Ghani Khan Choudhary Institute of Engineering and Technology, Malda, West Bengal",427,"Civil and Environmental Engineering (4 Years, Bachelor of Technology)",410X,HS,OPEN,Gender-Neutral,4
4755,"Ghani Khan Choudhary Institute of Engineering and Technology, Malda, West Bengal",427,"Civil and Environmental Engineering (4 Years, Bachelor of Technology)",410X,HS,OPEN,Female-only (including Supernumerary),2
4756,"Ghani Khan Choudhary Institute of Engineering and Technology, Malda, West Bengal",427,"Civil and Environmental Engineering (4 Years, Bachelor of Technology)",410X,HS,OPEN (PwD),Gender-Neutral,1
4757,"Ghani Khan Choudhary Institute of Engineering and Technology, Malda, West Bengal",427,"Civil and Environmental Engineering (4 Years, Bachelor of Technology)",410X,HS,GEN-EWS,Gender-Neutral,2
4758,"Ghani Khan Choudhary Institute of Engineering and Technology, Malda, West Bengal",427,"Civil and Environmental Engineering (4 Years, Bachelor of Technology)",410X,HS,OBC-NCL,Gender-Neutral,5
4759,"Ghani Khan Choudhary Institute of Engineering and Technology, Malda, West Bengal",427,"Civil and Environmental Engineering (4 Years, Bachelor of Technology)",410X,HS,OBC-NCL,Female-only (including Supernumerary),1
4760,"Ghani Khan Choudhary Institute of Engineering and Technology, Malda, West Bengal",427,"Civil and Environmental Engineering (4 Years, Bachelor of Technology)",410X,HS,SC,Gender-Neutral,2
4761,"Ghani Khan Choudhary Institute of Engineering and Technology, Malda, West Bengal",427,"Civil and Environmental Engineering (4 Years, Bachelor of Technology)",410X,OS,OPEN,Gender-Neutral,6
4762,"Ghani Khan Choudhary Institute of Engineering and Technology, Malda, West Bengal",427,"Civil and Environmental Engineering (4 Years, Bachelor of Technology)",410X,OS,OPEN,Female-only (including Supernumerary),2
4763,"Ghani Khan Choudhary Institute of Engineering and Technology, Malda, West Bengal",427,"Civil and Environmental Engineering (4 Years, Bachelor of Technology)",410X,OS,GEN-EWS,Gender-Neutral,2
4764,"Ghani Khan Choudhary Institute of Engineering and Technology, Malda, West Bengal",427,"Civil and Environmental Engineering (4 Years, Bachelor of Technology)",410X,OS,OBC-NCL,Gender-Neutral,5
4765,"Ghani Khan Choudhary Institute of Engineering and Technology, Malda, West Bengal",427,"Civil and Environmental Engineering (4 Years, Bachelor of Technology)",410X,OS,OBC-NCL,Female-only (including Supernumerary),1
4766,"Ghani Khan Choudhary Institute of Engineering and Technology, Malda, West Bengal",427,"Civil and Environmental Engineering (4 Years, Bachelor of Technology)",410X,OS,SC,Gender-Neutral,1
4767,"Ghani Khan Choudhary Institute of Engineering and Technology, Malda, West Bengal",427,"Civil and Environmental Engineering (4 Years, Bachelor of Technology)",410X,OS,ST,Gender-Neutral,2
4768,"Ghani Khan Choudhary Institute of Engineering and Technology, Malda, West Bengal",427,"Civil and Environmental Engineering (4 Years, Bachelor of Technology)",410X,OS,ST (PwD),Gender-Neutral,1
4769,"Ghani Khan Choudhary Institute of Engineering and Technology, Malda, West Bengal",427,"Electrical Engineering (4 Years, Bachelor of Technology)",4111,HS,OPEN,Gender-Neutral,5
4770,"Ghani Khan Choudhary Institute of Engineering and Technology, Malda, West Bengal",427,"Electrical Engineering (4 Years, Bachelor of Technology)",4111,HS,OPEN,Female-only (including Supernumerary),1
4771,"Ghani Khan Choudhary Institute of Engineering and Technology, Malda, West Bengal",427,"Electrical Engineering (4 Years, Bachelor of Technology)",4111,HS,OPEN (PwD),Gender-Neutral,1
4772,"Ghani Khan Choudhary Institute of Engineering and Technology, Malda, West Bengal",427,"Electrical Engineering (4 Years, Bachelor of Technology)",4111,HS,GEN-EWS,Gender-Neutral,2
4773,"Ghani Khan Choudhary Institute of Engineering and Technology, Malda, West Bengal",427,"Electrical Engineering (4 Years, Bachelor of Technology)",4111,HS,OBC-NCL,Gender-Neutral,2
4774,"Ghani Khan Choudhary Institute of Engineering and Technology, Malda, West Bengal",427,"Electrical Engineering (4 Years, Bachelor of Technology)",4111,HS,SC,Gender-Neutral,1
4775,"Ghani Khan Choudhary Institute of Engineering and Technology, Malda, West Bengal",427,"Electrical Engineering (4 Years, Bachelor of Technology)",4111,HS,ST,Gender-Neutral,2
4776,"Ghani Khan Choudhary Institute of Engineering and Technology, Malda, West Bengal",427,"Electrical Engineering (4 Years, Bachelor of Technology)",4111,OS,OPEN,Gender-Neutral,6
4777,"Ghani Khan Choudhary Institute of Engineering and Technology, Malda, West Bengal",427,"Electrical Engineering (4 Years, Bachelor of Technology)",4111,OS,OPEN,Female-only (including Supernumerary),1
4778,"Ghani Khan Choudhary Institute of Engineering and Technology, Malda, West Bengal",427,"Electrical Engineering (4 Years, Bachelor of Technology)",4111,OS,OBC-NCL,Gender-Neutral,2
4779,"Ghani Khan Choudhary Institute of Engineering and Technology, Malda, West Bengal",427,"Electrical Engineering (4 Years, Bachelor of Technology)",4111,OS,OBC-NCL(PwD),Gender-Neutral,1
4780,"Ghani Khan Choudhary Institute of Engineering and Technology, Malda, West Bengal",427,"Electrical Engineering (4 Years, Bachelor of Technology)",4111,OS,SC,Gender-Neutral,2
4781,"Ghani Khan Choudhary Institute of Engineering and Technology, Malda, West Bengal",427,"Electrical Engineering (4 Years, Bachelor of Technology)",4111,OS,ST,Gender-Neutral,1
4782,"Ghani Khan Choudhary Institute of Engineering and Technology, Malda, West Bengal",427,"Mechanical Engineering (4 Years, Bachelor of Technology)",4125,HS,OPEN,Gender-Neutral,4
4783,"Ghani Khan Choudhary Institute of Engineering and Technology, Malda, West Bengal",427,"Mechanical Engineering (4 Years, Bachelor of Technology)",4125,HS,OPEN,Female-only (including Supernumerary),1
4784,"Ghani Khan Choudhary Institute of Engineering and Technology, Malda, West Bengal",427,"Mechanical Engineering (4 Years, Bachelor of Technology)",4125,HS,OPEN (PwD),Gender-Neutral,1
4785,"Ghani Khan Choudhary Institute of Engineering and Technology, Malda, West Bengal",427,"Mechanical Engineering (4 Years, Bachelor of Technology)",4125,HS,GEN-EWS,Gender-Neutral,2
4786,"Ghani Khan Choudhary Institute of Engineering and Technology, Malda, West Bengal",427,"Mechanical Engineering (4 Years, Bachelor of Technology)",4125,HS,OBC-NCL,Gender-Neutral,2
4787,"Ghani Khan Choudhary Institute of Engineering and Technology, Malda, West Bengal",427,"Mechanical Engineering (4 Years, Bachelor of Technology)",4125,HS,OBC-NCL(PwD),Gender-Neutral,1
4788,"Ghani Khan Choudhary Institute of Engineering and Technology, Malda, West Bengal",427,"Mechanical Engineering (4 Years, Bachelor of Technology)",4125,HS,SC,Gender-Neutral,2
4789,"Ghani Khan Choudhary Institute of Engineering and Technology, Malda, West Bengal",427,"Mechanical Engineering (4 Years, Bachelor of Technology)",4125,OS,OPEN,Gender-Neutral,7
4790,"Ghani Khan Choudhary Institute of Engineering and Technology, Malda, West Bengal",427,"Mechanical Engineering (4 Years, Bachelor of Technology)",4125,OS,OPEN,Female-only (including Supernumerary),1
4791,"Ghani Khan Choudhary Institute of Engineering and Technology, Malda, West Bengal",427,"Mechanical Engineering (4 Years, Bachelor of Technology)",4125,OS,GEN-EWS,Gender-Neutral,1
4792,"Ghani Khan Choudhary Institute of Engineering and Technology, Malda, West Bengal",427,"Mechanical Engineering (4 Years, Bachelor of Technology)",4125,OS,OBC-NCL,Gender-Neutral,3
4793,"Ghani Khan Choudhary Institute of Engineering and Technology, Malda, West Bengal",427,"Mechanical Engineering (4 Years, Bachelor of Technology)",4125,OS,SC,Gender-Neutral,1
4794,"Ghani Khan Choudhary Institute of Engineering and Technology, Malda, West Bengal",427,"Mechanical Engineering (4 Years, Bachelor of Technology)",4125,OS,ST,Gender-Neutral,1
4795,"Ghani Khan Choudhary Institute of Engineering and Technology, Malda, West Bengal",427,"Food Technology (4 Years, Bachelor of Technology)",4164,HS,OPEN,Gender-Neutral,7
4796,"Ghani Khan Choudhary Institute of Engineering and Technology, Malda, West Bengal",427,"Food Technology (4 Years, Bachelor of Technology)",4164,HS,OPEN (PwD),Gender-Neutral,1
4797,"Ghani Khan Choudhary Institute of Engineering and Technology, Malda, West Bengal",427,"Food Technology (4 Years, Bachelor of Technology)",4164,HS,GEN-EWS,Gender-Neutral,1
4798,"Ghani Khan Choudhary Institute of Engineering and Technology, Malda, West Bengal",427,"Food Technology (4 Years, Bachelor of Technology)",4164,HS,GEN-EWS(PwD),Gender-Neutral,1
4799,"Ghani Khan Choudhary Institute of Engineering and Technology, Malda, West Bengal",427,"Food Technology (4 Years, Bachelor of Technology)",4164,HS,OBC-NCL,Gender-Neutral,4
4800,"Ghani Khan Choudhary Institute of Engineering and Technology, Malda, West Bengal",427,"Food Technology (4 Years, Bachelor of Technology)",4164,HS,SC,Gender-Neutral,2
4801,"Ghani Khan Choudhary Institute of Engineering and Technology, Malda, West Bengal",427,"Food Technology (4 Years, Bachelor of Technology)",4164,HS,ST,Gender-Neutral,1
4802,"Ghani Khan Choudhary Institute of Engineering and Technology, Malda, West Bengal",427,"Food Technology (4 Years, Bachelor of Technology)",4164,OS,OPEN,Gender-Neutral,7
4803,"Ghani Khan Choudhary Institute of Engineering and Technology, Malda, West Bengal",427,"Food Technology (4 Years, Bachelor of Technology)",4164,OS,GEN-EWS,Gender-Neutral,2
4804,"Ghani Khan Choudhary Institute of Engineering and Technology, Malda, West Bengal",427,"Food Technology (4 Years, Bachelor of Technology)",4164,OS,OBC-NCL,Gender-Neutral,5
4805,"Ghani Khan Choudhary Institute of Engineering and Technology, Malda, West Bengal",427,"Food Technology (4 Years, Bachelor of Technology)",4164,OS,SC,Gender-Neutral,3
4806,"Ghani Khan Choudhary Institute of Engineering and Technology, Malda, West Bengal",427,"Food Technology (4 Years, Bachelor of Technology)",4164,OS,SC (PwD),Gender-Neutral,1
4807,"Ghani Khan Choudhary Institute of Engineering and Technology, Malda, West Bengal",427,"Food Technology (4 Years, Bachelor of Technology)",4164,OS,ST,Gender-Neutral,1
4808,"Central University of Rajasthan, Rajasthan",428,"Computer Science and Engineering (4 Years, Bachelor of Technology)",4110,AI,OPEN,Gender-Neutral,10
4809,"Central University of Rajasthan, Rajasthan",428,"Computer Science and Engineering (4 Years, Bachelor of Technology)",4110,AI,GEN-EWS,Gender-Neutral,1
4810,"Central University of Rajasthan, Rajasthan",428,"Computer Science and Engineering (4 Years, Bachelor of Technology)",4110,AI,OBC-NCL,Gender-Neutral,4
4811,"Central University of Rajasthan, Rajasthan",428,"Computer Science and Engineering (4 Years, Bachelor of Technology)",4110,AI,SC,Gender-Neutral,3
4812,"Central University of Rajasthan, Rajasthan",428,"Computer Science and Engineering (4 Years, Bachelor of Technology)",4110,AI,ST,Gender-Neutral,2
4813,"Central University of Rajasthan, Rajasthan",428,"Electronics and Communication Engineering (4 Years, Bachelor of Technology)",4114,AI,OPEN,Gender-Neutral,7
4814,"Central University of Rajasthan, Rajasthan",428,"Electronics and Communication Engineering (4 Years, Bachelor of Technology)",4114,AI,OPEN (PwD),Gender-Neutral,1
4815,"Central University of Rajasthan, Rajasthan",428,"Electronics and Communication Engineering (4 Years, Bachelor of Technology)",4114,AI,OBC-NCL,Gender-Neutral,1
4816,"Central University of Rajasthan, Rajasthan",428,"Electronics and Communication Engineering (4 Years, Bachelor of Technology)",4114,AI,SC,Gender-Neutral,1
4817,"Central University of Rajasthan, Rajasthan",428,"Bio Medical Engineering (4 Years, Bachelor of Technology)",4152,AI,OPEN,Gender-Neutral,11
4818,"Central University of Rajasthan, Rajasthan",428,"Bio Medical Engineering (4 Years, Bachelor of Technology)",4152,AI,OPEN (PwD),Gender-Neutral,1
4819,"Central University of Rajasthan, Rajasthan",428,"Bio Medical Engineering (4 Years, Bachelor of Technology)",4152,AI,GEN-EWS,Gender-Neutral,2
4820,"Central University of Rajasthan, Rajasthan",428,"Bio Medical Engineering (4 Years, Bachelor of Technology)",4152,AI,OBC-NCL,Gender-Neutral,7
4821,"Central University of Rajasthan, Rajasthan",428,"Bio Medical Engineering (4 Years, Bachelor of Technology)",4152,AI,SC,Gender-Neutral,2
4822,"Central University of Rajasthan, Rajasthan",428,"Bio Medical Engineering (4 Years, Bachelor of Technology)",4152,AI,ST,Gender-Neutral,2
4823,"National Institute of Food Technology Entrepreneurship and Management, Kundli",430,"Food Technology and Management (4 Years, Bachelor of Technology)",4183,AI,OPEN,Gender-Neutral,21
4824,"National Institute of Food Technology Entrepreneurship and Management, Kundli",430,"Food Technology and Management (4 Years, Bachelor of Technology)",4183,AI,OPEN (PwD),Gender-Neutral,2
4825,"National Institute of Food Technology Entrepreneurship and Management, Kundli",430,"Food Technology and Management (4 Years, Bachelor of Technology)",4183,AI,GEN-EWS,Gender-Neutral,7
4826,"National Institute of Food Technology Entrepreneurship and Management, Kundli",430,"Food Technology and Management (4 Years, Bachelor of Technology)",4183,AI,GEN-EWS(PwD),Gender-Neutral,1
4827,"National Institute of Food Technology Entrepreneurship and Management, Kundli",430,"Food Technology and Management (4 Years, Bachelor of Technology)",4183,AI,OBC-NCL,Gender-Neutral,19
4828,"National Institute of Food Technology Entrepreneurship and Management, Kundli",430,"Food Technology and Management (4 Years, Bachelor of Technology)",4183,AI,OBC-NCL(PwD),Gender-Neutral,1
4829,"National Institute of Food Technology Entrepreneurship and Management, Kundli",430,"Food Technology and Management (4 Years, Bachelor of Technology)",4183,AI,SC,Gender-Neutral,7
4830,"National Institute of Food Technology Entrepreneurship and Management, Kundli",430,"Food Technology and Management (4 Years, Bachelor of Technology)",4183,AI,SC (PwD),Gender-Neutral,1
4831,"National Institute of Food Technology Entrepreneurship and Management, Kundli",430,"Food Technology and Management (4 Years, Bachelor of Technology)",4183,AI,ST,Gender-Neutral,5
4832,"National Institute of Food Technology Entrepreneurship and Management, Kundli",430,"Food Technology and Management (4 Years, Bachelor of Technology)",4183,AI,ST (PwD),Gender-Neutral,1
4833,"National Institute of Food Technology Entrepreneurship and Management, Thanjavur",431,"Food Technology (4 Years, Bachelor of Technology)",4164,AI,OPEN,Gender-Neutral,28
4834,"National Institute of Food Technology Entrepreneurship and Management, Thanjavur",431,"Food Technology (4 Years, Bachelor of Technology)",4164,AI,OPEN (PwD),Gender-Neutral,1
4835,"National Institute of Food Technology Entrepreneurship and Management, Thanjavur",431,"Food Technology (4 Years, Bachelor of Technology)",4164,AI,GEN-EWS,Gender-Neutral,9
4836,"National Institute of Food Technology Entrepreneurship and Management, Thanjavur",431,"Food Technology (4 Years, Bachelor of Technology)",4164,AI,OBC-NCL,Gender-Neutral,21
4837,"National Institute of Food Technology Entrepreneurship and Management, Thanjavur",431,"Food Technology (4 Years, Bachelor of Technology)",4164,AI,SC,Gender-Neutral,5
4838,"National Institute of Food Technology Entrepreneurship and Management, Thanjavur",431,"Food Technology (4 Years, Bachelor of Technology)",4164,AI,SC (PwD),Gender-Neutral,1
4839,"National Institute of Food Technology Entrepreneurship and Management, Thanjavur",431,"Food Technology (4 Years, Bachelor of Technology)",4164,AI,ST,Gender-Neutral,3
4840,"North Eastern Regional Institute of Science and Technology, Nirjuli-791109 (Itanagar),Arunachal Pradesh",432,"Civil Engineering (4 Years, Bachelor of Technology)",4109,AI,OPEN,Gender-Neutral,1
4841,"North Eastern Regional Institute of Science and Technology, Nirjuli-791109 (Itanagar),Arunachal Pradesh",432,"Computer Science and Engineering (4 Years, Bachelor of Technology)",4110,AI,OPEN,Gender-Neutral,2
4842,"North Eastern Regional Institute of Science and Technology, Nirjuli-791109 (Itanagar),Arunachal Pradesh",432,"Computer Science and Engineering (4 Years, Bachelor of Technology)",4110,AI,GEN-EWS,Gender-Neutral,3
4843,"North Eastern Regional Institute of Science and Technology, Nirjuli-791109 (Itanagar),Arunachal Pradesh",432,"Electrical Engineering (4 Years, Bachelor of Technology)",4111,AI,GEN-EWS,Gender-Neutral,1
4844,"North Eastern Regional Institute of Science and Technology, Nirjuli-791109 (Itanagar),Arunachal Pradesh",432,"Electronics and Communication Engineering (4 Years, Bachelor of Technology)",4114,AI,GEN-EWS,Gender-Neutral,1
4845,"North Eastern Regional Institute of Science and Technology, Nirjuli-791109 (Itanagar),Arunachal Pradesh",432,"Electronics and Communication Engineering (4 Years, Bachelor of Technology)",4114,AI,OBC-NCL,Gender-Neutral,1
4846,"North Eastern Regional Institute of Science and Technology, Nirjuli-791109 (Itanagar),Arunachal Pradesh",432,"Mechanical Engineering (4 Years, Bachelor of Technology)",4125,AI,GEN-EWS,Gender-Neutral,1
4847,"North Eastern Regional Institute of Science and Technology, Nirjuli-791109 (Itanagar),Arunachal Pradesh",432,"Mechanical Engineering (4 Years, Bachelor of Technology)",4125,AI,SC,Gender-Neutral,1
4848,"North Eastern Regional Institute of Science and Technology, Nirjuli-791109 (Itanagar),Arunachal Pradesh",432,"Agricultural Engineering (4 Years, Bachelor of Technology)",4168,AI,OPEN,Gender-Neutral,1
4849,"North Eastern Regional Institute of Science and Technology, Nirjuli-791109 (Itanagar),Arunachal Pradesh",432,"Agricultural Engineering (4 Years, Bachelor of Technology)",4168,AI,GEN-EWS,Gender-Neutral,1
4850,"Indian Institute of Handloom Technology(IIHT), Varanasi",433,"Handloom and Textile Technology (4 Years, Bachelor of Technology)",4197,AI,OPEN,Gender-Neutral,11
4851,"Indian Institute of Handloom Technology(IIHT), Varanasi",433,"Handloom and Textile Technology (4 Years, Bachelor of Technology)",4197,AI,OPEN (PwD),Gender-Neutral,1
4852,"Indian Institute of Handloom Technology(IIHT), Varanasi",433,"Handloom and Textile Technology (4 Years, Bachelor of Technology)",4197,AI,GEN-EWS,Gender-Neutral,3
4853,"Indian Institute of Handloom Technology(IIHT), Varanasi",433,"Handloom and Textile Technology (4 Years, Bachelor of Technology)",4197,AI,OBC-NCL,Gender-Neutral,8
4854,"Indian Institute of Handloom Technology(IIHT), Varanasi",433,"Handloom and Textile Technology (4 Years, Bachelor of Technology)",4197,AI,OBC-NCL(PwD),Gender-Neutral,1
4855,"Indian Institute of Handloom Technology(IIHT), Varanasi",433,"Handloom and Textile Technology (4 Years, Bachelor of Technology)",4197,AI,SC,Gender-Neutral,2
4856,"Indian Institute of Handloom Technology(IIHT), Varanasi",433,"Handloom and Textile Technology (4 Years, Bachelor of Technology)",4197,AI,SC (PwD),Gender-Neutral,1
4857,"Indian Institute of Handloom Technology(IIHT), Varanasi",433,"Handloom and Textile Technology (4 Years, Bachelor of Technology)",4197,AI,ST,Gender-Neutral,1
4858,"Chhattisgarh Swami Vivekanada Technical University, Bhilai (CSVTU Bhilai)",434,"Civil Engineering (4 Years, Bachelor of Technology)",4109,AI,OPEN,Gender-Neutral,9
4859,"Chhattisgarh Swami Vivekanada Technical University, Bhilai (CSVTU Bhilai)",434,"Civil Engineering (4 Years, Bachelor of Technology)",4109,AI,OPEN (PwD),Gender-Neutral,1
4860,"Chhattisgarh Swami Vivekanada Technical University, Bhilai (CSVTU Bhilai)",434,"Civil Engineering (4 Years, Bachelor of Technology)",4109,AI,GEN-EWS,Gender-Neutral,3
4861,"Chhattisgarh Swami Vivekanada Technical University, Bhilai (CSVTU Bhilai)",434,"Civil Engineering (4 Years, Bachelor of Technology)",4109,AI,OBC-NCL,Gender-Neutral,8
4862,"Chhattisgarh Swami Vivekanada Technical University, Bhilai (CSVTU Bhilai)",434,"Civil Engineering (4 Years, Bachelor of Technology)",4109,AI,SC,Gender-Neutral,1
4863,"Chhattisgarh Swami Vivekanada Technical University, Bhilai (CSVTU Bhilai)",434,"Computer Science and Engineering (4 Years, Bachelor of Technology)",4110,AI,OPEN,Gender-Neutral,11
4864,"Chhattisgarh Swami Vivekanada Technical University, Bhilai (CSVTU Bhilai)",434,"Computer Science and Engineering (4 Years, Bachelor of Technology)",4110,AI,OPEN (PwD),Gender-Neutral,1
4865,"Chhattisgarh Swami Vivekanada Technical University, Bhilai (CSVTU Bhilai)",434,"Computer Science and Engineering (4 Years, Bachelor of Technology)",4110,AI,GEN-EWS,Gender-Neutral,3
4866,"Chhattisgarh Swami Vivekanada Technical University, Bhilai (CSVTU Bhilai)",434,"Computer Science and Engineering (4 Years, Bachelor of Technology)",4110,AI,OBC-NCL,Gender-Neutral,7
4867,"Chhattisgarh Swami Vivekanada Technical University, Bhilai (CSVTU Bhilai)",434,"Computer Science and Engineering (4 Years, Bachelor of Technology)",4110,AI,SC,Gender-Neutral,2
4868,"Chhattisgarh Swami Vivekanada Technical University, Bhilai (CSVTU Bhilai)",434,"Computer Science Engineering (Artificial Intelligence) (4 Years, B. Tech / B. Tech (Hons.))",4603,AI,OPEN,Gender-Neutral,15
4869,"Chhattisgarh Swami Vivekanada Technical University, Bhilai (CSVTU Bhilai)",434,"Computer Science Engineering (Artificial Intelligence) (4 Years, B. Tech / B. Tech (Hons.))",4603,AI,OPEN (PwD),Gender-Neutral,1
4870,"Chhattisgarh Swami Vivekanada Technical University, Bhilai (CSVTU Bhilai)",434,"Computer Science Engineering (Artificial Intelligence) (4 Years, B. Tech / B. Tech (Hons.))",4603,AI,GEN-EWS,Gender-Neutral,3
4871,"Chhattisgarh Swami Vivekanada Technical University, Bhilai (CSVTU Bhilai)",434,"Computer Science Engineering (Artificial Intelligence) (4 Years, B. Tech / B. Tech (Hons.))",4603,AI,OBC-NCL,Gender-Neutral,4
4872,"Chhattisgarh Swami Vivekanada Technical University, Bhilai (CSVTU Bhilai)",434,"Computer Science Engineering (Artificial Intelligence) (4 Years, B. Tech / B. Tech (Hons.))",4603,AI,OBC-NCL(PwD),Gender-Neutral,1
4873,"Chhattisgarh Swami Vivekanada Technical University, Bhilai (CSVTU Bhilai)",434,"Computer Science Engineering (Artificial Intelligence) (4 Years, B. Tech / B. Tech (Hons.))",4603,AI,SC,Gender-Neutral,6
4874,"Chhattisgarh Swami Vivekanada Technical University, Bhilai (CSVTU Bhilai)",434,"Computer Science Engineering (Artificial Intelligence) (4 Years, B. Tech / B. Tech (Hons.))",4603,AI,ST,Gender-Neutral,2
4875,"Chhattisgarh Swami Vivekanada Technical University, Bhilai (CSVTU Bhilai)",434,"Computer Science Engineering (Data Science) (4 Years, B. Tech / B. Tech (Hons.))",4604,AI,OPEN,Gender-Neutral,12
4876,"Chhattisgarh Swami Vivekanada Technical University, Bhilai (CSVTU Bhilai)",434,"Computer Science Engineering (Data Science) (4 Years, B. Tech / B. Tech (Hons.))",4604,AI,OPEN (PwD),Gender-Neutral,1
4877,"Chhattisgarh Swami Vivekanada Technical University, Bhilai (CSVTU Bhilai)",434,"Computer Science Engineering (Data Science) (4 Years, B. Tech / B. Tech (Hons.))",4604,AI,GEN-EWS,Gender-Neutral,5
4878,"Chhattisgarh Swami Vivekanada Technical University, Bhilai (CSVTU Bhilai)",434,"Computer Science Engineering (Data Science) (4 Years, B. Tech / B. Tech (Hons.))",4604,AI,OBC-NCL,Gender-Neutral,6
4879,"Chhattisgarh Swami Vivekanada Technical University, Bhilai (CSVTU Bhilai)",434,"Computer Science Engineering (Data Science) (4 Years, B. Tech / B. Tech (Hons.))",4604,AI,OBC-NCL(PwD),Gender-Neutral,1
4880,"Chhattisgarh Swami Vivekanada Technical University, Bhilai (CSVTU Bhilai)",434,"Computer Science Engineering (Data Science) (4 Years, B. Tech / B. Tech (Hons.))",4604,AI,SC,Gender-Neutral,3
4881,"Chhattisgarh Swami Vivekanada Technical University, Bhilai (CSVTU Bhilai)",434,"Computer Science Engineering (Data Science) (4 Years, B. Tech / B. Tech (Hons.))",4604,AI,ST,Gender-Neutral,1
4882,"Institute of Chemical Technology, Mumbai: Indian Oil Odisha Campus, Bhubaneswar",435,"Chemical Engineering (5 Years, Integrated Masters in Technology)",5D01,AI,OPEN,Gender-Neutral,12
4883,"Institute of Chemical Technology, Mumbai: Indian Oil Odisha Campus, Bhubaneswar",435,"Chemical Engineering (5 Years, Integrated Masters in Technology)",5D01,AI,OPEN (PwD),Gender-Neutral,1
4884,"Institute of Chemical Technology, Mumbai: Indian Oil Odisha Campus, Bhubaneswar",435,"Chemical Engineering (5 Years, Integrated Masters in Technology)",5D01,AI,GEN-EWS,Gender-Neutral,3
4885,"Institute of Chemical Technology, Mumbai: Indian Oil Odisha Campus, Bhubaneswar",435,"Chemical Engineering (5 Years, Integrated Masters in Technology)",5D01,AI,OBC-NCL,Gender-Neutral,12
4886,"Institute of Chemical Technology, Mumbai: Indian Oil Odisha Campus, Bhubaneswar",435,"Chemical Engineering (5 Years, Integrated Masters in Technology)",5D01,AI,SC,Gender-Neutral,6
4887,"Institute of Chemical Technology, Mumbai: Indian Oil Odisha Campus, Bhubaneswar",435,"Chemical Engineering (5 Years, Integrated Masters in Technology)",5D01,AI,ST,Gender-Neutral,2
4888,"Institute of Chemical Technology, Mumbai: Indian Oil Odisha Campus, Bhubaneswar",435,"Chemical Engineering (5 Years, Integrated Masters in Technology)",5D01,HS,OPEN,Gender-Neutral,7
4889,"Institute of Chemical Technology, Mumbai: Indian Oil Odisha Campus, Bhubaneswar",435,"Chemical Engineering (5 Years, Integrated Masters in Technology)",5D01,HS,GEN-EWS,Gender-Neutral,2
4890,"Institute of Chemical Technology, Mumbai: Indian Oil Odisha Campus, Bhubaneswar",435,"Chemical Engineering (5 Years, Integrated Masters in Technology)",5D01,HS,OBC-NCL,Gender-Neutral,4
4891,"Institute of Chemical Technology, Mumbai: Indian Oil Odisha Campus, Bhubaneswar",435,"Chemical Engineering (5 Years, Integrated Masters in Technology)",5D01,HS,SC,Gender-Neutral,1
4892,"Institute of Chemical Technology, Mumbai: Indian Oil Odisha Campus, Bhubaneswar",435,"Chemical Engineering (5 Years, Integrated Masters in Technology)",5D01,HS,SC (PwD),Gender-Neutral,1
4893,"Institute of Chemical Technology, Mumbai: Indian Oil Odisha Campus, Bhubaneswar",435,"Chemical Engineering (5 Years, Integrated Masters in Technology)",5D01,HS,ST,Gender-Neutral,1
4894,"North-Eastern Hill University, Shillong",436,"Electronics and Communication Engineering (4 Years, Bachelor of Technology)",4114,AI,OPEN,Gender-Neutral,4
4895,"North-Eastern Hill University, Shillong",436,"Electronics and Communication Engineering (4 Years, Bachelor of Technology)",4114,AI,OPEN (PwD),Gender-Neutral,1
4896,"North-Eastern Hill University, Shillong",436,"Electronics and Communication Engineering (4 Years, Bachelor of Technology)",4114,AI,GEN-EWS,Gender-Neutral,2
4897,"North-Eastern Hill University, Shillong",436,"Electronics and Communication Engineering (4 Years, Bachelor of Technology)",4114,AI,OBC-NCL,Gender-Neutral,2
4898,"North-Eastern Hill University, Shillong",436,"Electronics and Communication Engineering (4 Years, Bachelor of Technology)",4114,AI,SC,Gender-Neutral,2
4899,"North-Eastern Hill University, Shillong",436,"Information Technology (4 Years, Bachelor of Technology)",4146,AI,OPEN,Gender-Neutral,5
4900,"North-Eastern Hill University, Shillong",436,"Information Technology (4 Years, Bachelor of Technology)",4146,AI,OPEN (PwD),Gender-Neutral,1
4901,"North-Eastern Hill University, Shillong",436,"Information Technology (4 Years, Bachelor of Technology)",4146,AI,GEN-EWS,Gender-Neutral,2
4902,"North-Eastern Hill University, Shillong",436,"Information Technology (4 Years, Bachelor of Technology)",4146,AI,OBC-NCL,Gender-Neutral,1
4903,"North-Eastern Hill University, Shillong",436,"Information Technology (4 Years, Bachelor of Technology)",4146,AI,ST,Gender-Neutral,2
4904,"North-Eastern Hill University, Shillong",436,"Biomedical Engineering (4 Years, Bachelor of Technology)",4191,AI,OPEN,Gender-Neutral,6
4905,"North-Eastern Hill University, Shillong",436,"Biomedical Engineering (4 Years, Bachelor of Technology)",4191,AI,OPEN (PwD),Gender-Neutral,1
4906,"North-Eastern Hill University, Shillong",436,"Biomedical Engineering (4 Years, Bachelor of Technology)",4191,AI,GEN-EWS,Gender-Neutral,2
4907,"North-Eastern Hill University, Shillong",436,"Biomedical Engineering (4 Years, Bachelor of Technology)",4191,AI,OBC-NCL,Gender-Neutral,5
4908,"North-Eastern Hill University, Shillong",436,"Biomedical Engineering (4 Years, Bachelor of Technology)",4191,AI,SC,Gender-Neutral,3
4909,"North-Eastern Hill University, Shillong",436,"Biomedical Engineering (4 Years, Bachelor of Technology)",4191,AI,ST,Gender-Neutral,1
4910,"North-Eastern Hill University, Shillong",436,"Energy Engineering (4 Years, Bachelor of Technology)",4198,AI,OPEN,Gender-Neutral,6
4911,"North-Eastern Hill University, Shillong",436,"Energy Engineering (4 Years, Bachelor of Technology)",4198,AI,OPEN (PwD),Gender-Neutral,1
4912,"North-Eastern Hill University, Shillong",436,"Energy Engineering (4 Years, Bachelor of Technology)",4198,AI,GEN-EWS,Gender-Neutral,2
4913,"North-Eastern Hill University, Shillong",436,"Energy Engineering (4 Years, Bachelor of Technology)",4198,AI,OBC-NCL,Gender-Neutral,5
4914,"North-Eastern Hill University, Shillong",436,"Energy Engineering (4 Years, Bachelor of Technology)",4198,AI,SC,Gender-Neutral,3
4915,"North-Eastern Hill University, Shillong",436,"Energy Engineering (4 Years, Bachelor of Technology)",4198,AI,ST,Gender-Neutral,2
4916,Central University of Jammu,437,"Electronics and Communication Engineering (Avionics) (4 Years, Bachelor of Technology)",410I,AI,OPEN,Gender-Neutral,20
4917,Central University of Jammu,437,"Electronics and Communication Engineering (Avionics) (4 Years, Bachelor of Technology)",410I,AI,OPEN (PwD),Gender-Neutral,1
4918,Central University of Jammu,437,"Electronics and Communication Engineering (Avionics) (4 Years, Bachelor of Technology)",410I,AI,GEN-EWS,Gender-Neutral,5
4919,Central University of Jammu,437,"Electronics and Communication Engineering (Avionics) (4 Years, Bachelor of Technology)",410I,AI,OBC-NCL,Gender-Neutral,10
4920,Central University of Jammu,437,"Electronics and Communication Engineering (Avionics) (4 Years, Bachelor of Technology)",410I,AI,OBC-NCL(PwD),Gender-Neutral,1
4921,Central University of Jammu,437,"Electronics and Communication Engineering (Avionics) (4 Years, Bachelor of Technology)",410I,AI,SC,Gender-Neutral,6
4922,Central University of Jammu,437,"Electronics and Communication Engineering (Avionics) (4 Years, Bachelor of Technology)",410I,AI,ST,Gender-Neutral,4
4923,Central University of Jammu,437,"Computer Science and Engineering (4 Years, Bachelor of Technology)",4110,AI,OPEN,Gender-Neutral,18
4924,Central University of Jammu,437,"Computer Science and Engineering (4 Years, Bachelor of Technology)",4110,AI,OPEN (PwD),Gender-Neutral,1
4925,Central University of Jammu,437,"Computer Science and Engineering (4 Years, Bachelor of Technology)",4110,AI,GEN-EWS,Gender-Neutral,4
4926,Central University of Jammu,437,"Computer Science and Engineering (4 Years, Bachelor of Technology)",4110,AI,OBC-NCL,Gender-Neutral,6
4927,Central University of Jammu,437,"Computer Science and Engineering (4 Years, Bachelor of Technology)",4110,AI,OBC-NCL(PwD),Gender-Neutral,1
4928,Central University of Jammu,437,"Computer Science and Engineering (4 Years, Bachelor of Technology)",4110,AI,SC,Gender-Neutral,5
4929,Central University of Jammu,437,"Computer Science and Engineering (4 Years, Bachelor of Technology)",4110,AI,ST,Gender-Neutral,3
4930,Central University of Jammu,437,"Electronics and Communication Engineering (4 Years, Bachelor of Technology)",4114,AI,OPEN,Gender-Neutral,21
4931,Central University of Jammu,437,"Electronics and Communication Engineering (4 Years, Bachelor of Technology)",4114,AI,OPEN (PwD),Gender-Neutral,1
4932,Central University of Jammu,437,"Electronics and Communication Engineering (4 Years, Bachelor of Technology)",4114,AI,GEN-EWS,Gender-Neutral,4
4933,Central University of Jammu,437,"Electronics and Communication Engineering (4 Years, Bachelor of Technology)",4114,AI,OBC-NCL,Gender-Neutral,11
4934,Central University of Jammu,437,"Electronics and Communication Engineering (4 Years, Bachelor of Technology)",4114,AI,OBC-NCL(PwD),Gender-Neutral,1
4935,Central University of Jammu,437,"Electronics and Communication Engineering (4 Years, Bachelor of Technology)",4114,AI,SC,Gender-Neutral,4
4936,Central University of Jammu,437,"Electronics and Communication Engineering (4 Years, Bachelor of Technology)",4114,AI,ST,Gender-Neutral,2
4937,Central University of Jammu,437,"Mathematics and Computing (4 Years, Bachelor of Technology)",4124,AI,OPEN,Gender-Neutral,21
4938,Central University of Jammu,437,"Mathematics and Computing (4 Years, Bachelor of Technology)",4124,AI,OPEN (PwD),Gender-Neutral,1
4939,Central University of Jammu,437,"Mathematics and Computing (4 Years, Bachelor of Technology)",4124,AI,GEN-EWS,Gender-Neutral,5
4940,Central University of Jammu,437,"Mathematics and Computing (4 Years, Bachelor of Technology)",4124,AI,OBC-NCL,Gender-Neutral,10
4941,Central University of Jammu,437,"Mathematics and Computing (4 Years, Bachelor of Technology)",4124,AI,OBC-NCL(PwD),Gender-Neutral,1
4942,Central University of Jammu,437,"Mathematics and Computing (4 Years, Bachelor of Technology)",4124,AI,SC,Gender-Neutral,8
4943,Central University of Jammu,437,"Mathematics and Computing (4 Years, Bachelor of Technology)",4124,AI,ST,Gender-Neutral,2
4944,Central University of Jammu,437,"Computer Science and Engineering with specialization in Cyber Security (4 Years, Bachelor of Technology)",4195,AI,OPEN,Gender-Neutral,18
4945,Central University of Jammu,437,"Computer Science and Engineering with specialization in Cyber Security (4 Years, Bachelor of Technology)",4195,AI,GEN-EWS,Gender-Neutral,4
4946,Central University of Jammu,437,"Computer Science and Engineering with specialization in Cyber Security (4 Years, Bachelor of Technology)",4195,AI,OBC-NCL,Gender-Neutral,7
4947,Central University of Jammu,437,"Computer Science and Engineering with specialization in Cyber Security (4 Years, Bachelor of Technology)",4195,AI,OBC-NCL(PwD),Gender-Neutral,1
4948,Central University of Jammu,437,"Computer Science and Engineering with specialization in Cyber Security (4 Years, Bachelor of Technology)",4195,AI,SC,Gender-Neutral,6
4949,Central University of Jammu,437,"Computer Science and Engineering with specialization in Cyber Security (4 Years, Bachelor of Technology)",4195,AI,ST,Gender-Neutral,2
4950,"Institute of Engineering and Technology, Dr. H. S. Gour University. Sagar (A Central University)",438,"Computer Science and Engineering (4 Years, Bachelor of Technology)",4110,AI,OPEN,Gender-Neutral,21
4951,"Institute of Engineering and Technology, Dr. H. S. Gour University. Sagar (A Central University)",438,"Computer Science and Engineering (4 Years, Bachelor of Technology)",4110,AI,GEN-EWS,Gender-Neutral,4
4952,"Institute of Engineering and Technology, Dr. H. S. Gour University. Sagar (A Central University)",438,"Computer Science and Engineering (4 Years, Bachelor of Technology)",4110,AI,OBC-NCL,Gender-Neutral,7
4953,"Institute of Engineering and Technology, Dr. H. S. Gour University. Sagar (A Central University)",438,"Computer Science and Engineering (4 Years, Bachelor of Technology)",4110,AI,SC,Gender-Neutral,5
4954,"Institute of Engineering and Technology, Dr. H. S. Gour University. Sagar (A Central University)",438,"Computer Science and Engineering (4 Years, Bachelor of Technology)",4110,AI,ST,Gender-Neutral,1
4955,"Institute of Engineering and Technology, Dr. H. S. Gour University. Sagar (A Central University)",438,"Electronics and Communication Engineering (4 Years, Bachelor of Technology)",4114,AI,OPEN,Gender-Neutral,18
4956,"Institute of Engineering and Technology, Dr. H. S. Gour University. Sagar (A Central University)",438,"Electronics and Communication Engineering (4 Years, Bachelor of Technology)",4114,AI,GEN-EWS,Gender-Neutral,6
4957,"Institute of Engineering and Technology, Dr. H. S. Gour University. Sagar (A Central University)",438,"Electronics and Communication Engineering (4 Years, Bachelor of Technology)",4114,AI,OBC-NCL,Gender-Neutral,12
4958,"Institute of Engineering and Technology, Dr. H. S. Gour University. Sagar (A Central University)",438,"Electronics and Communication Engineering (4 Years, Bachelor of Technology)",4114,AI,SC,Gender-Neutral,7
4959,"Institute of Engineering and Technology, Dr. H. S. Gour University. Sagar (A Central University)",438,"Electronics and Communication Engineering (4 Years, Bachelor of Technology)",4114,AI,ST,Gender-Neutral,5
4960,"Institute of Engineering and Technology, Dr. H. S. Gour University. Sagar (A Central University)",438,"Aeronautical Engineering (4 Years, Bachelor of Technology)",411O,AI,OPEN,Gender-Neutral,20
4961,"Institute of Engineering and Technology, Dr. H. S. Gour University. Sagar (A Central University)",438,"Aeronautical Engineering (4 Years, Bachelor of Technology)",411O,AI,GEN-EWS,Gender-Neutral,4
4962,"Institute of Engineering and Technology, Dr. H. S. Gour University. Sagar (A Central University)",438,"Aeronautical Engineering (4 Years, Bachelor of Technology)",411O,AI,OBC-NCL,Gender-Neutral,11
4963,"Institute of Engineering and Technology, Dr. H. S. Gour University. Sagar (A Central University)",438,"Aeronautical Engineering (4 Years, Bachelor of Technology)",411O,AI,SC,Gender-Neutral,9
4964,"Institute of Engineering and Technology, Dr. H. S. Gour University. Sagar (A Central University)",438,"Aeronautical Engineering (4 Years, Bachelor of Technology)",411O,AI,ST,Gender-Neutral,4
4965,"Institute of Engineering and Technology, Dr. H. S. Gour University. Sagar (A Central University)",438,"Dairy Engineering (4 Years, Bachelor of Technology)",411P,AI,OPEN,Gender-Neutral,23
4966,"Institute of Engineering and Technology, Dr. H. S. Gour University. Sagar (A Central University)",438,"Dairy Engineering (4 Years, Bachelor of Technology)",411P,AI,GEN-EWS,Gender-Neutral,6
4967,"Institute of Engineering and Technology, Dr. H. S. Gour University. Sagar (A Central University)",438,"Dairy Engineering (4 Years, Bachelor of Technology)",411P,AI,OBC-NCL,Gender-Neutral,16
4968,"Institute of Engineering and Technology, Dr. H. S. Gour University. Sagar (A Central University)",438,"Dairy Engineering (4 Years, Bachelor of Technology)",411P,AI,SC,Gender-Neutral,7
4969,"Institute of Engineering and Technology, Dr. H. S. Gour University. Sagar (A Central University)",438,"Dairy Engineering (4 Years, Bachelor of Technology)",411P,AI,ST,Gender-Neutral,5
4970,"Institute of Engineering and Technology, Dr. H. S. Gour University. Sagar (A Central University)",438,"Fashion and Apparel Engineering (4 Years, Bachelor of Technology)",411Q,AI,OPEN,Gender-Neutral,24
4971,"Institute of Engineering and Technology, Dr. H. S. Gour University. Sagar (A Central University)",438,"Fashion and Apparel Engineering (4 Years, Bachelor of Technology)",411Q,AI,GEN-EWS,Gender-Neutral,6
4972,"Institute of Engineering and Technology, Dr. H. S. Gour University. Sagar (A Central University)",438,"Fashion and Apparel Engineering (4 Years, Bachelor of Technology)",411Q,AI,OBC-NCL,Gender-Neutral,16
4973,"Institute of Engineering and Technology, Dr. H. S. Gour University. Sagar (A Central University)",438,"Fashion and Apparel Engineering (4 Years, Bachelor of Technology)",411Q,AI,SC,Gender-Neutral,9
4974,"Institute of Engineering and Technology, Dr. H. S. Gour University. Sagar (A Central University)",438,"Fashion and Apparel Engineering (4 Years, Bachelor of Technology)",411Q,AI,ST,Gender-Neutral,4
4975,"Institute of Engineering and Technology, Dr. H. S. Gour University. Sagar (A Central University)",438,"Food Engineering and Technology (4 Years, Bachelor of Technology)",4167,AI,OPEN,Gender-Neutral,24
4976,"Institute of Engineering and Technology, Dr. H. S. Gour University. Sagar (A Central University)",438,"Food Engineering and Technology (4 Years, Bachelor of Technology)",4167,AI,GEN-EWS,Gender-Neutral,6
4977,"Institute of Engineering and Technology, Dr. H. S. Gour University. Sagar (A Central University)",438,"Food Engineering and Technology (4 Years, Bachelor of Technology)",4167,AI,OBC-NCL,Gender-Neutral,16
4978,"Institute of Engineering and Technology, Dr. H. S. Gour University. Sagar (A Central University)",438,"Food Engineering and Technology (4 Years, Bachelor of Technology)",4167,AI,SC,Gender-Neutral,8
4979,"Institute of Engineering and Technology, Dr. H. S. Gour University. Sagar (A Central University)",438,"Food Engineering and Technology (4 Years, Bachelor of Technology)",4167,AI,ST,Gender-Neutral,5
4980,Central University of Haryana,439,"Civil Engineering (4 Years, Bachelor of Technology)",4109,AI,OPEN,Gender-Neutral,16
4981,Central University of Haryana,439,"Civil Engineering (4 Years, Bachelor of Technology)",4109,AI,OPEN (PwD),Gender-Neutral,2
4982,Central University of Haryana,439,"Civil Engineering (4 Years, Bachelor of Technology)",4109,AI,GEN-EWS,Gender-Neutral,6
4983,Central University of Haryana,439,"Civil Engineering (4 Years, Bachelor of Technology)",4109,AI,OBC-NCL,Gender-Neutral,11
4984,Central University of Haryana,439,"Civil Engineering (4 Years, Bachelor of Technology)",4109,AI,OBC-NCL(PwD),Gender-Neutral,1
4985,Central University of Haryana,439,"Civil Engineering (4 Years, Bachelor of Technology)",4109,AI,SC,Gender-Neutral,4
4986,Central University of Haryana,439,"Civil Engineering (4 Years, Bachelor of Technology)",4109,AI,ST,Gender-Neutral,2
4987,Central University of Haryana,439,"Computer Science and Engineering (4 Years, Bachelor of Technology)",4110,AI,OPEN,Gender-Neutral,15
4988,Central University of Haryana,439,"Computer Science and Engineering (4 Years, Bachelor of Technology)",4110,AI,OPEN (PwD),Gender-Neutral,2
4989,Central University of Haryana,439,"Computer Science and Engineering (4 Years, Bachelor of Technology)",4110,AI,GEN-EWS,Gender-Neutral,4
4990,Central University of Haryana,439,"Computer Science and Engineering (4 Years, Bachelor of Technology)",4110,AI,OBC-NCL,Gender-Neutral,9
4991,Central University of Haryana,439,"Computer Science and Engineering (4 Years, Bachelor of Technology)",4110,AI,SC,Gender-Neutral,5
4992,Central University of Haryana,439,"Computer Science and Engineering (4 Years, Bachelor of Technology)",4110,AI,SC (PwD),Gender-Neutral,1
4993,Central University of Haryana,439,"Computer Science and Engineering (4 Years, Bachelor of Technology)",4110,AI,ST,Gender-Neutral,3
4994,Central University of Haryana,439,"Electrical Engineering (4 Years, Bachelor of Technology)",4111,AI,OPEN,Gender-Neutral,16
4995,Central University of Haryana,439,"Electrical Engineering (4 Years, Bachelor of Technology)",4111,AI,OPEN (PwD),Gender-Neutral,1
4996,Central University of Haryana,439,"Electrical Engineering (4 Years, Bachelor of Technology)",4111,AI,GEN-EWS,Gender-Neutral,5
4997,Central University of Haryana,439,"Electrical Engineering (4 Years, Bachelor of Technology)",4111,AI,OBC-NCL,Gender-Neutral,9
4998,Central University of Haryana,439,"Electrical Engineering (4 Years, Bachelor of Technology)",4111,AI,OBC-NCL(PwD),Gender-Neutral,1
4999,Central University of Haryana,439,"Electrical Engineering (4 Years, Bachelor of Technology)",4111,AI,SC,Gender-Neutral,4
5000,Central University of Haryana,439,"Electrical Engineering (4 Years, Bachelor of Technology)",4111,AI,SC (PwD),Gender-Neutral,1
5001,Central University of Haryana,439,"Electrical Engineering (4 Years, Bachelor of Technology)",4111,AI,ST,Gender-Neutral,2
5002,Central University of Haryana,439,"Printing and Packaging Technology (4 Years, Bachelor of Technology)",411A,AI,OPEN,Gender-Neutral,11
5003,Central University of Haryana,439,"Printing and Packaging Technology (4 Years, Bachelor of Technology)",411A,AI,OPEN (PwD),Gender-Neutral,1
5004,Central University of Haryana,439,"Printing and Packaging Technology (4 Years, Bachelor of Technology)",411A,AI,GEN-EWS,Gender-Neutral,2
5005,Central University of Haryana,439,"Printing and Packaging Technology (4 Years, Bachelor of Technology)",411A,AI,GEN-EWS(PwD),Gender-Neutral,1
5006,Central University of Haryana,439,"Printing and Packaging Technology (4 Years, Bachelor of Technology)",411A,AI,OBC-NCL,Gender-Neutral,8
5007,Central University of Haryana,439,"Printing and Packaging Technology (4 Years, Bachelor of Technology)",411A,AI,SC,Gender-Neutral,4
5008,Central University of Haryana,439,"Printing and Packaging Technology (4 Years, Bachelor of Technology)",411A,AI,ST,Gender-Neutral,1
5009,"Birla Institute of Technology, Deoghar Off-Campus",440,"Computer Science and Engineering (Artificial Intelligence and Machine Learning) (4 Years, Bachelor of Technology)",410W,AI,OPEN,Gender-Neutral,6
5010,"Birla Institute of Technology, Deoghar Off-Campus",440,"Computer Science and Engineering (Artificial Intelligence and Machine Learning) (4 Years, Bachelor of Technology)",410W,AI,OPEN,Female-only (including Supernumerary),1
5011,"Birla Institute of Technology, Deoghar Off-Campus",440,"Computer Science and Engineering (Artificial Intelligence and Machine Learning) (4 Years, Bachelor of Technology)",410W,AI,OPEN (PwD),Gender-Neutral,1
5012,"Birla Institute of Technology, Deoghar Off-Campus",440,"Computer Science and Engineering (Artificial Intelligence and Machine Learning) (4 Years, Bachelor of Technology)",410W,AI,GEN-EWS,Gender-Neutral,1
5013,"Birla Institute of Technology, Deoghar Off-Campus",440,"Computer Science and Engineering (Artificial Intelligence and Machine Learning) (4 Years, Bachelor of Technology)",410W,AI,OBC-NCL,Gender-Neutral,3
5014,"Birla Institute of Technology, Deoghar Off-Campus",440,"Computer Science and Engineering (Artificial Intelligence and Machine Learning) (4 Years, Bachelor of Technology)",410W,AI,OBC-NCL(PwD),Gender-Neutral,1
5015,"Birla Institute of Technology, Deoghar Off-Campus",440,"Computer Science and Engineering (Artificial Intelligence and Machine Learning) (4 Years, Bachelor of Technology)",410W,AI,ST,Gender-Neutral,2
5016,"Birla Institute of Technology, Deoghar Off-Campus",440,"Computer Science and Engineering (Artificial Intelligence and Machine Learning) (4 Years, Bachelor of Technology)",410W,HS,OPEN,Gender-Neutral,7
5017,"Birla Institute of Technology, Deoghar Off-Campus",440,"Computer Science and Engineering (Artificial Intelligence and Machine Learning) (4 Years, Bachelor of Technology)",410W,HS,OPEN,Female-only (including Supernumerary),2
5018,"Birla Institute of Technology, Deoghar Off-Campus",440,"Computer Science and Engineering (Artificial Intelligence and Machine Learning) (4 Years, Bachelor of Technology)",410W,HS,OPEN (PwD),Gender-Neutral,1
5019,"Birla Institute of Technology, Deoghar Off-Campus",440,"Computer Science and Engineering (Artificial Intelligence and Machine Learning) (4 Years, Bachelor of Technology)",410W,HS,GEN-EWS,Gender-Neutral,2
5020,"Birla Institute of Technology, Deoghar Off-Campus",440,"Computer Science and Engineering (Artificial Intelligence and Machine Learning) (4 Years, Bachelor of Technology)",410W,HS,SC,Gender-Neutral,2
5021,"Birla Institute of Technology, Deoghar Off-Campus",440,"Computer Science and Engineering (Artificial Intelligence and Machine Learning) (4 Years, Bachelor of Technology)",410W,HS,ST,Gender-Neutral,2
5022,"Birla Institute of Technology, Deoghar Off-Campus",440,"Computer Science and Engineering (Artificial Intelligence and Machine Learning) (4 Years, Bachelor of Technology)",410W,HS,ST (PwD),Gender-Neutral,1
5023,"Birla Institute of Technology, Deoghar Off-Campus",440,"Computer Science and Engineering (4 Years, Bachelor of Technology)",4110,AI,OPEN,Gender-Neutral,18
5024,"Birla Institute of Technology, Deoghar Off-Campus",440,"Computer Science and Engineering (4 Years, Bachelor of Technology)",4110,AI,OPEN,Female-only (including Supernumerary),4
5025,"Birla Institute of Technology, Deoghar Off-Campus",440,"Computer Science and Engineering (4 Years, Bachelor of Technology)",4110,AI,OPEN (PwD),Gender-Neutral,1
5026,"Birla Institute of Technology, Deoghar Off-Campus",440,"Computer Science and Engineering (4 Years, Bachelor of Technology)",4110,AI,GEN-EWS,Gender-Neutral,5
5027,"Birla Institute of Technology, Deoghar Off-Campus",440,"Computer Science and Engineering (4 Years, Bachelor of Technology)",4110,AI,OBC-NCL,Gender-Neutral,5
5028,"Birla Institute of Technology, Deoghar Off-Campus",440,"Computer Science and Engineering (4 Years, Bachelor of Technology)",4110,AI,OBC-NCL(PwD),Gender-Neutral,1
5029,"Birla Institute of Technology, Deoghar Off-Campus",440,"Computer Science and Engineering (4 Years, Bachelor of Technology)",4110,AI,SC,Gender-Neutral,6
5030,"Birla Institute of Technology, Deoghar Off-Campus",440,"Computer Science and Engineering (4 Years, Bachelor of Technology)",4110,AI,ST,Gender-Neutral,4
5031,"Birla Institute of Technology, Deoghar Off-Campus",440,"Computer Science and Engineering (4 Years, Bachelor of Technology)",4110,HS,OPEN,Gender-Neutral,14
5032,"Birla Institute of Technology, Deoghar Off-Campus",440,"Computer Science and Engineering (4 Years, Bachelor of Technology)",4110,HS,OPEN,Female-only (including Supernumerary),3
5033,"Birla Institute of Technology, Deoghar Off-Campus",440,"Computer Science and Engineering (4 Years, Bachelor of Technology)",4110,HS,OPEN (PwD),Gender-Neutral,1
5034,"Birla Institute of Technology, Deoghar Off-Campus",440,"Computer Science and Engineering (4 Years, Bachelor of Technology)",4110,HS,GEN-EWS,Gender-Neutral,3
5035,"Birla Institute of Technology, Deoghar Off-Campus",440,"Computer Science and Engineering (4 Years, Bachelor of Technology)",4110,HS,GEN-EWS(PwD),Gender-Neutral,1
5036,"Birla Institute of Technology, Deoghar Off-Campus",440,"Computer Science and Engineering (4 Years, Bachelor of Technology)",4110,HS,SC,Gender-Neutral,3
5037,"Birla Institute of Technology, Deoghar Off-Campus",440,"Computer Science and Engineering (4 Years, Bachelor of Technology)",4110,HS,SC (PwD),Gender-Neutral,1
5038,"Birla Institute of Technology, Deoghar Off-Campus",440,"Computer Science and Engineering (4 Years, Bachelor of Technology)",4110,HS,ST,Gender-Neutral,9
5039,"Birla Institute of Technology, Deoghar Off-Campus",440,"Computer Science and Engineering (4 Years, Bachelor of Technology)",4110,HS,ST (PwD),Gender-Neutral,1
5040,"Birla Institute of Technology, Deoghar Off-Campus",440,"Electronics and Communication Engineering (4 Years, Bachelor of Technology)",4114,AI,OPEN,Gender-Neutral,10
5041,"Birla Institute of Technology, Deoghar Off-Campus",440,"Electronics and Communication Engineering (4 Years, Bachelor of Technology)",4114,AI,OPEN,Female-only (including Supernumerary),3
5042,"Birla Institute of Technology, Deoghar Off-Campus",440,"Electronics and Communication Engineering (4 Years, Bachelor of Technology)",4114,AI,OPEN (PwD),Gender-Neutral,1
5043,"Birla Institute of Technology, Deoghar Off-Campus",440,"Electronics and Communication Engineering (4 Years, Bachelor of Technology)",4114,AI,GEN-EWS,Gender-Neutral,2
5044,"Birla Institute of Technology, Deoghar Off-Campus",440,"Electronics and Communication Engineering (4 Years, Bachelor of Technology)",4114,AI,OBC-NCL,Gender-Neutral,7
5045,"Birla Institute of Technology, Deoghar Off-Campus",440,"Electronics and Communication Engineering (4 Years, Bachelor of Technology)",4114,AI,OBC-NCL(PwD),Gender-Neutral,1
5046,"Birla Institute of Technology, Deoghar Off-Campus",440,"Electronics and Communication Engineering (4 Years, Bachelor of Technology)",4114,AI,SC,Gender-Neutral,1
5047,"Birla Institute of Technology, Deoghar Off-Campus",440,"Electronics and Communication Engineering (4 Years, Bachelor of Technology)",4114,AI,ST,Gender-Neutral,1
5048,"Birla Institute of Technology, Deoghar Off-Campus",440,"Electronics and Communication Engineering (4 Years, Bachelor of Technology)",4114,HS,OPEN,Gender-Neutral,12
5049,"Birla Institute of Technology, Deoghar Off-Campus",440,"Electronics and Communication Engineering (4 Years, Bachelor of Technology)",4114,HS,OPEN,Female-only (including Supernumerary),1
5050,"Birla Institute of Technology, Deoghar Off-Campus",440,"Electronics and Communication Engineering (4 Years, Bachelor of Technology)",4114,HS,OPEN (PwD),Gender-Neutral,1
5051,"Birla Institute of Technology, Deoghar Off-Campus",440,"Electronics and Communication Engineering (4 Years, Bachelor of Technology)",4114,HS,GEN-EWS,Gender-Neutral,4
5052,"Birla Institute of Technology, Deoghar Off-Campus",440,"Electronics and Communication Engineering (4 Years, Bachelor of Technology)",4114,HS,SC,Gender-Neutral,3
5053,"Birla Institute of Technology, Deoghar Off-Campus",440,"Electronics and Communication Engineering (4 Years, Bachelor of Technology)",4114,HS,SC (PwD),Gender-Neutral,1
5054,"Birla Institute of Technology, Deoghar Off-Campus",440,"Electronics and Communication Engineering (4 Years, Bachelor of Technology)",4114,HS,ST,Gender-Neutral,7
5055,"Birla Institute of Technology, Deoghar Off-Campus",440,"Electronics and Communication Engineering (4 Years, Bachelor of Technology)",4114,HS,ST (PwD),Gender-Neutral,1
5056,"Birla Institute of Technology, Deoghar Off-Campus",440,"Mechanical Engineering (4 Years, Bachelor of Technology)",4125,AI,OPEN,Gender-Neutral,6
5057,"Birla Institute of Technology, Deoghar Off-Campus",440,"Mechanical Engineering (4 Years, Bachelor of Technology)",4125,AI,OPEN,Female-only (including Supernumerary),1
5058,"Birla Institute of Technology, Deoghar Off-Campus",440,"Mechanical Engineering (4 Years, Bachelor of Technology)",4125,AI,OPEN (PwD),Gender-Neutral,1
5059,"Birla Institute of Technology, Deoghar Off-Campus",440,"Mechanical Engineering (4 Years, Bachelor of Technology)",4125,AI,GEN-EWS,Gender-Neutral,1
5060,"Birla Institute of Technology, Deoghar Off-Campus",440,"Mechanical Engineering (4 Years, Bachelor of Technology)",4125,AI,OBC-NCL,Gender-Neutral,3
5061,"Birla Institute of Technology, Deoghar Off-Campus",440,"Mechanical Engineering (4 Years, Bachelor of Technology)",4125,AI,OBC-NCL(PwD),Gender-Neutral,1
5062,"Birla Institute of Technology, Deoghar Off-Campus",440,"Mechanical Engineering (4 Years, Bachelor of Technology)",4125,AI,SC,Gender-Neutral,1
5063,"Birla Institute of Technology, Deoghar Off-Campus",440,"Mechanical Engineering (4 Years, Bachelor of Technology)",4125,AI,ST,Gender-Neutral,2
5064,"Birla Institute of Technology, Deoghar Off-Campus",440,"Mechanical Engineering (4 Years, Bachelor of Technology)",4125,HS,OPEN,Gender-Neutral,7
5065,"Birla Institute of Technology, Deoghar Off-Campus",440,"Mechanical Engineering (4 Years, Bachelor of Technology)",4125,HS,OPEN,Female-only (including Supernumerary),2
5066,"Birla Institute of Technology, Deoghar Off-Campus",440,"Mechanical Engineering (4 Years, Bachelor of Technology)",4125,HS,OPEN (PwD),Gender-Neutral,1
5067,"Birla Institute of Technology, Deoghar Off-Campus",440,"Mechanical Engineering (4 Years, Bachelor of Technology)",4125,HS,GEN-EWS,Gender-Neutral,2
5068,"Birla Institute of Technology, Deoghar Off-Campus",440,"Mechanical Engineering (4 Years, Bachelor of Technology)",4125,HS,SC,Gender-Neutral,2
5069,"Birla Institute of Technology, Deoghar Off-Campus",440,"Mechanical Engineering (4 Years, Bachelor of Technology)",4125,HS,ST,Gender-Neutral,1
5070,"Birla Institute of Technology, Deoghar Off-Campus",440,"Mechanical Engineering (4 Years, Bachelor of Technology)",4125,HS,ST (PwD),Gender-Neutral,1
5071,"Birla Institute of Technology, Deoghar Off-Campus",440,"Electrical and Electronics Engineering (4 Years, Bachelor of Technology)",4144,AI,OPEN,Gender-Neutral,5
5072,"Birla Institute of Technology, Deoghar Off-Campus",440,"Electrical and Electronics Engineering (4 Years, Bachelor of Technology)",4144,AI,OPEN (PwD),Gender-Neutral,1
5073,"Birla Institute of Technology, Deoghar Off-Campus",440,"Electrical and Electronics Engineering (4 Years, Bachelor of Technology)",4144,AI,GEN-EWS,Gender-Neutral,1
5074,"Birla Institute of Technology, Deoghar Off-Campus",440,"Electrical and Electronics Engineering (4 Years, Bachelor of Technology)",4144,AI,OBC-NCL,Gender-Neutral,3
5075,"Birla Institute of Technology, Deoghar Off-Campus",440,"Electrical and Electronics Engineering (4 Years, Bachelor of Technology)",4144,AI,OBC-NCL(PwD),Gender-Neutral,1
5076,"Birla Institute of Technology, Deoghar Off-Campus",440,"Electrical and Electronics Engineering (4 Years, Bachelor of Technology)",4144,AI,SC,Gender-Neutral,1
5077,"Birla Institute of Technology, Deoghar Off-Campus",440,"Electrical and Electronics Engineering (4 Years, Bachelor of Technology)",4144,AI,ST,Gender-Neutral,2
5078,"Birla Institute of Technology, Deoghar Off-Campus",440,"Electrical and Electronics Engineering (4 Years, Bachelor of Technology)",4144,HS,OPEN,Gender-Neutral,7
5079,"Birla Institute of Technology, Deoghar Off-Campus",440,"Electrical and Electronics Engineering (4 Years, Bachelor of Technology)",4144,HS,OPEN,Female-only (including Supernumerary),2
5080,"Birla Institute of Technology, Deoghar Off-Campus",440,"Electrical and Electronics Engineering (4 Years, Bachelor of Technology)",4144,HS,OPEN (PwD),Gender-Neutral,1
5081,"Birla Institute of Technology, Deoghar Off-Campus",440,"Electrical and Electronics Engineering (4 Years, Bachelor of Technology)",4144,HS,GEN-EWS,Gender-Neutral,2
5082,"Birla Institute of Technology, Deoghar Off-Campus",440,"Electrical and Electronics Engineering (4 Years, Bachelor of Technology)",4144,HS,SC,Gender-Neutral,1
5083,"Birla Institute of Technology, Deoghar Off-Campus",440,"Electrical and Electronics Engineering (4 Years, Bachelor of Technology)",4144,HS,ST,Gender-Neutral,3
5084,"Birla Institute of Technology, Deoghar Off-Campus",440,"Electrical and Electronics Engineering (4 Years, Bachelor of Technology)",4144,HS,ST (PwD),Gender-Neutral,1
5085,"Birla Institute of Technology, Deoghar Off-Campus",440,"Mathematics and Computing (5 Years, Integrated Master of Science)",5506,AI,OPEN,Gender-Neutral,7
5086,"Birla Institute of Technology, Deoghar Off-Campus",440,"Mathematics and Computing (5 Years, Integrated Master of Science)",5506,AI,OPEN (PwD),Gender-Neutral,1
5087,"Birla Institute of Technology, Deoghar Off-Campus",440,"Mathematics and Computing (5 Years, Integrated Master of Science)",5506,AI,GEN-EWS,Gender-Neutral,2
5088,"Birla Institute of Technology, Deoghar Off-Campus",440,"Mathematics and Computing (5 Years, Integrated Master of Science)",5506,AI,OBC-NCL,Gender-Neutral,1
5089,"Birla Institute of Technology, Deoghar Off-Campus",440,"Mathematics and Computing (5 Years, Integrated Master of Science)",5506,AI,OBC-NCL(PwD),Gender-Neutral,1
5090,"Birla Institute of Technology, Deoghar Off-Campus",440,"Mathematics and Computing (5 Years, Integrated Master of Science)",5506,AI,SC,Gender-Neutral,1
5091,"Birla Institute of Technology, Deoghar Off-Campus",440,"Mathematics and Computing (5 Years, Integrated Master of Science)",5506,AI,ST,Gender-Neutral,2
5092,"Birla Institute of Technology, Deoghar Off-Campus",440,"Mathematics and Computing (5 Years, Integrated Master of Science)",5506,HS,OPEN,Gender-Neutral,5
5093,"Birla Institute of Technology, Deoghar Off-Campus",440,"Mathematics and Computing (5 Years, Integrated Master of Science)",5506,HS,OPEN,Female-only (including Supernumerary),1
5094,"Birla Institute of Technology, Deoghar Off-Campus",440,"Mathematics and Computing (5 Years, Integrated Master of Science)",5506,HS,OPEN (PwD),Gender-Neutral,1
5095,"Birla Institute of Technology, Deoghar Off-Campus",440,"Mathematics and Computing (5 Years, Integrated Master of Science)",5506,HS,GEN-EWS,Gender-Neutral,2
5096,"Birla Institute of Technology, Deoghar Off-Campus",440,"Mathematics and Computing (5 Years, Integrated Master of Science)",5506,HS,SC,Gender-Neutral,1
5097,"Birla Institute of Technology, Deoghar Off-Campus",440,"Mathematics and Computing (5 Years, Integrated Master of Science)",5506,HS,ST,Gender-Neutral,3
5098,"Birla Institute of Technology, Deoghar Off-Campus",440,"Mathematics and Computing (5 Years, Integrated Master of Science)",5506,HS,ST (PwD),Gender-Neutral,1
5099,"Birla Institute of Technology, Patna Off-Campus",441,"Civil Engineering (4 Years, Bachelor of Technology)",4109,AI,OPEN,Gender-Neutral,11
5100,"Birla Institute of Technology, Patna Off-Campus",441,"Civil Engineering (4 Years, Bachelor of Technology)",4109,AI,OPEN,Female-only (including Supernumerary),1
5101,"Birla Institute of Technology, Patna Off-Campus",441,"Civil Engineering (4 Years, Bachelor of Technology)",4109,AI,OPEN (PwD),Gender-Neutral,1
5102,"Birla Institute of Technology, Patna Off-Campus",441,"Civil Engineering (4 Years, Bachelor of Technology)",4109,AI,GEN-EWS,Gender-Neutral,2
5103,"Birla Institute of Technology, Patna Off-Campus",441,"Civil Engineering (4 Years, Bachelor of Technology)",4109,AI,OBC-NCL,Gender-Neutral,5
5104,"Birla Institute of Technology, Patna Off-Campus",441,"Civil Engineering (4 Years, Bachelor of Technology)",4109,AI,OBC-NCL(PwD),Gender-Neutral,1
5105,"Birla Institute of Technology, Patna Off-Campus",441,"Civil Engineering (4 Years, Bachelor of Technology)",4109,AI,SC,Gender-Neutral,3
5106,"Birla Institute of Technology, Patna Off-Campus",441,"Civil Engineering (4 Years, Bachelor of Technology)",4109,AI,ST,Gender-Neutral,3
5107,"Birla Institute of Technology, Patna Off-Campus",441,"Civil Engineering (4 Years, Bachelor of Technology)",4109,HS,OPEN,Gender-Neutral,13
5108,"Birla Institute of Technology, Patna Off-Campus",441,"Civil Engineering (4 Years, Bachelor of Technology)",4109,HS,OPEN,Female-only (including Supernumerary),1
5109,"Birla Institute of Technology, Patna Off-Campus",441,"Civil Engineering (4 Years, Bachelor of Technology)",4109,HS,OPEN (PwD),Gender-Neutral,1
5110,"Birla Institute of Technology, Patna Off-Campus",441,"Civil Engineering (4 Years, Bachelor of Technology)",4109,HS,GEN-EWS,Gender-Neutral,3
5111,"Birla Institute of Technology, Patna Off-Campus",441,"Civil Engineering (4 Years, Bachelor of Technology)",4109,HS,SC,Gender-Neutral,6
5112,"Birla Institute of Technology, Patna Off-Campus",441,"Computer Science and Engineering (Artificial Intelligence and Machine Learning) (4 Years, Bachelor of Technology)",410W,AI,OPEN,Gender-Neutral,10
5113,"Birla Institute of Technology, Patna Off-Campus",441,"Computer Science and Engineering (Artificial Intelligence and Machine Learning) (4 Years, Bachelor of Technology)",410W,AI,OPEN,Female-only (including Supernumerary),3
5114,"Birla Institute of Technology, Patna Off-Campus",441,"Computer Science and Engineering (Artificial Intelligence and Machine Learning) (4 Years, Bachelor of Technology)",410W,AI,OPEN (PwD),Gender-Neutral,1
5115,"Birla Institute of Technology, Patna Off-Campus",441,"Computer Science and Engineering (Artificial Intelligence and Machine Learning) (4 Years, Bachelor of Technology)",410W,AI,GEN-EWS,Gender-Neutral,2
5116,"Birla Institute of Technology, Patna Off-Campus",441,"Computer Science and Engineering (Artificial Intelligence and Machine Learning) (4 Years, Bachelor of Technology)",410W,AI,OBC-NCL,Gender-Neutral,8
5117,"Birla Institute of Technology, Patna Off-Campus",441,"Computer Science and Engineering (Artificial Intelligence and Machine Learning) (4 Years, Bachelor of Technology)",410W,AI,OBC-NCL(PwD),Gender-Neutral,1
5118,"Birla Institute of Technology, Patna Off-Campus",441,"Computer Science and Engineering (Artificial Intelligence and Machine Learning) (4 Years, Bachelor of Technology)",410W,AI,SC,Gender-Neutral,3
5119,"Birla Institute of Technology, Patna Off-Campus",441,"Computer Science and Engineering (Artificial Intelligence and Machine Learning) (4 Years, Bachelor of Technology)",410W,AI,ST,Gender-Neutral,3
5120,"Birla Institute of Technology, Patna Off-Campus",441,"Computer Science and Engineering (Artificial Intelligence and Machine Learning) (4 Years, Bachelor of Technology)",410W,HS,OPEN,Gender-Neutral,8
5121,"Birla Institute of Technology, Patna Off-Campus",441,"Computer Science and Engineering (Artificial Intelligence and Machine Learning) (4 Years, Bachelor of Technology)",410W,HS,OPEN,Female-only (including Supernumerary),1
5122,"Birla Institute of Technology, Patna Off-Campus",441,"Computer Science and Engineering (Artificial Intelligence and Machine Learning) (4 Years, Bachelor of Technology)",410W,HS,OPEN (PwD),Gender-Neutral,1
5123,"Birla Institute of Technology, Patna Off-Campus",441,"Computer Science and Engineering (Artificial Intelligence and Machine Learning) (4 Years, Bachelor of Technology)",410W,HS,GEN-EWS,Gender-Neutral,1
5124,"Birla Institute of Technology, Patna Off-Campus",441,"Computer Science and Engineering (Artificial Intelligence and Machine Learning) (4 Years, Bachelor of Technology)",410W,HS,SC,Gender-Neutral,3
5125,"Birla Institute of Technology, Patna Off-Campus",441,"Computer Science and Engineering (4 Years, Bachelor of Technology)",4110,AI,OPEN,Gender-Neutral,10
5126,"Birla Institute of Technology, Patna Off-Campus",441,"Computer Science and Engineering (4 Years, Bachelor of Technology)",4110,AI,OPEN,Female-only (including Supernumerary),2
5127,"Birla Institute of Technology, Patna Off-Campus",441,"Computer Science and Engineering (4 Years, Bachelor of Technology)",4110,AI,OPEN (PwD),Gender-Neutral,1
5128,"Birla Institute of Technology, Patna Off-Campus",441,"Computer Science and Engineering (4 Years, Bachelor of Technology)",4110,AI,GEN-EWS,Gender-Neutral,3
5129,"Birla Institute of Technology, Patna Off-Campus",441,"Computer Science and Engineering (4 Years, Bachelor of Technology)",4110,AI,OBC-NCL,Gender-Neutral,4
5130,"Birla Institute of Technology, Patna Off-Campus",441,"Computer Science and Engineering (4 Years, Bachelor of Technology)",4110,AI,OBC-NCL(PwD),Gender-Neutral,1
5131,"Birla Institute of Technology, Patna Off-Campus",441,"Computer Science and Engineering (4 Years, Bachelor of Technology)",4110,AI,ST,Gender-Neutral,3
5132,"Birla Institute of Technology, Patna Off-Campus",441,"Computer Science and Engineering (4 Years, Bachelor of Technology)",4110,HS,OPEN,Gender-Neutral,9
5133,"Birla Institute of Technology, Patna Off-Campus",441,"Computer Science and Engineering (4 Years, Bachelor of Technology)",4110,HS,OPEN (PwD),Gender-Neutral,1
5134,"Birla Institute of Technology, Patna Off-Campus",441,"Computer Science and Engineering (4 Years, Bachelor of Technology)",4110,HS,GEN-EWS,Gender-Neutral,3
5135,"Birla Institute of Technology, Patna Off-Campus",441,"Computer Science and Engineering (4 Years, Bachelor of Technology)",4110,HS,SC,Gender-Neutral,2
5136,"Birla Institute of Technology, Patna Off-Campus",441,"Electronics and Communication Engineering (4 Years, Bachelor of Technology)",4114,AI,OPEN,Gender-Neutral,12
5137,"Birla Institute of Technology, Patna Off-Campus",441,"Electronics and Communication Engineering (4 Years, Bachelor of Technology)",4114,AI,OPEN,Female-only (including Supernumerary),2
5138,"Birla Institute of Technology, Patna Off-Campus",441,"Electronics and Communication Engineering (4 Years, Bachelor of Technology)",4114,AI,OPEN (PwD),Gender-Neutral,1
5139,"Birla Institute of Technology, Patna Off-Campus",441,"Electronics and Communication Engineering (4 Years, Bachelor of Technology)",4114,AI,GEN-EWS,Gender-Neutral,2
5140,"Birla Institute of Technology, Patna Off-Campus",441,"Electronics and Communication Engineering (4 Years, Bachelor of Technology)",4114,AI,OBC-NCL,Gender-Neutral,4
5141,"Birla Institute of Technology, Patna Off-Campus",441,"Electronics and Communication Engineering (4 Years, Bachelor of Technology)",4114,AI,OBC-NCL(PwD),Gender-Neutral,1
5142,"Birla Institute of Technology, Patna Off-Campus",441,"Electronics and Communication Engineering (4 Years, Bachelor of Technology)",4114,AI,SC,Gender-Neutral,5
5143,"Birla Institute of Technology, Patna Off-Campus",441,"Electronics and Communication Engineering (4 Years, Bachelor of Technology)",4114,AI,ST,Gender-Neutral,3
5144,"Birla Institute of Technology, Patna Off-Campus",441,"Electronics and Communication Engineering (4 Years, Bachelor of Technology)",4114,HS,OPEN,Gender-Neutral,9
5145,"Birla Institute of Technology, Patna Off-Campus",441,"Electronics and Communication Engineering (4 Years, Bachelor of Technology)",4114,HS,OPEN,Female-only (including Supernumerary),1
5146,"Birla Institute of Technology, Patna Off-Campus",441,"Electronics and Communication Engineering (4 Years, Bachelor of Technology)",4114,HS,OPEN (PwD),Gender-Neutral,1
5147,"Birla Institute of Technology, Patna Off-Campus",441,"Electronics and Communication Engineering (4 Years, Bachelor of Technology)",4114,HS,SC,Gender-Neutral,4
5148,"Birla Institute of Technology, Patna Off-Campus",441,"Electronics and Communication Engineering (4 Years, Bachelor of Technology)",4114,HS,ST,Gender-Neutral,1
5149,"Birla Institute of Technology, Patna Off-Campus",441,"Mechanical Engineering (4 Years, Bachelor of Technology)",4125,AI,OPEN,Gender-Neutral,13
5150,"Birla Institute of Technology, Patna Off-Campus",441,"Mechanical Engineering (4 Years, Bachelor of Technology)",4125,AI,OPEN,Female-only (including Supernumerary),3
5151,"Birla Institute of Technology, Patna Off-Campus",441,"Mechanical Engineering (4 Years, Bachelor of Technology)",4125,AI,OPEN (PwD),Gender-Neutral,1
5152,"Birla Institute of Technology, Patna Off-Campus",441,"Mechanical Engineering (4 Years, Bachelor of Technology)",4125,AI,GEN-EWS,Gender-Neutral,4
5153,"Birla Institute of Technology, Patna Off-Campus",441,"Mechanical Engineering (4 Years, Bachelor of Technology)",4125,AI,OBC-NCL,Gender-Neutral,5
5154,"Birla Institute of Technology, Patna Off-Campus",441,"Mechanical Engineering (4 Years, Bachelor of Technology)",4125,AI,OBC-NCL(PwD),Gender-Neutral,1
5155,"Birla Institute of Technology, Patna Off-Campus",441,"Mechanical Engineering (4 Years, Bachelor of Technology)",4125,AI,SC,Gender-Neutral,5
5156,"Birla Institute of Technology, Patna Off-Campus",441,"Mechanical Engineering (4 Years, Bachelor of Technology)",4125,AI,ST,Gender-Neutral,2
5157,"Birla Institute of Technology, Patna Off-Campus",441,"Mechanical Engineering (4 Years, Bachelor of Technology)",4125,HS,OPEN,Gender-Neutral,11
5158,"Birla Institute of Technology, Patna Off-Campus",441,"Mechanical Engineering (4 Years, Bachelor of Technology)",4125,HS,OPEN,Female-only (including Supernumerary),3
5159,"Birla Institute of Technology, Patna Off-Campus",441,"Mechanical Engineering (4 Years, Bachelor of Technology)",4125,HS,OPEN (PwD),Gender-Neutral,1
5160,"Birla Institute of Technology, Patna Off-Campus",441,"Mechanical Engineering (4 Years, Bachelor of Technology)",4125,HS,GEN-EWS,Gender-Neutral,3
5161,"Birla Institute of Technology, Patna Off-Campus",441,"Mechanical Engineering (4 Years, Bachelor of Technology)",4125,HS,SC,Gender-Neutral,5
5162,"Birla Institute of Technology, Patna Off-Campus",441,"Mechanical Engineering (4 Years, Bachelor of Technology)",4125,HS,ST,Gender-Neutral,1
5163,"Birla Institute of Technology, Patna Off-Campus",441,"Electrical and Electronics Engineering (4 Years, Bachelor of Technology)",4144,AI,OPEN,Gender-Neutral,10
5164,"Birla Institute of Technology, Patna Off-Campus",441,"Electrical and Electronics Engineering (4 Years, Bachelor of Technology)",4144,AI,OPEN,Female-only (including Supernumerary),2
5165,"Birla Institute of Technology, Patna Off-Campus",441,"Electrical and Electronics Engineering (4 Years, Bachelor of Technology)",4144,AI,OPEN (PwD),Gender-Neutral,1
5166,"Birla Institute of Technology, Patna Off-Campus",441,"Electrical and Electronics Engineering (4 Years, Bachelor of Technology)",4144,AI,GEN-EWS,Gender-Neutral,1
5167,"Birla Institute of Technology, Patna Off-Campus",441,"Electrical and Electronics Engineering (4 Years, Bachelor of Technology)",4144,AI,OBC-NCL,Gender-Neutral,5
5168,"Birla Institute of Technology, Patna Off-Campus",441,"Electrical and Electronics Engineering (4 Years, Bachelor of Technology)",4144,AI,OBC-NCL(PwD),Gender-Neutral,1
5169,"Birla Institute of Technology, Patna Off-Campus",441,"Electrical and Electronics Engineering (4 Years, Bachelor of Technology)",4144,AI,SC,Gender-Neutral,4
5170,"Birla Institute of Technology, Patna Off-Campus",441,"Electrical and Electronics Engineering (4 Years, Bachelor of Technology)",4144,AI,ST,Gender-Neutral,3
5171,"Birla Institute of Technology, Patna Off-Campus",441,"Electrical and Electronics Engineering (4 Years, Bachelor of Technology)",4144,HS,OPEN,Gender-Neutral,9
5172,"Birla Institute of Technology, Patna Off-Campus",441,"Electrical and Electronics Engineering (4 Years, Bachelor of Technology)",4144,HS,OPEN,Female-only (including Supernumerary),1
5173,"Birla Institute of Technology, Patna Off-Campus",441,"Electrical and Electronics Engineering (4 Years, Bachelor of Technology)",4144,HS,OPEN (PwD),Gender-Neutral,1
5174,"Birla Institute of Technology, Patna Off-Campus",441,"Electrical and Electronics Engineering (4 Years, Bachelor of Technology)",4144,HS,GEN-EWS,Gender-Neutral,3
5175,"Birla Institute of Technology, Patna Off-Campus",441,"Electrical and Electronics Engineering (4 Years, Bachelor of Technology)",4144,HS,SC,Gender-Neutral,3
5176,"Birla Institute of Technology, Patna Off-Campus",441,"Electrical and Electronics Engineering (4 Years, Bachelor of Technology)",4144,HS,ST,Gender-Neutral,1
5177,"Birla Institute of Technology, Patna Off-Campus",441,"Mathematics and Computing (5 Years, Integrated Master of Science)",5506,AI,OPEN,Gender-Neutral,6
5178,"Birla Institute of Technology, Patna Off-Campus",441,"Mathematics and Computing (5 Years, Integrated Master of Science)",5506,AI,OBC-NCL,Gender-Neutral,2
5179,"Birla Institute of Technology, Patna Off-Campus",441,"Mathematics and Computing (5 Years, Integrated Master of Science)",5506,AI,SC,Gender-Neutral,3
5180,"Birla Institute of Technology, Patna Off-Campus",441,"Mathematics and Computing (5 Years, Integrated Master of Science)",5506,AI,ST,Gender-Neutral,1
5181,"Birla Institute of Technology, Patna Off-Campus",441,"Mathematics and Computing (5 Years, Integrated Master of Science)",5506,HS,OPEN,Gender-Neutral,4
5182,"Birla Institute of Technology, Patna Off-Campus",441,"Mathematics and Computing (5 Years, Integrated Master of Science)",5506,HS,OPEN,Female-only (including Supernumerary),1
5183,"Birla Institute of Technology, Patna Off-Campus",441,"Mathematics and Computing (5 Years, Integrated Master of Science)",5506,HS,GEN-EWS,Gender-Neutral,2
5184,"Birla Institute of Technology, Patna Off-Campus",441,"Mathematics and Computing (5 Years, Integrated Master of Science)",5506,HS,SC,Gender-Neutral,1
5185,"Birla Institute of Technology, Patna Off-Campus",441,"Mathematics and Computing (5 Years, Integrated Master of Science)",5506,HS,ST,Gender-Neutral,4
5186,"Indian Institute of Handloom Technology, Salem",442,"Handloom and Textile Technology (4 Years, Bachelor of Technology)",4197,AI,OPEN,Gender-Neutral,11
5187,"Indian Institute of Handloom Technology, Salem",442,"Handloom and Textile Technology (4 Years, Bachelor of Technology)",4197,AI,OPEN (PwD),Gender-Neutral,1
5188,"Indian Institute of Handloom Technology, Salem",442,"Handloom and Textile Technology (4 Years, Bachelor of Technology)",4197,AI,GEN-EWS,Gender-Neutral,3
5189,"Indian Institute of Handloom Technology, Salem",442,"Handloom and Textile Technology (4 Years, Bachelor of Technology)",4197,AI,OBC-NCL,Gender-Neutral,7
5190,"Indian Institute of Handloom Technology, Salem",442,"Handloom and Textile Technology (4 Years, Bachelor of Technology)",4197,AI,SC,Gender-Neutral,1
5191,"Indian Institute of Handloom Technology, Salem",442,"Handloom and Textile Technology (4 Years, Bachelor of Technology)",4197,AI,ST,Gender-Neutral,2
5192,"Gati Shakti Vishwavidyalaya, Vadodara",443,"B.Tech in Electronics & Communication Engineering (Rail Engineering) (4 Years, Bachelor of Technology)",411R,AI,OPEN,Gender-Neutral,19
5193,"Gati Shakti Vishwavidyalaya, Vadodara",443,"B.Tech in Electronics & Communication Engineering (Rail Engineering) (4 Years, Bachelor of Technology)",411R,AI,OPEN,Female-only (including Supernumerary),1
5194,"Gati Shakti Vishwavidyalaya, Vadodara",443,"B.Tech in Electronics & Communication Engineering (Rail Engineering) (4 Years, Bachelor of Technology)",411R,AI,OPEN (PwD),Gender-Neutral,1
5195,"Gati Shakti Vishwavidyalaya, Vadodara",443,"B.Tech in Electronics & Communication Engineering (Rail Engineering) (4 Years, Bachelor of Technology)",411R,AI,GEN-EWS,Gender-Neutral,1
5196,"Gati Shakti Vishwavidyalaya, Vadodara",443,"B.Tech in Electronics & Communication Engineering (Rail Engineering) (4 Years, Bachelor of Technology)",411R,AI,GEN-EWS,Female-only (including Supernumerary),1
5197,"Gati Shakti Vishwavidyalaya, Vadodara",443,"B.Tech in Electronics & Communication Engineering (Rail Engineering) (4 Years, Bachelor of Technology)",411R,AI,OBC-NCL,Gender-Neutral,5
5198,"Gati Shakti Vishwavidyalaya, Vadodara",443,"B.Tech in Electronics & Communication Engineering (Rail Engineering) (4 Years, Bachelor of Technology)",411R,AI,OBC-NCL(PwD),Gender-Neutral,1
5199,"Gati Shakti Vishwavidyalaya, Vadodara",443,"B.Tech in Electronics & Communication Engineering (Rail Engineering) (4 Years, Bachelor of Technology)",411R,AI,SC,Gender-Neutral,2
5200,"Gati Shakti Vishwavidyalaya, Vadodara",443,"B.Tech in Electronics & Communication Engineering (Rail Engineering) (4 Years, Bachelor of Technology)",411R,AI,SC,Female-only (including Supernumerary),1
5201,"Gati Shakti Vishwavidyalaya, Vadodara",443,"B.Tech in Electronics & Communication Engineering (Rail Engineering) (4 Years, Bachelor of Technology)",411R,AI,ST,Gender-Neutral,2
5202,"Gati Shakti Vishwavidyalaya, Vadodara",443,"B.Tech in Electrical Engineering ( Rail Engineering) (4 Years, Bachelor of Technology)",411S,AI,OPEN,Gender-Neutral,13
5203,"Gati Shakti Vishwavidyalaya, Vadodara",443,"B.Tech in Electrical Engineering ( Rail Engineering) (4 Years, Bachelor of Technology)",411S,AI,OPEN (PwD),Gender-Neutral,1
5204,"Gati Shakti Vishwavidyalaya, Vadodara",443,"B.Tech in Electrical Engineering ( Rail Engineering) (4 Years, Bachelor of Technology)",411S,AI,GEN-EWS,Gender-Neutral,3
5205,"Gati Shakti Vishwavidyalaya, Vadodara",443,"B.Tech in Electrical Engineering ( Rail Engineering) (4 Years, Bachelor of Technology)",411S,AI,OBC-NCL,Gender-Neutral,7
5206,"Gati Shakti Vishwavidyalaya, Vadodara",443,"B.Tech in Electrical Engineering ( Rail Engineering) (4 Years, Bachelor of Technology)",411S,AI,OBC-NCL(PwD),Gender-Neutral,1
5207,"Gati Shakti Vishwavidyalaya, Vadodara",443,"B.Tech in Electrical Engineering ( Rail Engineering) (4 Years, Bachelor of Technology)",411S,AI,SC,Gender-Neutral,6
5208,"Gati Shakti Vishwavidyalaya, Vadodara",443,"B.Tech in Electrical Engineering ( Rail Engineering) (4 Years, Bachelor of Technology)",411S,AI,ST,Gender-Neutral,2
5209,"Gati Shakti Vishwavidyalaya, Vadodara",443,"B.Tech in Mechanical Engineering ( Rail Engineering) (4 Years, Bachelor of Technology)",411T,AI,OPEN,Gender-Neutral,19
5210,"Gati Shakti Vishwavidyalaya, Vadodara",443,"B.Tech in Mechanical Engineering ( Rail Engineering) (4 Years, Bachelor of Technology)",411T,AI,OPEN,Female-only (including Supernumerary),3
5211,"Gati Shakti Vishwavidyalaya, Vadodara",443,"B.Tech in Mechanical Engineering ( Rail Engineering) (4 Years, Bachelor of Technology)",411T,AI,OPEN (PwD),Gender-Neutral,1
5212,"Gati Shakti Vishwavidyalaya, Vadodara",443,"B.Tech in Mechanical Engineering ( Rail Engineering) (4 Years, Bachelor of Technology)",411T,AI,GEN-EWS,Gender-Neutral,5
5213,"Gati Shakti Vishwavidyalaya, Vadodara",443,"B.Tech in Mechanical Engineering ( Rail Engineering) (4 Years, Bachelor of Technology)",411T,AI,OBC-NCL,Gender-Neutral,5
5214,"Gati Shakti Vishwavidyalaya, Vadodara",443,"B.Tech in Mechanical Engineering ( Rail Engineering) (4 Years, Bachelor of Technology)",411T,AI,OBC-NCL(PwD),Gender-Neutral,1
5215,"Gati Shakti Vishwavidyalaya, Vadodara",443,"B.Tech in Mechanical Engineering ( Rail Engineering) (4 Years, Bachelor of Technology)",411T,AI,SC,Gender-Neutral,4
5216,"Gati Shakti Vishwavidyalaya, Vadodara",443,"B.Tech in Mechanical Engineering ( Rail Engineering) (4 Years, Bachelor of Technology)",411T,AI,SC,Female-only (including Supernumerary),1
5217,"Gati Shakti Vishwavidyalaya, Vadodara",443,"B.Tech in Mechanical Engineering ( Rail Engineering) (4 Years, Bachelor of Technology)",411T,AI,ST,Gender-Neutral,3
5218,"Gati Shakti Vishwavidyalaya, Vadodara",443,"B.Tech in Civil Engineering (Rail Engineering) (4 Years, Bachelor of Technology)",411U,AI,OPEN,Gender-Neutral,15
5219,"Gati Shakti Vishwavidyalaya, Vadodara",443,"B.Tech in Civil Engineering (Rail Engineering) (4 Years, Bachelor of Technology)",411U,AI,OPEN,Female-only (including Supernumerary),1
5220,"Gati Shakti Vishwavidyalaya, Vadodara",443,"B.Tech in Civil Engineering (Rail Engineering) (4 Years, Bachelor of Technology)",411U,AI,OPEN (PwD),Gender-Neutral,1
5221,"Gati Shakti Vishwavidyalaya, Vadodara",443,"B.Tech in Civil Engineering (Rail Engineering) (4 Years, Bachelor of Technology)",411U,AI,GEN-EWS,Gender-Neutral,4
5222,"Gati Shakti Vishwavidyalaya, Vadodara",443,"B.Tech in Civil Engineering (Rail Engineering) (4 Years, Bachelor of Technology)",411U,AI,OBC-NCL,Gender-Neutral,9
5223,"Gati Shakti Vishwavidyalaya, Vadodara",443,"B.Tech in Civil Engineering (Rail Engineering) (4 Years, Bachelor of Technology)",411U,AI,OBC-NCL,Female-only (including Supernumerary),1
5224,"Gati Shakti Vishwavidyalaya, Vadodara",443,"B.Tech in Civil Engineering (Rail Engineering) (4 Years, Bachelor of Technology)",411U,AI,OBC-NCL(PwD),Gender-Neutral,1
5225,"Gati Shakti Vishwavidyalaya, Vadodara",443,"B.Tech in Civil Engineering (Rail Engineering) (4 Years, Bachelor of Technology)",411U,AI,SC,Gender-Neutral,5
5226,"Gati Shakti Vishwavidyalaya, Vadodara",443,"B.Tech in Civil Engineering (Rail Engineering) (4 Years, Bachelor of Technology)",411U,AI,ST,Gender-Neutral,3
5227,"Gati Shakti Vishwavidyalaya, Vadodara",443,"B.Tech in Artificial Intelligenece and Data Science (Transportation and Logistics) (4 Years, Bachelor of Technology)",411V,AI,OPEN,Gender-Neutral,12
5228,"Gati Shakti Vishwavidyalaya, Vadodara",443,"B.Tech in Artificial Intelligenece and Data Science (Transportation and Logistics) (4 Years, Bachelor of Technology)",411V,AI,OPEN,Female-only (including Supernumerary),1
5229,"Gati Shakti Vishwavidyalaya, Vadodara",443,"B.Tech in Artificial Intelligenece and Data Science (Transportation and Logistics) (4 Years, Bachelor of Technology)",411V,AI,OPEN (PwD),Gender-Neutral,1
5230,"Gati Shakti Vishwavidyalaya, Vadodara",443,"B.Tech in Artificial Intelligenece and Data Science (Transportation and Logistics) (4 Years, Bachelor of Technology)",411V,AI,GEN-EWS,Gender-Neutral,3
5231,"Gati Shakti Vishwavidyalaya, Vadodara",443,"B.Tech in Artificial Intelligenece and Data Science (Transportation and Logistics) (4 Years, Bachelor of Technology)",411V,AI,OBC-NCL,Gender-Neutral,4
5232,"Gati Shakti Vishwavidyalaya, Vadodara",443,"B.Tech in Artificial Intelligenece and Data Science (Transportation and Logistics) (4 Years, Bachelor of Technology)",411V,AI,OBC-NCL(PwD),Gender-Neutral,1
5233,"Gati Shakti Vishwavidyalaya, Vadodara",443,"B.Tech in Artificial Intelligenece and Data Science (Transportation and Logistics) (4 Years, Bachelor of Technology)",411V,AI,SC,Gender-Neutral,4
5234,"Gati Shakti Vishwavidyalaya, Vadodara",443,"B.Tech in Artificial Intelligenece and Data Science (Transportation and Logistics) (4 Years, Bachelor of Technology)",411V,AI,ST,Gender-Neutral,1
5235,"Gati Shakti Vishwavidyalaya, Vadodara",443,"B.Tech in Aviation Engineering (4 Years, Bachelor of Technology)",411W,AI,OPEN,Gender-Neutral,9
5236,"Gati Shakti Vishwavidyalaya, Vadodara",443,"B.Tech in Aviation Engineering (4 Years, Bachelor of Technology)",411W,AI,OPEN (PwD),Gender-Neutral,1
5237,"Gati Shakti Vishwavidyalaya, Vadodara",443,"B.Tech in Aviation Engineering (4 Years, Bachelor of Technology)",411W,AI,GEN-EWS,Gender-Neutral,3
5238,"Gati Shakti Vishwavidyalaya, Vadodara",443,"B.Tech in Aviation Engineering (4 Years, Bachelor of Technology)",411W,AI,OBC-NCL,Gender-Neutral,4
5239,"Gati Shakti Vishwavidyalaya, Vadodara",443,"B.Tech in Aviation Engineering (4 Years, Bachelor of Technology)",411W,AI,OBC-NCL(PwD),Gender-Neutral,1
5240,"Gati Shakti Vishwavidyalaya, Vadodara",443,"B.Tech in Aviation Engineering (4 Years, Bachelor of Technology)",411W,AI,SC,Gender-Neutral,2
5241,"Gati Shakti Vishwavidyalaya, Vadodara",443,"B.Tech in Aviation Engineering (4 Years, Bachelor of Technology)",411W,AI,ST,Gender-Neutral,3
5242,"Gati Shakti Vishwavidyalaya, Vadodara",443,"Maritime Engineering (4 Years, Bachelor of Technology)",413S,AI,OPEN,Gender-Neutral,9
5243,"Gati Shakti Vishwavidyalaya, Vadodara",443,"Maritime Engineering (4 Years, Bachelor of Technology)",413S,AI,OPEN,Female-only (including Supernumerary),2
5244,"Gati Shakti Vishwavidyalaya, Vadodara",443,"Maritime Engineering (4 Years, Bachelor of Technology)",413S,AI,OPEN (PwD),Gender-Neutral,1
5245,"Gati Shakti Vishwavidyalaya, Vadodara",443,"Maritime Engineering (4 Years, Bachelor of Technology)",413S,AI,GEN-EWS,Gender-Neutral,2
5246,"Gati Shakti Vishwavidyalaya, Vadodara",443,"Maritime Engineering (4 Years, Bachelor of Technology)",413S,AI,GEN-EWS,Female-only (including Supernumerary),1
5247,"Gati Shakti Vishwavidyalaya, Vadodara",443,"Maritime Engineering (4 Years, Bachelor of Technology)",413S,AI,OBC-NCL,Gender-Neutral,5
5248,"Gati Shakti Vishwavidyalaya, Vadodara",443,"Maritime Engineering (4 Years, Bachelor of Technology)",413S,AI,OBC-NCL,Female-only (including Supernumerary),2
5249,"Gati Shakti Vishwavidyalaya, Vadodara",443,"Maritime Engineering (4 Years, Bachelor of Technology)",413S,AI,SC,Gender-Neutral,2
5250,"Gati Shakti Vishwavidyalaya, Vadodara",443,"Maritime Engineering (4 Years, Bachelor of Technology)",413S,AI,ST,Gender-Neutral,1
5251,CU Jharkhand,444,"Civil Engineering (4 Years, Bachelor of Technology)",4109,AI,OPEN,Gender-Neutral,7
5252,CU Jharkhand,444,"Civil Engineering (4 Years, Bachelor of Technology)",4109,AI,GEN-EWS,Gender-Neutral,2
5253,CU Jharkhand,444,"Civil Engineering (4 Years, Bachelor of Technology)",4109,AI,OBC-NCL,Gender-Neutral,5
5254,CU Jharkhand,444,"Civil Engineering (4 Years, Bachelor of Technology)",4109,AI,SC,Gender-Neutral,2
5255,CU Jharkhand,444,"Civil Engineering (4 Years, Bachelor of Technology)",4109,AI,ST,Gender-Neutral,1
5256,CU Jharkhand,444,"Computer Science and Engineering (4 Years, Bachelor of Technology)",4110,AI,OPEN,Gender-Neutral,7
5257,CU Jharkhand,444,"Computer Science and Engineering (4 Years, Bachelor of Technology)",4110,AI,GEN-EWS,Gender-Neutral,1
5258,CU Jharkhand,444,"Computer Science and Engineering (4 Years, Bachelor of Technology)",4110,AI,OBC-NCL,Gender-Neutral,3
5259,CU Jharkhand,444,"Computer Science and Engineering (4 Years, Bachelor of Technology)",4110,AI,SC,Gender-Neutral,1
5260,CU Jharkhand,444,"Electrical Engineering (4 Years, Bachelor of Technology)",4111,AI,OPEN,Gender-Neutral,8
5261,CU Jharkhand,444,"Electrical Engineering (4 Years, Bachelor of Technology)",4111,AI,GEN-EWS,Gender-Neutral,1
5262,CU Jharkhand,444,"Electrical Engineering (4 Years, Bachelor of Technology)",4111,AI,OBC-NCL,Gender-Neutral,3
5263,CU Jharkhand,444,"Electrical Engineering (4 Years, Bachelor of Technology)",4111,AI,SC,Gender-Neutral,2
5264,CU Jharkhand,444,"Electrical Engineering (4 Years, Bachelor of Technology)",4111,AI,ST,Gender-Neutral,1
5265,CU Jharkhand,444,"Metallurgical and Materials Engineering (4 Years, Bachelor of Technology)",4127,AI,OPEN,Gender-Neutral,8
5266,CU Jharkhand,444,"Metallurgical and Materials Engineering (4 Years, Bachelor of Technology)",4127,AI,GEN-EWS,Gender-Neutral,2
5267,CU Jharkhand,444,"Metallurgical and Materials Engineering (4 Years, Bachelor of Technology)",4127,AI,OBC-NCL,Gender-Neutral,4
5268,CU Jharkhand,444,"Metallurgical and Materials Engineering (4 Years, Bachelor of Technology)",4127,AI,SC,Gender-Neutral,1
5269,"National Institute of Electronics and Information Technology, Ropar (Punjab)",445,"Electronics and Communication Engineering (VLSI Design and Technology) (4 Years, Bachelor of Technology)",410Z,AI,OPEN,Gender-Neutral,22
5270,"National Institute of Electronics and Information Technology, Ropar (Punjab)",445,"Electronics and Communication Engineering (VLSI Design and Technology) (4 Years, Bachelor of Technology)",410Z,AI,GEN-EWS,Gender-Neutral,4
5271,"National Institute of Electronics and Information Technology, Ropar (Punjab)",445,"Electronics and Communication Engineering (VLSI Design and Technology) (4 Years, Bachelor of Technology)",410Z,AI,OBC-NCL,Gender-Neutral,8
5272,"National Institute of Electronics and Information Technology, Ropar (Punjab)",445,"Electronics and Communication Engineering (VLSI Design and Technology) (4 Years, Bachelor of Technology)",410Z,AI,OBC-NCL(PwD),Gender-Neutral,1
5273,"National Institute of Electronics and Information Technology, Ropar (Punjab)",445,"Electronics and Communication Engineering (VLSI Design and Technology) (4 Years, Bachelor of Technology)",410Z,AI,SC,Gender-Neutral,8
5274,"National Institute of Electronics and Information Technology, Ropar (Punjab)",445,"Electronics and Communication Engineering (VLSI Design and Technology) (4 Years, Bachelor of Technology)",410Z,AI,SC (PwD),Gender-Neutral,1
5275,"National Institute of Electronics and Information Technology, Ropar (Punjab)",445,"Electronics and Communication Engineering (VLSI Design and Technology) (4 Years, Bachelor of Technology)",410Z,AI,ST,Gender-Neutral,3
5276,"National Institute of Electronics and Information Technology, Ropar (Punjab)",445,"B.Tech in CSE (AI and ML) (4 Years, Bachelor of Technology)",413J,AI,OPEN,Gender-Neutral,21
5277,"National Institute of Electronics and Information Technology, Ropar (Punjab)",445,"B.Tech in CSE (AI and ML) (4 Years, Bachelor of Technology)",413J,AI,GEN-EWS,Gender-Neutral,3
5278,"National Institute of Electronics and Information Technology, Ropar (Punjab)",445,"B.Tech in CSE (AI and ML) (4 Years, Bachelor of Technology)",413J,AI,OBC-NCL,Gender-Neutral,8
5279,"National Institute of Electronics and Information Technology, Ropar (Punjab)",445,"B.Tech in CSE (AI and ML) (4 Years, Bachelor of Technology)",413J,AI,OBC-NCL(PwD),Gender-Neutral,1
5280,"National Institute of Electronics and Information Technology, Ropar (Punjab)",445,"B.Tech in CSE (AI and ML) (4 Years, Bachelor of Technology)",413J,AI,SC,Gender-Neutral,3
5281,"National Institute of Electronics and Information Technology, Ropar (Punjab)",445,"B.Tech in CSE (AI and ML) (4 Years, Bachelor of Technology)",413J,AI,SC (PwD),Gender-Neutral,1
5282,"National Institute of Electronics and Information Technology, Ropar (Punjab)",445,"B.Tech in CSE (AI and ML) (4 Years, Bachelor of Technology)",413J,AI,ST,Gender-Neutral,1
5283,"National Institute of Electronics and Information Technology, Patna (Bihar)",446,"Computer Science and Engineering (4 Years, Bachelor of Technology)",4110,AI,OPEN,Gender-Neutral,20
5284,"National Institute of Electronics and Information Technology, Patna (Bihar)",446,"Computer Science and Engineering (4 Years, Bachelor of Technology)",4110,AI,OPEN (PwD),Gender-Neutral,1
5285,"National Institute of Electronics and Information Technology, Patna (Bihar)",446,"Computer Science and Engineering (4 Years, Bachelor of Technology)",4110,AI,GEN-EWS,Gender-Neutral,5
5286,"National Institute of Electronics and Information Technology, Patna (Bihar)",446,"Computer Science and Engineering (4 Years, Bachelor of Technology)",4110,AI,OBC-NCL,Gender-Neutral,10
5287,"National Institute of Electronics and Information Technology, Patna (Bihar)",446,"Computer Science and Engineering (4 Years, Bachelor of Technology)",4110,AI,SC,Gender-Neutral,2
5288,"National Institute of Electronics and Information Technology, Patna (Bihar)",446,"Computer Science and Engineering (4 Years, Bachelor of Technology)",4110,AI,SC (PwD),Gender-Neutral,1
5289,"National Institute of Electronics and Information Technology, Patna (Bihar)",446,"Computer Science and Engineering (4 Years, Bachelor of Technology)",4110,AI,ST,Gender-Neutral,2
5290,"National Institute of Electronics and Information Technology, Ajmer (Rajasthan)",447,"Computer Science and Engineering (Internet of Things, Cyber Security including Block Chain Technology ) (4 Years, Bachelor of Technology)",413K,AI,OPEN,Gender-Neutral,17
5291,"National Institute of Electronics and Information Technology, Ajmer (Rajasthan)",447,"Computer Science and Engineering (Internet of Things, Cyber Security including Block Chain Technology ) (4 Years, Bachelor of Technology)",413K,AI,OPEN (PwD),Gender-Neutral,1
5292,"National Institute of Electronics and Information Technology, Ajmer (Rajasthan)",447,"Computer Science and Engineering (Internet of Things, Cyber Security including Block Chain Technology ) (4 Years, Bachelor of Technology)",413K,AI,GEN-EWS,Gender-Neutral,5
5293,"National Institute of Electronics and Information Technology, Ajmer (Rajasthan)",447,"Computer Science and Engineering (Internet of Things, Cyber Security including Block Chain Technology ) (4 Years, Bachelor of Technology)",413K,AI,OBC-NCL,Gender-Neutral,10
5294,"National Institute of Electronics and Information Technology, Ajmer (Rajasthan)",447,"Computer Science and Engineering (Internet of Things, Cyber Security including Block Chain Technology ) (4 Years, Bachelor of Technology)",413K,AI,OBC-NCL(PwD),Gender-Neutral,1
5295,"National Institute of Electronics and Information Technology, Ajmer (Rajasthan)",447,"Computer Science and Engineering (Internet of Things, Cyber Security including Block Chain Technology ) (4 Years, Bachelor of Technology)",413K,AI,SC,Gender-Neutral,6
5296,"National Institute of Electronics and Information Technology, Ajmer (Rajasthan)",447,"Computer Science and Engineering (Internet of Things, Cyber Security including Block Chain Technology ) (4 Years, Bachelor of Technology)",413K,AI,SC (PwD),Gender-Neutral,1
5297,"National Institute of Electronics and Information Technology, Ajmer (Rajasthan)",447,"Computer Science and Engineering (Internet of Things, Cyber Security including Block Chain Technology ) (4 Years, Bachelor of Technology)",413K,AI,ST,Gender-Neutral,2
5298,"National Institute of Electronics and Information Technology, Gorakhpur (UP)",448,"Computer Science and Engineering with minor in AI and ML (4 Years, Bachelor of Technology)",413L,AI,OPEN,Gender-Neutral,17
5299,"National Institute of Electronics and Information Technology, Gorakhpur (UP)",448,"Computer Science and Engineering with minor in AI and ML (4 Years, Bachelor of Technology)",413L,AI,GEN-EWS,Gender-Neutral,5
5300,"National Institute of Electronics and Information Technology, Gorakhpur (UP)",448,"Computer Science and Engineering with minor in AI and ML (4 Years, Bachelor of Technology)",413L,AI,OBC-NCL,Gender-Neutral,8
5301,"National Institute of Electronics and Information Technology, Gorakhpur (UP)",448,"Computer Science and Engineering with minor in AI and ML (4 Years, Bachelor of Technology)",413L,AI,OBC-NCL(PwD),Gender-Neutral,1
5302,"National Institute of Electronics and Information Technology, Gorakhpur (UP)",448,"Computer Science and Engineering with minor in AI and ML (4 Years, Bachelor of Technology)",413L,AI,SC,Gender-Neutral,3
5303,"National Institute of Electronics and Information Technology, Gorakhpur (UP)",448,"Computer Science and Engineering with minor in AI and ML (4 Years, Bachelor of Technology)",413L,AI,SC (PwD),Gender-Neutral,1
5304,"National Institute of Electronics and Information Technology, Gorakhpur (UP)",448,"Computer Science and Engineering with minor in AI and ML (4 Years, Bachelor of Technology)",413L,AI,ST,Gender-Neutral,1
5305,"National Institute of Electronics and Information Technology, Gorakhpur (UP)",448,"B. Tech in Electronics and Communication Engineering with minor in Wearable Electronics (4 Years, Bachelor of Technology)",413M,AI,OPEN,Gender-Neutral,23
5306,"National Institute of Electronics and Information Technology, Gorakhpur (UP)",448,"B. Tech in Electronics and Communication Engineering with minor in Wearable Electronics (4 Years, Bachelor of Technology)",413M,AI,OPEN (PwD),Gender-Neutral,1
5307,"National Institute of Electronics and Information Technology, Gorakhpur (UP)",448,"B. Tech in Electronics and Communication Engineering with minor in Wearable Electronics (4 Years, Bachelor of Technology)",413M,AI,GEN-EWS,Gender-Neutral,5
5308,"National Institute of Electronics and Information Technology, Gorakhpur (UP)",448,"B. Tech in Electronics and Communication Engineering with minor in Wearable Electronics (4 Years, Bachelor of Technology)",413M,AI,OBC-NCL,Gender-Neutral,10
5309,"National Institute of Electronics and Information Technology, Gorakhpur (UP)",448,"B. Tech in Electronics and Communication Engineering with minor in Wearable Electronics (4 Years, Bachelor of Technology)",413M,AI,OBC-NCL(PwD),Gender-Neutral,1
5310,"National Institute of Electronics and Information Technology, Gorakhpur (UP)",448,"B. Tech in Electronics and Communication Engineering with minor in Wearable Electronics (4 Years, Bachelor of Technology)",413M,AI,SC,Gender-Neutral,5
5311,"National Institute of Electronics and Information Technology, Gorakhpur (UP)",448,"B. Tech in Electronics and Communication Engineering with minor in Wearable Electronics (4 Years, Bachelor of Technology)",413M,AI,SC (PwD),Gender-Neutral,1
5312,"National Institute of Electronics and Information Technology, Gorakhpur (UP)",448,"B. Tech in Electronics and Communication Engineering with minor in Wearable Electronics (4 Years, Bachelor of Technology)",413M,AI,ST,Gender-Neutral,2
5313,"Rajiv Gandhi National Aviation University, Fursatganj, Amethi (UP)",449,"Aerospace Engineering (4 Years, Bachelor of Technology)",4101,AI,OPEN,Gender-Neutral,18
5314,"Rajiv Gandhi National Aviation University, Fursatganj, Amethi (UP)",449,"Aerospace Engineering (4 Years, Bachelor of Technology)",4101,AI,OPEN (PwD),Gender-Neutral,1
5315,"Rajiv Gandhi National Aviation University, Fursatganj, Amethi (UP)",449,"Aerospace Engineering (4 Years, Bachelor of Technology)",4101,AI,GEN-EWS,Gender-Neutral,4
5316,"Rajiv Gandhi National Aviation University, Fursatganj, Amethi (UP)",449,"Aerospace Engineering (4 Years, Bachelor of Technology)",4101,AI,OBC-NCL,Gender-Neutral,8
5317,"Rajiv Gandhi National Aviation University, Fursatganj, Amethi (UP)",449,"Aerospace Engineering (4 Years, Bachelor of Technology)",4101,AI,OBC-NCL(PwD),Gender-Neutral,1
5318,"Rajiv Gandhi National Aviation University, Fursatganj, Amethi (UP)",449,"Aerospace Engineering (4 Years, Bachelor of Technology)",4101,AI,SC,Gender-Neutral,3
5319,"Rajiv Gandhi National Aviation University, Fursatganj, Amethi (UP)",449,"Aerospace Engineering (4 Years, Bachelor of Technology)",4101,AI,SC (PwD),Gender-Neutral,1
5320,"Rajiv Gandhi National Aviation University, Fursatganj, Amethi (UP)",449,"Aerospace Engineering (4 Years, Bachelor of Technology)",4101,AI,ST,Gender-Neutral,5
5321,"Rajiv Gandhi National Aviation University, Fursatganj, Amethi (UP)",449,"Electronics and Communication Engineering (Avionics) (4 Years, Bachelor of Technology)",410I,AI,OPEN,Gender-Neutral,17
5322,"Rajiv Gandhi National Aviation University, Fursatganj, Amethi (UP)",449,"Electronics and Communication Engineering (Avionics) (4 Years, Bachelor of Technology)",410I,AI,OPEN (PwD),Gender-Neutral,1
5323,"Rajiv Gandhi National Aviation University, Fursatganj, Amethi (UP)",449,"Electronics and Communication Engineering (Avionics) (4 Years, Bachelor of Technology)",410I,AI,GEN-EWS,Gender-Neutral,3
5324,"Rajiv Gandhi National Aviation University, Fursatganj, Amethi (UP)",449,"Electronics and Communication Engineering (Avionics) (4 Years, Bachelor of Technology)",410I,AI,GEN-EWS(PwD),Gender-Neutral,1
5325,"Rajiv Gandhi National Aviation University, Fursatganj, Amethi (UP)",449,"Electronics and Communication Engineering (Avionics) (4 Years, Bachelor of Technology)",410I,AI,OBC-NCL,Gender-Neutral,11
5326,"Rajiv Gandhi National Aviation University, Fursatganj, Amethi (UP)",449,"Electronics and Communication Engineering (Avionics) (4 Years, Bachelor of Technology)",410I,AI,OBC-NCL(PwD),Gender-Neutral,1
5327,"Rajiv Gandhi National Aviation University, Fursatganj, Amethi (UP)",449,"Electronics and Communication Engineering (Avionics) (4 Years, Bachelor of Technology)",410I,AI,SC,Gender-Neutral,6
5328,"Rajiv Gandhi National Aviation University, Fursatganj, Amethi (UP)",449,"Electronics and Communication Engineering (Avionics) (4 Years, Bachelor of Technology)",410I,AI,ST,Gender-Neutral,4
5329,"Rajiv Gandhi National Aviation University, Fursatganj, Amethi (UP)",449,"Artificial Intelligence & Data Science - Aviation Systems (4 Years, Bachelor of Technology)",413R,AI,OPEN,Gender-Neutral,21
5330,"Rajiv Gandhi National Aviation University, Fursatganj, Amethi (UP)",449,"Artificial Intelligence & Data Science - Aviation Systems (4 Years, Bachelor of Technology)",413R,AI,GEN-EWS,Gender-Neutral,5
5331,"Rajiv Gandhi National Aviation University, Fursatganj, Amethi (UP)",449,"Artificial Intelligence & Data Science - Aviation Systems (4 Years, Bachelor of Technology)",413R,AI,OBC-NCL,Gender-Neutral,10
5332,"Rajiv Gandhi National Aviation University, Fursatganj, Amethi (UP)",449,"Artificial Intelligence & Data Science - Aviation Systems (4 Years, Bachelor of Technology)",413R,AI,OBC-NCL(PwD),Gender-Neutral,1
5333,"Rajiv Gandhi National Aviation University, Fursatganj, Amethi (UP)",449,"Artificial Intelligence & Data Science - Aviation Systems (4 Years, Bachelor of Technology)",413R,AI,SC,Gender-Neutral,4
5334,"Rajiv Gandhi National Aviation University, Fursatganj, Amethi (UP)",449,"Artificial Intelligence & Data Science - Aviation Systems (4 Years, Bachelor of Technology)",413R,AI,ST,Gender-Neutral,2
5335,"Rajiv Gandhi National Aviation University, Fursatganj, Amethi (UP)",449,"Artificial Intelligence & Data Science - Aviation Systems (4 Years, Bachelor of Technology)",413R,AI,ST (PwD),Gender-Neutral,1
5336,Islamic University of Science and Technology Kashmir,450,"Electrical Engineering (4 Years, Bachelor of Technology)",4111,AI,OPEN,Gender-Neutral,12
5337,Islamic University of Science and Technology Kashmir,450,"Electrical Engineering (4 Years, Bachelor of Technology)",4111,AI,OPEN (PwD),Gender-Neutral,1
5338,Islamic University of Science and Technology Kashmir,450,"Electrical Engineering (4 Years, Bachelor of Technology)",4111,AI,GEN-EWS,Gender-Neutral,3
5339,Islamic University of Science and Technology Kashmir,450,"Electrical Engineering (4 Years, Bachelor of Technology)",4111,AI,OBC-NCL,Gender-Neutral,6
5340,Islamic University of Science and Technology Kashmir,450,"Electrical Engineering (4 Years, Bachelor of Technology)",4111,AI,SC,Gender-Neutral,3
5341,Islamic University of Science and Technology Kashmir,450,"Electrical Engineering (4 Years, Bachelor of Technology)",4111,AI,ST,Gender-Neutral,6
5342,Islamic University of Science and Technology Kashmir,450,"Electrical Engineering (4 Years, Bachelor of Technology)",4111,HS,OPEN,Gender-Neutral,11
5343,Islamic University of Science and Technology Kashmir,450,"Electrical Engineering (4 Years, Bachelor of Technology)",4111,HS,OPEN (PwD),Gender-Neutral,1
5344,Islamic University of Science and Technology Kashmir,450,"Electrical Engineering (4 Years, Bachelor of Technology)",4111,HS,GEN-EWS,Gender-Neutral,3
5345,Islamic University of Science and Technology Kashmir,450,"Electrical Engineering (4 Years, Bachelor of Technology)",4111,HS,OBC-NCL,Gender-Neutral,7
5346,Islamic University of Science and Technology Kashmir,450,"Electrical Engineering (4 Years, Bachelor of Technology)",4111,HS,ST,Gender-Neutral,3
5347,Islamic University of Science and Technology Kashmir,450,"Architecture (5 Years, Bachelor of Architecture)",5101,AI,OPEN,Gender-Neutral,5
5348,Islamic University of Science and Technology Kashmir,450,"Architecture (5 Years, Bachelor of Architecture)",5101,AI,OBC-NCL,Gender-Neutral,2
5349,Islamic University of Science and Technology Kashmir,450,"Architecture (5 Years, Bachelor of Architecture)",5101,AI,SC,Gender-Neutral,1
5350,Islamic University of Science and Technology Kashmir,450,"Architecture (5 Years, Bachelor of Architecture)",5101,AI,ST,Gender-Neutral,2
5351,Islamic University of Science and Technology Kashmir,450,"Architecture (5 Years, Bachelor of Architecture)",5101,HS,OPEN,Gender-Neutral,3
5352,Islamic University of Science and Technology Kashmir,450,"Architecture (5 Years, Bachelor of Architecture)",5101,HS,OBC-NCL,Gender-Neutral,2
5353,Islamic University of Science and Technology Kashmir,450,"Architecture (5 Years, Bachelor of Architecture)",5101,HS,SC,Gender-Neutral,1
5354,Islamic University of Science and Technology Kashmir,450,"Architecture (5 Years, Bachelor of Architecture)",5101,HS,ST,Gender-Neutral,1
5355,Shri G. S. Institute of Technology and Science Indore,451,"Civil Engineering (4 Years, Bachelor of Technology)",4109,AI,OPEN,Gender-Neutral,2
5356,Shri G. S. Institute of Technology and Science Indore,451,"Electrical Engineering (4 Years, Bachelor of Technology)",4111,AI,OPEN,Gender-Neutral,4
5357,Shri G. S. Institute of Technology and Science Indore,451,"Mechanical Engineering (4 Years, Bachelor of Technology)",4125,AI,OPEN,Gender-Neutral,5
5358,Shri G. S. Institute of Technology and Science Indore,451,"Electronics and Instrumentation Engineering (4 Years, Bachelor of Technology)",4142,AI,OPEN,Gender-Neutral,5
5359,Shri G. S. Institute of Technology and Science Indore,451,"Information Technology (4 Years, Bachelor of Technology)",4146,AI,OPEN,Gender-Neutral,4
5360,Shri G. S. Institute of Technology and Science Indore,451,"Industrial and Production Engineering (4 Years, Bachelor of Technology)",4149,AI,OPEN,Gender-Neutral,3
5361,Shri G. S. Institute of Technology and Science Indore,451,"Electronics and Telecommunication Engineering (4 Years, Bachelor of Technology)",4153,AI,OPEN,Gender-Neutral,2
5362,Shri G. S. Institute of Technology and Science Indore,451,"Biomedical Engineering (4 Years, Bachelor of Technology)",4191,AI,OPEN,Gender-Neutral,3
5363,National Institute of Technical Teachers Training and Research Bhopal,452,"Civil Engineering (4 Years, Bachelor of Technology)",4109,AI,OPEN,Gender-Neutral,10
5364,National Institute of Technical Teachers Training and Research Bhopal,452,"Civil Engineering (4 Years, Bachelor of Technology)",4109,AI,OPEN,Female-only (including Supernumerary),2
5365,National Institute of Technical Teachers Training and Research Bhopal,452,"Civil Engineering (4 Years, Bachelor of Technology)",4109,AI,OPEN (PwD),Gender-Neutral,1
5366,National Institute of Technical Teachers Training and Research Bhopal,452,"Civil Engineering (4 Years, Bachelor of Technology)",4109,AI,GEN-EWS,Gender-Neutral,2
5367,National Institute of Technical Teachers Training and Research Bhopal,452,"Civil Engineering (4 Years, Bachelor of Technology)",4109,AI,OBC-NCL,Gender-Neutral,6
5368,National Institute of Technical Teachers Training and Research Bhopal,452,"Civil Engineering (4 Years, Bachelor of Technology)",4109,AI,OBC-NCL,Female-only (including Supernumerary),2
5369,National Institute of Technical Teachers Training and Research Bhopal,452,"Civil Engineering (4 Years, Bachelor of Technology)",4109,AI,OBC-NCL(PwD),Gender-Neutral,1
5370,National Institute of Technical Teachers Training and Research Bhopal,452,"Civil Engineering (4 Years, Bachelor of Technology)",4109,AI,SC,Gender-Neutral,3
5371,National Institute of Technical Teachers Training and Research Bhopal,452,"Civil Engineering (4 Years, Bachelor of Technology)",4109,AI,SC,Female-only (including Supernumerary),1
5372,National Institute of Technical Teachers Training and Research Bhopal,452,"Civil Engineering (4 Years, Bachelor of Technology)",4109,AI,ST,Gender-Neutral,2
5373,National Institute of Technical Teachers Training and Research Bhopal,452,"Artificial Intelligence and Machine Learning (4 Years, Bachelor of Technology)",410P,AI,OPEN,Gender-Neutral,16
5374,National Institute of Technical Teachers Training and Research Bhopal,452,"Artificial Intelligence and Machine Learning (4 Years, Bachelor of Technology)",410P,AI,OPEN,Female-only (including Supernumerary),3
5375,National Institute of Technical Teachers Training and Research Bhopal,452,"Artificial Intelligence and Machine Learning (4 Years, Bachelor of Technology)",410P,AI,OPEN (PwD),Gender-Neutral,1
5376,National Institute of Technical Teachers Training and Research Bhopal,452,"Artificial Intelligence and Machine Learning (4 Years, Bachelor of Technology)",410P,AI,GEN-EWS,Gender-Neutral,4
5377,National Institute of Technical Teachers Training and Research Bhopal,452,"Artificial Intelligence and Machine Learning (4 Years, Bachelor of Technology)",410P,AI,OBC-NCL,Gender-Neutral,8
5378,National Institute of Technical Teachers Training and Research Bhopal,452,"Artificial Intelligence and Machine Learning (4 Years, Bachelor of Technology)",410P,AI,OBC-NCL,Female-only (including Supernumerary),1
5379,National Institute of Technical Teachers Training and Research Bhopal,452,"Artificial Intelligence and Machine Learning (4 Years, Bachelor of Technology)",410P,AI,SC,Gender-Neutral,5
5380,National Institute of Technical Teachers Training and Research Bhopal,452,"Artificial Intelligence and Machine Learning (4 Years, Bachelor of Technology)",410P,AI,SC,Female-only (including Supernumerary),2
5381,National Institute of Technical Teachers Training and Research Bhopal,452,"Artificial Intelligence and Machine Learning (4 Years, Bachelor of Technology)",410P,AI,SC (PwD),Gender-Neutral,1
5382,National Institute of Technical Teachers Training and Research Bhopal,452,"Artificial Intelligence and Machine Learning (4 Years, Bachelor of Technology)",410P,AI,ST,Gender-Neutral,1
5383,National Institute of Technical Teachers Training and Research Bhopal,452,"Electrical Engineering (4 Years, Bachelor of Technology)",4111,AI,OPEN,Gender-Neutral,8
5384,National Institute of Technical Teachers Training and Research Bhopal,452,"Electrical Engineering (4 Years, Bachelor of Technology)",4111,AI,OPEN,Female-only (including Supernumerary),2
5385,National Institute of Technical Teachers Training and Research Bhopal,452,"Electrical Engineering (4 Years, Bachelor of Technology)",4111,AI,OPEN (PwD),Gender-Neutral,1
5386,National Institute of Technical Teachers Training and Research Bhopal,452,"Electrical Engineering (4 Years, Bachelor of Technology)",4111,AI,GEN-EWS,Gender-Neutral,3
5387,National Institute of Technical Teachers Training and Research Bhopal,452,"Electrical Engineering (4 Years, Bachelor of Technology)",4111,AI,OBC-NCL,Gender-Neutral,7
5388,National Institute of Technical Teachers Training and Research Bhopal,452,"Electrical Engineering (4 Years, Bachelor of Technology)",4111,AI,OBC-NCL,Female-only (including Supernumerary),2
5389,National Institute of Technical Teachers Training and Research Bhopal,452,"Electrical Engineering (4 Years, Bachelor of Technology)",4111,AI,OBC-NCL(PwD),Gender-Neutral,1
5390,National Institute of Technical Teachers Training and Research Bhopal,452,"Electrical Engineering (4 Years, Bachelor of Technology)",4111,AI,SC,Gender-Neutral,4
5391,National Institute of Technical Teachers Training and Research Bhopal,452,"Electrical Engineering (4 Years, Bachelor of Technology)",4111,AI,ST,Gender-Neutral,2
5392,National Institute of Technical Teachers Training and Research Bhopal,452,"Electronics and Communication Engineering (4 Years, Bachelor of Technology)",4114,AI,OPEN,Gender-Neutral,18
5393,National Institute of Technical Teachers Training and Research Bhopal,452,"Electronics and Communication Engineering (4 Years, Bachelor of Technology)",4114,AI,OPEN,Female-only (including Supernumerary),3
5394,National Institute of Technical Teachers Training and Research Bhopal,452,"Electronics and Communication Engineering (4 Years, Bachelor of Technology)",4114,AI,OPEN (PwD),Gender-Neutral,1
5395,National Institute of Technical Teachers Training and Research Bhopal,452,"Electronics and Communication Engineering (4 Years, Bachelor of Technology)",4114,AI,GEN-EWS,Gender-Neutral,5
5396,National Institute of Technical Teachers Training and Research Bhopal,452,"Electronics and Communication Engineering (4 Years, Bachelor of Technology)",4114,AI,GEN-EWS,Female-only (including Supernumerary),1
5397,National Institute of Technical Teachers Training and Research Bhopal,452,"Electronics and Communication Engineering (4 Years, Bachelor of Technology)",4114,AI,OBC-NCL,Gender-Neutral,10
5398,National Institute of Technical Teachers Training and Research Bhopal,452,"Electronics and Communication Engineering (4 Years, Bachelor of Technology)",4114,AI,OBC-NCL,Female-only (including Supernumerary),1
5399,National Institute of Technical Teachers Training and Research Bhopal,452,"Electronics and Communication Engineering (4 Years, Bachelor of Technology)",4114,AI,OBC-NCL(PwD),Gender-Neutral,1
5400,National Institute of Technical Teachers Training and Research Bhopal,452,"Electronics and Communication Engineering (4 Years, Bachelor of Technology)",4114,AI,SC,Gender-Neutral,1
5401,National Institute of Technical Teachers Training and Research Bhopal,452,"Electronics and Communication Engineering (4 Years, Bachelor of Technology)",4114,AI,SC,Female-only (including Supernumerary),1
5402,National Institute of Technical Teachers Training and Research Bhopal,452,"Electronics and Communication Engineering (4 Years, Bachelor of Technology)",4114,AI,SC (PwD),Gender-Neutral,1
5403,National Institute of Technical Teachers Training and Research Bhopal,452,"Electronics and Communication Engineering (4 Years, Bachelor of Technology)",4114,AI,ST,Gender-Neutral,1
5404,National Institute of Technical Teachers Training and Research Bhopal,452,"Electronics and Communication Engineering (4 Years, Bachelor of Technology)",4114,AI,ST,Female-only (including Supernumerary),1
5405,National Institute of Technical Teachers Training and Research Bhopal,452,"Mechanical Engineering (4 Years, Bachelor of Technology)",4125,AI,OPEN,Gender-Neutral,8
5406,National Institute of Technical Teachers Training and Research Bhopal,452,"Mechanical Engineering (4 Years, Bachelor of Technology)",4125,AI,OPEN,Female-only (including Supernumerary),3
5407,National Institute of Technical Teachers Training and Research Bhopal,452,"Mechanical Engineering (4 Years, Bachelor of Technology)",4125,AI,GEN-EWS,Gender-Neutral,3
5408,National Institute of Technical Teachers Training and Research Bhopal,452,"Mechanical Engineering (4 Years, Bachelor of Technology)",4125,AI,OBC-NCL,Gender-Neutral,6
5409,National Institute of Technical Teachers Training and Research Bhopal,452,"Mechanical Engineering (4 Years, Bachelor of Technology)",4125,AI,OBC-NCL,Female-only (including Supernumerary),2
5410,National Institute of Technical Teachers Training and Research Bhopal,452,"Mechanical Engineering (4 Years, Bachelor of Technology)",4125,AI,OBC-NCL(PwD),Gender-Neutral,1
5411,National Institute of Technical Teachers Training and Research Bhopal,452,"Mechanical Engineering (4 Years, Bachelor of Technology)",4125,AI,SC,Gender-Neutral,3
5412,National Institute of Technical Teachers Training and Research Bhopal,452,"Mechanical Engineering (4 Years, Bachelor of Technology)",4125,AI,SC,Female-only (including Supernumerary),1
5413,National Institute of Technical Teachers Training and Research Bhopal,452,"Mechanical Engineering (4 Years, Bachelor of Technology)",4125,AI,ST,Gender-Neutral,1
5414,National Institute of Technical Teachers Training and Research Bhopal,452,"ROBOTICS & AUTOMATION (4 Years, Bachelor of Technology)",412A,AI,OPEN,Gender-Neutral,8
5415,National Institute of Technical Teachers Training and Research Bhopal,452,"ROBOTICS & AUTOMATION (4 Years, Bachelor of Technology)",412A,AI,OPEN,Female-only (including Supernumerary),3
5416,National Institute of Technical Teachers Training and Research Bhopal,452,"ROBOTICS & AUTOMATION (4 Years, Bachelor of Technology)",412A,AI,OPEN (PwD),Gender-Neutral,1
5417,National Institute of Technical Teachers Training and Research Bhopal,452,"ROBOTICS & AUTOMATION (4 Years, Bachelor of Technology)",412A,AI,GEN-EWS,Gender-Neutral,2
5418,National Institute of Technical Teachers Training and Research Bhopal,452,"ROBOTICS & AUTOMATION (4 Years, Bachelor of Technology)",412A,AI,OBC-NCL,Gender-Neutral,6
5419,National Institute of Technical Teachers Training and Research Bhopal,452,"ROBOTICS & AUTOMATION (4 Years, Bachelor of Technology)",412A,AI,OBC-NCL,Female-only (including Supernumerary),1
5420,National Institute of Technical Teachers Training and Research Bhopal,452,"ROBOTICS & AUTOMATION (4 Years, Bachelor of Technology)",412A,AI,OBC-NCL(PwD),Gender-Neutral,1
5421,National Institute of Technical Teachers Training and Research Bhopal,452,"ROBOTICS & AUTOMATION (4 Years, Bachelor of Technology)",412A,AI,SC,Gender-Neutral,4
5422,National Institute of Technical Teachers Training and Research Bhopal,452,"ROBOTICS & AUTOMATION (4 Years, Bachelor of Technology)",412A,AI,SC,Female-only (including Supernumerary),1
5423,National Institute of Technical Teachers Training and Research Bhopal,452,"ROBOTICS & AUTOMATION (4 Years, Bachelor of Technology)",412A,AI,ST,Gender-Neutral,2
5424,National Institute of Technical Teachers Training and Research Bhopal,452,"Digital Manufacturing and IoT (4 Years, Bachelor of Technology)",413Q,AI,OPEN,Gender-Neutral,11
5425,National Institute of Technical Teachers Training and Research Bhopal,452,"Digital Manufacturing and IoT (4 Years, Bachelor of Technology)",413Q,AI,OPEN,Female-only (including Supernumerary),3
5426,National Institute of Technical Teachers Training and Research Bhopal,452,"Digital Manufacturing and IoT (4 Years, Bachelor of Technology)",413Q,AI,OPEN (PwD),Gender-Neutral,1
5427,National Institute of Technical Teachers Training and Research Bhopal,452,"Digital Manufacturing and IoT (4 Years, Bachelor of Technology)",413Q,AI,GEN-EWS,Gender-Neutral,3
5428,National Institute of Technical Teachers Training and Research Bhopal,452,"Digital Manufacturing and IoT (4 Years, Bachelor of Technology)",413Q,AI,OBC-NCL,Gender-Neutral,6
5429,National Institute of Technical Teachers Training and Research Bhopal,452,"Digital Manufacturing and IoT (4 Years, Bachelor of Technology)",413Q,AI,OBC-NCL,Female-only (including Supernumerary),2
5430,National Institute of Technical Teachers Training and Research Bhopal,452,"Digital Manufacturing and IoT (4 Years, Bachelor of Technology)",413Q,AI,OBC-NCL(PwD),Gender-Neutral,1
5431,National Institute of Technical Teachers Training and Research Bhopal,452,"Digital Manufacturing and IoT (4 Years, Bachelor of Technology)",413Q,AI,SC,Gender-Neutral,4
5432,National Institute of Technical Teachers Training and Research Bhopal,452,"Digital Manufacturing and IoT (4 Years, Bachelor of Technology)",413Q,AI,ST,Gender-Neutral,1
5433,Central University of Karnataka,453,"Computer Science and Engineering (Artificial Intelligence and Machine Learning) (4 Years, Bachelor of Technology)",410W,AI,OPEN,Gender-Neutral,11
5434,Central University of Karnataka,453,"Computer Science and Engineering (Artificial Intelligence and Machine Learning) (4 Years, Bachelor of Technology)",410W,AI,OPEN (PwD),Gender-Neutral,1
5435,Central University of Karnataka,453,"Computer Science and Engineering (Artificial Intelligence and Machine Learning) (4 Years, Bachelor of Technology)",410W,AI,GEN-EWS,Gender-Neutral,3
5436,Central University of Karnataka,453,"Computer Science and Engineering (Artificial Intelligence and Machine Learning) (4 Years, Bachelor of Technology)",410W,AI,OBC-NCL,Gender-Neutral,6
5437,Central University of Karnataka,453,"Computer Science and Engineering (Artificial Intelligence and Machine Learning) (4 Years, Bachelor of Technology)",410W,AI,SC,Gender-Neutral,2
5438,Central University of Karnataka,453,"Electrical Engineering (4 Years, Bachelor of Technology)",4111,AI,OPEN,Gender-Neutral,12
5439,Central University of Karnataka,453,"Electrical Engineering (4 Years, Bachelor of Technology)",4111,AI,OPEN (PwD),Gender-Neutral,1
5440,Central University of Karnataka,453,"Electrical Engineering (4 Years, Bachelor of Technology)",4111,AI,GEN-EWS,Gender-Neutral,3
5441,Central University of Karnataka,453,"Electrical Engineering (4 Years, Bachelor of Technology)",4111,AI,OBC-NCL,Gender-Neutral,6
5442,Central University of Karnataka,453,"Electrical Engineering (4 Years, Bachelor of Technology)",4111,AI,SC,Gender-Neutral,1
5443,Central University of Karnataka,453,"Electronics and Communication Engineering (4 Years, Bachelor of Technology)",4114,AI,OPEN,Gender-Neutral,12
5444,Central University of Karnataka,453,"Electronics and Communication Engineering (4 Years, Bachelor of Technology)",4114,AI,GEN-EWS,Gender-Neutral,3
5445,Central University of Karnataka,453,"Electronics and Communication Engineering (4 Years, Bachelor of Technology)",4114,AI,OBC-NCL,Gender-Neutral,7
5446,Central University of Karnataka,453,"Electronics and Communication Engineering (4 Years, Bachelor of Technology)",4114,AI,SC,Gender-Neutral,4
5447,Central University of Karnataka,453,"Electronics and Communication Engineering (4 Years, Bachelor of Technology)",4114,AI,ST,Gender-Neutral,1
5448,Central University of Karnataka,453,"Mathematics and Computing (4 Years, Bachelor of Technology)",4124,AI,OPEN,Gender-Neutral,6
5449,Central University of Karnataka,453,"Mathematics and Computing (4 Years, Bachelor of Technology)",4124,AI,OPEN (PwD),Gender-Neutral,1
5450,Central University of Karnataka,453,"Mathematics and Computing (4 Years, Bachelor of Technology)",4124,AI,OBC-NCL,Gender-Neutral,3
5451,Central University of Karnataka,453,"Mathematics and Computing (4 Years, Bachelor of Technology)",4124,AI,SC,Gender-Neutral,2
5452,Central University of Karnataka,453,"Mathematics and Computing (4 Years, Bachelor of Technology)",4124,AI,ST,Gender-Neutral,1
5453,"National Institute of Electronics and Information Technology, Agartala",454,"B.Tech in CSE (AI and ML) (4 Years, Bachelor of Technology)",413J,AI,OPEN,Gender-Neutral,21
5454,"National Institute of Electronics and Information Technology, Agartala",454,"B.Tech in CSE (AI and ML) (4 Years, Bachelor of Technology)",413J,AI,GEN-EWS,Gender-Neutral,5
5455,"National Institute of Electronics and Information Technology, Agartala",454,"B.Tech in CSE (AI and ML) (4 Years, Bachelor of Technology)",413J,AI,OBC-NCL,Gender-Neutral,11
5456,"National Institute of Electronics and Information Technology, Agartala",454,"B.Tech in CSE (AI and ML) (4 Years, Bachelor of Technology)",413J,AI,OBC-NCL(PwD),Gender-Neutral,1
5457,"National Institute of Electronics and Information Technology, Agartala",454,"B.Tech in CSE (AI and ML) (4 Years, Bachelor of Technology)",413J,AI,SC,Gender-Neutral,3
5458,"National Institute of Electronics and Information Technology, Agartala",454,"B.Tech in CSE (AI and ML) (4 Years, Bachelor of Technology)",413J,AI,SC (PwD),Gender-Neutral,1
5459,"National Institute of Electronics and Information Technology, Agartala",454,"B.Tech in CSE (AI and ML) (4 Years, Bachelor of Technology)",413J,AI,ST,Gender-Neutral,2
5460,"National Institute of Electronics and Information Technology, Aizawl",455,"Computer Science and Engineering (Artificial Intelligence and Machine Learning) (4 Years, Bachelor of Technology)",410W,AI,OPEN,Gender-Neutral,11
5461,"National Institute of Electronics and Information Technology, Aizawl",455,"Computer Science and Engineering (Artificial Intelligence and Machine Learning) (4 Years, Bachelor of Technology)",410W,AI,OPEN (PwD),Gender-Neutral,1
5462,"National Institute of Electronics and Information Technology, Aizawl",455,"Computer Science and Engineering (Artificial Intelligence and Machine Learning) (4 Years, Bachelor of Technology)",410W,AI,GEN-EWS,Gender-Neutral,2
5463,"National Institute of Electronics and Information Technology, Aizawl",455,"Computer Science and Engineering (Artificial Intelligence and Machine Learning) (4 Years, Bachelor of Technology)",410W,AI,OBC-NCL,Gender-Neutral,6
5464,"National Institute of Electronics and Information Technology, Aizawl",455,"Computer Science and Engineering (Artificial Intelligence and Machine Learning) (4 Years, Bachelor of Technology)",410W,AI,SC,Gender-Neutral,3
5465,"National Institute of Electronics and Information Technology, Aizawl",455,"Computer Science and Engineering (Artificial Intelligence and Machine Learning) (4 Years, Bachelor of Technology)",410W,AI,ST,Gender-Neutral,2
5466,"National Institute of Electronics and Information Technology, Aizawl",455,"Internet of Things (IoT) (4 Years, Bachelor of Technology)",413P,AI,OPEN,Gender-Neutral,11
5467,"National Institute of Electronics and Information Technology, Aizawl",455,"Internet of Things (IoT) (4 Years, Bachelor of Technology)",413P,AI,OPEN (PwD),Gender-Neutral,1
5468,"National Institute of Electronics and Information Technology, Aizawl",455,"Internet of Things (IoT) (4 Years, Bachelor of Technology)",413P,AI,GEN-EWS,Gender-Neutral,3
5469,"National Institute of Electronics and Information Technology, Aizawl",455,"Internet of Things (IoT) (4 Years, Bachelor of Technology)",413P,AI,OBC-NCL,Gender-Neutral,7
5470,"National Institute of Electronics and Information Technology, Aizawl",455,"Internet of Things (IoT) (4 Years, Bachelor of Technology)",413P,AI,SC,Gender-Neutral,2
5471,"National Institute of Electronics and Information Technology, Aizawl",455,"Internet of Things (IoT) (4 Years, Bachelor of Technology)",413P,AI,ST,Gender-Neutral,2
5472,"National Institute of Electronics and Information Technology, Imphal",456,"B.Tech in CSE (AI and ML) (4 Years, Bachelor of Technology)",413J,AI,OPEN,Gender-Neutral,23
5473,"National Institute of Electronics and Information Technology, Imphal",456,"B.Tech in CSE (AI and ML) (4 Years, Bachelor of Technology)",413J,AI,OPEN (PwD),Gender-Neutral,1
5474,"National Institute of Electronics and Information Technology, Imphal",456,"B.Tech in CSE (AI and ML) (4 Years, Bachelor of Technology)",413J,AI,GEN-EWS,Gender-Neutral,5
5475,"National Institute of Electronics and Information Technology, Imphal",456,"B.Tech in CSE (AI and ML) (4 Years, Bachelor of Technology)",413J,AI,OBC-NCL,Gender-Neutral,10
5476,"National Institute of Electronics and Information Technology, Imphal",456,"B.Tech in CSE (AI and ML) (4 Years, Bachelor of Technology)",413J,AI,OBC-NCL(PwD),Gender-Neutral,1
5477,"National Institute of Electronics and Information Technology, Imphal",456,"B.Tech in CSE (AI and ML) (4 Years, Bachelor of Technology)",413J,AI,SC,Gender-Neutral,4
5478,"National Institute of Electronics and Information Technology, Imphal",456,"B.Tech in CSE (AI and ML) (4 Years, Bachelor of Technology)",413J,AI,SC (PwD),Gender-Neutral,1
5479,"National Institute of Electronics and Information Technology, Imphal",456,"B.Tech in CSE (AI and ML) (4 Years, Bachelor of Technology)",413J,AI,ST,Gender-Neutral,2
5480,"National Institute of Electronics and Information Technology, Calicut",457,"B.Tech in CSE (AI and ML) (4 Years, Bachelor of Technology)",413J,AI,OPEN,Gender-Neutral,7
5481,"National Institute of Electronics and Information Technology, Calicut",457,"B.Tech in CSE (AI and ML) (4 Years, Bachelor of Technology)",413J,AI,GEN-EWS,Gender-Neutral,2
5482,"National Institute of Electronics and Information Technology, Calicut",457,"B.Tech in CSE (AI and ML) (4 Years, Bachelor of Technology)",413J,AI,OBC-NCL,Gender-Neutral,5
5483,"National Institute of Electronics and Information Technology, Calicut",457,"B.Tech in CSE (AI and ML) (4 Years, Bachelor of Technology)",413J,AI,SC,Gender-Neutral,4
5484,"National Institute of Electronics and Information Technology, Kohima",458,"B.Tech in CSE (AI and ML) (4 Years, Bachelor of Technology)",413J,AI,OPEN,Gender-Neutral,10
5485,"National Institute of Electronics and Information Technology, Kohima",458,"B.Tech in CSE (AI and ML) (4 Years, Bachelor of Technology)",413J,AI,GEN-EWS,Gender-Neutral,3
5486,"National Institute of Electronics and Information Technology, Kohima",458,"B.Tech in CSE (AI and ML) (4 Years, Bachelor of Technology)",413J,AI,OBC-NCL,Gender-Neutral,5
5487,"National Institute of Electronics and Information Technology, Kohima",458,"B.Tech in CSE (AI and ML) (4 Years, Bachelor of Technology)",413J,AI,SC,Gender-Neutral,1
5488,"National Institute of Electronics and Information Technology, Kohima",458,"B.Tech in CSE (AI and ML) (4 Years, Bachelor of Technology)",413J,AI,SC (PwD),Gender-Neutral,1
5489,"National Institute of Electronics and Information Technology, Kohima",458,"B.Tech in CSE (AI and ML) (4 Years, Bachelor of Technology)",413J,AI,ST,Gender-Neutral,1
5490,"National Institute of Electronics and Information Technology, Srinagar",459,"B.Tech in CSE (AI and ML) (4 Years, Bachelor of Technology)",413J,AI,OPEN,Gender-Neutral,21
5491,"National Institute of Electronics and Information Technology, Srinagar",459,"B.Tech in CSE (AI and ML) (4 Years, Bachelor of Technology)",413J,AI,GEN-EWS,Gender-Neutral,4
5492,"National Institute of Electronics and Information Technology, Srinagar",459,"B.Tech in CSE (AI and ML) (4 Years, Bachelor of Technology)",413J,AI,OBC-NCL,Gender-Neutral,12
5493,"National Institute of Electronics and Information Technology, Srinagar",459,"B.Tech in CSE (AI and ML) (4 Years, Bachelor of Technology)",413J,AI,OBC-NCL(PwD),Gender-Neutral,1
5494,"National Institute of Electronics and Information Technology, Srinagar",459,"B.Tech in CSE (AI and ML) (4 Years, Bachelor of Technology)",413J,AI,SC,Gender-Neutral,6
5495,"National Institute of Electronics and Information Technology, Srinagar",459,"B.Tech in CSE (AI and ML) (4 Years, Bachelor of Technology)",413J,AI,ST,Gender-Neutral,3
5496,"Central University of Punjab, Bathinda",460,"Computer Science and Engineering (4 Years, Bachelor of Technology)",4110,AI,OPEN,Gender-Neutral,8
5497,"Central University of Punjab, Bathinda",460,"Computer Science and Engineering (4 Years, Bachelor of Technology)",4110,AI,OPEN (PwD),Gender-Neutral,2
5498,"Central University of Punjab, Bathinda",460,"Computer Science and Engineering (4 Years, Bachelor of Technology)",4110,AI,GEN-EWS,Gender-Neutral,2
5499,"Central University of Punjab, Bathinda",460,"Computer Science and Engineering (4 Years, Bachelor of Technology)",4110,AI,OBC-NCL,Gender-Neutral,5
5500,"Central University of Punjab, Bathinda",460,"Computer Science and Engineering (4 Years, Bachelor of Technology)",4110,AI,SC,Gender-Neutral,2
5501,"Central University of Punjab, Bathinda",460,"Computer Science and Engineering (4 Years, Bachelor of Technology)",4110,AI,ST,Gender-Neutral,1
5502,"Central University of Punjab, Bathinda",460,"Artificial Intelligence and Machine Learning (5 Years, Bachelor and Master of Technology (Dual Degree))",523V,AI,OPEN,Gender-Neutral,11
5503,"Central University of Punjab, Bathinda",460,"Artificial Intelligence and Machine Learning (5 Years, Bachelor and Master of Technology (Dual Degree))",523V,AI,OPEN (PwD),Gender-Neutral,2
5504,"Central University of Punjab, Bathinda",460,"Artificial Intelligence and Machine Learning (5 Years, Bachelor and Master of Technology (Dual Degree))",523V,AI,GEN-EWS,Gender-Neutral,2
5505,"Central University of Punjab, Bathinda",460,"Artificial Intelligence and Machine Learning (5 Years, Bachelor and Master of Technology (Dual Degree))",523V,AI,OBC-NCL,Gender-Neutral,5
5506,"Central University of Punjab, Bathinda",460,"Artificial Intelligence and Machine Learning (5 Years, Bachelor and Master of Technology (Dual Degree))",523V,AI,SC,Gender-Neutral,2
5507,"Central University of Punjab, Bathinda",460,"Artificial Intelligence and Machine Learning (5 Years, Bachelor and Master of Technology (Dual Degree))",523V,AI,ST,Gender-Neutral,1
